source,target,weight,source_label,target_label
UCbrtvygfRT6QXqWDNrOf-cA,UCvcu1kR8xMYy_I1Ty-2mV2Q,2,@Alejandro00710,@hashojea7348
UCpsKOkt5iWTbenzeuq7dsmQ,UCylqlpsh8ENNM1LqgQ1KbxA,2,@inge_vergueta,@Jel.Awesh.M
UC-HeUTT6_g-VoiWds2a4H-w,UC-Iul5tDYH_oiAMXQH-KaaQ,1,@JorgeMunoz-gd9et,@AlbertoMancilla-p9h
UC-HeUTT6_g-VoiWds2a4H-w,UC0HvfEWozTHbwl_iEmJNvVA,1,@JorgeMunoz-gd9et,@OttoPalencia-b7r
UC-HeUTT6_g-VoiWds2a4H-w,UC14qlobYKqD-DO0j6b75lcA,1,@JorgeMunoz-gd9et,@megavision4488
UC-HeUTT6_g-VoiWds2a4H-w,UC1NiEdJ7gk6FlDexIalWnGg,1,@JorgeMunoz-gd9et,@BorisTebalán
UC-HeUTT6_g-VoiWds2a4H-w,UC3YpzAr7pcdKC7BVFEpYzog,1,@JorgeMunoz-gd9et,@carmenfigueroa1232
UC-HeUTT6_g-VoiWds2a4H-w,UC63tFvbQ_hJhGDi2nbjssjw,1,@JorgeMunoz-gd9et,@AbigailRodas-w2r
UC-HeUTT6_g-VoiWds2a4H-w,UCEHXl4VvvVpq-_4xC5tsbhg,1,@JorgeMunoz-gd9et,@anibalg47
UC-HeUTT6_g-VoiWds2a4H-w,UCFybmWapGvBKcQod7cPPH9w,1,@JorgeMunoz-gd9et,@vitalianochavez8382
UC-HeUTT6_g-VoiWds2a4H-w,UCRfkkatKrNtAARnXMMYBGlA,1,@JorgeMunoz-gd9et,@BernerSoza-mg3vx
UC-HeUTT6_g-VoiWds2a4H-w,UCV3fr-YOixFKCZBbJP1-X4w,1,@JorgeMunoz-gd9et,@albertoshernandez5251
UC-HeUTT6_g-VoiWds2a4H-w,UCWaRixDdpgllTBf4V0jPnKQ,1,@JorgeMunoz-gd9et,@hectormaaz5523
UC-HeUTT6_g-VoiWds2a4H-w,UCWvntqPQx99k_Z_skWKqNSA,1,@JorgeMunoz-gd9et,@AntonioChiyal-x5s
UC-HeUTT6_g-VoiWds2a4H-w,UCZFQwqh90apuL8eFhvRBkUg,1,@JorgeMunoz-gd9et,@luisricardo9671
UC-HeUTT6_g-VoiWds2a4H-w,UCa36MjQLoPAmgJo-R3G8WQA,1,@JorgeMunoz-gd9et,@elsasalguero6914
UC-HeUTT6_g-VoiWds2a4H-w,UCaT4saRcyqCLE657Rq2hhZQ,1,@JorgeMunoz-gd9et,@elmilenial4064
UC-HeUTT6_g-VoiWds2a4H-w,UCeQk-WfEA-cJRq4EKeE7TOw,1,@JorgeMunoz-gd9et,@franciscojuarez9223
UC-HeUTT6_g-VoiWds2a4H-w,UCfo_yUPzy1f1POwwZxhZ06Q,1,@JorgeMunoz-gd9et,@lara11roberto
UC-HeUTT6_g-VoiWds2a4H-w,UCgGqw4aqMdMVSGkKiMgrJRQ,1,@JorgeMunoz-gd9et,@pattyfigueroa5609
UC-HeUTT6_g-VoiWds2a4H-w,UCheEJ5GZuIvV0fj-nXyVwXw,1,@JorgeMunoz-gd9et,@rosaoliva9389
UC-HeUTT6_g-VoiWds2a4H-w,UChyps3dqY-VY1_wLeq-2lhw,1,@JorgeMunoz-gd9et,@maydamorales4395
UC-HeUTT6_g-VoiWds2a4H-w,UCiOZX__1gahg1ypIj0_XG_w,1,@JorgeMunoz-gd9et,@mariogonzalezorellana8956
UC-HeUTT6_g-VoiWds2a4H-w,UCjZgFEowMBrsjodqfovzdKw,1,@JorgeMunoz-gd9et,@franciscoflores3120
UC-HeUTT6_g-VoiWds2a4H-w,UCoGdCoJg2Lh0OX_jv6cG16g,1,@JorgeMunoz-gd9et,@Israel-u5i7i
UC-HeUTT6_g-VoiWds2a4H-w,UCp29O_C7cchZV8IxV7Crdag,1,@JorgeMunoz-gd9et,@robertoescobar5507
UC-HeUTT6_g-VoiWds2a4H-w,UCql1n3Ey6ULMSOACjMe-fxQ,1,@JorgeMunoz-gd9et,@RolandoGonzalez-o7g
UC-HeUTT6_g-VoiWds2a4H-w,UCtCtts20bW6F9CSohau51Iw,1,@JorgeMunoz-gd9et,@carlosgranados9875
UC-HeUTT6_g-VoiWds2a4H-w,UCtsxPYw8VUsH_FfnKg-0lmw,1,@JorgeMunoz-gd9et,@AlejandroPérez-b6r
UC-HeUTT6_g-VoiWds2a4H-w,UCvDwJBBY1mHK70aTEYl6rsA,1,@JorgeMunoz-gd9et,@cristianescobedo8296
UC-HeUTT6_g-VoiWds2a4H-w,UCwxoKK59nGCeBqB2sXfDBIw,1,@JorgeMunoz-gd9et,@vic-bonivideos
UC-HeUTT6_g-VoiWds2a4H-w,UCyJhqmMbsvjpoarBBStA2kg,1,@JorgeMunoz-gd9et,@Murmullodelbarrio
UC-HeUTT6_g-VoiWds2a4H-w,UCzZ6dDCEsLMXbc5pCFXIprw,1,@JorgeMunoz-gd9et,@josegil3813
UC-Iul5tDYH_oiAMXQH-KaaQ,UC0HvfEWozTHbwl_iEmJNvVA,1,@AlbertoMancilla-p9h,@OttoPalencia-b7r
UC-Iul5tDYH_oiAMXQH-KaaQ,UC14qlobYKqD-DO0j6b75lcA,1,@AlbertoMancilla-p9h,@megavision4488
UC-Iul5tDYH_oiAMXQH-KaaQ,UC1NiEdJ7gk6FlDexIalWnGg,1,@AlbertoMancilla-p9h,@BorisTebalán
UC-Iul5tDYH_oiAMXQH-KaaQ,UC3YpzAr7pcdKC7BVFEpYzog,1,@AlbertoMancilla-p9h,@carmenfigueroa1232
UC-Iul5tDYH_oiAMXQH-KaaQ,UC63tFvbQ_hJhGDi2nbjssjw,1,@AlbertoMancilla-p9h,@AbigailRodas-w2r
UC-Iul5tDYH_oiAMXQH-KaaQ,UCEHXl4VvvVpq-_4xC5tsbhg,1,@AlbertoMancilla-p9h,@anibalg47
UC-Iul5tDYH_oiAMXQH-KaaQ,UCFybmWapGvBKcQod7cPPH9w,1,@AlbertoMancilla-p9h,@vitalianochavez8382
UC-Iul5tDYH_oiAMXQH-KaaQ,UCRfkkatKrNtAARnXMMYBGlA,1,@AlbertoMancilla-p9h,@BernerSoza-mg3vx
UC-Iul5tDYH_oiAMXQH-KaaQ,UCV3fr-YOixFKCZBbJP1-X4w,1,@AlbertoMancilla-p9h,@albertoshernandez5251
UC-Iul5tDYH_oiAMXQH-KaaQ,UCWaRixDdpgllTBf4V0jPnKQ,1,@AlbertoMancilla-p9h,@hectormaaz5523
UC-Iul5tDYH_oiAMXQH-KaaQ,UCWvntqPQx99k_Z_skWKqNSA,1,@AlbertoMancilla-p9h,@AntonioChiyal-x5s
UC-Iul5tDYH_oiAMXQH-KaaQ,UCZFQwqh90apuL8eFhvRBkUg,1,@AlbertoMancilla-p9h,@luisricardo9671
UC-Iul5tDYH_oiAMXQH-KaaQ,UCa36MjQLoPAmgJo-R3G8WQA,1,@AlbertoMancilla-p9h,@elsasalguero6914
UC-Iul5tDYH_oiAMXQH-KaaQ,UCaT4saRcyqCLE657Rq2hhZQ,1,@AlbertoMancilla-p9h,@elmilenial4064
UC-Iul5tDYH_oiAMXQH-KaaQ,UCeQk-WfEA-cJRq4EKeE7TOw,1,@AlbertoMancilla-p9h,@franciscojuarez9223
UC-Iul5tDYH_oiAMXQH-KaaQ,UCfo_yUPzy1f1POwwZxhZ06Q,1,@AlbertoMancilla-p9h,@lara11roberto
UC-Iul5tDYH_oiAMXQH-KaaQ,UCgGqw4aqMdMVSGkKiMgrJRQ,1,@AlbertoMancilla-p9h,@pattyfigueroa5609
UC-Iul5tDYH_oiAMXQH-KaaQ,UCheEJ5GZuIvV0fj-nXyVwXw,1,@AlbertoMancilla-p9h,@rosaoliva9389
UC-Iul5tDYH_oiAMXQH-KaaQ,UChyps3dqY-VY1_wLeq-2lhw,1,@AlbertoMancilla-p9h,@maydamorales4395
UC-Iul5tDYH_oiAMXQH-KaaQ,UCiOZX__1gahg1ypIj0_XG_w,1,@AlbertoMancilla-p9h,@mariogonzalezorellana8956
UC-Iul5tDYH_oiAMXQH-KaaQ,UCjZgFEowMBrsjodqfovzdKw,1,@AlbertoMancilla-p9h,@franciscoflores3120
UC-Iul5tDYH_oiAMXQH-KaaQ,UCoGdCoJg2Lh0OX_jv6cG16g,1,@AlbertoMancilla-p9h,@Israel-u5i7i
UC-Iul5tDYH_oiAMXQH-KaaQ,UCp29O_C7cchZV8IxV7Crdag,1,@AlbertoMancilla-p9h,@robertoescobar5507
UC-Iul5tDYH_oiAMXQH-KaaQ,UCql1n3Ey6ULMSOACjMe-fxQ,1,@AlbertoMancilla-p9h,@RolandoGonzalez-o7g
UC-Iul5tDYH_oiAMXQH-KaaQ,UCtCtts20bW6F9CSohau51Iw,1,@AlbertoMancilla-p9h,@carlosgranados9875
UC-Iul5tDYH_oiAMXQH-KaaQ,UCtsxPYw8VUsH_FfnKg-0lmw,1,@AlbertoMancilla-p9h,@AlejandroPérez-b6r
UC-Iul5tDYH_oiAMXQH-KaaQ,UCvDwJBBY1mHK70aTEYl6rsA,1,@AlbertoMancilla-p9h,@cristianescobedo8296
UC-Iul5tDYH_oiAMXQH-KaaQ,UCwxoKK59nGCeBqB2sXfDBIw,1,@AlbertoMancilla-p9h,@vic-bonivideos
UC-Iul5tDYH_oiAMXQH-KaaQ,UCyJhqmMbsvjpoarBBStA2kg,1,@AlbertoMancilla-p9h,@Murmullodelbarrio
UC-Iul5tDYH_oiAMXQH-KaaQ,UCzZ6dDCEsLMXbc5pCFXIprw,1,@AlbertoMancilla-p9h,@josegil3813
UC-QOpE7GOxlXcHZ8b7HbQKA,UC1WlJfQmaIskYhP4gmWoamw,1,@mariaalexander427,@marthareiss5434
UC-QOpE7GOxlXcHZ8b7HbQKA,UCBlm80VQ4YoV3bUJR_XhkaQ,1,@mariaalexander427,@rosadiaz6945
UC-QOpE7GOxlXcHZ8b7HbQKA,UCGZMgmM92E3njyXNe9-kjAQ,1,@mariaalexander427,@pasionpornada
UC-QOpE7GOxlXcHZ8b7HbQKA,UCIgoiXdIKJyUGmUoH2Lxdzg,1,@mariaalexander427,@susievidal4134
UC-QOpE7GOxlXcHZ8b7HbQKA,UCOLHH4ZpMxPYF-Q6e6wvn5A,1,@mariaalexander427,@luisroldan7374
UC-QOpE7GOxlXcHZ8b7HbQKA,UCPNXmbOBVeC4HS-xemvcPtQ,1,@mariaalexander427,@BelkisRodriguezRamirez
UC-QOpE7GOxlXcHZ8b7HbQKA,UCQMMuADgqWUOcJpLwHOzC-g,1,@mariaalexander427,@Ripped-Yoda
UC-QOpE7GOxlXcHZ8b7HbQKA,UCVdjCrh4tQoX3haNAZv-n5A,1,@mariaalexander427,@aurahernandez5646
UC-QOpE7GOxlXcHZ8b7HbQKA,UCZjm6U576nX8WOiLhmMR3bw,1,@mariaalexander427,@MariaNavarroYT
UC-QOpE7GOxlXcHZ8b7HbQKA,UCat2qkYvqmtDNEmo2PVuhXw,1,@mariaalexander427,@DoraSalas-j5o
UC-QOpE7GOxlXcHZ8b7HbQKA,UCbNanjFI51cwGqMAb2rOrBw,1,@mariaalexander427,@RosaMontesdeOca777
UC-QOpE7GOxlXcHZ8b7HbQKA,UCi2KiZq63sRq8Mfbcp-MelQ,1,@mariaalexander427,@eugeneramirez4405
UC-QOpE7GOxlXcHZ8b7HbQKA,UCozFYHN0e_-vlQbX3wQGOug,1,@mariaalexander427,@jesusguzman2321
UC-QOpE7GOxlXcHZ8b7HbQKA,UCp_dAUfv8i3LW3zWc24dLaQ,1,@mariaalexander427,@MarioCortez-o6v
UC-QOpE7GOxlXcHZ8b7HbQKA,UCrqXyRsg-_hTosURZ-uvoKg,1,@mariaalexander427,@flornolberto2425
UC-QOpE7GOxlXcHZ8b7HbQKA,UCtiHFjFu7d5v2XxHnKFUYig,1,@mariaalexander427,@Paul-gf7ec
UC-QOpE7GOxlXcHZ8b7HbQKA,UCxhtlxPV8AYWaNNyU6S9H8Q,1,@mariaalexander427,@WilR-s8r
UC-fiZBS5Gp1eCJd9ucgWnCg,UC1DpqK6vaPEkBOMNvypsKYg,1,@Tommii.10,@HectorCarranza-u4j4o
UC-fiZBS5Gp1eCJd9ucgWnCg,UC32oozucwCF3q8d4m8fyOUg,1,@Tommii.10,@RauldejesusOlivagonzalez
UC-fiZBS5Gp1eCJd9ucgWnCg,UC3UVO7pTbeYvZ3ILEyRDskQ,1,@Tommii.10,@rosaelenaargueta79
UC-fiZBS5Gp1eCJd9ucgWnCg,UC4Avya4kmR4Q0FrfFdBozSQ,1,@Tommii.10,@davidlima1348
UC-fiZBS5Gp1eCJd9ucgWnCg,UC5hvEnRUzI4Kfvwnyi4QxqQ,1,@Tommii.10,@leonelsantizo5281
UC-fiZBS5Gp1eCJd9ucgWnCg,UC6Uj1FT5JjDSF8vudvDxPAA,1,@Tommii.10,@alfredoortega9264
UC-fiZBS5Gp1eCJd9ucgWnCg,UC7dadZG7kkGYnsNu6td0FbA,1,@Tommii.10,@lesolorzano
UC-fiZBS5Gp1eCJd9ucgWnCg,UC816IGbFCZinfYS1LRDaaHg,1,@Tommii.10,@ingenieroar
UC-fiZBS5Gp1eCJd9ucgWnCg,UC95PSMouTx2N5CbSq0hIyrQ,1,@Tommii.10,@lisss1908
UC-fiZBS5Gp1eCJd9ucgWnCg,UCAKuKvcbfnBD3kF5njNu-IA,1,@Tommii.10,@melvinlopez7096
UC-fiZBS5Gp1eCJd9ucgWnCg,UCCBYcToQ2dwkd6TJh0FSyDg,1,@Tommii.10,@lidiarodriguez3493
UC-fiZBS5Gp1eCJd9ucgWnCg,UCDrmf9y9nLgFY5wnA2hTuGA,1,@Tommii.10,@laboratorio5528
UC-fiZBS5Gp1eCJd9ucgWnCg,UCGGHbtfbbe0o68etrOf0qxw,1,@Tommii.10,@karensussetteleonvargas9794
UC-fiZBS5Gp1eCJd9ucgWnCg,UCHbwIx9pmQuf7i-4_xO2EpA,1,@Tommii.10,@caminoseternos752
UC-fiZBS5Gp1eCJd9ucgWnCg,UCNpt5CQlTzNjlAKY6CJtClQ,1,@Tommii.10,@eustaquiogomez9975
UC-fiZBS5Gp1eCJd9ucgWnCg,UCOcUI5XkTYNMSFhZNMIPpGg,1,@Tommii.10,@hendersonlopez3864
UC-fiZBS5Gp1eCJd9ucgWnCg,UCQqlPPUGqAfWjd-FSh_qn7Q,1,@Tommii.10,@estuardoargueta137
UC-fiZBS5Gp1eCJd9ucgWnCg,UCQyOePccUP-fIJYzchAgZYw,1,@Tommii.10,@aguilar4254
UC-fiZBS5Gp1eCJd9ucgWnCg,UCRAquv8el-tQ30bN7MlmySQ,1,@Tommii.10,@iamjimalesssa
UC-fiZBS5Gp1eCJd9ucgWnCg,UCRvPToDkkumha7WJAfCDk1A,1,@Tommii.10,@ligiaguerra3057
UC-fiZBS5Gp1eCJd9ucgWnCg,UCUoYsrx1oZnCZ0usbBJn4fA,1,@Tommii.10,@AnaDiaz-re9sq
UC-fiZBS5Gp1eCJd9ucgWnCg,UCV0lM03g5fg5pbPj97-sAtA,1,@Tommii.10,@genarodelgado3929
UC-fiZBS5Gp1eCJd9ucgWnCg,UCW-JC6lebVmf2P1dmY_L94g,1,@Tommii.10,@dinoraoroxon5771
UC-fiZBS5Gp1eCJd9ucgWnCg,UCW80DaMjQlEUibC98Cot-Dg,1,@Tommii.10,@rogeraldana4289
UC-fiZBS5Gp1eCJd9ucgWnCg,UCWoAVGVqCn4xtINCMOTM4jg,1,@Tommii.10,@OmarMartinez-vv8re
UC-fiZBS5Gp1eCJd9ucgWnCg,UCZeIIQrGAedW8tCbKWmGY-A,1,@Tommii.10,@mariocordon8873
UC-fiZBS5Gp1eCJd9ucgWnCg,UC_LYoGs5C3mbZKZuKuqYCvw,1,@Tommii.10,@javiercifuentesarchila6041
UC-fiZBS5Gp1eCJd9ucgWnCg,UCaKAjTW9MVub_clgr4DRYjQ,1,@Tommii.10,@josecastillo4390
UC-fiZBS5Gp1eCJd9ucgWnCg,UCdFlugHJJa4l3YqWuNRmvXw,1,@Tommii.10,@MarcosCarillo-b1r
UC-fiZBS5Gp1eCJd9ucgWnCg,UCe8JZoYkX5oKUZyivHYdXhw,1,@Tommii.10,@FernandoGarcia-jg1fj
UC-fiZBS5Gp1eCJd9ucgWnCg,UCeDNEtI8_a42bZ47wJiJMwQ,1,@Tommii.10,@EdgarcalderonCalderong
UC-fiZBS5Gp1eCJd9ucgWnCg,UCgJNFj5dnxXpcMvmuhZDPxA,1,@Tommii.10,@NataliaRodriguez-rx5mr
UC-fiZBS5Gp1eCJd9ucgWnCg,UCgQw_Sbq3ugruDUKsq1e0-A,1,@Tommii.10,@marlenareano-h4t
UC-fiZBS5Gp1eCJd9ucgWnCg,UCiC-Jn7wdgyQV4_Urk0DkWQ,1,@Tommii.10,@pedroros6358
UC-fiZBS5Gp1eCJd9ucgWnCg,UCkVtmkK07b2zaVVNssX4lOg,1,@Tommii.10,@HectorElias-u2l
UC-fiZBS5Gp1eCJd9ucgWnCg,UCkbsS_3D-pvg1iHOld9uvIg,1,@Tommii.10,@gonzalo6075
UC-fiZBS5Gp1eCJd9ucgWnCg,UClhMWQ7XKWywYvbRnuf8QsA,1,@Tommii.10,@EcPerez-zz9oh
UC-fiZBS5Gp1eCJd9ucgWnCg,UClqA491Xa5fQcXcJJa-vTWw,1,@Tommii.10,@AndresLemus-k2d
UC-fiZBS5Gp1eCJd9ucgWnCg,UColMq7LmaoY3MT6aIDGrGvA,1,@Tommii.10,@quijotachapina1
UC-fiZBS5Gp1eCJd9ucgWnCg,UCpe5jW3MIqkgTJ-PgkzvM6Q,1,@Tommii.10,@carloslam5333
UC-fiZBS5Gp1eCJd9ucgWnCg,UCpsKOkt5iWTbenzeuq7dsmQ,1,@Tommii.10,@inge_vergueta
UC-fiZBS5Gp1eCJd9ucgWnCg,UCqCrvuoJpC-aVb0f4logQRQ,1,@Tommii.10,@Lyrics_GT
UC-fiZBS5Gp1eCJd9ucgWnCg,UCsGoJEvb-cFPZ2rWoJcXzEQ,1,@Tommii.10,@sergiohinestroza9709
UC-fiZBS5Gp1eCJd9ucgWnCg,UCu8_3-Wg-YzNyvHYQDEscfw,1,@Tommii.10,@RolandoCastroPérez-d7y
UC-fiZBS5Gp1eCJd9ucgWnCg,UCuXmOjxC-htcprLgeVXz6Tg,1,@Tommii.10,@jorgeaguilar-bq3uj
UC-fiZBS5Gp1eCJd9ucgWnCg,UCwgCc9Jd_gG-uLE_SY-FfPg,1,@Tommii.10,@armindapenados2841
UC-fiZBS5Gp1eCJd9ucgWnCg,UCwjUvRseNtJoItylIyIez7Q,1,@Tommii.10,@Silviazea
UC-fiZBS5Gp1eCJd9ucgWnCg,UCylqlpsh8ENNM1LqgQ1KbxA,1,@Tommii.10,@Jel.Awesh.M
UC-hfX8J5JPJ-dfuakzegMLA,UC-jS_kA9w-OmpupXDx156Rg,1,@normaleticiaorozcojuarez2418,@simoncreyesc7579
UC-hfX8J5JPJ-dfuakzegMLA,UC-pNP6RMFuLg_-x7Ah_0kEA,1,@normaleticiaorozcojuarez2418,@almacatalan2717
UC-hfX8J5JPJ-dfuakzegMLA,UC1vr9aaMI2crB0NvwFHUeoQ,1,@normaleticiaorozcojuarez2418,@JoseSimilox-p6e
UC-hfX8J5JPJ-dfuakzegMLA,UC2Y_EHWQKevubk4vOEBBFxw,1,@normaleticiaorozcojuarez2418,@alfonsomorales2653
UC-hfX8J5JPJ-dfuakzegMLA,UC2weSE8rpqkGMOp6StYtVfg,1,@normaleticiaorozcojuarez2418,@katerynsantiago2907
UC-hfX8J5JPJ-dfuakzegMLA,UC3E9mAgP7VoAE5mZoAexl5g,1,@normaleticiaorozcojuarez2418,@EnnioAroche
UC-hfX8J5JPJ-dfuakzegMLA,UC3MYTqpQqlWBuCB7Th0e0PA,1,@normaleticiaorozcojuarez2418,@isaaclopez7220
UC-hfX8J5JPJ-dfuakzegMLA,UC3NMzdMYryaw82kPTnsaljg,1,@normaleticiaorozcojuarez2418,@marisosa7832
UC-hfX8J5JPJ-dfuakzegMLA,UC3XTwHxygNCgjndsg-UiCQA,1,@normaleticiaorozcojuarez2418,@marioajset4283
UC-hfX8J5JPJ-dfuakzegMLA,UC3qn1yJA5PeW9rkGPatQxiw,1,@normaleticiaorozcojuarez2418,@VICTOREST19
UC-hfX8J5JPJ-dfuakzegMLA,UC4cXueR2bKGFJV0Fk76gwmA,1,@normaleticiaorozcojuarez2418,@aluxdel4792
UC-hfX8J5JPJ-dfuakzegMLA,UC4wq3DcbfaG6dtCqn8Oyu3w,1,@normaleticiaorozcojuarez2418,@hugoasencio7764
UC-hfX8J5JPJ-dfuakzegMLA,UC5H8ASmMC9WrURmzeB4ySog,1,@normaleticiaorozcojuarez2418,@ManuelEdran
UC-hfX8J5JPJ-dfuakzegMLA,UC5bG9nc_JV3FsNP2KseQiYw,1,@normaleticiaorozcojuarez2418,@giovannirodas4836
UC-hfX8J5JPJ-dfuakzegMLA,UC650pRT-OYzny3GwOH8Cgfw,1,@normaleticiaorozcojuarez2418,@edvinparedesherrera7632
UC-hfX8J5JPJ-dfuakzegMLA,UC6PvO1_k5lHKGdAPo5_C6TA,1,@normaleticiaorozcojuarez2418,@johnmejia992
UC-hfX8J5JPJ-dfuakzegMLA,UC6YSZqL0vEcI-niPKIMUGfw,1,@normaleticiaorozcojuarez2418,@maxwellsales885
UC-hfX8J5JPJ-dfuakzegMLA,UC72gBAtyb_VXQlYDcFrh6oQ,1,@normaleticiaorozcojuarez2418,@osmanmorales3012
UC-hfX8J5JPJ-dfuakzegMLA,UC7VUuJr9cGh845CmTvf7TlQ,1,@normaleticiaorozcojuarez2418,@LuisCastillo-oz4df
UC-hfX8J5JPJ-dfuakzegMLA,UC8F2V63KZ4ZEay6opX2hAQw,1,@normaleticiaorozcojuarez2418,@carmenr6311
UC-hfX8J5JPJ-dfuakzegMLA,UC8G5cJONY8L9voMyBW8Eoug,1,@normaleticiaorozcojuarez2418,@luisparedes-pw6qt
UC-hfX8J5JPJ-dfuakzegMLA,UC8r11yOugM2NuRfitQOxLLg,1,@normaleticiaorozcojuarez2418,@cesaraugustomoralesmonroy6907
UC-hfX8J5JPJ-dfuakzegMLA,UC9vMq1YF-e7C-VO0SHkbUTA,1,@normaleticiaorozcojuarez2418,@ErvinLeonardoCarreraLatín
UC-hfX8J5JPJ-dfuakzegMLA,UC9xr9QvIcDvoZNUX5f-jaZw,1,@normaleticiaorozcojuarez2418,@MariaaliciaColonmorales
UC-hfX8J5JPJ-dfuakzegMLA,UCA93ym2TXs_Ibyxb4Vcn-6Q,1,@normaleticiaorozcojuarez2418,@oswaldosolis8728
UC-hfX8J5JPJ-dfuakzegMLA,UCAlzM_N6xBlMYmM8EBzX86Q,1,@normaleticiaorozcojuarez2418,@carlossoto3252
UC-hfX8J5JPJ-dfuakzegMLA,UCAmtbUiIrUIhikru0ZoTFig,1,@normaleticiaorozcojuarez2418,@Aura-vf6dm
UC-hfX8J5JPJ-dfuakzegMLA,UCB5p8a5gklc80jJItP6xTHg,1,@normaleticiaorozcojuarez2418,@ernestogamboa8737
UC-hfX8J5JPJ-dfuakzegMLA,UCCaYwkkbQGcvFoUmothVdQQ,1,@normaleticiaorozcojuarez2418,@OsvaldoAguirre-l3i
UC-hfX8J5JPJ-dfuakzegMLA,UCDIMztpVm7G27qBuiWuT6oQ,1,@normaleticiaorozcojuarez2418,@lizardomorataya8274
UC-hfX8J5JPJ-dfuakzegMLA,UCDPWkUX3sNNaCx-m1dV4glA,1,@normaleticiaorozcojuarez2418,@hectoroliva949
UC-hfX8J5JPJ-dfuakzegMLA,UCDQaQv0hr2SS_PO-CMEwVHg,1,@normaleticiaorozcojuarez2418,@federicosaquimux1933
UC-hfX8J5JPJ-dfuakzegMLA,UCDUffaruH6dyUnUGwsTKpgg,1,@normaleticiaorozcojuarez2418,@luisletona2842
UC-hfX8J5JPJ-dfuakzegMLA,UCDftMWXQoJ6nONfY7GVOVjg,1,@normaleticiaorozcojuarez2418,@luisgpacheco5858
UC-hfX8J5JPJ-dfuakzegMLA,UCDlr1VadSucIZgZ171pRBjQ,1,@normaleticiaorozcojuarez2418,@cuabatzjj5924
UC-hfX8J5JPJ-dfuakzegMLA,UCEgEQmRbtL5fwr9_DqAC--g,1,@normaleticiaorozcojuarez2418,@ArielRodas-g5y
UC-hfX8J5JPJ-dfuakzegMLA,UCErZPJpHmLCsXs8ZWkAUupQ,1,@normaleticiaorozcojuarez2418,@dorisl.garciaroche7763
UC-hfX8J5JPJ-dfuakzegMLA,UCFUuDARXdmmIrLppEqf-rFg,1,@normaleticiaorozcojuarez2418,@allanmunoz7410
UC-hfX8J5JPJ-dfuakzegMLA,UCFhxtoeARHPnXXPcDrOU3Xg,1,@normaleticiaorozcojuarez2418,@diegoalejandrolopezmendez205
UC-hfX8J5JPJ-dfuakzegMLA,UCFjudnPLoaSL1BaRuLahyHg,1,@normaleticiaorozcojuarez2418,@HaroldoCastillo-rh9iw
UC-hfX8J5JPJ-dfuakzegMLA,UCFoIAE8k82D6AV-8gjjKaNg,1,@normaleticiaorozcojuarez2418,@eddymunoz9789
UC-hfX8J5JPJ-dfuakzegMLA,UCFxE8GbokBrBsPEKM1xrOjQ,1,@normaleticiaorozcojuarez2418,@JuanDavila-qd7qj
UC-hfX8J5JPJ-dfuakzegMLA,UCGzXwyCzMzGmjmCbH3Hg01Q,1,@normaleticiaorozcojuarez2418,@FidelZacarias-ph7dy
UC-hfX8J5JPJ-dfuakzegMLA,UCHTGCgY2l-DQJIvlA_cpa_Q,1,@normaleticiaorozcojuarez2418,@virgiliogarcia3039
UC-hfX8J5JPJ-dfuakzegMLA,UCHhHUjaMAZ8SiXdCUCj9DkQ,1,@normaleticiaorozcojuarez2418,@fredymendez1786
UC-hfX8J5JPJ-dfuakzegMLA,UCKDR0f2fu2UzWL8mBv5-BHw,1,@normaleticiaorozcojuarez2418,@mireyamorales6595
UC-hfX8J5JPJ-dfuakzegMLA,UCL13XhnRzbGokEkCkEOb0-g,1,@normaleticiaorozcojuarez2418,@raquelprado3643
UC-hfX8J5JPJ-dfuakzegMLA,UCL1MT278vSaQ83ZDkVWn1gw,1,@normaleticiaorozcojuarez2418,@elmorodriguez6978
UC-hfX8J5JPJ-dfuakzegMLA,UCLFdHr9BEbXHkoJopbEPLZw,1,@normaleticiaorozcojuarez2418,@kanterra4584
UC-hfX8J5JPJ-dfuakzegMLA,UCLggDc_a5HriXv7I1h02sOA,1,@normaleticiaorozcojuarez2418,@guillermogonzalez5153
UC-hfX8J5JPJ-dfuakzegMLA,UCN6qbfPSzFtjhqUDZ3Cv3CQ,1,@normaleticiaorozcojuarez2418,@carlosmedranovelasquez6380
UC-hfX8J5JPJ-dfuakzegMLA,UCNBnKqWf4d-rS4HwJRQljmQ,1,@normaleticiaorozcojuarez2418,@LE_A22
UC-hfX8J5JPJ-dfuakzegMLA,UCNkcuy42zEwddwEcOd_HpnA,1,@normaleticiaorozcojuarez2418,@vanigomez492
UC-hfX8J5JPJ-dfuakzegMLA,UCOLGv5Pf6BF2wFcwUzgcvHg,1,@normaleticiaorozcojuarez2418,@welfrealdana5559
UC-hfX8J5JPJ-dfuakzegMLA,UCOS8ViEkccrTZx2w2ccxotA,1,@normaleticiaorozcojuarez2418,@OscarHernandez-q8y
UC-hfX8J5JPJ-dfuakzegMLA,UCOh6DaZC_x9HASnlRylEMfw,1,@normaleticiaorozcojuarez2418,@AndresMedina-v1s
UC-hfX8J5JPJ-dfuakzegMLA,UCQ_-LPP8JAbfkc-b1Q6NvWw,1,@normaleticiaorozcojuarez2418,@MegaKristenstewart
UC-hfX8J5JPJ-dfuakzegMLA,UCQgYjVngJRfPHDLGB5X6ZjA,1,@normaleticiaorozcojuarez2418,@oscarnavas9996
UC-hfX8J5JPJ-dfuakzegMLA,UCQqetiwzzmRNTM5OWuXarGQ,1,@normaleticiaorozcojuarez2418,@isaiaslopezvelasquez1539
UC-hfX8J5JPJ-dfuakzegMLA,UCQtICyzWmhC5woCtbNgaSmg,1,@normaleticiaorozcojuarez2418,@nestormendez6216
UC-hfX8J5JPJ-dfuakzegMLA,UCQtSFINs1h6GHkpg9o5kMvg,1,@normaleticiaorozcojuarez2418,@MacarioMartinezruiz
UC-hfX8J5JPJ-dfuakzegMLA,UCRETAiYdh2dL5ZxB0_N1zDA,1,@normaleticiaorozcojuarez2418,@Joseroland21
UC-hfX8J5JPJ-dfuakzegMLA,UCRelkU8JiZBytTzebJxaa-w,1,@normaleticiaorozcojuarez2418,@danyraymundo2942
UC-hfX8J5JPJ-dfuakzegMLA,UCRlCV9zSn7avAWh-9_XFWqQ,1,@normaleticiaorozcojuarez2418,@ronyarana8849
UC-hfX8J5JPJ-dfuakzegMLA,UCSou6a2OuYGSvPjm5psquyA,1,@normaleticiaorozcojuarez2418,@FranciscoRivera-sf7ne
UC-hfX8J5JPJ-dfuakzegMLA,UCTD6q1nyIe3Y7HhqjaMj72w,1,@normaleticiaorozcojuarez2418,@JuanChang-r6k
UC-hfX8J5JPJ-dfuakzegMLA,UCTP3O0rMnc8z8v8jaDQwL0w,1,@normaleticiaorozcojuarez2418,@RobertoZelaya-x1v
UC-hfX8J5JPJ-dfuakzegMLA,UCThW2XNsAaBKme5PUt7n-Zg,1,@normaleticiaorozcojuarez2418,@thelmamoran8565
UC-hfX8J5JPJ-dfuakzegMLA,UCTwSut16JyAg3mX6LVUNGqA,1,@normaleticiaorozcojuarez2418,@SuperVictor2005
UC-hfX8J5JPJ-dfuakzegMLA,UCTylKrsqkrBKIqubMu_5N0Q,1,@normaleticiaorozcojuarez2418,@edwingeovanymarroquinmarro6684
UC-hfX8J5JPJ-dfuakzegMLA,UCUIIIPTVDVHAXqhC_5V6lPA,1,@normaleticiaorozcojuarez2418,@gorrarota
UC-hfX8J5JPJ-dfuakzegMLA,UCV0iizTBoOfdAFX_thfI9BA,1,@normaleticiaorozcojuarez2418,@BenjaminLarios-jd8nk
UC-hfX8J5JPJ-dfuakzegMLA,UCWIZUtKJ636y-4TYrNvok0g,1,@normaleticiaorozcojuarez2418,@cesarandreas7824
UC-hfX8J5JPJ-dfuakzegMLA,UCXSkL3ejZ8qWYyF_M7s_QKA,1,@normaleticiaorozcojuarez2418,@JacintaTzoy
UC-hfX8J5JPJ-dfuakzegMLA,UCXXh7yg5KUFIWylTiKVEFKQ,1,@normaleticiaorozcojuarez2418,@MrDuenderojo
UC-hfX8J5JPJ-dfuakzegMLA,UCXgr7vXlRrsaskPdo097kGA,1,@normaleticiaorozcojuarez2418,@Rogergh-nw4oj
UC-hfX8J5JPJ-dfuakzegMLA,UCXr8_5WtGeipe4haOoQDgyQ,1,@normaleticiaorozcojuarez2418,@amyherrera7352
UC-hfX8J5JPJ-dfuakzegMLA,UCYN4wSQ1Sx4_LurxLlW7MPg,1,@normaleticiaorozcojuarez2418,@belarminavillatoro6474
UC-hfX8J5JPJ-dfuakzegMLA,UCYwpX26TrCxq8TvbKGRYLXA,1,@normaleticiaorozcojuarez2418,@beneficioelcaminovillacana8540
UC-hfX8J5JPJ-dfuakzegMLA,UCZ51R_9Q9C0c8I3pAWhtmjQ,1,@normaleticiaorozcojuarez2418,@belvettzapeta1251
UC-hfX8J5JPJ-dfuakzegMLA,UCZLG9qH0tUjNhEGFIUt0CYw,1,@normaleticiaorozcojuarez2418,@SoniaMarroquin-y6e
UC-hfX8J5JPJ-dfuakzegMLA,UCcfdg8crmMJwEuLUsAhV7yg,1,@normaleticiaorozcojuarez2418,@RolandoRaguay
UC-hfX8J5JPJ-dfuakzegMLA,UCfM3nrxtTQMY5jFx1v1J4Gg,1,@normaleticiaorozcojuarez2418,@edgarroldan5539
UC-hfX8J5JPJ-dfuakzegMLA,UCgvw7xIdGFupzpt1Y_BFkEA,1,@normaleticiaorozcojuarez2418,@fredygarcia9151
UC-hfX8J5JPJ-dfuakzegMLA,UCh5ESQvtzyHDhCA7XyekCFA,1,@normaleticiaorozcojuarez2418,@andyB5280
UC-hfX8J5JPJ-dfuakzegMLA,UChZknRmJkeGeQk0-mQuhDOg,1,@normaleticiaorozcojuarez2418,@OdilioRodríguez-c5w
UC-hfX8J5JPJ-dfuakzegMLA,UChep9kVb5gQmpodEEl10Xlg,1,@normaleticiaorozcojuarez2418,@carlosaguilar-kz7ml
UC-hfX8J5JPJ-dfuakzegMLA,UChgkn5Jt5tWKYMoEOuCjz3Q,1,@normaleticiaorozcojuarez2418,@pablochitay46
UC-hfX8J5JPJ-dfuakzegMLA,UChs3tU2BcKOT0CezykvAsGw,1,@normaleticiaorozcojuarez2418,@byronpontaza
UC-hfX8J5JPJ-dfuakzegMLA,UCi1b_TRQfgO1Z9O2gNGGWNA,1,@normaleticiaorozcojuarez2418,@davidisraelesquitsaquil
UC-hfX8J5JPJ-dfuakzegMLA,UCiGRBf2RNF0WRKhRVT7zFoA,1,@normaleticiaorozcojuarez2418,@edwinavila4876
UC-hfX8J5JPJ-dfuakzegMLA,UCiMythXHsw7eQEMykCdmMUA,1,@normaleticiaorozcojuarez2418,@JavierBecerra-h6x
UC-hfX8J5JPJ-dfuakzegMLA,UCipetjeiWj4CZB6EbyYziZg,1,@normaleticiaorozcojuarez2418,@OseasSamayoa-ol5rz
UC-hfX8J5JPJ-dfuakzegMLA,UCj-LL25XJnjxepPKCc3NGog,1,@normaleticiaorozcojuarez2418,@anaaguirre8985
UC-hfX8J5JPJ-dfuakzegMLA,UCjSKM9j0Q7HLDr1hD6D-TUw,1,@normaleticiaorozcojuarez2418,@josehidalgo4875
UC-hfX8J5JPJ-dfuakzegMLA,UCjmPuazZJzscrwvk0QR9RVw,1,@normaleticiaorozcojuarez2418,@mynorrodas8591
UC-hfX8J5JPJ-dfuakzegMLA,UCkd9W714-947dEE6ZOEBATA,1,@normaleticiaorozcojuarez2418,@ARGELIATELON
UC-hfX8J5JPJ-dfuakzegMLA,UCl0ekS9Tt0jJGtOEM18S63w,1,@normaleticiaorozcojuarez2418,@monkchapin
UC-hfX8J5JPJ-dfuakzegMLA,UCljDbleJul41G1TzOjOZAVA,1,@normaleticiaorozcojuarez2418,@hectorcarranza3777
UC-hfX8J5JPJ-dfuakzegMLA,UCmjppp6ujz3SAnULvP3sZMw,1,@normaleticiaorozcojuarez2418,@marcomendez7509
UC-hfX8J5JPJ-dfuakzegMLA,UCmvOgzmmXbjUthHy-WJ52hQ,1,@normaleticiaorozcojuarez2418,@mariorodas593
UC-hfX8J5JPJ-dfuakzegMLA,UCp4iw5_5SmV9VGTFSNVGOmQ,1,@normaleticiaorozcojuarez2418,@CARLOSSTREMS51
UC-hfX8J5JPJ-dfuakzegMLA,UCpIdtvoFHVLGASGB5ySqIEA,1,@normaleticiaorozcojuarez2418,@VidalVillatoro-p4w
UC-hfX8J5JPJ-dfuakzegMLA,UCpl8rF8uv_8uui-QRvuJaRA,1,@normaleticiaorozcojuarez2418,@SergioGarcia-z9c
UC-hfX8J5JPJ-dfuakzegMLA,UCplrIQtaPj6au60_f2-mOYw,1,@normaleticiaorozcojuarez2418,@romeolopezherrarte799
UC-hfX8J5JPJ-dfuakzegMLA,UCpsKOkt5iWTbenzeuq7dsmQ,1,@normaleticiaorozcojuarez2418,@inge_vergueta
UC-hfX8J5JPJ-dfuakzegMLA,UCr1emrogPKkKTs_WTtx71xg,1,@normaleticiaorozcojuarez2418,@domingopeneleu6457
UC-hfX8J5JPJ-dfuakzegMLA,UCrJn_rbo_ENAdeqneS-RmRw,1,@normaleticiaorozcojuarez2418,@josecarrera9623
UC-hfX8J5JPJ-dfuakzegMLA,UCsJJAvrVGupdmhOqgtDp8dg,1,@normaleticiaorozcojuarez2418,@nestorlorenzana1168
UC-hfX8J5JPJ-dfuakzegMLA,UCsSXdJct-nsS8DsABoEsaYA,1,@normaleticiaorozcojuarez2418,@IvánPérez-j4j
UC-hfX8J5JPJ-dfuakzegMLA,UCsUCN0Yq_UyTvKjOJLmNrnQ,1,@normaleticiaorozcojuarez2418,@moisesvaldez4043
UC-hfX8J5JPJ-dfuakzegMLA,UCsjs5Hp_r86x1xbK6FAeqaA,1,@normaleticiaorozcojuarez2418,@alvaroesquivel563
UC-hfX8J5JPJ-dfuakzegMLA,UCtNfIBnc5S5DbbQj_yxgJTw,1,@normaleticiaorozcojuarez2418,@JosueRamirez-ey3ih
UC-hfX8J5JPJ-dfuakzegMLA,UCtUR3_CAiE7fCoZHM6cMfyQ,1,@normaleticiaorozcojuarez2418,@mdelcid01
UC-hfX8J5JPJ-dfuakzegMLA,UCueV9cTyTDwgQSec1x2dYgA,1,@normaleticiaorozcojuarez2418,@fredydomingo7062
UC-hfX8J5JPJ-dfuakzegMLA,UCujPF2nBgsTD62nWE3lcpIg,1,@normaleticiaorozcojuarez2418,@victorarturoruanobautista7588
UC-hfX8J5JPJ-dfuakzegMLA,UCut6b9S98nv84cVX89PmKzA,1,@normaleticiaorozcojuarez2418,@yeniferaguirre4498
UC-hfX8J5JPJ-dfuakzegMLA,UCvApqeCbLod-wejtT4CcVuA,1,@normaleticiaorozcojuarez2418,@davidgaher9550
UC-hfX8J5JPJ-dfuakzegMLA,UCwO2SXr0ggzwg6QWWrr01nQ,1,@normaleticiaorozcojuarez2418,@ricardofigueroa5720
UC-hfX8J5JPJ-dfuakzegMLA,UCwW2OFy95P7ZBkOPxWkpvYg,1,@normaleticiaorozcojuarez2418,@TeresaLucero-b5o
UC-hfX8J5JPJ-dfuakzegMLA,UCwha8rxULYMVtNwZWeSkE1A,1,@normaleticiaorozcojuarez2418,@mariasamo8637
UC-hfX8J5JPJ-dfuakzegMLA,UCxff05WuyvwELNITi7bj7UA,1,@normaleticiaorozcojuarez2418,@markoherrera
UC-hfX8J5JPJ-dfuakzegMLA,UCySYJU5kUh7X8gVt9la2ISA,1,@normaleticiaorozcojuarez2418,@dantesarti4351
UC-hfX8J5JPJ-dfuakzegMLA,UCylqlpsh8ENNM1LqgQ1KbxA,1,@normaleticiaorozcojuarez2418,@Jel.Awesh.M
UC-hfX8J5JPJ-dfuakzegMLA,UCz3gu01bmjNv0DpRq-K3XYg,1,@normaleticiaorozcojuarez2418,@eusebiovasquez4385
UC-hfX8J5JPJ-dfuakzegMLA,UCzSfZlOVxBSs5ObD25ywxDQ,1,@normaleticiaorozcojuarez2418,@GilmarMaldonado-q9m
UC-hfX8J5JPJ-dfuakzegMLA,UCzoL2l5H5eVlorWGH8AZfAg,1,@normaleticiaorozcojuarez2418,@jor77cas
UC-jS_kA9w-OmpupXDx156Rg,UC-pNP6RMFuLg_-x7Ah_0kEA,1,@simoncreyesc7579,@almacatalan2717
UC-jS_kA9w-OmpupXDx156Rg,UC1vr9aaMI2crB0NvwFHUeoQ,1,@simoncreyesc7579,@JoseSimilox-p6e
UC-jS_kA9w-OmpupXDx156Rg,UC2Y_EHWQKevubk4vOEBBFxw,1,@simoncreyesc7579,@alfonsomorales2653
UC-jS_kA9w-OmpupXDx156Rg,UC2weSE8rpqkGMOp6StYtVfg,1,@simoncreyesc7579,@katerynsantiago2907
UC-jS_kA9w-OmpupXDx156Rg,UC3E9mAgP7VoAE5mZoAexl5g,1,@simoncreyesc7579,@EnnioAroche
UC-jS_kA9w-OmpupXDx156Rg,UC3MYTqpQqlWBuCB7Th0e0PA,1,@simoncreyesc7579,@isaaclopez7220
UC-jS_kA9w-OmpupXDx156Rg,UC3NMzdMYryaw82kPTnsaljg,1,@simoncreyesc7579,@marisosa7832
UC-jS_kA9w-OmpupXDx156Rg,UC3XTwHxygNCgjndsg-UiCQA,1,@simoncreyesc7579,@marioajset4283
UC-jS_kA9w-OmpupXDx156Rg,UC3qn1yJA5PeW9rkGPatQxiw,1,@simoncreyesc7579,@VICTOREST19
UC-jS_kA9w-OmpupXDx156Rg,UC4cXueR2bKGFJV0Fk76gwmA,1,@simoncreyesc7579,@aluxdel4792
UC-jS_kA9w-OmpupXDx156Rg,UC4wq3DcbfaG6dtCqn8Oyu3w,1,@simoncreyesc7579,@hugoasencio7764
UC-jS_kA9w-OmpupXDx156Rg,UC5H8ASmMC9WrURmzeB4ySog,1,@simoncreyesc7579,@ManuelEdran
UC-jS_kA9w-OmpupXDx156Rg,UC5bG9nc_JV3FsNP2KseQiYw,1,@simoncreyesc7579,@giovannirodas4836
UC-jS_kA9w-OmpupXDx156Rg,UC650pRT-OYzny3GwOH8Cgfw,1,@simoncreyesc7579,@edvinparedesherrera7632
UC-jS_kA9w-OmpupXDx156Rg,UC6PvO1_k5lHKGdAPo5_C6TA,1,@simoncreyesc7579,@johnmejia992
UC-jS_kA9w-OmpupXDx156Rg,UC6YSZqL0vEcI-niPKIMUGfw,1,@simoncreyesc7579,@maxwellsales885
UC-jS_kA9w-OmpupXDx156Rg,UC72gBAtyb_VXQlYDcFrh6oQ,1,@simoncreyesc7579,@osmanmorales3012
UC-jS_kA9w-OmpupXDx156Rg,UC7VUuJr9cGh845CmTvf7TlQ,1,@simoncreyesc7579,@LuisCastillo-oz4df
UC-jS_kA9w-OmpupXDx156Rg,UC8F2V63KZ4ZEay6opX2hAQw,1,@simoncreyesc7579,@carmenr6311
UC-jS_kA9w-OmpupXDx156Rg,UC8G5cJONY8L9voMyBW8Eoug,1,@simoncreyesc7579,@luisparedes-pw6qt
UC-jS_kA9w-OmpupXDx156Rg,UC8r11yOugM2NuRfitQOxLLg,1,@simoncreyesc7579,@cesaraugustomoralesmonroy6907
UC-jS_kA9w-OmpupXDx156Rg,UC9vMq1YF-e7C-VO0SHkbUTA,1,@simoncreyesc7579,@ErvinLeonardoCarreraLatín
UC-jS_kA9w-OmpupXDx156Rg,UC9xr9QvIcDvoZNUX5f-jaZw,1,@simoncreyesc7579,@MariaaliciaColonmorales
UC-jS_kA9w-OmpupXDx156Rg,UCA93ym2TXs_Ibyxb4Vcn-6Q,1,@simoncreyesc7579,@oswaldosolis8728
UC-jS_kA9w-OmpupXDx156Rg,UCAlzM_N6xBlMYmM8EBzX86Q,1,@simoncreyesc7579,@carlossoto3252
UC-jS_kA9w-OmpupXDx156Rg,UCAmtbUiIrUIhikru0ZoTFig,1,@simoncreyesc7579,@Aura-vf6dm
UC-jS_kA9w-OmpupXDx156Rg,UCB5p8a5gklc80jJItP6xTHg,1,@simoncreyesc7579,@ernestogamboa8737
UC-jS_kA9w-OmpupXDx156Rg,UCCaYwkkbQGcvFoUmothVdQQ,1,@simoncreyesc7579,@OsvaldoAguirre-l3i
UC-jS_kA9w-OmpupXDx156Rg,UCDIMztpVm7G27qBuiWuT6oQ,1,@simoncreyesc7579,@lizardomorataya8274
UC-jS_kA9w-OmpupXDx156Rg,UCDPWkUX3sNNaCx-m1dV4glA,1,@simoncreyesc7579,@hectoroliva949
UC-jS_kA9w-OmpupXDx156Rg,UCDQaQv0hr2SS_PO-CMEwVHg,1,@simoncreyesc7579,@federicosaquimux1933
UC-jS_kA9w-OmpupXDx156Rg,UCDUffaruH6dyUnUGwsTKpgg,1,@simoncreyesc7579,@luisletona2842
UC-jS_kA9w-OmpupXDx156Rg,UCDftMWXQoJ6nONfY7GVOVjg,1,@simoncreyesc7579,@luisgpacheco5858
UC-jS_kA9w-OmpupXDx156Rg,UCDlr1VadSucIZgZ171pRBjQ,1,@simoncreyesc7579,@cuabatzjj5924
UC-jS_kA9w-OmpupXDx156Rg,UCEgEQmRbtL5fwr9_DqAC--g,1,@simoncreyesc7579,@ArielRodas-g5y
UC-jS_kA9w-OmpupXDx156Rg,UCErZPJpHmLCsXs8ZWkAUupQ,1,@simoncreyesc7579,@dorisl.garciaroche7763
UC-jS_kA9w-OmpupXDx156Rg,UCFUuDARXdmmIrLppEqf-rFg,1,@simoncreyesc7579,@allanmunoz7410
UC-jS_kA9w-OmpupXDx156Rg,UCFhxtoeARHPnXXPcDrOU3Xg,1,@simoncreyesc7579,@diegoalejandrolopezmendez205
UC-jS_kA9w-OmpupXDx156Rg,UCFjudnPLoaSL1BaRuLahyHg,1,@simoncreyesc7579,@HaroldoCastillo-rh9iw
UC-jS_kA9w-OmpupXDx156Rg,UCFoIAE8k82D6AV-8gjjKaNg,1,@simoncreyesc7579,@eddymunoz9789
UC-jS_kA9w-OmpupXDx156Rg,UCFxE8GbokBrBsPEKM1xrOjQ,1,@simoncreyesc7579,@JuanDavila-qd7qj
UC-jS_kA9w-OmpupXDx156Rg,UCGzXwyCzMzGmjmCbH3Hg01Q,1,@simoncreyesc7579,@FidelZacarias-ph7dy
UC-jS_kA9w-OmpupXDx156Rg,UCHTGCgY2l-DQJIvlA_cpa_Q,1,@simoncreyesc7579,@virgiliogarcia3039
UC-jS_kA9w-OmpupXDx156Rg,UCHhHUjaMAZ8SiXdCUCj9DkQ,1,@simoncreyesc7579,@fredymendez1786
UC-jS_kA9w-OmpupXDx156Rg,UCKDR0f2fu2UzWL8mBv5-BHw,1,@simoncreyesc7579,@mireyamorales6595
UC-jS_kA9w-OmpupXDx156Rg,UCL13XhnRzbGokEkCkEOb0-g,1,@simoncreyesc7579,@raquelprado3643
UC-jS_kA9w-OmpupXDx156Rg,UCL1MT278vSaQ83ZDkVWn1gw,1,@simoncreyesc7579,@elmorodriguez6978
UC-jS_kA9w-OmpupXDx156Rg,UCLFdHr9BEbXHkoJopbEPLZw,1,@simoncreyesc7579,@kanterra4584
UC-jS_kA9w-OmpupXDx156Rg,UCLggDc_a5HriXv7I1h02sOA,1,@simoncreyesc7579,@guillermogonzalez5153
UC-jS_kA9w-OmpupXDx156Rg,UCN6qbfPSzFtjhqUDZ3Cv3CQ,1,@simoncreyesc7579,@carlosmedranovelasquez6380
UC-jS_kA9w-OmpupXDx156Rg,UCNBnKqWf4d-rS4HwJRQljmQ,1,@simoncreyesc7579,@LE_A22
UC-jS_kA9w-OmpupXDx156Rg,UCNkcuy42zEwddwEcOd_HpnA,1,@simoncreyesc7579,@vanigomez492
UC-jS_kA9w-OmpupXDx156Rg,UCOLGv5Pf6BF2wFcwUzgcvHg,1,@simoncreyesc7579,@welfrealdana5559
UC-jS_kA9w-OmpupXDx156Rg,UCOS8ViEkccrTZx2w2ccxotA,1,@simoncreyesc7579,@OscarHernandez-q8y
UC-jS_kA9w-OmpupXDx156Rg,UCOh6DaZC_x9HASnlRylEMfw,1,@simoncreyesc7579,@AndresMedina-v1s
UC-jS_kA9w-OmpupXDx156Rg,UCQ_-LPP8JAbfkc-b1Q6NvWw,1,@simoncreyesc7579,@MegaKristenstewart
UC-jS_kA9w-OmpupXDx156Rg,UCQgYjVngJRfPHDLGB5X6ZjA,1,@simoncreyesc7579,@oscarnavas9996
UC-jS_kA9w-OmpupXDx156Rg,UCQqetiwzzmRNTM5OWuXarGQ,1,@simoncreyesc7579,@isaiaslopezvelasquez1539
UC-jS_kA9w-OmpupXDx156Rg,UCQtICyzWmhC5woCtbNgaSmg,1,@simoncreyesc7579,@nestormendez6216
UC-jS_kA9w-OmpupXDx156Rg,UCQtSFINs1h6GHkpg9o5kMvg,1,@simoncreyesc7579,@MacarioMartinezruiz
UC-jS_kA9w-OmpupXDx156Rg,UCRETAiYdh2dL5ZxB0_N1zDA,1,@simoncreyesc7579,@Joseroland21
UC-jS_kA9w-OmpupXDx156Rg,UCRelkU8JiZBytTzebJxaa-w,1,@simoncreyesc7579,@danyraymundo2942
UC-jS_kA9w-OmpupXDx156Rg,UCRlCV9zSn7avAWh-9_XFWqQ,1,@simoncreyesc7579,@ronyarana8849
UC-jS_kA9w-OmpupXDx156Rg,UCSou6a2OuYGSvPjm5psquyA,1,@simoncreyesc7579,@FranciscoRivera-sf7ne
UC-jS_kA9w-OmpupXDx156Rg,UCTD6q1nyIe3Y7HhqjaMj72w,1,@simoncreyesc7579,@JuanChang-r6k
UC-jS_kA9w-OmpupXDx156Rg,UCTP3O0rMnc8z8v8jaDQwL0w,1,@simoncreyesc7579,@RobertoZelaya-x1v
UC-jS_kA9w-OmpupXDx156Rg,UCThW2XNsAaBKme5PUt7n-Zg,1,@simoncreyesc7579,@thelmamoran8565
UC-jS_kA9w-OmpupXDx156Rg,UCTwSut16JyAg3mX6LVUNGqA,1,@simoncreyesc7579,@SuperVictor2005
UC-jS_kA9w-OmpupXDx156Rg,UCTylKrsqkrBKIqubMu_5N0Q,1,@simoncreyesc7579,@edwingeovanymarroquinmarro6684
UC-jS_kA9w-OmpupXDx156Rg,UCUIIIPTVDVHAXqhC_5V6lPA,1,@simoncreyesc7579,@gorrarota
UC-jS_kA9w-OmpupXDx156Rg,UCV0iizTBoOfdAFX_thfI9BA,1,@simoncreyesc7579,@BenjaminLarios-jd8nk
UC-jS_kA9w-OmpupXDx156Rg,UCWIZUtKJ636y-4TYrNvok0g,1,@simoncreyesc7579,@cesarandreas7824
UC-jS_kA9w-OmpupXDx156Rg,UCXSkL3ejZ8qWYyF_M7s_QKA,1,@simoncreyesc7579,@JacintaTzoy
UC-jS_kA9w-OmpupXDx156Rg,UCXXh7yg5KUFIWylTiKVEFKQ,1,@simoncreyesc7579,@MrDuenderojo
UC-jS_kA9w-OmpupXDx156Rg,UCXgr7vXlRrsaskPdo097kGA,1,@simoncreyesc7579,@Rogergh-nw4oj
UC-jS_kA9w-OmpupXDx156Rg,UCXr8_5WtGeipe4haOoQDgyQ,1,@simoncreyesc7579,@amyherrera7352
UC-jS_kA9w-OmpupXDx156Rg,UCYN4wSQ1Sx4_LurxLlW7MPg,1,@simoncreyesc7579,@belarminavillatoro6474
UC-jS_kA9w-OmpupXDx156Rg,UCYwpX26TrCxq8TvbKGRYLXA,1,@simoncreyesc7579,@beneficioelcaminovillacana8540
UC-jS_kA9w-OmpupXDx156Rg,UCZ51R_9Q9C0c8I3pAWhtmjQ,1,@simoncreyesc7579,@belvettzapeta1251
UC-jS_kA9w-OmpupXDx156Rg,UCZLG9qH0tUjNhEGFIUt0CYw,1,@simoncreyesc7579,@SoniaMarroquin-y6e
UC-jS_kA9w-OmpupXDx156Rg,UCcfdg8crmMJwEuLUsAhV7yg,1,@simoncreyesc7579,@RolandoRaguay
UC-jS_kA9w-OmpupXDx156Rg,UCfM3nrxtTQMY5jFx1v1J4Gg,1,@simoncreyesc7579,@edgarroldan5539
UC-jS_kA9w-OmpupXDx156Rg,UCgvw7xIdGFupzpt1Y_BFkEA,1,@simoncreyesc7579,@fredygarcia9151
UC-jS_kA9w-OmpupXDx156Rg,UCh5ESQvtzyHDhCA7XyekCFA,1,@simoncreyesc7579,@andyB5280
UC-jS_kA9w-OmpupXDx156Rg,UChZknRmJkeGeQk0-mQuhDOg,1,@simoncreyesc7579,@OdilioRodríguez-c5w
UC-jS_kA9w-OmpupXDx156Rg,UChep9kVb5gQmpodEEl10Xlg,1,@simoncreyesc7579,@carlosaguilar-kz7ml
UC-jS_kA9w-OmpupXDx156Rg,UChgkn5Jt5tWKYMoEOuCjz3Q,1,@simoncreyesc7579,@pablochitay46
UC-jS_kA9w-OmpupXDx156Rg,UChs3tU2BcKOT0CezykvAsGw,1,@simoncreyesc7579,@byronpontaza
UC-jS_kA9w-OmpupXDx156Rg,UCi1b_TRQfgO1Z9O2gNGGWNA,1,@simoncreyesc7579,@davidisraelesquitsaquil
UC-jS_kA9w-OmpupXDx156Rg,UCiGRBf2RNF0WRKhRVT7zFoA,1,@simoncreyesc7579,@edwinavila4876
UC-jS_kA9w-OmpupXDx156Rg,UCiMythXHsw7eQEMykCdmMUA,1,@simoncreyesc7579,@JavierBecerra-h6x
UC-jS_kA9w-OmpupXDx156Rg,UCipetjeiWj4CZB6EbyYziZg,1,@simoncreyesc7579,@OseasSamayoa-ol5rz
UC-jS_kA9w-OmpupXDx156Rg,UCj-LL25XJnjxepPKCc3NGog,1,@simoncreyesc7579,@anaaguirre8985
UC-jS_kA9w-OmpupXDx156Rg,UCjSKM9j0Q7HLDr1hD6D-TUw,1,@simoncreyesc7579,@josehidalgo4875
UC-jS_kA9w-OmpupXDx156Rg,UCjmPuazZJzscrwvk0QR9RVw,1,@simoncreyesc7579,@mynorrodas8591
UC-jS_kA9w-OmpupXDx156Rg,UCkd9W714-947dEE6ZOEBATA,1,@simoncreyesc7579,@ARGELIATELON
UC-jS_kA9w-OmpupXDx156Rg,UCl0ekS9Tt0jJGtOEM18S63w,1,@simoncreyesc7579,@monkchapin
UC-jS_kA9w-OmpupXDx156Rg,UCljDbleJul41G1TzOjOZAVA,1,@simoncreyesc7579,@hectorcarranza3777
UC-jS_kA9w-OmpupXDx156Rg,UCmjppp6ujz3SAnULvP3sZMw,1,@simoncreyesc7579,@marcomendez7509
UC-jS_kA9w-OmpupXDx156Rg,UCmvOgzmmXbjUthHy-WJ52hQ,1,@simoncreyesc7579,@mariorodas593
UC-jS_kA9w-OmpupXDx156Rg,UCp4iw5_5SmV9VGTFSNVGOmQ,1,@simoncreyesc7579,@CARLOSSTREMS51
UC-jS_kA9w-OmpupXDx156Rg,UCpIdtvoFHVLGASGB5ySqIEA,1,@simoncreyesc7579,@VidalVillatoro-p4w
UC-jS_kA9w-OmpupXDx156Rg,UCpl8rF8uv_8uui-QRvuJaRA,1,@simoncreyesc7579,@SergioGarcia-z9c
UC-jS_kA9w-OmpupXDx156Rg,UCplrIQtaPj6au60_f2-mOYw,1,@simoncreyesc7579,@romeolopezherrarte799
UC-jS_kA9w-OmpupXDx156Rg,UCpsKOkt5iWTbenzeuq7dsmQ,1,@simoncreyesc7579,@inge_vergueta
UC-jS_kA9w-OmpupXDx156Rg,UCr1emrogPKkKTs_WTtx71xg,1,@simoncreyesc7579,@domingopeneleu6457
UC-jS_kA9w-OmpupXDx156Rg,UCrJn_rbo_ENAdeqneS-RmRw,1,@simoncreyesc7579,@josecarrera9623
UC-jS_kA9w-OmpupXDx156Rg,UCsJJAvrVGupdmhOqgtDp8dg,1,@simoncreyesc7579,@nestorlorenzana1168
UC-jS_kA9w-OmpupXDx156Rg,UCsSXdJct-nsS8DsABoEsaYA,1,@simoncreyesc7579,@IvánPérez-j4j
UC-jS_kA9w-OmpupXDx156Rg,UCsUCN0Yq_UyTvKjOJLmNrnQ,1,@simoncreyesc7579,@moisesvaldez4043
UC-jS_kA9w-OmpupXDx156Rg,UCsjs5Hp_r86x1xbK6FAeqaA,1,@simoncreyesc7579,@alvaroesquivel563
UC-jS_kA9w-OmpupXDx156Rg,UCtNfIBnc5S5DbbQj_yxgJTw,1,@simoncreyesc7579,@JosueRamirez-ey3ih
UC-jS_kA9w-OmpupXDx156Rg,UCtUR3_CAiE7fCoZHM6cMfyQ,1,@simoncreyesc7579,@mdelcid01
UC-jS_kA9w-OmpupXDx156Rg,UCueV9cTyTDwgQSec1x2dYgA,1,@simoncreyesc7579,@fredydomingo7062
UC-jS_kA9w-OmpupXDx156Rg,UCujPF2nBgsTD62nWE3lcpIg,1,@simoncreyesc7579,@victorarturoruanobautista7588
UC-jS_kA9w-OmpupXDx156Rg,UCut6b9S98nv84cVX89PmKzA,1,@simoncreyesc7579,@yeniferaguirre4498
UC-jS_kA9w-OmpupXDx156Rg,UCvApqeCbLod-wejtT4CcVuA,1,@simoncreyesc7579,@davidgaher9550
UC-jS_kA9w-OmpupXDx156Rg,UCwO2SXr0ggzwg6QWWrr01nQ,1,@simoncreyesc7579,@ricardofigueroa5720
UC-jS_kA9w-OmpupXDx156Rg,UCwW2OFy95P7ZBkOPxWkpvYg,1,@simoncreyesc7579,@TeresaLucero-b5o
UC-jS_kA9w-OmpupXDx156Rg,UCwha8rxULYMVtNwZWeSkE1A,1,@simoncreyesc7579,@mariasamo8637
UC-jS_kA9w-OmpupXDx156Rg,UCxff05WuyvwELNITi7bj7UA,1,@simoncreyesc7579,@markoherrera
UC-jS_kA9w-OmpupXDx156Rg,UCySYJU5kUh7X8gVt9la2ISA,1,@simoncreyesc7579,@dantesarti4351
UC-jS_kA9w-OmpupXDx156Rg,UCylqlpsh8ENNM1LqgQ1KbxA,1,@simoncreyesc7579,@Jel.Awesh.M
UC-jS_kA9w-OmpupXDx156Rg,UCz3gu01bmjNv0DpRq-K3XYg,1,@simoncreyesc7579,@eusebiovasquez4385
UC-jS_kA9w-OmpupXDx156Rg,UCzSfZlOVxBSs5ObD25ywxDQ,1,@simoncreyesc7579,@GilmarMaldonado-q9m
UC-jS_kA9w-OmpupXDx156Rg,UCzoL2l5H5eVlorWGH8AZfAg,1,@simoncreyesc7579,@jor77cas
UC-pNP6RMFuLg_-x7Ah_0kEA,UC1vr9aaMI2crB0NvwFHUeoQ,1,@almacatalan2717,@JoseSimilox-p6e
UC-pNP6RMFuLg_-x7Ah_0kEA,UC2Y_EHWQKevubk4vOEBBFxw,1,@almacatalan2717,@alfonsomorales2653
UC-pNP6RMFuLg_-x7Ah_0kEA,UC2weSE8rpqkGMOp6StYtVfg,1,@almacatalan2717,@katerynsantiago2907
UC-pNP6RMFuLg_-x7Ah_0kEA,UC3E9mAgP7VoAE5mZoAexl5g,1,@almacatalan2717,@EnnioAroche
UC-pNP6RMFuLg_-x7Ah_0kEA,UC3MYTqpQqlWBuCB7Th0e0PA,1,@almacatalan2717,@isaaclopez7220
UC-pNP6RMFuLg_-x7Ah_0kEA,UC3NMzdMYryaw82kPTnsaljg,1,@almacatalan2717,@marisosa7832
UC-pNP6RMFuLg_-x7Ah_0kEA,UC3XTwHxygNCgjndsg-UiCQA,1,@almacatalan2717,@marioajset4283
UC-pNP6RMFuLg_-x7Ah_0kEA,UC3qn1yJA5PeW9rkGPatQxiw,1,@almacatalan2717,@VICTOREST19
UC-pNP6RMFuLg_-x7Ah_0kEA,UC4cXueR2bKGFJV0Fk76gwmA,1,@almacatalan2717,@aluxdel4792
UC-pNP6RMFuLg_-x7Ah_0kEA,UC4wq3DcbfaG6dtCqn8Oyu3w,1,@almacatalan2717,@hugoasencio7764
UC-pNP6RMFuLg_-x7Ah_0kEA,UC5H8ASmMC9WrURmzeB4ySog,1,@almacatalan2717,@ManuelEdran
UC-pNP6RMFuLg_-x7Ah_0kEA,UC5bG9nc_JV3FsNP2KseQiYw,1,@almacatalan2717,@giovannirodas4836
UC-pNP6RMFuLg_-x7Ah_0kEA,UC650pRT-OYzny3GwOH8Cgfw,1,@almacatalan2717,@edvinparedesherrera7632
UC-pNP6RMFuLg_-x7Ah_0kEA,UC6PvO1_k5lHKGdAPo5_C6TA,1,@almacatalan2717,@johnmejia992
UC-pNP6RMFuLg_-x7Ah_0kEA,UC6YSZqL0vEcI-niPKIMUGfw,1,@almacatalan2717,@maxwellsales885
UC-pNP6RMFuLg_-x7Ah_0kEA,UC72gBAtyb_VXQlYDcFrh6oQ,1,@almacatalan2717,@osmanmorales3012
UC-pNP6RMFuLg_-x7Ah_0kEA,UC7VUuJr9cGh845CmTvf7TlQ,1,@almacatalan2717,@LuisCastillo-oz4df
UC-pNP6RMFuLg_-x7Ah_0kEA,UC8F2V63KZ4ZEay6opX2hAQw,1,@almacatalan2717,@carmenr6311
UC-pNP6RMFuLg_-x7Ah_0kEA,UC8G5cJONY8L9voMyBW8Eoug,1,@almacatalan2717,@luisparedes-pw6qt
UC-pNP6RMFuLg_-x7Ah_0kEA,UC8r11yOugM2NuRfitQOxLLg,1,@almacatalan2717,@cesaraugustomoralesmonroy6907
UC-pNP6RMFuLg_-x7Ah_0kEA,UC9vMq1YF-e7C-VO0SHkbUTA,1,@almacatalan2717,@ErvinLeonardoCarreraLatín
UC-pNP6RMFuLg_-x7Ah_0kEA,UC9xr9QvIcDvoZNUX5f-jaZw,1,@almacatalan2717,@MariaaliciaColonmorales
UC-pNP6RMFuLg_-x7Ah_0kEA,UCA93ym2TXs_Ibyxb4Vcn-6Q,1,@almacatalan2717,@oswaldosolis8728
UC-pNP6RMFuLg_-x7Ah_0kEA,UCAlzM_N6xBlMYmM8EBzX86Q,1,@almacatalan2717,@carlossoto3252
UC-pNP6RMFuLg_-x7Ah_0kEA,UCAmtbUiIrUIhikru0ZoTFig,1,@almacatalan2717,@Aura-vf6dm
UC-pNP6RMFuLg_-x7Ah_0kEA,UCB5p8a5gklc80jJItP6xTHg,1,@almacatalan2717,@ernestogamboa8737
UC-pNP6RMFuLg_-x7Ah_0kEA,UCCaYwkkbQGcvFoUmothVdQQ,1,@almacatalan2717,@OsvaldoAguirre-l3i
UC-pNP6RMFuLg_-x7Ah_0kEA,UCDIMztpVm7G27qBuiWuT6oQ,1,@almacatalan2717,@lizardomorataya8274
UC-pNP6RMFuLg_-x7Ah_0kEA,UCDPWkUX3sNNaCx-m1dV4glA,1,@almacatalan2717,@hectoroliva949
UC-pNP6RMFuLg_-x7Ah_0kEA,UCDQaQv0hr2SS_PO-CMEwVHg,1,@almacatalan2717,@federicosaquimux1933
UC-pNP6RMFuLg_-x7Ah_0kEA,UCDUffaruH6dyUnUGwsTKpgg,1,@almacatalan2717,@luisletona2842
UC-pNP6RMFuLg_-x7Ah_0kEA,UCDftMWXQoJ6nONfY7GVOVjg,1,@almacatalan2717,@luisgpacheco5858
UC-pNP6RMFuLg_-x7Ah_0kEA,UCDlr1VadSucIZgZ171pRBjQ,1,@almacatalan2717,@cuabatzjj5924
UC-pNP6RMFuLg_-x7Ah_0kEA,UCEgEQmRbtL5fwr9_DqAC--g,1,@almacatalan2717,@ArielRodas-g5y
UC-pNP6RMFuLg_-x7Ah_0kEA,UCErZPJpHmLCsXs8ZWkAUupQ,1,@almacatalan2717,@dorisl.garciaroche7763
UC-pNP6RMFuLg_-x7Ah_0kEA,UCFUuDARXdmmIrLppEqf-rFg,1,@almacatalan2717,@allanmunoz7410
UC-pNP6RMFuLg_-x7Ah_0kEA,UCFhxtoeARHPnXXPcDrOU3Xg,1,@almacatalan2717,@diegoalejandrolopezmendez205
UC-pNP6RMFuLg_-x7Ah_0kEA,UCFjudnPLoaSL1BaRuLahyHg,1,@almacatalan2717,@HaroldoCastillo-rh9iw
UC-pNP6RMFuLg_-x7Ah_0kEA,UCFoIAE8k82D6AV-8gjjKaNg,1,@almacatalan2717,@eddymunoz9789
UC-pNP6RMFuLg_-x7Ah_0kEA,UCFxE8GbokBrBsPEKM1xrOjQ,1,@almacatalan2717,@JuanDavila-qd7qj
UC-pNP6RMFuLg_-x7Ah_0kEA,UCGzXwyCzMzGmjmCbH3Hg01Q,1,@almacatalan2717,@FidelZacarias-ph7dy
UC-pNP6RMFuLg_-x7Ah_0kEA,UCHTGCgY2l-DQJIvlA_cpa_Q,1,@almacatalan2717,@virgiliogarcia3039
UC-pNP6RMFuLg_-x7Ah_0kEA,UCHhHUjaMAZ8SiXdCUCj9DkQ,1,@almacatalan2717,@fredymendez1786
UC-pNP6RMFuLg_-x7Ah_0kEA,UCKDR0f2fu2UzWL8mBv5-BHw,1,@almacatalan2717,@mireyamorales6595
UC-pNP6RMFuLg_-x7Ah_0kEA,UCL13XhnRzbGokEkCkEOb0-g,1,@almacatalan2717,@raquelprado3643
UC-pNP6RMFuLg_-x7Ah_0kEA,UCL1MT278vSaQ83ZDkVWn1gw,1,@almacatalan2717,@elmorodriguez6978
UC-pNP6RMFuLg_-x7Ah_0kEA,UCLFdHr9BEbXHkoJopbEPLZw,1,@almacatalan2717,@kanterra4584
UC-pNP6RMFuLg_-x7Ah_0kEA,UCLggDc_a5HriXv7I1h02sOA,1,@almacatalan2717,@guillermogonzalez5153
UC-pNP6RMFuLg_-x7Ah_0kEA,UCN6qbfPSzFtjhqUDZ3Cv3CQ,1,@almacatalan2717,@carlosmedranovelasquez6380
UC-pNP6RMFuLg_-x7Ah_0kEA,UCNBnKqWf4d-rS4HwJRQljmQ,1,@almacatalan2717,@LE_A22
UC-pNP6RMFuLg_-x7Ah_0kEA,UCNkcuy42zEwddwEcOd_HpnA,1,@almacatalan2717,@vanigomez492
UC-pNP6RMFuLg_-x7Ah_0kEA,UCOLGv5Pf6BF2wFcwUzgcvHg,1,@almacatalan2717,@welfrealdana5559
UC-pNP6RMFuLg_-x7Ah_0kEA,UCOS8ViEkccrTZx2w2ccxotA,1,@almacatalan2717,@OscarHernandez-q8y
UC-pNP6RMFuLg_-x7Ah_0kEA,UCOh6DaZC_x9HASnlRylEMfw,1,@almacatalan2717,@AndresMedina-v1s
UC-pNP6RMFuLg_-x7Ah_0kEA,UCQ_-LPP8JAbfkc-b1Q6NvWw,1,@almacatalan2717,@MegaKristenstewart
UC-pNP6RMFuLg_-x7Ah_0kEA,UCQgYjVngJRfPHDLGB5X6ZjA,1,@almacatalan2717,@oscarnavas9996
UC-pNP6RMFuLg_-x7Ah_0kEA,UCQqetiwzzmRNTM5OWuXarGQ,1,@almacatalan2717,@isaiaslopezvelasquez1539
UC-pNP6RMFuLg_-x7Ah_0kEA,UCQtICyzWmhC5woCtbNgaSmg,1,@almacatalan2717,@nestormendez6216
UC-pNP6RMFuLg_-x7Ah_0kEA,UCQtSFINs1h6GHkpg9o5kMvg,1,@almacatalan2717,@MacarioMartinezruiz
UC-pNP6RMFuLg_-x7Ah_0kEA,UCRETAiYdh2dL5ZxB0_N1zDA,1,@almacatalan2717,@Joseroland21
UC-pNP6RMFuLg_-x7Ah_0kEA,UCRelkU8JiZBytTzebJxaa-w,1,@almacatalan2717,@danyraymundo2942
UC-pNP6RMFuLg_-x7Ah_0kEA,UCRlCV9zSn7avAWh-9_XFWqQ,1,@almacatalan2717,@ronyarana8849
UC-pNP6RMFuLg_-x7Ah_0kEA,UCSou6a2OuYGSvPjm5psquyA,1,@almacatalan2717,@FranciscoRivera-sf7ne
UC-pNP6RMFuLg_-x7Ah_0kEA,UCTD6q1nyIe3Y7HhqjaMj72w,1,@almacatalan2717,@JuanChang-r6k
UC-pNP6RMFuLg_-x7Ah_0kEA,UCTP3O0rMnc8z8v8jaDQwL0w,1,@almacatalan2717,@RobertoZelaya-x1v
UC-pNP6RMFuLg_-x7Ah_0kEA,UCThW2XNsAaBKme5PUt7n-Zg,1,@almacatalan2717,@thelmamoran8565
UC-pNP6RMFuLg_-x7Ah_0kEA,UCTwSut16JyAg3mX6LVUNGqA,1,@almacatalan2717,@SuperVictor2005
UC-pNP6RMFuLg_-x7Ah_0kEA,UCTylKrsqkrBKIqubMu_5N0Q,1,@almacatalan2717,@edwingeovanymarroquinmarro6684
UC-pNP6RMFuLg_-x7Ah_0kEA,UCUIIIPTVDVHAXqhC_5V6lPA,1,@almacatalan2717,@gorrarota
UC-pNP6RMFuLg_-x7Ah_0kEA,UCV0iizTBoOfdAFX_thfI9BA,1,@almacatalan2717,@BenjaminLarios-jd8nk
UC-pNP6RMFuLg_-x7Ah_0kEA,UCWIZUtKJ636y-4TYrNvok0g,1,@almacatalan2717,@cesarandreas7824
UC-pNP6RMFuLg_-x7Ah_0kEA,UCXSkL3ejZ8qWYyF_M7s_QKA,1,@almacatalan2717,@JacintaTzoy
UC-pNP6RMFuLg_-x7Ah_0kEA,UCXXh7yg5KUFIWylTiKVEFKQ,1,@almacatalan2717,@MrDuenderojo
UC-pNP6RMFuLg_-x7Ah_0kEA,UCXgr7vXlRrsaskPdo097kGA,1,@almacatalan2717,@Rogergh-nw4oj
UC-pNP6RMFuLg_-x7Ah_0kEA,UCXr8_5WtGeipe4haOoQDgyQ,1,@almacatalan2717,@amyherrera7352
UC-pNP6RMFuLg_-x7Ah_0kEA,UCYN4wSQ1Sx4_LurxLlW7MPg,1,@almacatalan2717,@belarminavillatoro6474
UC-pNP6RMFuLg_-x7Ah_0kEA,UCYwpX26TrCxq8TvbKGRYLXA,1,@almacatalan2717,@beneficioelcaminovillacana8540
UC-pNP6RMFuLg_-x7Ah_0kEA,UCZ51R_9Q9C0c8I3pAWhtmjQ,1,@almacatalan2717,@belvettzapeta1251
UC-pNP6RMFuLg_-x7Ah_0kEA,UCZLG9qH0tUjNhEGFIUt0CYw,1,@almacatalan2717,@SoniaMarroquin-y6e
UC-pNP6RMFuLg_-x7Ah_0kEA,UCcfdg8crmMJwEuLUsAhV7yg,1,@almacatalan2717,@RolandoRaguay
UC-pNP6RMFuLg_-x7Ah_0kEA,UCfM3nrxtTQMY5jFx1v1J4Gg,1,@almacatalan2717,@edgarroldan5539
UC-pNP6RMFuLg_-x7Ah_0kEA,UCgvw7xIdGFupzpt1Y_BFkEA,1,@almacatalan2717,@fredygarcia9151
UC-pNP6RMFuLg_-x7Ah_0kEA,UCh5ESQvtzyHDhCA7XyekCFA,1,@almacatalan2717,@andyB5280
UC-pNP6RMFuLg_-x7Ah_0kEA,UChZknRmJkeGeQk0-mQuhDOg,1,@almacatalan2717,@OdilioRodríguez-c5w
UC-pNP6RMFuLg_-x7Ah_0kEA,UChep9kVb5gQmpodEEl10Xlg,1,@almacatalan2717,@carlosaguilar-kz7ml
UC-pNP6RMFuLg_-x7Ah_0kEA,UChgkn5Jt5tWKYMoEOuCjz3Q,1,@almacatalan2717,@pablochitay46
UC-pNP6RMFuLg_-x7Ah_0kEA,UChs3tU2BcKOT0CezykvAsGw,1,@almacatalan2717,@byronpontaza
UC-pNP6RMFuLg_-x7Ah_0kEA,UCi1b_TRQfgO1Z9O2gNGGWNA,1,@almacatalan2717,@davidisraelesquitsaquil
UC-pNP6RMFuLg_-x7Ah_0kEA,UCiGRBf2RNF0WRKhRVT7zFoA,1,@almacatalan2717,@edwinavila4876
UC-pNP6RMFuLg_-x7Ah_0kEA,UCiMythXHsw7eQEMykCdmMUA,1,@almacatalan2717,@JavierBecerra-h6x
UC-pNP6RMFuLg_-x7Ah_0kEA,UCipetjeiWj4CZB6EbyYziZg,1,@almacatalan2717,@OseasSamayoa-ol5rz
UC-pNP6RMFuLg_-x7Ah_0kEA,UCj-LL25XJnjxepPKCc3NGog,1,@almacatalan2717,@anaaguirre8985
UC-pNP6RMFuLg_-x7Ah_0kEA,UCjSKM9j0Q7HLDr1hD6D-TUw,1,@almacatalan2717,@josehidalgo4875
UC-pNP6RMFuLg_-x7Ah_0kEA,UCjmPuazZJzscrwvk0QR9RVw,1,@almacatalan2717,@mynorrodas8591
UC-pNP6RMFuLg_-x7Ah_0kEA,UCkd9W714-947dEE6ZOEBATA,1,@almacatalan2717,@ARGELIATELON
UC-pNP6RMFuLg_-x7Ah_0kEA,UCl0ekS9Tt0jJGtOEM18S63w,1,@almacatalan2717,@monkchapin
UC-pNP6RMFuLg_-x7Ah_0kEA,UCljDbleJul41G1TzOjOZAVA,1,@almacatalan2717,@hectorcarranza3777
UC-pNP6RMFuLg_-x7Ah_0kEA,UCmjppp6ujz3SAnULvP3sZMw,1,@almacatalan2717,@marcomendez7509
UC-pNP6RMFuLg_-x7Ah_0kEA,UCmvOgzmmXbjUthHy-WJ52hQ,1,@almacatalan2717,@mariorodas593
UC-pNP6RMFuLg_-x7Ah_0kEA,UCp4iw5_5SmV9VGTFSNVGOmQ,1,@almacatalan2717,@CARLOSSTREMS51
UC-pNP6RMFuLg_-x7Ah_0kEA,UCpIdtvoFHVLGASGB5ySqIEA,1,@almacatalan2717,@VidalVillatoro-p4w
UC-pNP6RMFuLg_-x7Ah_0kEA,UCpl8rF8uv_8uui-QRvuJaRA,1,@almacatalan2717,@SergioGarcia-z9c
UC-pNP6RMFuLg_-x7Ah_0kEA,UCplrIQtaPj6au60_f2-mOYw,1,@almacatalan2717,@romeolopezherrarte799
UC-pNP6RMFuLg_-x7Ah_0kEA,UCpsKOkt5iWTbenzeuq7dsmQ,1,@almacatalan2717,@inge_vergueta
UC-pNP6RMFuLg_-x7Ah_0kEA,UCr1emrogPKkKTs_WTtx71xg,1,@almacatalan2717,@domingopeneleu6457
UC-pNP6RMFuLg_-x7Ah_0kEA,UCrJn_rbo_ENAdeqneS-RmRw,1,@almacatalan2717,@josecarrera9623
UC-pNP6RMFuLg_-x7Ah_0kEA,UCsJJAvrVGupdmhOqgtDp8dg,1,@almacatalan2717,@nestorlorenzana1168
UC-pNP6RMFuLg_-x7Ah_0kEA,UCsSXdJct-nsS8DsABoEsaYA,1,@almacatalan2717,@IvánPérez-j4j
UC-pNP6RMFuLg_-x7Ah_0kEA,UCsUCN0Yq_UyTvKjOJLmNrnQ,1,@almacatalan2717,@moisesvaldez4043
UC-pNP6RMFuLg_-x7Ah_0kEA,UCsjs5Hp_r86x1xbK6FAeqaA,1,@almacatalan2717,@alvaroesquivel563
UC-pNP6RMFuLg_-x7Ah_0kEA,UCtNfIBnc5S5DbbQj_yxgJTw,1,@almacatalan2717,@JosueRamirez-ey3ih
UC-pNP6RMFuLg_-x7Ah_0kEA,UCtUR3_CAiE7fCoZHM6cMfyQ,1,@almacatalan2717,@mdelcid01
UC-pNP6RMFuLg_-x7Ah_0kEA,UCueV9cTyTDwgQSec1x2dYgA,1,@almacatalan2717,@fredydomingo7062
UC-pNP6RMFuLg_-x7Ah_0kEA,UCujPF2nBgsTD62nWE3lcpIg,1,@almacatalan2717,@victorarturoruanobautista7588
UC-pNP6RMFuLg_-x7Ah_0kEA,UCut6b9S98nv84cVX89PmKzA,1,@almacatalan2717,@yeniferaguirre4498
UC-pNP6RMFuLg_-x7Ah_0kEA,UCvApqeCbLod-wejtT4CcVuA,1,@almacatalan2717,@davidgaher9550
UC-pNP6RMFuLg_-x7Ah_0kEA,UCwO2SXr0ggzwg6QWWrr01nQ,1,@almacatalan2717,@ricardofigueroa5720
UC-pNP6RMFuLg_-x7Ah_0kEA,UCwW2OFy95P7ZBkOPxWkpvYg,1,@almacatalan2717,@TeresaLucero-b5o
UC-pNP6RMFuLg_-x7Ah_0kEA,UCwha8rxULYMVtNwZWeSkE1A,1,@almacatalan2717,@mariasamo8637
UC-pNP6RMFuLg_-x7Ah_0kEA,UCxff05WuyvwELNITi7bj7UA,1,@almacatalan2717,@markoherrera
UC-pNP6RMFuLg_-x7Ah_0kEA,UCySYJU5kUh7X8gVt9la2ISA,1,@almacatalan2717,@dantesarti4351
UC-pNP6RMFuLg_-x7Ah_0kEA,UCylqlpsh8ENNM1LqgQ1KbxA,1,@almacatalan2717,@Jel.Awesh.M
UC-pNP6RMFuLg_-x7Ah_0kEA,UCz3gu01bmjNv0DpRq-K3XYg,1,@almacatalan2717,@eusebiovasquez4385
UC-pNP6RMFuLg_-x7Ah_0kEA,UCzSfZlOVxBSs5ObD25ywxDQ,1,@almacatalan2717,@GilmarMaldonado-q9m
UC-pNP6RMFuLg_-x7Ah_0kEA,UCzoL2l5H5eVlorWGH8AZfAg,1,@almacatalan2717,@jor77cas
UC094EFEmMSdwVa8NQjjYBXg,UC3iIU62XKUOWuqL8BqBzj9A,1,@CelestinoQuej-j7k,@antonioduarte2288
UC094EFEmMSdwVa8NQjjYBXg,UC5PrBbmUlQolwqmiru7yZhw,1,@CelestinoQuej-j7k,@lazarochavez8269
UC094EFEmMSdwVa8NQjjYBXg,UC9Wp6vL5oCU37qC3Aj94WZA,1,@CelestinoQuej-j7k,@ManuelSanchez-b8q2z
UC094EFEmMSdwVa8NQjjYBXg,UCGm3gRBEHGRJYmtCryZLtDw,1,@CelestinoQuej-j7k,@JoséLopez-g6k
UC094EFEmMSdwVa8NQjjYBXg,UCHu8x4MVkayU6VgwVKd--MQ,1,@CelestinoQuej-j7k,@Hernandez-i1o
UC094EFEmMSdwVa8NQjjYBXg,UCsUCN0Yq_UyTvKjOJLmNrnQ,1,@CelestinoQuej-j7k,@moisesvaldez4043
UC0HvfEWozTHbwl_iEmJNvVA,UC14qlobYKqD-DO0j6b75lcA,1,@OttoPalencia-b7r,@megavision4488
UC0HvfEWozTHbwl_iEmJNvVA,UC1NiEdJ7gk6FlDexIalWnGg,1,@OttoPalencia-b7r,@BorisTebalán
UC0HvfEWozTHbwl_iEmJNvVA,UC3YpzAr7pcdKC7BVFEpYzog,1,@OttoPalencia-b7r,@carmenfigueroa1232
UC0HvfEWozTHbwl_iEmJNvVA,UC63tFvbQ_hJhGDi2nbjssjw,1,@OttoPalencia-b7r,@AbigailRodas-w2r
UC0HvfEWozTHbwl_iEmJNvVA,UCEHXl4VvvVpq-_4xC5tsbhg,1,@OttoPalencia-b7r,@anibalg47
UC0HvfEWozTHbwl_iEmJNvVA,UCFybmWapGvBKcQod7cPPH9w,1,@OttoPalencia-b7r,@vitalianochavez8382
UC0HvfEWozTHbwl_iEmJNvVA,UCRfkkatKrNtAARnXMMYBGlA,1,@OttoPalencia-b7r,@BernerSoza-mg3vx
UC0HvfEWozTHbwl_iEmJNvVA,UCV3fr-YOixFKCZBbJP1-X4w,1,@OttoPalencia-b7r,@albertoshernandez5251
UC0HvfEWozTHbwl_iEmJNvVA,UCWaRixDdpgllTBf4V0jPnKQ,1,@OttoPalencia-b7r,@hectormaaz5523
UC0HvfEWozTHbwl_iEmJNvVA,UCWvntqPQx99k_Z_skWKqNSA,1,@OttoPalencia-b7r,@AntonioChiyal-x5s
UC0HvfEWozTHbwl_iEmJNvVA,UCZFQwqh90apuL8eFhvRBkUg,1,@OttoPalencia-b7r,@luisricardo9671
UC0HvfEWozTHbwl_iEmJNvVA,UCa36MjQLoPAmgJo-R3G8WQA,1,@OttoPalencia-b7r,@elsasalguero6914
UC0HvfEWozTHbwl_iEmJNvVA,UCaT4saRcyqCLE657Rq2hhZQ,1,@OttoPalencia-b7r,@elmilenial4064
UC0HvfEWozTHbwl_iEmJNvVA,UCeQk-WfEA-cJRq4EKeE7TOw,1,@OttoPalencia-b7r,@franciscojuarez9223
UC0HvfEWozTHbwl_iEmJNvVA,UCfo_yUPzy1f1POwwZxhZ06Q,1,@OttoPalencia-b7r,@lara11roberto
UC0HvfEWozTHbwl_iEmJNvVA,UCgGqw4aqMdMVSGkKiMgrJRQ,1,@OttoPalencia-b7r,@pattyfigueroa5609
UC0HvfEWozTHbwl_iEmJNvVA,UCheEJ5GZuIvV0fj-nXyVwXw,1,@OttoPalencia-b7r,@rosaoliva9389
UC0HvfEWozTHbwl_iEmJNvVA,UChyps3dqY-VY1_wLeq-2lhw,1,@OttoPalencia-b7r,@maydamorales4395
UC0HvfEWozTHbwl_iEmJNvVA,UCiOZX__1gahg1ypIj0_XG_w,1,@OttoPalencia-b7r,@mariogonzalezorellana8956
UC0HvfEWozTHbwl_iEmJNvVA,UCjZgFEowMBrsjodqfovzdKw,1,@OttoPalencia-b7r,@franciscoflores3120
UC0HvfEWozTHbwl_iEmJNvVA,UCoGdCoJg2Lh0OX_jv6cG16g,1,@OttoPalencia-b7r,@Israel-u5i7i
UC0HvfEWozTHbwl_iEmJNvVA,UCp29O_C7cchZV8IxV7Crdag,1,@OttoPalencia-b7r,@robertoescobar5507
UC0HvfEWozTHbwl_iEmJNvVA,UCql1n3Ey6ULMSOACjMe-fxQ,1,@OttoPalencia-b7r,@RolandoGonzalez-o7g
UC0HvfEWozTHbwl_iEmJNvVA,UCtCtts20bW6F9CSohau51Iw,1,@OttoPalencia-b7r,@carlosgranados9875
UC0HvfEWozTHbwl_iEmJNvVA,UCtsxPYw8VUsH_FfnKg-0lmw,1,@OttoPalencia-b7r,@AlejandroPérez-b6r
UC0HvfEWozTHbwl_iEmJNvVA,UCvDwJBBY1mHK70aTEYl6rsA,1,@OttoPalencia-b7r,@cristianescobedo8296
UC0HvfEWozTHbwl_iEmJNvVA,UCwxoKK59nGCeBqB2sXfDBIw,1,@OttoPalencia-b7r,@vic-bonivideos
UC0HvfEWozTHbwl_iEmJNvVA,UCyJhqmMbsvjpoarBBStA2kg,1,@OttoPalencia-b7r,@Murmullodelbarrio
UC0HvfEWozTHbwl_iEmJNvVA,UCzZ6dDCEsLMXbc5pCFXIprw,1,@OttoPalencia-b7r,@josegil3813
UC0RpuMwkDKJYqgKHtsJRuWQ,UC0aEyakBPqcBkVJiErfSupQ,1,@sabinamarinaguerra3248,@jhonymanuel9891
UC0RpuMwkDKJYqgKHtsJRuWQ,UC5PyGvSfFM--OVKmQ3COu6g,1,@sabinamarinaguerra3248,@FreddyGmez
UC0RpuMwkDKJYqgKHtsJRuWQ,UC5fvhAfm89JH8eDFdvc0xYw,1,@sabinamarinaguerra3248,@isaidiaz2388
UC0RpuMwkDKJYqgKHtsJRuWQ,UCFOxCyF926Y9eHhMeVoWLzw,1,@sabinamarinaguerra3248,@arielsarc09
UC0RpuMwkDKJYqgKHtsJRuWQ,UCGqKxQS-z3NZzZF-2w338AA,1,@sabinamarinaguerra3248,@samuelaguilar529
UC0RpuMwkDKJYqgKHtsJRuWQ,UCHMQ_lDhibZ-XZ_3fo6oxwg,1,@sabinamarinaguerra3248,@crislexrubi4387
UC0RpuMwkDKJYqgKHtsJRuWQ,UCIUhbSCy3-SGRe5UtqM4fzQ,1,@sabinamarinaguerra3248,@jeanmorales1677
UC0RpuMwkDKJYqgKHtsJRuWQ,UCIp19h9igblA2YKfSLPDAug,1,@sabinamarinaguerra3248,@JoseReyes-rn6sh
UC0RpuMwkDKJYqgKHtsJRuWQ,UCRcSR3Lvn9DZAmJpVPANfZQ,1,@sabinamarinaguerra3248,@WalksandSuch
UC0RpuMwkDKJYqgKHtsJRuWQ,UCRznz9-N3Qc1w-qNdLSIY2Q,1,@sabinamarinaguerra3248,@jimmygomez724
UC0RpuMwkDKJYqgKHtsJRuWQ,UCSTAUWVc1_82DHYeqOsqEFA,1,@sabinamarinaguerra3248,@TheAlexX_C
UC0RpuMwkDKJYqgKHtsJRuWQ,UCXmrpc6Li0spcKxtS0Q_ptg,1,@sabinamarinaguerra3248,@melvinperez6710
UC0RpuMwkDKJYqgKHtsJRuWQ,UCY7Hq7F9Lnucf-Yr6JkHZNw,1,@sabinamarinaguerra3248,@maynorcalel1442
UC0RpuMwkDKJYqgKHtsJRuWQ,UC_ljZ1hZXR9pzexFz87P5ZA,1,@sabinamarinaguerra3248,@ChRiStOpHeR7969
UC0RpuMwkDKJYqgKHtsJRuWQ,UCaT6M2zp7X6r6Whd8Vv3kHQ,1,@sabinamarinaguerra3248,@alexarcos8349
UC0RpuMwkDKJYqgKHtsJRuWQ,UCgLrWFdYitoP-b7-PxtUr-w,1,@sabinamarinaguerra3248,@zetag
UC0RpuMwkDKJYqgKHtsJRuWQ,UCgLurCo-e019HGODcjXHWCw,1,@sabinamarinaguerra3248,@perritojuega1
UC0RpuMwkDKJYqgKHtsJRuWQ,UCi-vPdnpQreC7BkFs40mJGA,1,@sabinamarinaguerra3248,@bryansicasales4280
UC0RpuMwkDKJYqgKHtsJRuWQ,UCqilIa8r7iek5sGYg_q6ofA,1,@sabinamarinaguerra3248,@rolandojuchuna484
UC0RpuMwkDKJYqgKHtsJRuWQ,UCs_5qeqdku9tGAq22y3OcuQ,1,@sabinamarinaguerra3248,@alexandrevasquez4135
UC0RpuMwkDKJYqgKHtsJRuWQ,UCtMBF_1O2jY2INlb_luuB_A,1,@sabinamarinaguerra3248,@mynorgudiel8646
UC0RpuMwkDKJYqgKHtsJRuWQ,UCwUAv3_LpWVtTIi7lkmTL7A,1,@sabinamarinaguerra3248,@kingr4706
UC0RpuMwkDKJYqgKHtsJRuWQ,UCxKR3RA8T-kxMgq_2WWhRcQ,1,@sabinamarinaguerra3248,@elenaluarca9377
UC0RpuMwkDKJYqgKHtsJRuWQ,UCyzf29IYjNw67gGIfsjgtxA,1,@sabinamarinaguerra3248,@carlosoliva9249
UC0aEyakBPqcBkVJiErfSupQ,UC5PyGvSfFM--OVKmQ3COu6g,1,@jhonymanuel9891,@FreddyGmez
UC0aEyakBPqcBkVJiErfSupQ,UC5fvhAfm89JH8eDFdvc0xYw,1,@jhonymanuel9891,@isaidiaz2388
UC0aEyakBPqcBkVJiErfSupQ,UCFOxCyF926Y9eHhMeVoWLzw,1,@jhonymanuel9891,@arielsarc09
UC0aEyakBPqcBkVJiErfSupQ,UCGqKxQS-z3NZzZF-2w338AA,1,@jhonymanuel9891,@samuelaguilar529
UC0aEyakBPqcBkVJiErfSupQ,UCHMQ_lDhibZ-XZ_3fo6oxwg,1,@jhonymanuel9891,@crislexrubi4387
UC0aEyakBPqcBkVJiErfSupQ,UCIUhbSCy3-SGRe5UtqM4fzQ,1,@jhonymanuel9891,@jeanmorales1677
UC0aEyakBPqcBkVJiErfSupQ,UCIp19h9igblA2YKfSLPDAug,1,@jhonymanuel9891,@JoseReyes-rn6sh
UC0aEyakBPqcBkVJiErfSupQ,UCRcSR3Lvn9DZAmJpVPANfZQ,1,@jhonymanuel9891,@WalksandSuch
UC0aEyakBPqcBkVJiErfSupQ,UCRznz9-N3Qc1w-qNdLSIY2Q,1,@jhonymanuel9891,@jimmygomez724
UC0aEyakBPqcBkVJiErfSupQ,UCSTAUWVc1_82DHYeqOsqEFA,1,@jhonymanuel9891,@TheAlexX_C
UC0aEyakBPqcBkVJiErfSupQ,UCXmrpc6Li0spcKxtS0Q_ptg,1,@jhonymanuel9891,@melvinperez6710
UC0aEyakBPqcBkVJiErfSupQ,UCY7Hq7F9Lnucf-Yr6JkHZNw,1,@jhonymanuel9891,@maynorcalel1442
UC0aEyakBPqcBkVJiErfSupQ,UC_ljZ1hZXR9pzexFz87P5ZA,1,@jhonymanuel9891,@ChRiStOpHeR7969
UC0aEyakBPqcBkVJiErfSupQ,UCaT6M2zp7X6r6Whd8Vv3kHQ,1,@jhonymanuel9891,@alexarcos8349
UC0aEyakBPqcBkVJiErfSupQ,UCgLrWFdYitoP-b7-PxtUr-w,1,@jhonymanuel9891,@zetag
UC0aEyakBPqcBkVJiErfSupQ,UCgLurCo-e019HGODcjXHWCw,1,@jhonymanuel9891,@perritojuega1
UC0aEyakBPqcBkVJiErfSupQ,UCi-vPdnpQreC7BkFs40mJGA,1,@jhonymanuel9891,@bryansicasales4280
UC0aEyakBPqcBkVJiErfSupQ,UCqilIa8r7iek5sGYg_q6ofA,1,@jhonymanuel9891,@rolandojuchuna484
UC0aEyakBPqcBkVJiErfSupQ,UCs_5qeqdku9tGAq22y3OcuQ,1,@jhonymanuel9891,@alexandrevasquez4135
UC0aEyakBPqcBkVJiErfSupQ,UCtMBF_1O2jY2INlb_luuB_A,1,@jhonymanuel9891,@mynorgudiel8646
UC0aEyakBPqcBkVJiErfSupQ,UCwUAv3_LpWVtTIi7lkmTL7A,1,@jhonymanuel9891,@kingr4706
UC0aEyakBPqcBkVJiErfSupQ,UCxKR3RA8T-kxMgq_2WWhRcQ,1,@jhonymanuel9891,@elenaluarca9377
UC0aEyakBPqcBkVJiErfSupQ,UCyzf29IYjNw67gGIfsjgtxA,1,@jhonymanuel9891,@carlosoliva9249
UC14qlobYKqD-DO0j6b75lcA,UC1NiEdJ7gk6FlDexIalWnGg,1,@megavision4488,@BorisTebalán
UC14qlobYKqD-DO0j6b75lcA,UC3YpzAr7pcdKC7BVFEpYzog,1,@megavision4488,@carmenfigueroa1232
UC14qlobYKqD-DO0j6b75lcA,UC63tFvbQ_hJhGDi2nbjssjw,1,@megavision4488,@AbigailRodas-w2r
UC14qlobYKqD-DO0j6b75lcA,UCEHXl4VvvVpq-_4xC5tsbhg,1,@megavision4488,@anibalg47
UC14qlobYKqD-DO0j6b75lcA,UCFybmWapGvBKcQod7cPPH9w,1,@megavision4488,@vitalianochavez8382
UC14qlobYKqD-DO0j6b75lcA,UCRfkkatKrNtAARnXMMYBGlA,1,@megavision4488,@BernerSoza-mg3vx
UC14qlobYKqD-DO0j6b75lcA,UCV3fr-YOixFKCZBbJP1-X4w,1,@megavision4488,@albertoshernandez5251
UC14qlobYKqD-DO0j6b75lcA,UCWaRixDdpgllTBf4V0jPnKQ,1,@megavision4488,@hectormaaz5523
UC14qlobYKqD-DO0j6b75lcA,UCWvntqPQx99k_Z_skWKqNSA,1,@megavision4488,@AntonioChiyal-x5s
UC14qlobYKqD-DO0j6b75lcA,UCZFQwqh90apuL8eFhvRBkUg,1,@megavision4488,@luisricardo9671
UC14qlobYKqD-DO0j6b75lcA,UCa36MjQLoPAmgJo-R3G8WQA,1,@megavision4488,@elsasalguero6914
UC14qlobYKqD-DO0j6b75lcA,UCaT4saRcyqCLE657Rq2hhZQ,1,@megavision4488,@elmilenial4064
UC14qlobYKqD-DO0j6b75lcA,UCeQk-WfEA-cJRq4EKeE7TOw,1,@megavision4488,@franciscojuarez9223
UC14qlobYKqD-DO0j6b75lcA,UCfo_yUPzy1f1POwwZxhZ06Q,1,@megavision4488,@lara11roberto
UC14qlobYKqD-DO0j6b75lcA,UCgGqw4aqMdMVSGkKiMgrJRQ,1,@megavision4488,@pattyfigueroa5609
UC14qlobYKqD-DO0j6b75lcA,UCheEJ5GZuIvV0fj-nXyVwXw,1,@megavision4488,@rosaoliva9389
UC14qlobYKqD-DO0j6b75lcA,UChyps3dqY-VY1_wLeq-2lhw,1,@megavision4488,@maydamorales4395
UC14qlobYKqD-DO0j6b75lcA,UCiOZX__1gahg1ypIj0_XG_w,1,@megavision4488,@mariogonzalezorellana8956
UC14qlobYKqD-DO0j6b75lcA,UCjZgFEowMBrsjodqfovzdKw,1,@megavision4488,@franciscoflores3120
UC14qlobYKqD-DO0j6b75lcA,UCoGdCoJg2Lh0OX_jv6cG16g,1,@megavision4488,@Israel-u5i7i
UC14qlobYKqD-DO0j6b75lcA,UCp29O_C7cchZV8IxV7Crdag,1,@megavision4488,@robertoescobar5507
UC14qlobYKqD-DO0j6b75lcA,UCql1n3Ey6ULMSOACjMe-fxQ,1,@megavision4488,@RolandoGonzalez-o7g
UC14qlobYKqD-DO0j6b75lcA,UCtCtts20bW6F9CSohau51Iw,1,@megavision4488,@carlosgranados9875
UC14qlobYKqD-DO0j6b75lcA,UCtsxPYw8VUsH_FfnKg-0lmw,1,@megavision4488,@AlejandroPérez-b6r
UC14qlobYKqD-DO0j6b75lcA,UCvDwJBBY1mHK70aTEYl6rsA,1,@megavision4488,@cristianescobedo8296
UC14qlobYKqD-DO0j6b75lcA,UCwxoKK59nGCeBqB2sXfDBIw,1,@megavision4488,@vic-bonivideos
UC14qlobYKqD-DO0j6b75lcA,UCyJhqmMbsvjpoarBBStA2kg,1,@megavision4488,@Murmullodelbarrio
UC14qlobYKqD-DO0j6b75lcA,UCzZ6dDCEsLMXbc5pCFXIprw,1,@megavision4488,@josegil3813
UC1DpqK6vaPEkBOMNvypsKYg,UC32oozucwCF3q8d4m8fyOUg,1,@HectorCarranza-u4j4o,@RauldejesusOlivagonzalez
UC1DpqK6vaPEkBOMNvypsKYg,UC3UVO7pTbeYvZ3ILEyRDskQ,1,@HectorCarranza-u4j4o,@rosaelenaargueta79
UC1DpqK6vaPEkBOMNvypsKYg,UC4Avya4kmR4Q0FrfFdBozSQ,1,@HectorCarranza-u4j4o,@davidlima1348
UC1DpqK6vaPEkBOMNvypsKYg,UC5hvEnRUzI4Kfvwnyi4QxqQ,1,@HectorCarranza-u4j4o,@leonelsantizo5281
UC1DpqK6vaPEkBOMNvypsKYg,UC6Uj1FT5JjDSF8vudvDxPAA,1,@HectorCarranza-u4j4o,@alfredoortega9264
UC1DpqK6vaPEkBOMNvypsKYg,UC7dadZG7kkGYnsNu6td0FbA,1,@HectorCarranza-u4j4o,@lesolorzano
UC1DpqK6vaPEkBOMNvypsKYg,UC816IGbFCZinfYS1LRDaaHg,1,@HectorCarranza-u4j4o,@ingenieroar
UC1DpqK6vaPEkBOMNvypsKYg,UC95PSMouTx2N5CbSq0hIyrQ,1,@HectorCarranza-u4j4o,@lisss1908
UC1DpqK6vaPEkBOMNvypsKYg,UCAKuKvcbfnBD3kF5njNu-IA,1,@HectorCarranza-u4j4o,@melvinlopez7096
UC1DpqK6vaPEkBOMNvypsKYg,UCCBYcToQ2dwkd6TJh0FSyDg,1,@HectorCarranza-u4j4o,@lidiarodriguez3493
UC1DpqK6vaPEkBOMNvypsKYg,UCDrmf9y9nLgFY5wnA2hTuGA,1,@HectorCarranza-u4j4o,@laboratorio5528
UC1DpqK6vaPEkBOMNvypsKYg,UCGGHbtfbbe0o68etrOf0qxw,1,@HectorCarranza-u4j4o,@karensussetteleonvargas9794
UC1DpqK6vaPEkBOMNvypsKYg,UCHbwIx9pmQuf7i-4_xO2EpA,1,@HectorCarranza-u4j4o,@caminoseternos752
UC1DpqK6vaPEkBOMNvypsKYg,UCNpt5CQlTzNjlAKY6CJtClQ,1,@HectorCarranza-u4j4o,@eustaquiogomez9975
UC1DpqK6vaPEkBOMNvypsKYg,UCOcUI5XkTYNMSFhZNMIPpGg,1,@HectorCarranza-u4j4o,@hendersonlopez3864
UC1DpqK6vaPEkBOMNvypsKYg,UCQqlPPUGqAfWjd-FSh_qn7Q,1,@HectorCarranza-u4j4o,@estuardoargueta137
UC1DpqK6vaPEkBOMNvypsKYg,UCQyOePccUP-fIJYzchAgZYw,1,@HectorCarranza-u4j4o,@aguilar4254
UC1DpqK6vaPEkBOMNvypsKYg,UCRAquv8el-tQ30bN7MlmySQ,1,@HectorCarranza-u4j4o,@iamjimalesssa
UC1DpqK6vaPEkBOMNvypsKYg,UCRvPToDkkumha7WJAfCDk1A,1,@HectorCarranza-u4j4o,@ligiaguerra3057
UC1DpqK6vaPEkBOMNvypsKYg,UCUoYsrx1oZnCZ0usbBJn4fA,1,@HectorCarranza-u4j4o,@AnaDiaz-re9sq
UC1DpqK6vaPEkBOMNvypsKYg,UCV0lM03g5fg5pbPj97-sAtA,1,@HectorCarranza-u4j4o,@genarodelgado3929
UC1DpqK6vaPEkBOMNvypsKYg,UCW-JC6lebVmf2P1dmY_L94g,1,@HectorCarranza-u4j4o,@dinoraoroxon5771
UC1DpqK6vaPEkBOMNvypsKYg,UCW80DaMjQlEUibC98Cot-Dg,1,@HectorCarranza-u4j4o,@rogeraldana4289
UC1DpqK6vaPEkBOMNvypsKYg,UCWoAVGVqCn4xtINCMOTM4jg,1,@HectorCarranza-u4j4o,@OmarMartinez-vv8re
UC1DpqK6vaPEkBOMNvypsKYg,UCZeIIQrGAedW8tCbKWmGY-A,1,@HectorCarranza-u4j4o,@mariocordon8873
UC1DpqK6vaPEkBOMNvypsKYg,UC_LYoGs5C3mbZKZuKuqYCvw,1,@HectorCarranza-u4j4o,@javiercifuentesarchila6041
UC1DpqK6vaPEkBOMNvypsKYg,UCaKAjTW9MVub_clgr4DRYjQ,1,@HectorCarranza-u4j4o,@josecastillo4390
UC1DpqK6vaPEkBOMNvypsKYg,UCdFlugHJJa4l3YqWuNRmvXw,1,@HectorCarranza-u4j4o,@MarcosCarillo-b1r
UC1DpqK6vaPEkBOMNvypsKYg,UCe8JZoYkX5oKUZyivHYdXhw,1,@HectorCarranza-u4j4o,@FernandoGarcia-jg1fj
UC1DpqK6vaPEkBOMNvypsKYg,UCeDNEtI8_a42bZ47wJiJMwQ,1,@HectorCarranza-u4j4o,@EdgarcalderonCalderong
UC1DpqK6vaPEkBOMNvypsKYg,UCgJNFj5dnxXpcMvmuhZDPxA,1,@HectorCarranza-u4j4o,@NataliaRodriguez-rx5mr
UC1DpqK6vaPEkBOMNvypsKYg,UCgQw_Sbq3ugruDUKsq1e0-A,1,@HectorCarranza-u4j4o,@marlenareano-h4t
UC1DpqK6vaPEkBOMNvypsKYg,UCiC-Jn7wdgyQV4_Urk0DkWQ,1,@HectorCarranza-u4j4o,@pedroros6358
UC1DpqK6vaPEkBOMNvypsKYg,UCkVtmkK07b2zaVVNssX4lOg,1,@HectorCarranza-u4j4o,@HectorElias-u2l
UC1DpqK6vaPEkBOMNvypsKYg,UCkbsS_3D-pvg1iHOld9uvIg,1,@HectorCarranza-u4j4o,@gonzalo6075
UC1DpqK6vaPEkBOMNvypsKYg,UClhMWQ7XKWywYvbRnuf8QsA,1,@HectorCarranza-u4j4o,@EcPerez-zz9oh
UC1DpqK6vaPEkBOMNvypsKYg,UClqA491Xa5fQcXcJJa-vTWw,1,@HectorCarranza-u4j4o,@AndresLemus-k2d
UC1DpqK6vaPEkBOMNvypsKYg,UColMq7LmaoY3MT6aIDGrGvA,1,@HectorCarranza-u4j4o,@quijotachapina1
UC1DpqK6vaPEkBOMNvypsKYg,UCpe5jW3MIqkgTJ-PgkzvM6Q,1,@HectorCarranza-u4j4o,@carloslam5333
UC1DpqK6vaPEkBOMNvypsKYg,UCpsKOkt5iWTbenzeuq7dsmQ,1,@HectorCarranza-u4j4o,@inge_vergueta
UC1DpqK6vaPEkBOMNvypsKYg,UCqCrvuoJpC-aVb0f4logQRQ,1,@HectorCarranza-u4j4o,@Lyrics_GT
UC1DpqK6vaPEkBOMNvypsKYg,UCsGoJEvb-cFPZ2rWoJcXzEQ,1,@HectorCarranza-u4j4o,@sergiohinestroza9709
UC1DpqK6vaPEkBOMNvypsKYg,UCu8_3-Wg-YzNyvHYQDEscfw,1,@HectorCarranza-u4j4o,@RolandoCastroPérez-d7y
UC1DpqK6vaPEkBOMNvypsKYg,UCuXmOjxC-htcprLgeVXz6Tg,1,@HectorCarranza-u4j4o,@jorgeaguilar-bq3uj
UC1DpqK6vaPEkBOMNvypsKYg,UCwgCc9Jd_gG-uLE_SY-FfPg,1,@HectorCarranza-u4j4o,@armindapenados2841
UC1DpqK6vaPEkBOMNvypsKYg,UCwjUvRseNtJoItylIyIez7Q,1,@HectorCarranza-u4j4o,@Silviazea
UC1DpqK6vaPEkBOMNvypsKYg,UCylqlpsh8ENNM1LqgQ1KbxA,1,@HectorCarranza-u4j4o,@Jel.Awesh.M
UC1NiEdJ7gk6FlDexIalWnGg,UC3YpzAr7pcdKC7BVFEpYzog,1,@BorisTebalán,@carmenfigueroa1232
UC1NiEdJ7gk6FlDexIalWnGg,UC63tFvbQ_hJhGDi2nbjssjw,1,@BorisTebalán,@AbigailRodas-w2r
UC1NiEdJ7gk6FlDexIalWnGg,UCEHXl4VvvVpq-_4xC5tsbhg,1,@BorisTebalán,@anibalg47
UC1NiEdJ7gk6FlDexIalWnGg,UCFybmWapGvBKcQod7cPPH9w,1,@BorisTebalán,@vitalianochavez8382
UC1NiEdJ7gk6FlDexIalWnGg,UCRfkkatKrNtAARnXMMYBGlA,1,@BorisTebalán,@BernerSoza-mg3vx
UC1NiEdJ7gk6FlDexIalWnGg,UCV3fr-YOixFKCZBbJP1-X4w,1,@BorisTebalán,@albertoshernandez5251
UC1NiEdJ7gk6FlDexIalWnGg,UCWaRixDdpgllTBf4V0jPnKQ,1,@BorisTebalán,@hectormaaz5523
UC1NiEdJ7gk6FlDexIalWnGg,UCWvntqPQx99k_Z_skWKqNSA,1,@BorisTebalán,@AntonioChiyal-x5s
UC1NiEdJ7gk6FlDexIalWnGg,UCZFQwqh90apuL8eFhvRBkUg,1,@BorisTebalán,@luisricardo9671
UC1NiEdJ7gk6FlDexIalWnGg,UCa36MjQLoPAmgJo-R3G8WQA,1,@BorisTebalán,@elsasalguero6914
UC1NiEdJ7gk6FlDexIalWnGg,UCaT4saRcyqCLE657Rq2hhZQ,1,@BorisTebalán,@elmilenial4064
UC1NiEdJ7gk6FlDexIalWnGg,UCeQk-WfEA-cJRq4EKeE7TOw,1,@BorisTebalán,@franciscojuarez9223
UC1NiEdJ7gk6FlDexIalWnGg,UCfo_yUPzy1f1POwwZxhZ06Q,1,@BorisTebalán,@lara11roberto
UC1NiEdJ7gk6FlDexIalWnGg,UCgGqw4aqMdMVSGkKiMgrJRQ,1,@BorisTebalán,@pattyfigueroa5609
UC1NiEdJ7gk6FlDexIalWnGg,UCheEJ5GZuIvV0fj-nXyVwXw,1,@BorisTebalán,@rosaoliva9389
UC1NiEdJ7gk6FlDexIalWnGg,UChyps3dqY-VY1_wLeq-2lhw,1,@BorisTebalán,@maydamorales4395
UC1NiEdJ7gk6FlDexIalWnGg,UCiOZX__1gahg1ypIj0_XG_w,1,@BorisTebalán,@mariogonzalezorellana8956
UC1NiEdJ7gk6FlDexIalWnGg,UCjZgFEowMBrsjodqfovzdKw,1,@BorisTebalán,@franciscoflores3120
UC1NiEdJ7gk6FlDexIalWnGg,UCoGdCoJg2Lh0OX_jv6cG16g,1,@BorisTebalán,@Israel-u5i7i
UC1NiEdJ7gk6FlDexIalWnGg,UCp29O_C7cchZV8IxV7Crdag,1,@BorisTebalán,@robertoescobar5507
UC1NiEdJ7gk6FlDexIalWnGg,UCql1n3Ey6ULMSOACjMe-fxQ,1,@BorisTebalán,@RolandoGonzalez-o7g
UC1NiEdJ7gk6FlDexIalWnGg,UCtCtts20bW6F9CSohau51Iw,1,@BorisTebalán,@carlosgranados9875
UC1NiEdJ7gk6FlDexIalWnGg,UCtsxPYw8VUsH_FfnKg-0lmw,1,@BorisTebalán,@AlejandroPérez-b6r
UC1NiEdJ7gk6FlDexIalWnGg,UCvDwJBBY1mHK70aTEYl6rsA,1,@BorisTebalán,@cristianescobedo8296
UC1NiEdJ7gk6FlDexIalWnGg,UCwxoKK59nGCeBqB2sXfDBIw,1,@BorisTebalán,@vic-bonivideos
UC1NiEdJ7gk6FlDexIalWnGg,UCyJhqmMbsvjpoarBBStA2kg,1,@BorisTebalán,@Murmullodelbarrio
UC1NiEdJ7gk6FlDexIalWnGg,UCzZ6dDCEsLMXbc5pCFXIprw,1,@BorisTebalán,@josegil3813
UC1WlJfQmaIskYhP4gmWoamw,UCBlm80VQ4YoV3bUJR_XhkaQ,1,@marthareiss5434,@rosadiaz6945
UC1WlJfQmaIskYhP4gmWoamw,UCGZMgmM92E3njyXNe9-kjAQ,1,@marthareiss5434,@pasionpornada
UC1WlJfQmaIskYhP4gmWoamw,UCIgoiXdIKJyUGmUoH2Lxdzg,1,@marthareiss5434,@susievidal4134
UC1WlJfQmaIskYhP4gmWoamw,UCOLHH4ZpMxPYF-Q6e6wvn5A,1,@marthareiss5434,@luisroldan7374
UC1WlJfQmaIskYhP4gmWoamw,UCPNXmbOBVeC4HS-xemvcPtQ,1,@marthareiss5434,@BelkisRodriguezRamirez
UC1WlJfQmaIskYhP4gmWoamw,UCQMMuADgqWUOcJpLwHOzC-g,1,@marthareiss5434,@Ripped-Yoda
UC1WlJfQmaIskYhP4gmWoamw,UCVdjCrh4tQoX3haNAZv-n5A,1,@marthareiss5434,@aurahernandez5646
UC1WlJfQmaIskYhP4gmWoamw,UCZjm6U576nX8WOiLhmMR3bw,1,@marthareiss5434,@MariaNavarroYT
UC1WlJfQmaIskYhP4gmWoamw,UCat2qkYvqmtDNEmo2PVuhXw,1,@marthareiss5434,@DoraSalas-j5o
UC1WlJfQmaIskYhP4gmWoamw,UCbNanjFI51cwGqMAb2rOrBw,1,@marthareiss5434,@RosaMontesdeOca777
UC1WlJfQmaIskYhP4gmWoamw,UCi2KiZq63sRq8Mfbcp-MelQ,1,@marthareiss5434,@eugeneramirez4405
UC1WlJfQmaIskYhP4gmWoamw,UCozFYHN0e_-vlQbX3wQGOug,1,@marthareiss5434,@jesusguzman2321
UC1WlJfQmaIskYhP4gmWoamw,UCp_dAUfv8i3LW3zWc24dLaQ,1,@marthareiss5434,@MarioCortez-o6v
UC1WlJfQmaIskYhP4gmWoamw,UCrqXyRsg-_hTosURZ-uvoKg,1,@marthareiss5434,@flornolberto2425
UC1WlJfQmaIskYhP4gmWoamw,UCtiHFjFu7d5v2XxHnKFUYig,1,@marthareiss5434,@Paul-gf7ec
UC1WlJfQmaIskYhP4gmWoamw,UCxhtlxPV8AYWaNNyU6S9H8Q,1,@marthareiss5434,@WilR-s8r
UC1Y7x3h0c95Z8kUhi-Tzaeg,UC7IMsCxfZyWN7YQo8-JYa6Q,1,@rosadiaz9235,@Burgos68
UC1Y7x3h0c95Z8kUhi-Tzaeg,UC8xlJWNHz1V_W6q3fbuQH8g,1,@rosadiaz9235,@NormaLópez-v7e
UC1Y7x3h0c95Z8kUhi-Tzaeg,UCAV7QIjYhbDJaycQycM_0eQ,1,@rosadiaz9235,@mariavail8998
UC1Y7x3h0c95Z8kUhi-Tzaeg,UCGX_UbAQOXGZknv5iqklwTA,1,@rosadiaz9235,@ronaldgarcia8522
UC1Y7x3h0c95Z8kUhi-Tzaeg,UCHTGCgY2l-DQJIvlA_cpa_Q,1,@rosadiaz9235,@virgiliogarcia3039
UC1Y7x3h0c95Z8kUhi-Tzaeg,UCN2N_wYOw6fMwCeSzdXLPIw,1,@rosadiaz9235,@danielantoniogonzalezflore4901
UC1Y7x3h0c95Z8kUhi-Tzaeg,UCNIeXbV_mEwpa412h1aqUWw,1,@rosadiaz9235,@juandeleon9060
UC1Y7x3h0c95Z8kUhi-Tzaeg,UCPZueDLrCS4BmTBRMA4q0fA,1,@rosadiaz9235,@kevinochoa3695
UC1Y7x3h0c95Z8kUhi-Tzaeg,UCVQf0tzL7xRzFJsABVVULpg,1,@rosadiaz9235,@DennisseLopetegi
UC1Y7x3h0c95Z8kUhi-Tzaeg,UCbYoNG5J3Au5BqtbXogfEFw,1,@rosadiaz9235,@Luis-gn3fj
UC1Y7x3h0c95Z8kUhi-Tzaeg,UCf5lnNZF7Qrtli9v4N_23WQ,1,@rosadiaz9235,@CarlosCortez-v5r
UC1Y7x3h0c95Z8kUhi-Tzaeg,UCg3eIfd7BrsLEqS0BLkftHA,1,@rosadiaz9235,@ErmePérez-q4s
UC1Y7x3h0c95Z8kUhi-Tzaeg,UCgQJgI9vu1FI2dnC9mrFthw,1,@rosadiaz9235,@srms70
UC1Y7x3h0c95Z8kUhi-Tzaeg,UClsrFGJKWPxxw7MiaEdKLXw,1,@rosadiaz9235,@ericapaz5406
UC1Y7x3h0c95Z8kUhi-Tzaeg,UCtNyHmRZtvGF2hSvI2dUBWw,1,@rosadiaz9235,@aureliomaldonado4793
UC1Y7x3h0c95Z8kUhi-Tzaeg,UCuP4UK33HKtJE_S39ksmaTw,1,@rosadiaz9235,@herbertaguilar1387
UC1Y7x3h0c95Z8kUhi-Tzaeg,UCusjriFsDHEc2AOjqk-p5ig,1,@rosadiaz9235,@pablobarrios7931
UC1Y7x3h0c95Z8kUhi-Tzaeg,UCzZ6dDCEsLMXbc5pCFXIprw,1,@rosadiaz9235,@josegil3813
UC1vr9aaMI2crB0NvwFHUeoQ,UC2Y_EHWQKevubk4vOEBBFxw,1,@JoseSimilox-p6e,@alfonsomorales2653
UC1vr9aaMI2crB0NvwFHUeoQ,UC2weSE8rpqkGMOp6StYtVfg,1,@JoseSimilox-p6e,@katerynsantiago2907
UC1vr9aaMI2crB0NvwFHUeoQ,UC3E9mAgP7VoAE5mZoAexl5g,1,@JoseSimilox-p6e,@EnnioAroche
UC1vr9aaMI2crB0NvwFHUeoQ,UC3MYTqpQqlWBuCB7Th0e0PA,1,@JoseSimilox-p6e,@isaaclopez7220
UC1vr9aaMI2crB0NvwFHUeoQ,UC3NMzdMYryaw82kPTnsaljg,1,@JoseSimilox-p6e,@marisosa7832
UC1vr9aaMI2crB0NvwFHUeoQ,UC3XTwHxygNCgjndsg-UiCQA,1,@JoseSimilox-p6e,@marioajset4283
UC1vr9aaMI2crB0NvwFHUeoQ,UC3qn1yJA5PeW9rkGPatQxiw,1,@JoseSimilox-p6e,@VICTOREST19
UC1vr9aaMI2crB0NvwFHUeoQ,UC4cXueR2bKGFJV0Fk76gwmA,1,@JoseSimilox-p6e,@aluxdel4792
UC1vr9aaMI2crB0NvwFHUeoQ,UC4wq3DcbfaG6dtCqn8Oyu3w,1,@JoseSimilox-p6e,@hugoasencio7764
UC1vr9aaMI2crB0NvwFHUeoQ,UC5H8ASmMC9WrURmzeB4ySog,1,@JoseSimilox-p6e,@ManuelEdran
UC1vr9aaMI2crB0NvwFHUeoQ,UC5bG9nc_JV3FsNP2KseQiYw,1,@JoseSimilox-p6e,@giovannirodas4836
UC1vr9aaMI2crB0NvwFHUeoQ,UC650pRT-OYzny3GwOH8Cgfw,1,@JoseSimilox-p6e,@edvinparedesherrera7632
UC1vr9aaMI2crB0NvwFHUeoQ,UC6PvO1_k5lHKGdAPo5_C6TA,1,@JoseSimilox-p6e,@johnmejia992
UC1vr9aaMI2crB0NvwFHUeoQ,UC6YSZqL0vEcI-niPKIMUGfw,1,@JoseSimilox-p6e,@maxwellsales885
UC1vr9aaMI2crB0NvwFHUeoQ,UC72gBAtyb_VXQlYDcFrh6oQ,1,@JoseSimilox-p6e,@osmanmorales3012
UC1vr9aaMI2crB0NvwFHUeoQ,UC7VUuJr9cGh845CmTvf7TlQ,1,@JoseSimilox-p6e,@LuisCastillo-oz4df
UC1vr9aaMI2crB0NvwFHUeoQ,UC8F2V63KZ4ZEay6opX2hAQw,1,@JoseSimilox-p6e,@carmenr6311
UC1vr9aaMI2crB0NvwFHUeoQ,UC8G5cJONY8L9voMyBW8Eoug,1,@JoseSimilox-p6e,@luisparedes-pw6qt
UC1vr9aaMI2crB0NvwFHUeoQ,UC8r11yOugM2NuRfitQOxLLg,1,@JoseSimilox-p6e,@cesaraugustomoralesmonroy6907
UC1vr9aaMI2crB0NvwFHUeoQ,UC9vMq1YF-e7C-VO0SHkbUTA,1,@JoseSimilox-p6e,@ErvinLeonardoCarreraLatín
UC1vr9aaMI2crB0NvwFHUeoQ,UC9xr9QvIcDvoZNUX5f-jaZw,1,@JoseSimilox-p6e,@MariaaliciaColonmorales
UC1vr9aaMI2crB0NvwFHUeoQ,UCA93ym2TXs_Ibyxb4Vcn-6Q,1,@JoseSimilox-p6e,@oswaldosolis8728
UC1vr9aaMI2crB0NvwFHUeoQ,UCAlzM_N6xBlMYmM8EBzX86Q,1,@JoseSimilox-p6e,@carlossoto3252
UC1vr9aaMI2crB0NvwFHUeoQ,UCAmtbUiIrUIhikru0ZoTFig,1,@JoseSimilox-p6e,@Aura-vf6dm
UC1vr9aaMI2crB0NvwFHUeoQ,UCB5p8a5gklc80jJItP6xTHg,1,@JoseSimilox-p6e,@ernestogamboa8737
UC1vr9aaMI2crB0NvwFHUeoQ,UCCaYwkkbQGcvFoUmothVdQQ,1,@JoseSimilox-p6e,@OsvaldoAguirre-l3i
UC1vr9aaMI2crB0NvwFHUeoQ,UCDIMztpVm7G27qBuiWuT6oQ,1,@JoseSimilox-p6e,@lizardomorataya8274
UC1vr9aaMI2crB0NvwFHUeoQ,UCDPWkUX3sNNaCx-m1dV4glA,1,@JoseSimilox-p6e,@hectoroliva949
UC1vr9aaMI2crB0NvwFHUeoQ,UCDQaQv0hr2SS_PO-CMEwVHg,1,@JoseSimilox-p6e,@federicosaquimux1933
UC1vr9aaMI2crB0NvwFHUeoQ,UCDUffaruH6dyUnUGwsTKpgg,1,@JoseSimilox-p6e,@luisletona2842
UC1vr9aaMI2crB0NvwFHUeoQ,UCDftMWXQoJ6nONfY7GVOVjg,1,@JoseSimilox-p6e,@luisgpacheco5858
UC1vr9aaMI2crB0NvwFHUeoQ,UCDlr1VadSucIZgZ171pRBjQ,1,@JoseSimilox-p6e,@cuabatzjj5924
UC1vr9aaMI2crB0NvwFHUeoQ,UCEgEQmRbtL5fwr9_DqAC--g,1,@JoseSimilox-p6e,@ArielRodas-g5y
UC1vr9aaMI2crB0NvwFHUeoQ,UCErZPJpHmLCsXs8ZWkAUupQ,1,@JoseSimilox-p6e,@dorisl.garciaroche7763
UC1vr9aaMI2crB0NvwFHUeoQ,UCFUuDARXdmmIrLppEqf-rFg,1,@JoseSimilox-p6e,@allanmunoz7410
UC1vr9aaMI2crB0NvwFHUeoQ,UCFhxtoeARHPnXXPcDrOU3Xg,1,@JoseSimilox-p6e,@diegoalejandrolopezmendez205
UC1vr9aaMI2crB0NvwFHUeoQ,UCFjudnPLoaSL1BaRuLahyHg,1,@JoseSimilox-p6e,@HaroldoCastillo-rh9iw
UC1vr9aaMI2crB0NvwFHUeoQ,UCFoIAE8k82D6AV-8gjjKaNg,1,@JoseSimilox-p6e,@eddymunoz9789
UC1vr9aaMI2crB0NvwFHUeoQ,UCFxE8GbokBrBsPEKM1xrOjQ,1,@JoseSimilox-p6e,@JuanDavila-qd7qj
UC1vr9aaMI2crB0NvwFHUeoQ,UCGzXwyCzMzGmjmCbH3Hg01Q,1,@JoseSimilox-p6e,@FidelZacarias-ph7dy
UC1vr9aaMI2crB0NvwFHUeoQ,UCHTGCgY2l-DQJIvlA_cpa_Q,1,@JoseSimilox-p6e,@virgiliogarcia3039
UC1vr9aaMI2crB0NvwFHUeoQ,UCHhHUjaMAZ8SiXdCUCj9DkQ,1,@JoseSimilox-p6e,@fredymendez1786
UC1vr9aaMI2crB0NvwFHUeoQ,UCKDR0f2fu2UzWL8mBv5-BHw,1,@JoseSimilox-p6e,@mireyamorales6595
UC1vr9aaMI2crB0NvwFHUeoQ,UCL13XhnRzbGokEkCkEOb0-g,1,@JoseSimilox-p6e,@raquelprado3643
UC1vr9aaMI2crB0NvwFHUeoQ,UCL1MT278vSaQ83ZDkVWn1gw,1,@JoseSimilox-p6e,@elmorodriguez6978
UC1vr9aaMI2crB0NvwFHUeoQ,UCLFdHr9BEbXHkoJopbEPLZw,1,@JoseSimilox-p6e,@kanterra4584
UC1vr9aaMI2crB0NvwFHUeoQ,UCLggDc_a5HriXv7I1h02sOA,1,@JoseSimilox-p6e,@guillermogonzalez5153
UC1vr9aaMI2crB0NvwFHUeoQ,UCN6qbfPSzFtjhqUDZ3Cv3CQ,1,@JoseSimilox-p6e,@carlosmedranovelasquez6380
UC1vr9aaMI2crB0NvwFHUeoQ,UCNBnKqWf4d-rS4HwJRQljmQ,1,@JoseSimilox-p6e,@LE_A22
UC1vr9aaMI2crB0NvwFHUeoQ,UCNkcuy42zEwddwEcOd_HpnA,1,@JoseSimilox-p6e,@vanigomez492
UC1vr9aaMI2crB0NvwFHUeoQ,UCOLGv5Pf6BF2wFcwUzgcvHg,1,@JoseSimilox-p6e,@welfrealdana5559
UC1vr9aaMI2crB0NvwFHUeoQ,UCOS8ViEkccrTZx2w2ccxotA,1,@JoseSimilox-p6e,@OscarHernandez-q8y
UC1vr9aaMI2crB0NvwFHUeoQ,UCOh6DaZC_x9HASnlRylEMfw,1,@JoseSimilox-p6e,@AndresMedina-v1s
UC1vr9aaMI2crB0NvwFHUeoQ,UCQ_-LPP8JAbfkc-b1Q6NvWw,1,@JoseSimilox-p6e,@MegaKristenstewart
UC1vr9aaMI2crB0NvwFHUeoQ,UCQgYjVngJRfPHDLGB5X6ZjA,1,@JoseSimilox-p6e,@oscarnavas9996
UC1vr9aaMI2crB0NvwFHUeoQ,UCQqetiwzzmRNTM5OWuXarGQ,1,@JoseSimilox-p6e,@isaiaslopezvelasquez1539
UC1vr9aaMI2crB0NvwFHUeoQ,UCQtICyzWmhC5woCtbNgaSmg,1,@JoseSimilox-p6e,@nestormendez6216
UC1vr9aaMI2crB0NvwFHUeoQ,UCQtSFINs1h6GHkpg9o5kMvg,1,@JoseSimilox-p6e,@MacarioMartinezruiz
UC1vr9aaMI2crB0NvwFHUeoQ,UCRETAiYdh2dL5ZxB0_N1zDA,1,@JoseSimilox-p6e,@Joseroland21
UC1vr9aaMI2crB0NvwFHUeoQ,UCRelkU8JiZBytTzebJxaa-w,1,@JoseSimilox-p6e,@danyraymundo2942
UC1vr9aaMI2crB0NvwFHUeoQ,UCRlCV9zSn7avAWh-9_XFWqQ,1,@JoseSimilox-p6e,@ronyarana8849
UC1vr9aaMI2crB0NvwFHUeoQ,UCSou6a2OuYGSvPjm5psquyA,1,@JoseSimilox-p6e,@FranciscoRivera-sf7ne
UC1vr9aaMI2crB0NvwFHUeoQ,UCTD6q1nyIe3Y7HhqjaMj72w,1,@JoseSimilox-p6e,@JuanChang-r6k
UC1vr9aaMI2crB0NvwFHUeoQ,UCTP3O0rMnc8z8v8jaDQwL0w,1,@JoseSimilox-p6e,@RobertoZelaya-x1v
UC1vr9aaMI2crB0NvwFHUeoQ,UCThW2XNsAaBKme5PUt7n-Zg,1,@JoseSimilox-p6e,@thelmamoran8565
UC1vr9aaMI2crB0NvwFHUeoQ,UCTwSut16JyAg3mX6LVUNGqA,1,@JoseSimilox-p6e,@SuperVictor2005
UC1vr9aaMI2crB0NvwFHUeoQ,UCTylKrsqkrBKIqubMu_5N0Q,1,@JoseSimilox-p6e,@edwingeovanymarroquinmarro6684
UC1vr9aaMI2crB0NvwFHUeoQ,UCUIIIPTVDVHAXqhC_5V6lPA,1,@JoseSimilox-p6e,@gorrarota
UC1vr9aaMI2crB0NvwFHUeoQ,UCV0iizTBoOfdAFX_thfI9BA,1,@JoseSimilox-p6e,@BenjaminLarios-jd8nk
UC1vr9aaMI2crB0NvwFHUeoQ,UCWIZUtKJ636y-4TYrNvok0g,1,@JoseSimilox-p6e,@cesarandreas7824
UC1vr9aaMI2crB0NvwFHUeoQ,UCXSkL3ejZ8qWYyF_M7s_QKA,1,@JoseSimilox-p6e,@JacintaTzoy
UC1vr9aaMI2crB0NvwFHUeoQ,UCXXh7yg5KUFIWylTiKVEFKQ,1,@JoseSimilox-p6e,@MrDuenderojo
UC1vr9aaMI2crB0NvwFHUeoQ,UCXgr7vXlRrsaskPdo097kGA,1,@JoseSimilox-p6e,@Rogergh-nw4oj
UC1vr9aaMI2crB0NvwFHUeoQ,UCXr8_5WtGeipe4haOoQDgyQ,1,@JoseSimilox-p6e,@amyherrera7352
UC1vr9aaMI2crB0NvwFHUeoQ,UCYN4wSQ1Sx4_LurxLlW7MPg,1,@JoseSimilox-p6e,@belarminavillatoro6474
UC1vr9aaMI2crB0NvwFHUeoQ,UCYwpX26TrCxq8TvbKGRYLXA,1,@JoseSimilox-p6e,@beneficioelcaminovillacana8540
UC1vr9aaMI2crB0NvwFHUeoQ,UCZ51R_9Q9C0c8I3pAWhtmjQ,1,@JoseSimilox-p6e,@belvettzapeta1251
UC1vr9aaMI2crB0NvwFHUeoQ,UCZLG9qH0tUjNhEGFIUt0CYw,1,@JoseSimilox-p6e,@SoniaMarroquin-y6e
UC1vr9aaMI2crB0NvwFHUeoQ,UCcfdg8crmMJwEuLUsAhV7yg,1,@JoseSimilox-p6e,@RolandoRaguay
UC1vr9aaMI2crB0NvwFHUeoQ,UCfM3nrxtTQMY5jFx1v1J4Gg,1,@JoseSimilox-p6e,@edgarroldan5539
UC1vr9aaMI2crB0NvwFHUeoQ,UCgvw7xIdGFupzpt1Y_BFkEA,1,@JoseSimilox-p6e,@fredygarcia9151
UC1vr9aaMI2crB0NvwFHUeoQ,UCh5ESQvtzyHDhCA7XyekCFA,1,@JoseSimilox-p6e,@andyB5280
UC1vr9aaMI2crB0NvwFHUeoQ,UChZknRmJkeGeQk0-mQuhDOg,1,@JoseSimilox-p6e,@OdilioRodríguez-c5w
UC1vr9aaMI2crB0NvwFHUeoQ,UChep9kVb5gQmpodEEl10Xlg,1,@JoseSimilox-p6e,@carlosaguilar-kz7ml
UC1vr9aaMI2crB0NvwFHUeoQ,UChgkn5Jt5tWKYMoEOuCjz3Q,1,@JoseSimilox-p6e,@pablochitay46
UC1vr9aaMI2crB0NvwFHUeoQ,UChs3tU2BcKOT0CezykvAsGw,1,@JoseSimilox-p6e,@byronpontaza
UC1vr9aaMI2crB0NvwFHUeoQ,UCi1b_TRQfgO1Z9O2gNGGWNA,1,@JoseSimilox-p6e,@davidisraelesquitsaquil
UC1vr9aaMI2crB0NvwFHUeoQ,UCiGRBf2RNF0WRKhRVT7zFoA,1,@JoseSimilox-p6e,@edwinavila4876
UC1vr9aaMI2crB0NvwFHUeoQ,UCiMythXHsw7eQEMykCdmMUA,1,@JoseSimilox-p6e,@JavierBecerra-h6x
UC1vr9aaMI2crB0NvwFHUeoQ,UCipetjeiWj4CZB6EbyYziZg,1,@JoseSimilox-p6e,@OseasSamayoa-ol5rz
UC1vr9aaMI2crB0NvwFHUeoQ,UCj-LL25XJnjxepPKCc3NGog,1,@JoseSimilox-p6e,@anaaguirre8985
UC1vr9aaMI2crB0NvwFHUeoQ,UCjSKM9j0Q7HLDr1hD6D-TUw,1,@JoseSimilox-p6e,@josehidalgo4875
UC1vr9aaMI2crB0NvwFHUeoQ,UCjmPuazZJzscrwvk0QR9RVw,1,@JoseSimilox-p6e,@mynorrodas8591
UC1vr9aaMI2crB0NvwFHUeoQ,UCkd9W714-947dEE6ZOEBATA,1,@JoseSimilox-p6e,@ARGELIATELON
UC1vr9aaMI2crB0NvwFHUeoQ,UCl0ekS9Tt0jJGtOEM18S63w,1,@JoseSimilox-p6e,@monkchapin
UC1vr9aaMI2crB0NvwFHUeoQ,UCljDbleJul41G1TzOjOZAVA,1,@JoseSimilox-p6e,@hectorcarranza3777
UC1vr9aaMI2crB0NvwFHUeoQ,UCmjppp6ujz3SAnULvP3sZMw,1,@JoseSimilox-p6e,@marcomendez7509
UC1vr9aaMI2crB0NvwFHUeoQ,UCmvOgzmmXbjUthHy-WJ52hQ,1,@JoseSimilox-p6e,@mariorodas593
UC1vr9aaMI2crB0NvwFHUeoQ,UCp4iw5_5SmV9VGTFSNVGOmQ,1,@JoseSimilox-p6e,@CARLOSSTREMS51
UC1vr9aaMI2crB0NvwFHUeoQ,UCpIdtvoFHVLGASGB5ySqIEA,1,@JoseSimilox-p6e,@VidalVillatoro-p4w
UC1vr9aaMI2crB0NvwFHUeoQ,UCpl8rF8uv_8uui-QRvuJaRA,1,@JoseSimilox-p6e,@SergioGarcia-z9c
UC1vr9aaMI2crB0NvwFHUeoQ,UCplrIQtaPj6au60_f2-mOYw,1,@JoseSimilox-p6e,@romeolopezherrarte799
UC1vr9aaMI2crB0NvwFHUeoQ,UCpsKOkt5iWTbenzeuq7dsmQ,1,@JoseSimilox-p6e,@inge_vergueta
UC1vr9aaMI2crB0NvwFHUeoQ,UCr1emrogPKkKTs_WTtx71xg,1,@JoseSimilox-p6e,@domingopeneleu6457
UC1vr9aaMI2crB0NvwFHUeoQ,UCrJn_rbo_ENAdeqneS-RmRw,1,@JoseSimilox-p6e,@josecarrera9623
UC1vr9aaMI2crB0NvwFHUeoQ,UCsJJAvrVGupdmhOqgtDp8dg,1,@JoseSimilox-p6e,@nestorlorenzana1168
UC1vr9aaMI2crB0NvwFHUeoQ,UCsSXdJct-nsS8DsABoEsaYA,1,@JoseSimilox-p6e,@IvánPérez-j4j
UC1vr9aaMI2crB0NvwFHUeoQ,UCsUCN0Yq_UyTvKjOJLmNrnQ,1,@JoseSimilox-p6e,@moisesvaldez4043
UC1vr9aaMI2crB0NvwFHUeoQ,UCsjs5Hp_r86x1xbK6FAeqaA,1,@JoseSimilox-p6e,@alvaroesquivel563
UC1vr9aaMI2crB0NvwFHUeoQ,UCtNfIBnc5S5DbbQj_yxgJTw,1,@JoseSimilox-p6e,@JosueRamirez-ey3ih
UC1vr9aaMI2crB0NvwFHUeoQ,UCtUR3_CAiE7fCoZHM6cMfyQ,1,@JoseSimilox-p6e,@mdelcid01
UC1vr9aaMI2crB0NvwFHUeoQ,UCueV9cTyTDwgQSec1x2dYgA,1,@JoseSimilox-p6e,@fredydomingo7062
UC1vr9aaMI2crB0NvwFHUeoQ,UCujPF2nBgsTD62nWE3lcpIg,1,@JoseSimilox-p6e,@victorarturoruanobautista7588
UC1vr9aaMI2crB0NvwFHUeoQ,UCut6b9S98nv84cVX89PmKzA,1,@JoseSimilox-p6e,@yeniferaguirre4498
UC1vr9aaMI2crB0NvwFHUeoQ,UCvApqeCbLod-wejtT4CcVuA,1,@JoseSimilox-p6e,@davidgaher9550
UC1vr9aaMI2crB0NvwFHUeoQ,UCwO2SXr0ggzwg6QWWrr01nQ,1,@JoseSimilox-p6e,@ricardofigueroa5720
UC1vr9aaMI2crB0NvwFHUeoQ,UCwW2OFy95P7ZBkOPxWkpvYg,1,@JoseSimilox-p6e,@TeresaLucero-b5o
UC1vr9aaMI2crB0NvwFHUeoQ,UCwha8rxULYMVtNwZWeSkE1A,1,@JoseSimilox-p6e,@mariasamo8637
UC1vr9aaMI2crB0NvwFHUeoQ,UCxff05WuyvwELNITi7bj7UA,1,@JoseSimilox-p6e,@markoherrera
UC1vr9aaMI2crB0NvwFHUeoQ,UCySYJU5kUh7X8gVt9la2ISA,1,@JoseSimilox-p6e,@dantesarti4351
UC1vr9aaMI2crB0NvwFHUeoQ,UCylqlpsh8ENNM1LqgQ1KbxA,1,@JoseSimilox-p6e,@Jel.Awesh.M
UC1vr9aaMI2crB0NvwFHUeoQ,UCz3gu01bmjNv0DpRq-K3XYg,1,@JoseSimilox-p6e,@eusebiovasquez4385
UC1vr9aaMI2crB0NvwFHUeoQ,UCzSfZlOVxBSs5ObD25ywxDQ,1,@JoseSimilox-p6e,@GilmarMaldonado-q9m
UC1vr9aaMI2crB0NvwFHUeoQ,UCzoL2l5H5eVlorWGH8AZfAg,1,@JoseSimilox-p6e,@jor77cas
UC2Y_EHWQKevubk4vOEBBFxw,UC2weSE8rpqkGMOp6StYtVfg,1,@alfonsomorales2653,@katerynsantiago2907
UC2Y_EHWQKevubk4vOEBBFxw,UC3E9mAgP7VoAE5mZoAexl5g,1,@alfonsomorales2653,@EnnioAroche
UC2Y_EHWQKevubk4vOEBBFxw,UC3MYTqpQqlWBuCB7Th0e0PA,1,@alfonsomorales2653,@isaaclopez7220
UC2Y_EHWQKevubk4vOEBBFxw,UC3NMzdMYryaw82kPTnsaljg,1,@alfonsomorales2653,@marisosa7832
UC2Y_EHWQKevubk4vOEBBFxw,UC3XTwHxygNCgjndsg-UiCQA,1,@alfonsomorales2653,@marioajset4283
UC2Y_EHWQKevubk4vOEBBFxw,UC3qn1yJA5PeW9rkGPatQxiw,1,@alfonsomorales2653,@VICTOREST19
UC2Y_EHWQKevubk4vOEBBFxw,UC4cXueR2bKGFJV0Fk76gwmA,1,@alfonsomorales2653,@aluxdel4792
UC2Y_EHWQKevubk4vOEBBFxw,UC4wq3DcbfaG6dtCqn8Oyu3w,1,@alfonsomorales2653,@hugoasencio7764
UC2Y_EHWQKevubk4vOEBBFxw,UC5H8ASmMC9WrURmzeB4ySog,1,@alfonsomorales2653,@ManuelEdran
UC2Y_EHWQKevubk4vOEBBFxw,UC5bG9nc_JV3FsNP2KseQiYw,1,@alfonsomorales2653,@giovannirodas4836
UC2Y_EHWQKevubk4vOEBBFxw,UC650pRT-OYzny3GwOH8Cgfw,1,@alfonsomorales2653,@edvinparedesherrera7632
UC2Y_EHWQKevubk4vOEBBFxw,UC6PvO1_k5lHKGdAPo5_C6TA,1,@alfonsomorales2653,@johnmejia992
UC2Y_EHWQKevubk4vOEBBFxw,UC6YSZqL0vEcI-niPKIMUGfw,1,@alfonsomorales2653,@maxwellsales885
UC2Y_EHWQKevubk4vOEBBFxw,UC72gBAtyb_VXQlYDcFrh6oQ,1,@alfonsomorales2653,@osmanmorales3012
UC2Y_EHWQKevubk4vOEBBFxw,UC7VUuJr9cGh845CmTvf7TlQ,1,@alfonsomorales2653,@LuisCastillo-oz4df
UC2Y_EHWQKevubk4vOEBBFxw,UC8F2V63KZ4ZEay6opX2hAQw,1,@alfonsomorales2653,@carmenr6311
UC2Y_EHWQKevubk4vOEBBFxw,UC8G5cJONY8L9voMyBW8Eoug,1,@alfonsomorales2653,@luisparedes-pw6qt
UC2Y_EHWQKevubk4vOEBBFxw,UC8r11yOugM2NuRfitQOxLLg,1,@alfonsomorales2653,@cesaraugustomoralesmonroy6907
UC2Y_EHWQKevubk4vOEBBFxw,UC9vMq1YF-e7C-VO0SHkbUTA,1,@alfonsomorales2653,@ErvinLeonardoCarreraLatín
UC2Y_EHWQKevubk4vOEBBFxw,UC9xr9QvIcDvoZNUX5f-jaZw,1,@alfonsomorales2653,@MariaaliciaColonmorales
UC2Y_EHWQKevubk4vOEBBFxw,UCA93ym2TXs_Ibyxb4Vcn-6Q,1,@alfonsomorales2653,@oswaldosolis8728
UC2Y_EHWQKevubk4vOEBBFxw,UCAlzM_N6xBlMYmM8EBzX86Q,1,@alfonsomorales2653,@carlossoto3252
UC2Y_EHWQKevubk4vOEBBFxw,UCAmtbUiIrUIhikru0ZoTFig,1,@alfonsomorales2653,@Aura-vf6dm
UC2Y_EHWQKevubk4vOEBBFxw,UCB5p8a5gklc80jJItP6xTHg,1,@alfonsomorales2653,@ernestogamboa8737
UC2Y_EHWQKevubk4vOEBBFxw,UCCaYwkkbQGcvFoUmothVdQQ,1,@alfonsomorales2653,@OsvaldoAguirre-l3i
UC2Y_EHWQKevubk4vOEBBFxw,UCDIMztpVm7G27qBuiWuT6oQ,1,@alfonsomorales2653,@lizardomorataya8274
UC2Y_EHWQKevubk4vOEBBFxw,UCDPWkUX3sNNaCx-m1dV4glA,1,@alfonsomorales2653,@hectoroliva949
UC2Y_EHWQKevubk4vOEBBFxw,UCDQaQv0hr2SS_PO-CMEwVHg,1,@alfonsomorales2653,@federicosaquimux1933
UC2Y_EHWQKevubk4vOEBBFxw,UCDUffaruH6dyUnUGwsTKpgg,1,@alfonsomorales2653,@luisletona2842
UC2Y_EHWQKevubk4vOEBBFxw,UCDftMWXQoJ6nONfY7GVOVjg,1,@alfonsomorales2653,@luisgpacheco5858
UC2Y_EHWQKevubk4vOEBBFxw,UCDlr1VadSucIZgZ171pRBjQ,1,@alfonsomorales2653,@cuabatzjj5924
UC2Y_EHWQKevubk4vOEBBFxw,UCEgEQmRbtL5fwr9_DqAC--g,1,@alfonsomorales2653,@ArielRodas-g5y
UC2Y_EHWQKevubk4vOEBBFxw,UCErZPJpHmLCsXs8ZWkAUupQ,1,@alfonsomorales2653,@dorisl.garciaroche7763
UC2Y_EHWQKevubk4vOEBBFxw,UCFUuDARXdmmIrLppEqf-rFg,1,@alfonsomorales2653,@allanmunoz7410
UC2Y_EHWQKevubk4vOEBBFxw,UCFhxtoeARHPnXXPcDrOU3Xg,1,@alfonsomorales2653,@diegoalejandrolopezmendez205
UC2Y_EHWQKevubk4vOEBBFxw,UCFjudnPLoaSL1BaRuLahyHg,1,@alfonsomorales2653,@HaroldoCastillo-rh9iw
UC2Y_EHWQKevubk4vOEBBFxw,UCFoIAE8k82D6AV-8gjjKaNg,1,@alfonsomorales2653,@eddymunoz9789
UC2Y_EHWQKevubk4vOEBBFxw,UCFxE8GbokBrBsPEKM1xrOjQ,1,@alfonsomorales2653,@JuanDavila-qd7qj
UC2Y_EHWQKevubk4vOEBBFxw,UCGzXwyCzMzGmjmCbH3Hg01Q,1,@alfonsomorales2653,@FidelZacarias-ph7dy
UC2Y_EHWQKevubk4vOEBBFxw,UCHTGCgY2l-DQJIvlA_cpa_Q,1,@alfonsomorales2653,@virgiliogarcia3039
UC2Y_EHWQKevubk4vOEBBFxw,UCHhHUjaMAZ8SiXdCUCj9DkQ,1,@alfonsomorales2653,@fredymendez1786
UC2Y_EHWQKevubk4vOEBBFxw,UCKDR0f2fu2UzWL8mBv5-BHw,1,@alfonsomorales2653,@mireyamorales6595
UC2Y_EHWQKevubk4vOEBBFxw,UCL13XhnRzbGokEkCkEOb0-g,1,@alfonsomorales2653,@raquelprado3643
UC2Y_EHWQKevubk4vOEBBFxw,UCL1MT278vSaQ83ZDkVWn1gw,1,@alfonsomorales2653,@elmorodriguez6978
UC2Y_EHWQKevubk4vOEBBFxw,UCLFdHr9BEbXHkoJopbEPLZw,1,@alfonsomorales2653,@kanterra4584
UC2Y_EHWQKevubk4vOEBBFxw,UCLggDc_a5HriXv7I1h02sOA,1,@alfonsomorales2653,@guillermogonzalez5153
UC2Y_EHWQKevubk4vOEBBFxw,UCN6qbfPSzFtjhqUDZ3Cv3CQ,1,@alfonsomorales2653,@carlosmedranovelasquez6380
UC2Y_EHWQKevubk4vOEBBFxw,UCNBnKqWf4d-rS4HwJRQljmQ,1,@alfonsomorales2653,@LE_A22
UC2Y_EHWQKevubk4vOEBBFxw,UCNkcuy42zEwddwEcOd_HpnA,1,@alfonsomorales2653,@vanigomez492
UC2Y_EHWQKevubk4vOEBBFxw,UCOLGv5Pf6BF2wFcwUzgcvHg,1,@alfonsomorales2653,@welfrealdana5559
UC2Y_EHWQKevubk4vOEBBFxw,UCOS8ViEkccrTZx2w2ccxotA,1,@alfonsomorales2653,@OscarHernandez-q8y
UC2Y_EHWQKevubk4vOEBBFxw,UCOh6DaZC_x9HASnlRylEMfw,1,@alfonsomorales2653,@AndresMedina-v1s
UC2Y_EHWQKevubk4vOEBBFxw,UCQ_-LPP8JAbfkc-b1Q6NvWw,1,@alfonsomorales2653,@MegaKristenstewart
UC2Y_EHWQKevubk4vOEBBFxw,UCQgYjVngJRfPHDLGB5X6ZjA,1,@alfonsomorales2653,@oscarnavas9996
UC2Y_EHWQKevubk4vOEBBFxw,UCQqetiwzzmRNTM5OWuXarGQ,1,@alfonsomorales2653,@isaiaslopezvelasquez1539
UC2Y_EHWQKevubk4vOEBBFxw,UCQtICyzWmhC5woCtbNgaSmg,1,@alfonsomorales2653,@nestormendez6216
UC2Y_EHWQKevubk4vOEBBFxw,UCQtSFINs1h6GHkpg9o5kMvg,1,@alfonsomorales2653,@MacarioMartinezruiz
UC2Y_EHWQKevubk4vOEBBFxw,UCRETAiYdh2dL5ZxB0_N1zDA,1,@alfonsomorales2653,@Joseroland21
UC2Y_EHWQKevubk4vOEBBFxw,UCRelkU8JiZBytTzebJxaa-w,1,@alfonsomorales2653,@danyraymundo2942
UC2Y_EHWQKevubk4vOEBBFxw,UCRlCV9zSn7avAWh-9_XFWqQ,1,@alfonsomorales2653,@ronyarana8849
UC2Y_EHWQKevubk4vOEBBFxw,UCSou6a2OuYGSvPjm5psquyA,1,@alfonsomorales2653,@FranciscoRivera-sf7ne
UC2Y_EHWQKevubk4vOEBBFxw,UCTD6q1nyIe3Y7HhqjaMj72w,1,@alfonsomorales2653,@JuanChang-r6k
UC2Y_EHWQKevubk4vOEBBFxw,UCTP3O0rMnc8z8v8jaDQwL0w,1,@alfonsomorales2653,@RobertoZelaya-x1v
UC2Y_EHWQKevubk4vOEBBFxw,UCThW2XNsAaBKme5PUt7n-Zg,1,@alfonsomorales2653,@thelmamoran8565
UC2Y_EHWQKevubk4vOEBBFxw,UCTwSut16JyAg3mX6LVUNGqA,1,@alfonsomorales2653,@SuperVictor2005
UC2Y_EHWQKevubk4vOEBBFxw,UCTylKrsqkrBKIqubMu_5N0Q,1,@alfonsomorales2653,@edwingeovanymarroquinmarro6684
UC2Y_EHWQKevubk4vOEBBFxw,UCUIIIPTVDVHAXqhC_5V6lPA,1,@alfonsomorales2653,@gorrarota
UC2Y_EHWQKevubk4vOEBBFxw,UCV0iizTBoOfdAFX_thfI9BA,1,@alfonsomorales2653,@BenjaminLarios-jd8nk
UC2Y_EHWQKevubk4vOEBBFxw,UCWIZUtKJ636y-4TYrNvok0g,1,@alfonsomorales2653,@cesarandreas7824
UC2Y_EHWQKevubk4vOEBBFxw,UCXSkL3ejZ8qWYyF_M7s_QKA,1,@alfonsomorales2653,@JacintaTzoy
UC2Y_EHWQKevubk4vOEBBFxw,UCXXh7yg5KUFIWylTiKVEFKQ,1,@alfonsomorales2653,@MrDuenderojo
UC2Y_EHWQKevubk4vOEBBFxw,UCXgr7vXlRrsaskPdo097kGA,1,@alfonsomorales2653,@Rogergh-nw4oj
UC2Y_EHWQKevubk4vOEBBFxw,UCXr8_5WtGeipe4haOoQDgyQ,1,@alfonsomorales2653,@amyherrera7352
UC2Y_EHWQKevubk4vOEBBFxw,UCYN4wSQ1Sx4_LurxLlW7MPg,1,@alfonsomorales2653,@belarminavillatoro6474
UC2Y_EHWQKevubk4vOEBBFxw,UCYwpX26TrCxq8TvbKGRYLXA,1,@alfonsomorales2653,@beneficioelcaminovillacana8540
UC2Y_EHWQKevubk4vOEBBFxw,UCZ51R_9Q9C0c8I3pAWhtmjQ,1,@alfonsomorales2653,@belvettzapeta1251
UC2Y_EHWQKevubk4vOEBBFxw,UCZLG9qH0tUjNhEGFIUt0CYw,1,@alfonsomorales2653,@SoniaMarroquin-y6e
UC2Y_EHWQKevubk4vOEBBFxw,UCcfdg8crmMJwEuLUsAhV7yg,1,@alfonsomorales2653,@RolandoRaguay
UC2Y_EHWQKevubk4vOEBBFxw,UCfM3nrxtTQMY5jFx1v1J4Gg,1,@alfonsomorales2653,@edgarroldan5539
UC2Y_EHWQKevubk4vOEBBFxw,UCgvw7xIdGFupzpt1Y_BFkEA,1,@alfonsomorales2653,@fredygarcia9151
UC2Y_EHWQKevubk4vOEBBFxw,UCh5ESQvtzyHDhCA7XyekCFA,1,@alfonsomorales2653,@andyB5280
UC2Y_EHWQKevubk4vOEBBFxw,UChZknRmJkeGeQk0-mQuhDOg,1,@alfonsomorales2653,@OdilioRodríguez-c5w
UC2Y_EHWQKevubk4vOEBBFxw,UChep9kVb5gQmpodEEl10Xlg,1,@alfonsomorales2653,@carlosaguilar-kz7ml
UC2Y_EHWQKevubk4vOEBBFxw,UChgkn5Jt5tWKYMoEOuCjz3Q,1,@alfonsomorales2653,@pablochitay46
UC2Y_EHWQKevubk4vOEBBFxw,UChs3tU2BcKOT0CezykvAsGw,1,@alfonsomorales2653,@byronpontaza
UC2Y_EHWQKevubk4vOEBBFxw,UCi1b_TRQfgO1Z9O2gNGGWNA,1,@alfonsomorales2653,@davidisraelesquitsaquil
UC2Y_EHWQKevubk4vOEBBFxw,UCiGRBf2RNF0WRKhRVT7zFoA,1,@alfonsomorales2653,@edwinavila4876
UC2Y_EHWQKevubk4vOEBBFxw,UCiMythXHsw7eQEMykCdmMUA,1,@alfonsomorales2653,@JavierBecerra-h6x
UC2Y_EHWQKevubk4vOEBBFxw,UCipetjeiWj4CZB6EbyYziZg,1,@alfonsomorales2653,@OseasSamayoa-ol5rz
UC2Y_EHWQKevubk4vOEBBFxw,UCj-LL25XJnjxepPKCc3NGog,1,@alfonsomorales2653,@anaaguirre8985
UC2Y_EHWQKevubk4vOEBBFxw,UCjSKM9j0Q7HLDr1hD6D-TUw,1,@alfonsomorales2653,@josehidalgo4875
UC2Y_EHWQKevubk4vOEBBFxw,UCjmPuazZJzscrwvk0QR9RVw,1,@alfonsomorales2653,@mynorrodas8591
UC2Y_EHWQKevubk4vOEBBFxw,UCkd9W714-947dEE6ZOEBATA,1,@alfonsomorales2653,@ARGELIATELON
UC2Y_EHWQKevubk4vOEBBFxw,UCl0ekS9Tt0jJGtOEM18S63w,1,@alfonsomorales2653,@monkchapin
UC2Y_EHWQKevubk4vOEBBFxw,UCljDbleJul41G1TzOjOZAVA,1,@alfonsomorales2653,@hectorcarranza3777
UC2Y_EHWQKevubk4vOEBBFxw,UCmjppp6ujz3SAnULvP3sZMw,1,@alfonsomorales2653,@marcomendez7509
UC2Y_EHWQKevubk4vOEBBFxw,UCmvOgzmmXbjUthHy-WJ52hQ,1,@alfonsomorales2653,@mariorodas593
UC2Y_EHWQKevubk4vOEBBFxw,UCp4iw5_5SmV9VGTFSNVGOmQ,1,@alfonsomorales2653,@CARLOSSTREMS51
UC2Y_EHWQKevubk4vOEBBFxw,UCpIdtvoFHVLGASGB5ySqIEA,1,@alfonsomorales2653,@VidalVillatoro-p4w
UC2Y_EHWQKevubk4vOEBBFxw,UCpl8rF8uv_8uui-QRvuJaRA,1,@alfonsomorales2653,@SergioGarcia-z9c
UC2Y_EHWQKevubk4vOEBBFxw,UCplrIQtaPj6au60_f2-mOYw,1,@alfonsomorales2653,@romeolopezherrarte799
UC2Y_EHWQKevubk4vOEBBFxw,UCpsKOkt5iWTbenzeuq7dsmQ,1,@alfonsomorales2653,@inge_vergueta
UC2Y_EHWQKevubk4vOEBBFxw,UCr1emrogPKkKTs_WTtx71xg,1,@alfonsomorales2653,@domingopeneleu6457
UC2Y_EHWQKevubk4vOEBBFxw,UCrJn_rbo_ENAdeqneS-RmRw,1,@alfonsomorales2653,@josecarrera9623
UC2Y_EHWQKevubk4vOEBBFxw,UCsJJAvrVGupdmhOqgtDp8dg,1,@alfonsomorales2653,@nestorlorenzana1168
UC2Y_EHWQKevubk4vOEBBFxw,UCsSXdJct-nsS8DsABoEsaYA,1,@alfonsomorales2653,@IvánPérez-j4j
UC2Y_EHWQKevubk4vOEBBFxw,UCsUCN0Yq_UyTvKjOJLmNrnQ,1,@alfonsomorales2653,@moisesvaldez4043
UC2Y_EHWQKevubk4vOEBBFxw,UCsjs5Hp_r86x1xbK6FAeqaA,1,@alfonsomorales2653,@alvaroesquivel563
UC2Y_EHWQKevubk4vOEBBFxw,UCtNfIBnc5S5DbbQj_yxgJTw,1,@alfonsomorales2653,@JosueRamirez-ey3ih
UC2Y_EHWQKevubk4vOEBBFxw,UCtUR3_CAiE7fCoZHM6cMfyQ,1,@alfonsomorales2653,@mdelcid01
UC2Y_EHWQKevubk4vOEBBFxw,UCueV9cTyTDwgQSec1x2dYgA,1,@alfonsomorales2653,@fredydomingo7062
UC2Y_EHWQKevubk4vOEBBFxw,UCujPF2nBgsTD62nWE3lcpIg,1,@alfonsomorales2653,@victorarturoruanobautista7588
UC2Y_EHWQKevubk4vOEBBFxw,UCut6b9S98nv84cVX89PmKzA,1,@alfonsomorales2653,@yeniferaguirre4498
UC2Y_EHWQKevubk4vOEBBFxw,UCvApqeCbLod-wejtT4CcVuA,1,@alfonsomorales2653,@davidgaher9550
UC2Y_EHWQKevubk4vOEBBFxw,UCwO2SXr0ggzwg6QWWrr01nQ,1,@alfonsomorales2653,@ricardofigueroa5720
UC2Y_EHWQKevubk4vOEBBFxw,UCwW2OFy95P7ZBkOPxWkpvYg,1,@alfonsomorales2653,@TeresaLucero-b5o
UC2Y_EHWQKevubk4vOEBBFxw,UCwha8rxULYMVtNwZWeSkE1A,1,@alfonsomorales2653,@mariasamo8637
UC2Y_EHWQKevubk4vOEBBFxw,UCxff05WuyvwELNITi7bj7UA,1,@alfonsomorales2653,@markoherrera
UC2Y_EHWQKevubk4vOEBBFxw,UCySYJU5kUh7X8gVt9la2ISA,1,@alfonsomorales2653,@dantesarti4351
UC2Y_EHWQKevubk4vOEBBFxw,UCylqlpsh8ENNM1LqgQ1KbxA,1,@alfonsomorales2653,@Jel.Awesh.M
UC2Y_EHWQKevubk4vOEBBFxw,UCz3gu01bmjNv0DpRq-K3XYg,1,@alfonsomorales2653,@eusebiovasquez4385
UC2Y_EHWQKevubk4vOEBBFxw,UCzSfZlOVxBSs5ObD25ywxDQ,1,@alfonsomorales2653,@GilmarMaldonado-q9m
UC2Y_EHWQKevubk4vOEBBFxw,UCzoL2l5H5eVlorWGH8AZfAg,1,@alfonsomorales2653,@jor77cas
UC2ngpd8UBQu4gcUYy0goAtg,UCAxvOOHQk7dYPOajzFEVtbA,1,@juliohernandez7438,@ruddydepaz322
UC2ngpd8UBQu4gcUYy0goAtg,UCIXLDYqR_syskKRJy_x9W9Q,1,@juliohernandez7438,@carlitosramirez4739
UC2ngpd8UBQu4gcUYy0goAtg,UCLXYp1Cvc5DLtq5UQL5D9vw,1,@juliohernandez7438,@jorgecifuentes-m5g
UC2ngpd8UBQu4gcUYy0goAtg,UCO0zwwLWGyDgQmWPJ5Qrr1w,1,@juliohernandez7438,@elsalvador3605
UC2ngpd8UBQu4gcUYy0goAtg,UCXN2s7DwTJm33xO-pNkAdaA,1,@juliohernandez7438,@edithsan7688
UC2ngpd8UBQu4gcUYy0goAtg,UC_3xuTXvMIWU5MYP9HkJ3vQ,1,@juliohernandez7438,@Historia-wm4os
UC2ngpd8UBQu4gcUYy0goAtg,UCfXykdbSU97rj987LDUGfvg,1,@juliohernandez7438,@MariaSantos-c8y3h
UC2ngpd8UBQu4gcUYy0goAtg,UCfjhejO7LZy4doXURa7LZCQ,1,@juliohernandez7438,@HonwayLee-z5g
UC2ngpd8UBQu4gcUYy0goAtg,UCjZgFEowMBrsjodqfovzdKw,1,@juliohernandez7438,@franciscoflores3120
UC2ngpd8UBQu4gcUYy0goAtg,UCq3mDTTRZnUybct5M9OSXbg,1,@juliohernandez7438,@MacoMorales-i2i2d
UC2ngpd8UBQu4gcUYy0goAtg,UCvl1tzQeBeGy6efPTRJXSCw,1,@juliohernandez7438,@RaulPerez-cw2vi
UC2ngpd8UBQu4gcUYy0goAtg,UCwCfs-2zbD5k0lG-UVg_JBw,1,@juliohernandez7438,@JessicaHuaz-96
UC2weSE8rpqkGMOp6StYtVfg,UC3E9mAgP7VoAE5mZoAexl5g,1,@katerynsantiago2907,@EnnioAroche
UC2weSE8rpqkGMOp6StYtVfg,UC3MYTqpQqlWBuCB7Th0e0PA,1,@katerynsantiago2907,@isaaclopez7220
UC2weSE8rpqkGMOp6StYtVfg,UC3NMzdMYryaw82kPTnsaljg,1,@katerynsantiago2907,@marisosa7832
UC2weSE8rpqkGMOp6StYtVfg,UC3XTwHxygNCgjndsg-UiCQA,1,@katerynsantiago2907,@marioajset4283
UC2weSE8rpqkGMOp6StYtVfg,UC3qn1yJA5PeW9rkGPatQxiw,1,@katerynsantiago2907,@VICTOREST19
UC2weSE8rpqkGMOp6StYtVfg,UC4cXueR2bKGFJV0Fk76gwmA,1,@katerynsantiago2907,@aluxdel4792
UC2weSE8rpqkGMOp6StYtVfg,UC4wq3DcbfaG6dtCqn8Oyu3w,1,@katerynsantiago2907,@hugoasencio7764
UC2weSE8rpqkGMOp6StYtVfg,UC5H8ASmMC9WrURmzeB4ySog,1,@katerynsantiago2907,@ManuelEdran
UC2weSE8rpqkGMOp6StYtVfg,UC5bG9nc_JV3FsNP2KseQiYw,1,@katerynsantiago2907,@giovannirodas4836
UC2weSE8rpqkGMOp6StYtVfg,UC650pRT-OYzny3GwOH8Cgfw,1,@katerynsantiago2907,@edvinparedesherrera7632
UC2weSE8rpqkGMOp6StYtVfg,UC6PvO1_k5lHKGdAPo5_C6TA,1,@katerynsantiago2907,@johnmejia992
UC2weSE8rpqkGMOp6StYtVfg,UC6YSZqL0vEcI-niPKIMUGfw,1,@katerynsantiago2907,@maxwellsales885
UC2weSE8rpqkGMOp6StYtVfg,UC72gBAtyb_VXQlYDcFrh6oQ,1,@katerynsantiago2907,@osmanmorales3012
UC2weSE8rpqkGMOp6StYtVfg,UC7VUuJr9cGh845CmTvf7TlQ,1,@katerynsantiago2907,@LuisCastillo-oz4df
UC2weSE8rpqkGMOp6StYtVfg,UC8F2V63KZ4ZEay6opX2hAQw,1,@katerynsantiago2907,@carmenr6311
UC2weSE8rpqkGMOp6StYtVfg,UC8G5cJONY8L9voMyBW8Eoug,1,@katerynsantiago2907,@luisparedes-pw6qt
UC2weSE8rpqkGMOp6StYtVfg,UC8r11yOugM2NuRfitQOxLLg,1,@katerynsantiago2907,@cesaraugustomoralesmonroy6907
UC2weSE8rpqkGMOp6StYtVfg,UC9vMq1YF-e7C-VO0SHkbUTA,1,@katerynsantiago2907,@ErvinLeonardoCarreraLatín
UC2weSE8rpqkGMOp6StYtVfg,UC9xr9QvIcDvoZNUX5f-jaZw,1,@katerynsantiago2907,@MariaaliciaColonmorales
UC2weSE8rpqkGMOp6StYtVfg,UCA93ym2TXs_Ibyxb4Vcn-6Q,1,@katerynsantiago2907,@oswaldosolis8728
UC2weSE8rpqkGMOp6StYtVfg,UCAlzM_N6xBlMYmM8EBzX86Q,1,@katerynsantiago2907,@carlossoto3252
UC2weSE8rpqkGMOp6StYtVfg,UCAmtbUiIrUIhikru0ZoTFig,1,@katerynsantiago2907,@Aura-vf6dm
UC2weSE8rpqkGMOp6StYtVfg,UCB5p8a5gklc80jJItP6xTHg,1,@katerynsantiago2907,@ernestogamboa8737
UC2weSE8rpqkGMOp6StYtVfg,UCCaYwkkbQGcvFoUmothVdQQ,1,@katerynsantiago2907,@OsvaldoAguirre-l3i
UC2weSE8rpqkGMOp6StYtVfg,UCDIMztpVm7G27qBuiWuT6oQ,1,@katerynsantiago2907,@lizardomorataya8274
UC2weSE8rpqkGMOp6StYtVfg,UCDPWkUX3sNNaCx-m1dV4glA,1,@katerynsantiago2907,@hectoroliva949
UC2weSE8rpqkGMOp6StYtVfg,UCDQaQv0hr2SS_PO-CMEwVHg,1,@katerynsantiago2907,@federicosaquimux1933
UC2weSE8rpqkGMOp6StYtVfg,UCDUffaruH6dyUnUGwsTKpgg,1,@katerynsantiago2907,@luisletona2842
UC2weSE8rpqkGMOp6StYtVfg,UCDftMWXQoJ6nONfY7GVOVjg,1,@katerynsantiago2907,@luisgpacheco5858
UC2weSE8rpqkGMOp6StYtVfg,UCDlr1VadSucIZgZ171pRBjQ,1,@katerynsantiago2907,@cuabatzjj5924
UC2weSE8rpqkGMOp6StYtVfg,UCEgEQmRbtL5fwr9_DqAC--g,1,@katerynsantiago2907,@ArielRodas-g5y
UC2weSE8rpqkGMOp6StYtVfg,UCErZPJpHmLCsXs8ZWkAUupQ,1,@katerynsantiago2907,@dorisl.garciaroche7763
UC2weSE8rpqkGMOp6StYtVfg,UCFUuDARXdmmIrLppEqf-rFg,1,@katerynsantiago2907,@allanmunoz7410
UC2weSE8rpqkGMOp6StYtVfg,UCFhxtoeARHPnXXPcDrOU3Xg,1,@katerynsantiago2907,@diegoalejandrolopezmendez205
UC2weSE8rpqkGMOp6StYtVfg,UCFjudnPLoaSL1BaRuLahyHg,1,@katerynsantiago2907,@HaroldoCastillo-rh9iw
UC2weSE8rpqkGMOp6StYtVfg,UCFoIAE8k82D6AV-8gjjKaNg,1,@katerynsantiago2907,@eddymunoz9789
UC2weSE8rpqkGMOp6StYtVfg,UCFxE8GbokBrBsPEKM1xrOjQ,1,@katerynsantiago2907,@JuanDavila-qd7qj
UC2weSE8rpqkGMOp6StYtVfg,UCGzXwyCzMzGmjmCbH3Hg01Q,1,@katerynsantiago2907,@FidelZacarias-ph7dy
UC2weSE8rpqkGMOp6StYtVfg,UCHTGCgY2l-DQJIvlA_cpa_Q,1,@katerynsantiago2907,@virgiliogarcia3039
UC2weSE8rpqkGMOp6StYtVfg,UCHhHUjaMAZ8SiXdCUCj9DkQ,1,@katerynsantiago2907,@fredymendez1786
UC2weSE8rpqkGMOp6StYtVfg,UCKDR0f2fu2UzWL8mBv5-BHw,1,@katerynsantiago2907,@mireyamorales6595
UC2weSE8rpqkGMOp6StYtVfg,UCL13XhnRzbGokEkCkEOb0-g,1,@katerynsantiago2907,@raquelprado3643
UC2weSE8rpqkGMOp6StYtVfg,UCL1MT278vSaQ83ZDkVWn1gw,1,@katerynsantiago2907,@elmorodriguez6978
UC2weSE8rpqkGMOp6StYtVfg,UCLFdHr9BEbXHkoJopbEPLZw,1,@katerynsantiago2907,@kanterra4584
UC2weSE8rpqkGMOp6StYtVfg,UCLggDc_a5HriXv7I1h02sOA,1,@katerynsantiago2907,@guillermogonzalez5153
UC2weSE8rpqkGMOp6StYtVfg,UCN6qbfPSzFtjhqUDZ3Cv3CQ,1,@katerynsantiago2907,@carlosmedranovelasquez6380
UC2weSE8rpqkGMOp6StYtVfg,UCNBnKqWf4d-rS4HwJRQljmQ,1,@katerynsantiago2907,@LE_A22
UC2weSE8rpqkGMOp6StYtVfg,UCNkcuy42zEwddwEcOd_HpnA,1,@katerynsantiago2907,@vanigomez492
UC2weSE8rpqkGMOp6StYtVfg,UCOLGv5Pf6BF2wFcwUzgcvHg,1,@katerynsantiago2907,@welfrealdana5559
UC2weSE8rpqkGMOp6StYtVfg,UCOS8ViEkccrTZx2w2ccxotA,1,@katerynsantiago2907,@OscarHernandez-q8y
UC2weSE8rpqkGMOp6StYtVfg,UCOh6DaZC_x9HASnlRylEMfw,1,@katerynsantiago2907,@AndresMedina-v1s
UC2weSE8rpqkGMOp6StYtVfg,UCQ_-LPP8JAbfkc-b1Q6NvWw,1,@katerynsantiago2907,@MegaKristenstewart
UC2weSE8rpqkGMOp6StYtVfg,UCQgYjVngJRfPHDLGB5X6ZjA,1,@katerynsantiago2907,@oscarnavas9996
UC2weSE8rpqkGMOp6StYtVfg,UCQqetiwzzmRNTM5OWuXarGQ,1,@katerynsantiago2907,@isaiaslopezvelasquez1539
UC2weSE8rpqkGMOp6StYtVfg,UCQtICyzWmhC5woCtbNgaSmg,1,@katerynsantiago2907,@nestormendez6216
UC2weSE8rpqkGMOp6StYtVfg,UCQtSFINs1h6GHkpg9o5kMvg,1,@katerynsantiago2907,@MacarioMartinezruiz
UC2weSE8rpqkGMOp6StYtVfg,UCRETAiYdh2dL5ZxB0_N1zDA,1,@katerynsantiago2907,@Joseroland21
UC2weSE8rpqkGMOp6StYtVfg,UCRelkU8JiZBytTzebJxaa-w,1,@katerynsantiago2907,@danyraymundo2942
UC2weSE8rpqkGMOp6StYtVfg,UCRlCV9zSn7avAWh-9_XFWqQ,1,@katerynsantiago2907,@ronyarana8849
UC2weSE8rpqkGMOp6StYtVfg,UCSou6a2OuYGSvPjm5psquyA,1,@katerynsantiago2907,@FranciscoRivera-sf7ne
UC2weSE8rpqkGMOp6StYtVfg,UCTD6q1nyIe3Y7HhqjaMj72w,1,@katerynsantiago2907,@JuanChang-r6k
UC2weSE8rpqkGMOp6StYtVfg,UCTP3O0rMnc8z8v8jaDQwL0w,1,@katerynsantiago2907,@RobertoZelaya-x1v
UC2weSE8rpqkGMOp6StYtVfg,UCThW2XNsAaBKme5PUt7n-Zg,1,@katerynsantiago2907,@thelmamoran8565
UC2weSE8rpqkGMOp6StYtVfg,UCTwSut16JyAg3mX6LVUNGqA,1,@katerynsantiago2907,@SuperVictor2005
UC2weSE8rpqkGMOp6StYtVfg,UCTylKrsqkrBKIqubMu_5N0Q,1,@katerynsantiago2907,@edwingeovanymarroquinmarro6684
UC2weSE8rpqkGMOp6StYtVfg,UCUIIIPTVDVHAXqhC_5V6lPA,1,@katerynsantiago2907,@gorrarota
UC2weSE8rpqkGMOp6StYtVfg,UCV0iizTBoOfdAFX_thfI9BA,1,@katerynsantiago2907,@BenjaminLarios-jd8nk
UC2weSE8rpqkGMOp6StYtVfg,UCWIZUtKJ636y-4TYrNvok0g,1,@katerynsantiago2907,@cesarandreas7824
UC2weSE8rpqkGMOp6StYtVfg,UCXSkL3ejZ8qWYyF_M7s_QKA,1,@katerynsantiago2907,@JacintaTzoy
UC2weSE8rpqkGMOp6StYtVfg,UCXXh7yg5KUFIWylTiKVEFKQ,1,@katerynsantiago2907,@MrDuenderojo
UC2weSE8rpqkGMOp6StYtVfg,UCXgr7vXlRrsaskPdo097kGA,1,@katerynsantiago2907,@Rogergh-nw4oj
UC2weSE8rpqkGMOp6StYtVfg,UCXr8_5WtGeipe4haOoQDgyQ,1,@katerynsantiago2907,@amyherrera7352
UC2weSE8rpqkGMOp6StYtVfg,UCYN4wSQ1Sx4_LurxLlW7MPg,1,@katerynsantiago2907,@belarminavillatoro6474
UC2weSE8rpqkGMOp6StYtVfg,UCYwpX26TrCxq8TvbKGRYLXA,1,@katerynsantiago2907,@beneficioelcaminovillacana8540
UC2weSE8rpqkGMOp6StYtVfg,UCZ51R_9Q9C0c8I3pAWhtmjQ,1,@katerynsantiago2907,@belvettzapeta1251
UC2weSE8rpqkGMOp6StYtVfg,UCZLG9qH0tUjNhEGFIUt0CYw,1,@katerynsantiago2907,@SoniaMarroquin-y6e
UC2weSE8rpqkGMOp6StYtVfg,UCcfdg8crmMJwEuLUsAhV7yg,1,@katerynsantiago2907,@RolandoRaguay
UC2weSE8rpqkGMOp6StYtVfg,UCfM3nrxtTQMY5jFx1v1J4Gg,1,@katerynsantiago2907,@edgarroldan5539
UC2weSE8rpqkGMOp6StYtVfg,UCgvw7xIdGFupzpt1Y_BFkEA,1,@katerynsantiago2907,@fredygarcia9151
UC2weSE8rpqkGMOp6StYtVfg,UCh5ESQvtzyHDhCA7XyekCFA,1,@katerynsantiago2907,@andyB5280
UC2weSE8rpqkGMOp6StYtVfg,UChZknRmJkeGeQk0-mQuhDOg,1,@katerynsantiago2907,@OdilioRodríguez-c5w
UC2weSE8rpqkGMOp6StYtVfg,UChep9kVb5gQmpodEEl10Xlg,1,@katerynsantiago2907,@carlosaguilar-kz7ml
UC2weSE8rpqkGMOp6StYtVfg,UChgkn5Jt5tWKYMoEOuCjz3Q,1,@katerynsantiago2907,@pablochitay46
UC2weSE8rpqkGMOp6StYtVfg,UChs3tU2BcKOT0CezykvAsGw,1,@katerynsantiago2907,@byronpontaza
UC2weSE8rpqkGMOp6StYtVfg,UCi1b_TRQfgO1Z9O2gNGGWNA,1,@katerynsantiago2907,@davidisraelesquitsaquil
UC2weSE8rpqkGMOp6StYtVfg,UCiGRBf2RNF0WRKhRVT7zFoA,1,@katerynsantiago2907,@edwinavila4876
UC2weSE8rpqkGMOp6StYtVfg,UCiMythXHsw7eQEMykCdmMUA,1,@katerynsantiago2907,@JavierBecerra-h6x
UC2weSE8rpqkGMOp6StYtVfg,UCipetjeiWj4CZB6EbyYziZg,1,@katerynsantiago2907,@OseasSamayoa-ol5rz
UC2weSE8rpqkGMOp6StYtVfg,UCj-LL25XJnjxepPKCc3NGog,1,@katerynsantiago2907,@anaaguirre8985
UC2weSE8rpqkGMOp6StYtVfg,UCjSKM9j0Q7HLDr1hD6D-TUw,1,@katerynsantiago2907,@josehidalgo4875
UC2weSE8rpqkGMOp6StYtVfg,UCjmPuazZJzscrwvk0QR9RVw,1,@katerynsantiago2907,@mynorrodas8591
UC2weSE8rpqkGMOp6StYtVfg,UCkd9W714-947dEE6ZOEBATA,1,@katerynsantiago2907,@ARGELIATELON
UC2weSE8rpqkGMOp6StYtVfg,UCl0ekS9Tt0jJGtOEM18S63w,1,@katerynsantiago2907,@monkchapin
UC2weSE8rpqkGMOp6StYtVfg,UCljDbleJul41G1TzOjOZAVA,1,@katerynsantiago2907,@hectorcarranza3777
UC2weSE8rpqkGMOp6StYtVfg,UCmjppp6ujz3SAnULvP3sZMw,1,@katerynsantiago2907,@marcomendez7509
UC2weSE8rpqkGMOp6StYtVfg,UCmvOgzmmXbjUthHy-WJ52hQ,1,@katerynsantiago2907,@mariorodas593
UC2weSE8rpqkGMOp6StYtVfg,UCp4iw5_5SmV9VGTFSNVGOmQ,1,@katerynsantiago2907,@CARLOSSTREMS51
UC2weSE8rpqkGMOp6StYtVfg,UCpIdtvoFHVLGASGB5ySqIEA,1,@katerynsantiago2907,@VidalVillatoro-p4w
UC2weSE8rpqkGMOp6StYtVfg,UCpl8rF8uv_8uui-QRvuJaRA,1,@katerynsantiago2907,@SergioGarcia-z9c
UC2weSE8rpqkGMOp6StYtVfg,UCplrIQtaPj6au60_f2-mOYw,1,@katerynsantiago2907,@romeolopezherrarte799
UC2weSE8rpqkGMOp6StYtVfg,UCpsKOkt5iWTbenzeuq7dsmQ,1,@katerynsantiago2907,@inge_vergueta
UC2weSE8rpqkGMOp6StYtVfg,UCr1emrogPKkKTs_WTtx71xg,1,@katerynsantiago2907,@domingopeneleu6457
UC2weSE8rpqkGMOp6StYtVfg,UCrJn_rbo_ENAdeqneS-RmRw,1,@katerynsantiago2907,@josecarrera9623
UC2weSE8rpqkGMOp6StYtVfg,UCsJJAvrVGupdmhOqgtDp8dg,1,@katerynsantiago2907,@nestorlorenzana1168
UC2weSE8rpqkGMOp6StYtVfg,UCsSXdJct-nsS8DsABoEsaYA,1,@katerynsantiago2907,@IvánPérez-j4j
UC2weSE8rpqkGMOp6StYtVfg,UCsUCN0Yq_UyTvKjOJLmNrnQ,1,@katerynsantiago2907,@moisesvaldez4043
UC2weSE8rpqkGMOp6StYtVfg,UCsjs5Hp_r86x1xbK6FAeqaA,1,@katerynsantiago2907,@alvaroesquivel563
UC2weSE8rpqkGMOp6StYtVfg,UCtNfIBnc5S5DbbQj_yxgJTw,1,@katerynsantiago2907,@JosueRamirez-ey3ih
UC2weSE8rpqkGMOp6StYtVfg,UCtUR3_CAiE7fCoZHM6cMfyQ,1,@katerynsantiago2907,@mdelcid01
UC2weSE8rpqkGMOp6StYtVfg,UCueV9cTyTDwgQSec1x2dYgA,1,@katerynsantiago2907,@fredydomingo7062
UC2weSE8rpqkGMOp6StYtVfg,UCujPF2nBgsTD62nWE3lcpIg,1,@katerynsantiago2907,@victorarturoruanobautista7588
UC2weSE8rpqkGMOp6StYtVfg,UCut6b9S98nv84cVX89PmKzA,1,@katerynsantiago2907,@yeniferaguirre4498
UC2weSE8rpqkGMOp6StYtVfg,UCvApqeCbLod-wejtT4CcVuA,1,@katerynsantiago2907,@davidgaher9550
UC2weSE8rpqkGMOp6StYtVfg,UCwO2SXr0ggzwg6QWWrr01nQ,1,@katerynsantiago2907,@ricardofigueroa5720
UC2weSE8rpqkGMOp6StYtVfg,UCwW2OFy95P7ZBkOPxWkpvYg,1,@katerynsantiago2907,@TeresaLucero-b5o
UC2weSE8rpqkGMOp6StYtVfg,UCwha8rxULYMVtNwZWeSkE1A,1,@katerynsantiago2907,@mariasamo8637
UC2weSE8rpqkGMOp6StYtVfg,UCxff05WuyvwELNITi7bj7UA,1,@katerynsantiago2907,@markoherrera
UC2weSE8rpqkGMOp6StYtVfg,UCySYJU5kUh7X8gVt9la2ISA,1,@katerynsantiago2907,@dantesarti4351
UC2weSE8rpqkGMOp6StYtVfg,UCylqlpsh8ENNM1LqgQ1KbxA,1,@katerynsantiago2907,@Jel.Awesh.M
UC2weSE8rpqkGMOp6StYtVfg,UCz3gu01bmjNv0DpRq-K3XYg,1,@katerynsantiago2907,@eusebiovasquez4385
UC2weSE8rpqkGMOp6StYtVfg,UCzSfZlOVxBSs5ObD25ywxDQ,1,@katerynsantiago2907,@GilmarMaldonado-q9m
UC2weSE8rpqkGMOp6StYtVfg,UCzoL2l5H5eVlorWGH8AZfAg,1,@katerynsantiago2907,@jor77cas
UC32oozucwCF3q8d4m8fyOUg,UC3UVO7pTbeYvZ3ILEyRDskQ,1,@RauldejesusOlivagonzalez,@rosaelenaargueta79
UC32oozucwCF3q8d4m8fyOUg,UC4Avya4kmR4Q0FrfFdBozSQ,1,@RauldejesusOlivagonzalez,@davidlima1348
UC32oozucwCF3q8d4m8fyOUg,UC5hvEnRUzI4Kfvwnyi4QxqQ,1,@RauldejesusOlivagonzalez,@leonelsantizo5281
UC32oozucwCF3q8d4m8fyOUg,UC6Uj1FT5JjDSF8vudvDxPAA,1,@RauldejesusOlivagonzalez,@alfredoortega9264
UC32oozucwCF3q8d4m8fyOUg,UC7dadZG7kkGYnsNu6td0FbA,1,@RauldejesusOlivagonzalez,@lesolorzano
UC32oozucwCF3q8d4m8fyOUg,UC816IGbFCZinfYS1LRDaaHg,1,@RauldejesusOlivagonzalez,@ingenieroar
UC32oozucwCF3q8d4m8fyOUg,UC95PSMouTx2N5CbSq0hIyrQ,1,@RauldejesusOlivagonzalez,@lisss1908
UC32oozucwCF3q8d4m8fyOUg,UCAKuKvcbfnBD3kF5njNu-IA,1,@RauldejesusOlivagonzalez,@melvinlopez7096
UC32oozucwCF3q8d4m8fyOUg,UCCBYcToQ2dwkd6TJh0FSyDg,1,@RauldejesusOlivagonzalez,@lidiarodriguez3493
UC32oozucwCF3q8d4m8fyOUg,UCDrmf9y9nLgFY5wnA2hTuGA,1,@RauldejesusOlivagonzalez,@laboratorio5528
UC32oozucwCF3q8d4m8fyOUg,UCGGHbtfbbe0o68etrOf0qxw,1,@RauldejesusOlivagonzalez,@karensussetteleonvargas9794
UC32oozucwCF3q8d4m8fyOUg,UCHbwIx9pmQuf7i-4_xO2EpA,1,@RauldejesusOlivagonzalez,@caminoseternos752
UC32oozucwCF3q8d4m8fyOUg,UCNpt5CQlTzNjlAKY6CJtClQ,1,@RauldejesusOlivagonzalez,@eustaquiogomez9975
UC32oozucwCF3q8d4m8fyOUg,UCOcUI5XkTYNMSFhZNMIPpGg,1,@RauldejesusOlivagonzalez,@hendersonlopez3864
UC32oozucwCF3q8d4m8fyOUg,UCQqlPPUGqAfWjd-FSh_qn7Q,1,@RauldejesusOlivagonzalez,@estuardoargueta137
UC32oozucwCF3q8d4m8fyOUg,UCQyOePccUP-fIJYzchAgZYw,1,@RauldejesusOlivagonzalez,@aguilar4254
UC32oozucwCF3q8d4m8fyOUg,UCRAquv8el-tQ30bN7MlmySQ,1,@RauldejesusOlivagonzalez,@iamjimalesssa
UC32oozucwCF3q8d4m8fyOUg,UCRvPToDkkumha7WJAfCDk1A,1,@RauldejesusOlivagonzalez,@ligiaguerra3057
UC32oozucwCF3q8d4m8fyOUg,UCUoYsrx1oZnCZ0usbBJn4fA,1,@RauldejesusOlivagonzalez,@AnaDiaz-re9sq
UC32oozucwCF3q8d4m8fyOUg,UCV0lM03g5fg5pbPj97-sAtA,1,@RauldejesusOlivagonzalez,@genarodelgado3929
UC32oozucwCF3q8d4m8fyOUg,UCW-JC6lebVmf2P1dmY_L94g,1,@RauldejesusOlivagonzalez,@dinoraoroxon5771
UC32oozucwCF3q8d4m8fyOUg,UCW80DaMjQlEUibC98Cot-Dg,1,@RauldejesusOlivagonzalez,@rogeraldana4289
UC32oozucwCF3q8d4m8fyOUg,UCWoAVGVqCn4xtINCMOTM4jg,1,@RauldejesusOlivagonzalez,@OmarMartinez-vv8re
UC32oozucwCF3q8d4m8fyOUg,UCZeIIQrGAedW8tCbKWmGY-A,1,@RauldejesusOlivagonzalez,@mariocordon8873
UC32oozucwCF3q8d4m8fyOUg,UC_LYoGs5C3mbZKZuKuqYCvw,1,@RauldejesusOlivagonzalez,@javiercifuentesarchila6041
UC32oozucwCF3q8d4m8fyOUg,UCaKAjTW9MVub_clgr4DRYjQ,1,@RauldejesusOlivagonzalez,@josecastillo4390
UC32oozucwCF3q8d4m8fyOUg,UCdFlugHJJa4l3YqWuNRmvXw,1,@RauldejesusOlivagonzalez,@MarcosCarillo-b1r
UC32oozucwCF3q8d4m8fyOUg,UCe8JZoYkX5oKUZyivHYdXhw,1,@RauldejesusOlivagonzalez,@FernandoGarcia-jg1fj
UC32oozucwCF3q8d4m8fyOUg,UCeDNEtI8_a42bZ47wJiJMwQ,1,@RauldejesusOlivagonzalez,@EdgarcalderonCalderong
UC32oozucwCF3q8d4m8fyOUg,UCgJNFj5dnxXpcMvmuhZDPxA,1,@RauldejesusOlivagonzalez,@NataliaRodriguez-rx5mr
UC32oozucwCF3q8d4m8fyOUg,UCgQw_Sbq3ugruDUKsq1e0-A,1,@RauldejesusOlivagonzalez,@marlenareano-h4t
UC32oozucwCF3q8d4m8fyOUg,UCiC-Jn7wdgyQV4_Urk0DkWQ,1,@RauldejesusOlivagonzalez,@pedroros6358
UC32oozucwCF3q8d4m8fyOUg,UCkVtmkK07b2zaVVNssX4lOg,1,@RauldejesusOlivagonzalez,@HectorElias-u2l
UC32oozucwCF3q8d4m8fyOUg,UCkbsS_3D-pvg1iHOld9uvIg,1,@RauldejesusOlivagonzalez,@gonzalo6075
UC32oozucwCF3q8d4m8fyOUg,UClhMWQ7XKWywYvbRnuf8QsA,1,@RauldejesusOlivagonzalez,@EcPerez-zz9oh
UC32oozucwCF3q8d4m8fyOUg,UClqA491Xa5fQcXcJJa-vTWw,1,@RauldejesusOlivagonzalez,@AndresLemus-k2d
UC32oozucwCF3q8d4m8fyOUg,UColMq7LmaoY3MT6aIDGrGvA,1,@RauldejesusOlivagonzalez,@quijotachapina1
UC32oozucwCF3q8d4m8fyOUg,UCpe5jW3MIqkgTJ-PgkzvM6Q,1,@RauldejesusOlivagonzalez,@carloslam5333
UC32oozucwCF3q8d4m8fyOUg,UCpsKOkt5iWTbenzeuq7dsmQ,1,@RauldejesusOlivagonzalez,@inge_vergueta
UC32oozucwCF3q8d4m8fyOUg,UCqCrvuoJpC-aVb0f4logQRQ,1,@RauldejesusOlivagonzalez,@Lyrics_GT
UC32oozucwCF3q8d4m8fyOUg,UCsGoJEvb-cFPZ2rWoJcXzEQ,1,@RauldejesusOlivagonzalez,@sergiohinestroza9709
UC32oozucwCF3q8d4m8fyOUg,UCu8_3-Wg-YzNyvHYQDEscfw,1,@RauldejesusOlivagonzalez,@RolandoCastroPérez-d7y
UC32oozucwCF3q8d4m8fyOUg,UCuXmOjxC-htcprLgeVXz6Tg,1,@RauldejesusOlivagonzalez,@jorgeaguilar-bq3uj
UC32oozucwCF3q8d4m8fyOUg,UCwgCc9Jd_gG-uLE_SY-FfPg,1,@RauldejesusOlivagonzalez,@armindapenados2841
UC32oozucwCF3q8d4m8fyOUg,UCwjUvRseNtJoItylIyIez7Q,1,@RauldejesusOlivagonzalez,@Silviazea
UC32oozucwCF3q8d4m8fyOUg,UCylqlpsh8ENNM1LqgQ1KbxA,1,@RauldejesusOlivagonzalez,@Jel.Awesh.M
UC3E9mAgP7VoAE5mZoAexl5g,UC3MYTqpQqlWBuCB7Th0e0PA,1,@EnnioAroche,@isaaclopez7220
UC3E9mAgP7VoAE5mZoAexl5g,UC3NMzdMYryaw82kPTnsaljg,1,@EnnioAroche,@marisosa7832
UC3E9mAgP7VoAE5mZoAexl5g,UC3XTwHxygNCgjndsg-UiCQA,1,@EnnioAroche,@marioajset4283
UC3E9mAgP7VoAE5mZoAexl5g,UC3qn1yJA5PeW9rkGPatQxiw,1,@EnnioAroche,@VICTOREST19
UC3E9mAgP7VoAE5mZoAexl5g,UC4cXueR2bKGFJV0Fk76gwmA,1,@EnnioAroche,@aluxdel4792
UC3E9mAgP7VoAE5mZoAexl5g,UC4wq3DcbfaG6dtCqn8Oyu3w,1,@EnnioAroche,@hugoasencio7764
UC3E9mAgP7VoAE5mZoAexl5g,UC5H8ASmMC9WrURmzeB4ySog,1,@EnnioAroche,@ManuelEdran
UC3E9mAgP7VoAE5mZoAexl5g,UC5bG9nc_JV3FsNP2KseQiYw,1,@EnnioAroche,@giovannirodas4836
UC3E9mAgP7VoAE5mZoAexl5g,UC650pRT-OYzny3GwOH8Cgfw,1,@EnnioAroche,@edvinparedesherrera7632
UC3E9mAgP7VoAE5mZoAexl5g,UC6PvO1_k5lHKGdAPo5_C6TA,1,@EnnioAroche,@johnmejia992
UC3E9mAgP7VoAE5mZoAexl5g,UC6YSZqL0vEcI-niPKIMUGfw,1,@EnnioAroche,@maxwellsales885
UC3E9mAgP7VoAE5mZoAexl5g,UC72gBAtyb_VXQlYDcFrh6oQ,1,@EnnioAroche,@osmanmorales3012
UC3E9mAgP7VoAE5mZoAexl5g,UC7VUuJr9cGh845CmTvf7TlQ,1,@EnnioAroche,@LuisCastillo-oz4df
UC3E9mAgP7VoAE5mZoAexl5g,UC8F2V63KZ4ZEay6opX2hAQw,1,@EnnioAroche,@carmenr6311
UC3E9mAgP7VoAE5mZoAexl5g,UC8G5cJONY8L9voMyBW8Eoug,1,@EnnioAroche,@luisparedes-pw6qt
UC3E9mAgP7VoAE5mZoAexl5g,UC8r11yOugM2NuRfitQOxLLg,1,@EnnioAroche,@cesaraugustomoralesmonroy6907
UC3E9mAgP7VoAE5mZoAexl5g,UC9vMq1YF-e7C-VO0SHkbUTA,1,@EnnioAroche,@ErvinLeonardoCarreraLatín
UC3E9mAgP7VoAE5mZoAexl5g,UC9xr9QvIcDvoZNUX5f-jaZw,1,@EnnioAroche,@MariaaliciaColonmorales
UC3E9mAgP7VoAE5mZoAexl5g,UCA93ym2TXs_Ibyxb4Vcn-6Q,1,@EnnioAroche,@oswaldosolis8728
UC3E9mAgP7VoAE5mZoAexl5g,UCAlzM_N6xBlMYmM8EBzX86Q,1,@EnnioAroche,@carlossoto3252
UC3E9mAgP7VoAE5mZoAexl5g,UCAmtbUiIrUIhikru0ZoTFig,1,@EnnioAroche,@Aura-vf6dm
UC3E9mAgP7VoAE5mZoAexl5g,UCB5p8a5gklc80jJItP6xTHg,1,@EnnioAroche,@ernestogamboa8737
UC3E9mAgP7VoAE5mZoAexl5g,UCCaYwkkbQGcvFoUmothVdQQ,1,@EnnioAroche,@OsvaldoAguirre-l3i
UC3E9mAgP7VoAE5mZoAexl5g,UCDIMztpVm7G27qBuiWuT6oQ,1,@EnnioAroche,@lizardomorataya8274
UC3E9mAgP7VoAE5mZoAexl5g,UCDPWkUX3sNNaCx-m1dV4glA,1,@EnnioAroche,@hectoroliva949
UC3E9mAgP7VoAE5mZoAexl5g,UCDQaQv0hr2SS_PO-CMEwVHg,1,@EnnioAroche,@federicosaquimux1933
UC3E9mAgP7VoAE5mZoAexl5g,UCDUffaruH6dyUnUGwsTKpgg,1,@EnnioAroche,@luisletona2842
UC3E9mAgP7VoAE5mZoAexl5g,UCDftMWXQoJ6nONfY7GVOVjg,1,@EnnioAroche,@luisgpacheco5858
UC3E9mAgP7VoAE5mZoAexl5g,UCDlr1VadSucIZgZ171pRBjQ,1,@EnnioAroche,@cuabatzjj5924
UC3E9mAgP7VoAE5mZoAexl5g,UCEgEQmRbtL5fwr9_DqAC--g,1,@EnnioAroche,@ArielRodas-g5y
UC3E9mAgP7VoAE5mZoAexl5g,UCErZPJpHmLCsXs8ZWkAUupQ,1,@EnnioAroche,@dorisl.garciaroche7763
UC3E9mAgP7VoAE5mZoAexl5g,UCFUuDARXdmmIrLppEqf-rFg,1,@EnnioAroche,@allanmunoz7410
UC3E9mAgP7VoAE5mZoAexl5g,UCFhxtoeARHPnXXPcDrOU3Xg,1,@EnnioAroche,@diegoalejandrolopezmendez205
UC3E9mAgP7VoAE5mZoAexl5g,UCFjudnPLoaSL1BaRuLahyHg,1,@EnnioAroche,@HaroldoCastillo-rh9iw
UC3E9mAgP7VoAE5mZoAexl5g,UCFoIAE8k82D6AV-8gjjKaNg,1,@EnnioAroche,@eddymunoz9789
UC3E9mAgP7VoAE5mZoAexl5g,UCFxE8GbokBrBsPEKM1xrOjQ,1,@EnnioAroche,@JuanDavila-qd7qj
UC3E9mAgP7VoAE5mZoAexl5g,UCGzXwyCzMzGmjmCbH3Hg01Q,1,@EnnioAroche,@FidelZacarias-ph7dy
UC3E9mAgP7VoAE5mZoAexl5g,UCHTGCgY2l-DQJIvlA_cpa_Q,1,@EnnioAroche,@virgiliogarcia3039
UC3E9mAgP7VoAE5mZoAexl5g,UCHhHUjaMAZ8SiXdCUCj9DkQ,1,@EnnioAroche,@fredymendez1786
UC3E9mAgP7VoAE5mZoAexl5g,UCKDR0f2fu2UzWL8mBv5-BHw,1,@EnnioAroche,@mireyamorales6595
UC3E9mAgP7VoAE5mZoAexl5g,UCL13XhnRzbGokEkCkEOb0-g,1,@EnnioAroche,@raquelprado3643
UC3E9mAgP7VoAE5mZoAexl5g,UCL1MT278vSaQ83ZDkVWn1gw,1,@EnnioAroche,@elmorodriguez6978
UC3E9mAgP7VoAE5mZoAexl5g,UCLFdHr9BEbXHkoJopbEPLZw,1,@EnnioAroche,@kanterra4584
UC3E9mAgP7VoAE5mZoAexl5g,UCLggDc_a5HriXv7I1h02sOA,1,@EnnioAroche,@guillermogonzalez5153
UC3E9mAgP7VoAE5mZoAexl5g,UCN6qbfPSzFtjhqUDZ3Cv3CQ,1,@EnnioAroche,@carlosmedranovelasquez6380
UC3E9mAgP7VoAE5mZoAexl5g,UCNBnKqWf4d-rS4HwJRQljmQ,1,@EnnioAroche,@LE_A22
UC3E9mAgP7VoAE5mZoAexl5g,UCNkcuy42zEwddwEcOd_HpnA,1,@EnnioAroche,@vanigomez492
UC3E9mAgP7VoAE5mZoAexl5g,UCOLGv5Pf6BF2wFcwUzgcvHg,1,@EnnioAroche,@welfrealdana5559
UC3E9mAgP7VoAE5mZoAexl5g,UCOS8ViEkccrTZx2w2ccxotA,1,@EnnioAroche,@OscarHernandez-q8y
UC3E9mAgP7VoAE5mZoAexl5g,UCOh6DaZC_x9HASnlRylEMfw,1,@EnnioAroche,@AndresMedina-v1s
UC3E9mAgP7VoAE5mZoAexl5g,UCQ_-LPP8JAbfkc-b1Q6NvWw,1,@EnnioAroche,@MegaKristenstewart
UC3E9mAgP7VoAE5mZoAexl5g,UCQgYjVngJRfPHDLGB5X6ZjA,1,@EnnioAroche,@oscarnavas9996
UC3E9mAgP7VoAE5mZoAexl5g,UCQqetiwzzmRNTM5OWuXarGQ,1,@EnnioAroche,@isaiaslopezvelasquez1539
UC3E9mAgP7VoAE5mZoAexl5g,UCQtICyzWmhC5woCtbNgaSmg,1,@EnnioAroche,@nestormendez6216
UC3E9mAgP7VoAE5mZoAexl5g,UCQtSFINs1h6GHkpg9o5kMvg,1,@EnnioAroche,@MacarioMartinezruiz
UC3E9mAgP7VoAE5mZoAexl5g,UCRETAiYdh2dL5ZxB0_N1zDA,1,@EnnioAroche,@Joseroland21
UC3E9mAgP7VoAE5mZoAexl5g,UCRelkU8JiZBytTzebJxaa-w,1,@EnnioAroche,@danyraymundo2942
UC3E9mAgP7VoAE5mZoAexl5g,UCRlCV9zSn7avAWh-9_XFWqQ,1,@EnnioAroche,@ronyarana8849
UC3E9mAgP7VoAE5mZoAexl5g,UCSou6a2OuYGSvPjm5psquyA,1,@EnnioAroche,@FranciscoRivera-sf7ne
UC3E9mAgP7VoAE5mZoAexl5g,UCTD6q1nyIe3Y7HhqjaMj72w,1,@EnnioAroche,@JuanChang-r6k
UC3E9mAgP7VoAE5mZoAexl5g,UCTP3O0rMnc8z8v8jaDQwL0w,1,@EnnioAroche,@RobertoZelaya-x1v
UC3E9mAgP7VoAE5mZoAexl5g,UCThW2XNsAaBKme5PUt7n-Zg,1,@EnnioAroche,@thelmamoran8565
UC3E9mAgP7VoAE5mZoAexl5g,UCTwSut16JyAg3mX6LVUNGqA,1,@EnnioAroche,@SuperVictor2005
UC3E9mAgP7VoAE5mZoAexl5g,UCTylKrsqkrBKIqubMu_5N0Q,1,@EnnioAroche,@edwingeovanymarroquinmarro6684
UC3E9mAgP7VoAE5mZoAexl5g,UCUIIIPTVDVHAXqhC_5V6lPA,1,@EnnioAroche,@gorrarota
UC3E9mAgP7VoAE5mZoAexl5g,UCV0iizTBoOfdAFX_thfI9BA,1,@EnnioAroche,@BenjaminLarios-jd8nk
UC3E9mAgP7VoAE5mZoAexl5g,UCWIZUtKJ636y-4TYrNvok0g,1,@EnnioAroche,@cesarandreas7824
UC3E9mAgP7VoAE5mZoAexl5g,UCXSkL3ejZ8qWYyF_M7s_QKA,1,@EnnioAroche,@JacintaTzoy
UC3E9mAgP7VoAE5mZoAexl5g,UCXXh7yg5KUFIWylTiKVEFKQ,1,@EnnioAroche,@MrDuenderojo
UC3E9mAgP7VoAE5mZoAexl5g,UCXgr7vXlRrsaskPdo097kGA,1,@EnnioAroche,@Rogergh-nw4oj
UC3E9mAgP7VoAE5mZoAexl5g,UCXr8_5WtGeipe4haOoQDgyQ,1,@EnnioAroche,@amyherrera7352
UC3E9mAgP7VoAE5mZoAexl5g,UCYN4wSQ1Sx4_LurxLlW7MPg,1,@EnnioAroche,@belarminavillatoro6474
UC3E9mAgP7VoAE5mZoAexl5g,UCYwpX26TrCxq8TvbKGRYLXA,1,@EnnioAroche,@beneficioelcaminovillacana8540
UC3E9mAgP7VoAE5mZoAexl5g,UCZ51R_9Q9C0c8I3pAWhtmjQ,1,@EnnioAroche,@belvettzapeta1251
UC3E9mAgP7VoAE5mZoAexl5g,UCZLG9qH0tUjNhEGFIUt0CYw,1,@EnnioAroche,@SoniaMarroquin-y6e
UC3E9mAgP7VoAE5mZoAexl5g,UCcfdg8crmMJwEuLUsAhV7yg,1,@EnnioAroche,@RolandoRaguay
UC3E9mAgP7VoAE5mZoAexl5g,UCfM3nrxtTQMY5jFx1v1J4Gg,1,@EnnioAroche,@edgarroldan5539
UC3E9mAgP7VoAE5mZoAexl5g,UCgvw7xIdGFupzpt1Y_BFkEA,1,@EnnioAroche,@fredygarcia9151
UC3E9mAgP7VoAE5mZoAexl5g,UCh5ESQvtzyHDhCA7XyekCFA,1,@EnnioAroche,@andyB5280
UC3E9mAgP7VoAE5mZoAexl5g,UChZknRmJkeGeQk0-mQuhDOg,1,@EnnioAroche,@OdilioRodríguez-c5w
UC3E9mAgP7VoAE5mZoAexl5g,UChep9kVb5gQmpodEEl10Xlg,1,@EnnioAroche,@carlosaguilar-kz7ml
UC3E9mAgP7VoAE5mZoAexl5g,UChgkn5Jt5tWKYMoEOuCjz3Q,1,@EnnioAroche,@pablochitay46
UC3E9mAgP7VoAE5mZoAexl5g,UChs3tU2BcKOT0CezykvAsGw,1,@EnnioAroche,@byronpontaza
UC3E9mAgP7VoAE5mZoAexl5g,UCi1b_TRQfgO1Z9O2gNGGWNA,1,@EnnioAroche,@davidisraelesquitsaquil
UC3E9mAgP7VoAE5mZoAexl5g,UCiGRBf2RNF0WRKhRVT7zFoA,1,@EnnioAroche,@edwinavila4876
UC3E9mAgP7VoAE5mZoAexl5g,UCiMythXHsw7eQEMykCdmMUA,1,@EnnioAroche,@JavierBecerra-h6x
UC3E9mAgP7VoAE5mZoAexl5g,UCipetjeiWj4CZB6EbyYziZg,1,@EnnioAroche,@OseasSamayoa-ol5rz
UC3E9mAgP7VoAE5mZoAexl5g,UCj-LL25XJnjxepPKCc3NGog,1,@EnnioAroche,@anaaguirre8985
UC3E9mAgP7VoAE5mZoAexl5g,UCjSKM9j0Q7HLDr1hD6D-TUw,1,@EnnioAroche,@josehidalgo4875
UC3E9mAgP7VoAE5mZoAexl5g,UCjmPuazZJzscrwvk0QR9RVw,1,@EnnioAroche,@mynorrodas8591
UC3E9mAgP7VoAE5mZoAexl5g,UCkd9W714-947dEE6ZOEBATA,1,@EnnioAroche,@ARGELIATELON
UC3E9mAgP7VoAE5mZoAexl5g,UCl0ekS9Tt0jJGtOEM18S63w,1,@EnnioAroche,@monkchapin
UC3E9mAgP7VoAE5mZoAexl5g,UCljDbleJul41G1TzOjOZAVA,1,@EnnioAroche,@hectorcarranza3777
UC3E9mAgP7VoAE5mZoAexl5g,UCmjppp6ujz3SAnULvP3sZMw,1,@EnnioAroche,@marcomendez7509
UC3E9mAgP7VoAE5mZoAexl5g,UCmvOgzmmXbjUthHy-WJ52hQ,1,@EnnioAroche,@mariorodas593
UC3E9mAgP7VoAE5mZoAexl5g,UCp4iw5_5SmV9VGTFSNVGOmQ,1,@EnnioAroche,@CARLOSSTREMS51
UC3E9mAgP7VoAE5mZoAexl5g,UCpIdtvoFHVLGASGB5ySqIEA,1,@EnnioAroche,@VidalVillatoro-p4w
UC3E9mAgP7VoAE5mZoAexl5g,UCpl8rF8uv_8uui-QRvuJaRA,1,@EnnioAroche,@SergioGarcia-z9c
UC3E9mAgP7VoAE5mZoAexl5g,UCplrIQtaPj6au60_f2-mOYw,1,@EnnioAroche,@romeolopezherrarte799
UC3E9mAgP7VoAE5mZoAexl5g,UCpsKOkt5iWTbenzeuq7dsmQ,1,@EnnioAroche,@inge_vergueta
UC3E9mAgP7VoAE5mZoAexl5g,UCr1emrogPKkKTs_WTtx71xg,1,@EnnioAroche,@domingopeneleu6457
UC3E9mAgP7VoAE5mZoAexl5g,UCrJn_rbo_ENAdeqneS-RmRw,1,@EnnioAroche,@josecarrera9623
UC3E9mAgP7VoAE5mZoAexl5g,UCsJJAvrVGupdmhOqgtDp8dg,1,@EnnioAroche,@nestorlorenzana1168
UC3E9mAgP7VoAE5mZoAexl5g,UCsSXdJct-nsS8DsABoEsaYA,1,@EnnioAroche,@IvánPérez-j4j
UC3E9mAgP7VoAE5mZoAexl5g,UCsUCN0Yq_UyTvKjOJLmNrnQ,1,@EnnioAroche,@moisesvaldez4043
UC3E9mAgP7VoAE5mZoAexl5g,UCsjs5Hp_r86x1xbK6FAeqaA,1,@EnnioAroche,@alvaroesquivel563
UC3E9mAgP7VoAE5mZoAexl5g,UCtNfIBnc5S5DbbQj_yxgJTw,1,@EnnioAroche,@JosueRamirez-ey3ih
UC3E9mAgP7VoAE5mZoAexl5g,UCtUR3_CAiE7fCoZHM6cMfyQ,1,@EnnioAroche,@mdelcid01
UC3E9mAgP7VoAE5mZoAexl5g,UCueV9cTyTDwgQSec1x2dYgA,1,@EnnioAroche,@fredydomingo7062
UC3E9mAgP7VoAE5mZoAexl5g,UCujPF2nBgsTD62nWE3lcpIg,1,@EnnioAroche,@victorarturoruanobautista7588
UC3E9mAgP7VoAE5mZoAexl5g,UCut6b9S98nv84cVX89PmKzA,1,@EnnioAroche,@yeniferaguirre4498
UC3E9mAgP7VoAE5mZoAexl5g,UCvApqeCbLod-wejtT4CcVuA,1,@EnnioAroche,@davidgaher9550
UC3E9mAgP7VoAE5mZoAexl5g,UCwO2SXr0ggzwg6QWWrr01nQ,1,@EnnioAroche,@ricardofigueroa5720
UC3E9mAgP7VoAE5mZoAexl5g,UCwW2OFy95P7ZBkOPxWkpvYg,1,@EnnioAroche,@TeresaLucero-b5o
UC3E9mAgP7VoAE5mZoAexl5g,UCwha8rxULYMVtNwZWeSkE1A,1,@EnnioAroche,@mariasamo8637
UC3E9mAgP7VoAE5mZoAexl5g,UCxff05WuyvwELNITi7bj7UA,1,@EnnioAroche,@markoherrera
UC3E9mAgP7VoAE5mZoAexl5g,UCySYJU5kUh7X8gVt9la2ISA,1,@EnnioAroche,@dantesarti4351
UC3E9mAgP7VoAE5mZoAexl5g,UCylqlpsh8ENNM1LqgQ1KbxA,1,@EnnioAroche,@Jel.Awesh.M
UC3E9mAgP7VoAE5mZoAexl5g,UCz3gu01bmjNv0DpRq-K3XYg,1,@EnnioAroche,@eusebiovasquez4385
UC3E9mAgP7VoAE5mZoAexl5g,UCzSfZlOVxBSs5ObD25ywxDQ,1,@EnnioAroche,@GilmarMaldonado-q9m
UC3E9mAgP7VoAE5mZoAexl5g,UCzoL2l5H5eVlorWGH8AZfAg,1,@EnnioAroche,@jor77cas
UC3MYTqpQqlWBuCB7Th0e0PA,UC3NMzdMYryaw82kPTnsaljg,1,@isaaclopez7220,@marisosa7832
UC3MYTqpQqlWBuCB7Th0e0PA,UC3XTwHxygNCgjndsg-UiCQA,1,@isaaclopez7220,@marioajset4283
UC3MYTqpQqlWBuCB7Th0e0PA,UC3qn1yJA5PeW9rkGPatQxiw,1,@isaaclopez7220,@VICTOREST19
UC3MYTqpQqlWBuCB7Th0e0PA,UC4cXueR2bKGFJV0Fk76gwmA,1,@isaaclopez7220,@aluxdel4792
UC3MYTqpQqlWBuCB7Th0e0PA,UC4wq3DcbfaG6dtCqn8Oyu3w,1,@isaaclopez7220,@hugoasencio7764
UC3MYTqpQqlWBuCB7Th0e0PA,UC5H8ASmMC9WrURmzeB4ySog,1,@isaaclopez7220,@ManuelEdran
UC3MYTqpQqlWBuCB7Th0e0PA,UC5bG9nc_JV3FsNP2KseQiYw,1,@isaaclopez7220,@giovannirodas4836
UC3MYTqpQqlWBuCB7Th0e0PA,UC650pRT-OYzny3GwOH8Cgfw,1,@isaaclopez7220,@edvinparedesherrera7632
UC3MYTqpQqlWBuCB7Th0e0PA,UC6PvO1_k5lHKGdAPo5_C6TA,1,@isaaclopez7220,@johnmejia992
UC3MYTqpQqlWBuCB7Th0e0PA,UC6YSZqL0vEcI-niPKIMUGfw,1,@isaaclopez7220,@maxwellsales885
UC3MYTqpQqlWBuCB7Th0e0PA,UC72gBAtyb_VXQlYDcFrh6oQ,1,@isaaclopez7220,@osmanmorales3012
UC3MYTqpQqlWBuCB7Th0e0PA,UC7VUuJr9cGh845CmTvf7TlQ,1,@isaaclopez7220,@LuisCastillo-oz4df
UC3MYTqpQqlWBuCB7Th0e0PA,UC8F2V63KZ4ZEay6opX2hAQw,1,@isaaclopez7220,@carmenr6311
UC3MYTqpQqlWBuCB7Th0e0PA,UC8G5cJONY8L9voMyBW8Eoug,1,@isaaclopez7220,@luisparedes-pw6qt
UC3MYTqpQqlWBuCB7Th0e0PA,UC8r11yOugM2NuRfitQOxLLg,1,@isaaclopez7220,@cesaraugustomoralesmonroy6907
UC3MYTqpQqlWBuCB7Th0e0PA,UC9vMq1YF-e7C-VO0SHkbUTA,1,@isaaclopez7220,@ErvinLeonardoCarreraLatín
UC3MYTqpQqlWBuCB7Th0e0PA,UC9xr9QvIcDvoZNUX5f-jaZw,1,@isaaclopez7220,@MariaaliciaColonmorales
UC3MYTqpQqlWBuCB7Th0e0PA,UCA93ym2TXs_Ibyxb4Vcn-6Q,1,@isaaclopez7220,@oswaldosolis8728
UC3MYTqpQqlWBuCB7Th0e0PA,UCAlzM_N6xBlMYmM8EBzX86Q,1,@isaaclopez7220,@carlossoto3252
UC3MYTqpQqlWBuCB7Th0e0PA,UCAmtbUiIrUIhikru0ZoTFig,1,@isaaclopez7220,@Aura-vf6dm
UC3MYTqpQqlWBuCB7Th0e0PA,UCB5p8a5gklc80jJItP6xTHg,1,@isaaclopez7220,@ernestogamboa8737
UC3MYTqpQqlWBuCB7Th0e0PA,UCCaYwkkbQGcvFoUmothVdQQ,1,@isaaclopez7220,@OsvaldoAguirre-l3i
UC3MYTqpQqlWBuCB7Th0e0PA,UCDIMztpVm7G27qBuiWuT6oQ,1,@isaaclopez7220,@lizardomorataya8274
UC3MYTqpQqlWBuCB7Th0e0PA,UCDPWkUX3sNNaCx-m1dV4glA,1,@isaaclopez7220,@hectoroliva949
UC3MYTqpQqlWBuCB7Th0e0PA,UCDQaQv0hr2SS_PO-CMEwVHg,1,@isaaclopez7220,@federicosaquimux1933
UC3MYTqpQqlWBuCB7Th0e0PA,UCDUffaruH6dyUnUGwsTKpgg,1,@isaaclopez7220,@luisletona2842
UC3MYTqpQqlWBuCB7Th0e0PA,UCDftMWXQoJ6nONfY7GVOVjg,1,@isaaclopez7220,@luisgpacheco5858
UC3MYTqpQqlWBuCB7Th0e0PA,UCDlr1VadSucIZgZ171pRBjQ,1,@isaaclopez7220,@cuabatzjj5924
UC3MYTqpQqlWBuCB7Th0e0PA,UCEgEQmRbtL5fwr9_DqAC--g,1,@isaaclopez7220,@ArielRodas-g5y
UC3MYTqpQqlWBuCB7Th0e0PA,UCErZPJpHmLCsXs8ZWkAUupQ,1,@isaaclopez7220,@dorisl.garciaroche7763
UC3MYTqpQqlWBuCB7Th0e0PA,UCFUuDARXdmmIrLppEqf-rFg,1,@isaaclopez7220,@allanmunoz7410
UC3MYTqpQqlWBuCB7Th0e0PA,UCFhxtoeARHPnXXPcDrOU3Xg,1,@isaaclopez7220,@diegoalejandrolopezmendez205
UC3MYTqpQqlWBuCB7Th0e0PA,UCFjudnPLoaSL1BaRuLahyHg,1,@isaaclopez7220,@HaroldoCastillo-rh9iw
UC3MYTqpQqlWBuCB7Th0e0PA,UCFoIAE8k82D6AV-8gjjKaNg,1,@isaaclopez7220,@eddymunoz9789
UC3MYTqpQqlWBuCB7Th0e0PA,UCFxE8GbokBrBsPEKM1xrOjQ,1,@isaaclopez7220,@JuanDavila-qd7qj
UC3MYTqpQqlWBuCB7Th0e0PA,UCGzXwyCzMzGmjmCbH3Hg01Q,1,@isaaclopez7220,@FidelZacarias-ph7dy
UC3MYTqpQqlWBuCB7Th0e0PA,UCHTGCgY2l-DQJIvlA_cpa_Q,1,@isaaclopez7220,@virgiliogarcia3039
UC3MYTqpQqlWBuCB7Th0e0PA,UCHhHUjaMAZ8SiXdCUCj9DkQ,1,@isaaclopez7220,@fredymendez1786
UC3MYTqpQqlWBuCB7Th0e0PA,UCKDR0f2fu2UzWL8mBv5-BHw,1,@isaaclopez7220,@mireyamorales6595
UC3MYTqpQqlWBuCB7Th0e0PA,UCL13XhnRzbGokEkCkEOb0-g,1,@isaaclopez7220,@raquelprado3643
UC3MYTqpQqlWBuCB7Th0e0PA,UCL1MT278vSaQ83ZDkVWn1gw,1,@isaaclopez7220,@elmorodriguez6978
UC3MYTqpQqlWBuCB7Th0e0PA,UCLFdHr9BEbXHkoJopbEPLZw,1,@isaaclopez7220,@kanterra4584
UC3MYTqpQqlWBuCB7Th0e0PA,UCLggDc_a5HriXv7I1h02sOA,1,@isaaclopez7220,@guillermogonzalez5153
UC3MYTqpQqlWBuCB7Th0e0PA,UCN6qbfPSzFtjhqUDZ3Cv3CQ,1,@isaaclopez7220,@carlosmedranovelasquez6380
UC3MYTqpQqlWBuCB7Th0e0PA,UCNBnKqWf4d-rS4HwJRQljmQ,1,@isaaclopez7220,@LE_A22
UC3MYTqpQqlWBuCB7Th0e0PA,UCNkcuy42zEwddwEcOd_HpnA,1,@isaaclopez7220,@vanigomez492
UC3MYTqpQqlWBuCB7Th0e0PA,UCOLGv5Pf6BF2wFcwUzgcvHg,1,@isaaclopez7220,@welfrealdana5559
UC3MYTqpQqlWBuCB7Th0e0PA,UCOS8ViEkccrTZx2w2ccxotA,1,@isaaclopez7220,@OscarHernandez-q8y
UC3MYTqpQqlWBuCB7Th0e0PA,UCOh6DaZC_x9HASnlRylEMfw,1,@isaaclopez7220,@AndresMedina-v1s
UC3MYTqpQqlWBuCB7Th0e0PA,UCQ_-LPP8JAbfkc-b1Q6NvWw,1,@isaaclopez7220,@MegaKristenstewart
UC3MYTqpQqlWBuCB7Th0e0PA,UCQgYjVngJRfPHDLGB5X6ZjA,1,@isaaclopez7220,@oscarnavas9996
UC3MYTqpQqlWBuCB7Th0e0PA,UCQqetiwzzmRNTM5OWuXarGQ,1,@isaaclopez7220,@isaiaslopezvelasquez1539
UC3MYTqpQqlWBuCB7Th0e0PA,UCQtICyzWmhC5woCtbNgaSmg,1,@isaaclopez7220,@nestormendez6216
UC3MYTqpQqlWBuCB7Th0e0PA,UCQtSFINs1h6GHkpg9o5kMvg,1,@isaaclopez7220,@MacarioMartinezruiz
UC3MYTqpQqlWBuCB7Th0e0PA,UCRETAiYdh2dL5ZxB0_N1zDA,1,@isaaclopez7220,@Joseroland21
UC3MYTqpQqlWBuCB7Th0e0PA,UCRelkU8JiZBytTzebJxaa-w,1,@isaaclopez7220,@danyraymundo2942
UC3MYTqpQqlWBuCB7Th0e0PA,UCRlCV9zSn7avAWh-9_XFWqQ,1,@isaaclopez7220,@ronyarana8849
UC3MYTqpQqlWBuCB7Th0e0PA,UCSou6a2OuYGSvPjm5psquyA,1,@isaaclopez7220,@FranciscoRivera-sf7ne
UC3MYTqpQqlWBuCB7Th0e0PA,UCTD6q1nyIe3Y7HhqjaMj72w,1,@isaaclopez7220,@JuanChang-r6k
UC3MYTqpQqlWBuCB7Th0e0PA,UCTP3O0rMnc8z8v8jaDQwL0w,1,@isaaclopez7220,@RobertoZelaya-x1v
UC3MYTqpQqlWBuCB7Th0e0PA,UCThW2XNsAaBKme5PUt7n-Zg,1,@isaaclopez7220,@thelmamoran8565
UC3MYTqpQqlWBuCB7Th0e0PA,UCTwSut16JyAg3mX6LVUNGqA,1,@isaaclopez7220,@SuperVictor2005
UC3MYTqpQqlWBuCB7Th0e0PA,UCTylKrsqkrBKIqubMu_5N0Q,1,@isaaclopez7220,@edwingeovanymarroquinmarro6684
UC3MYTqpQqlWBuCB7Th0e0PA,UCUIIIPTVDVHAXqhC_5V6lPA,1,@isaaclopez7220,@gorrarota
UC3MYTqpQqlWBuCB7Th0e0PA,UCV0iizTBoOfdAFX_thfI9BA,1,@isaaclopez7220,@BenjaminLarios-jd8nk
UC3MYTqpQqlWBuCB7Th0e0PA,UCWIZUtKJ636y-4TYrNvok0g,1,@isaaclopez7220,@cesarandreas7824
UC3MYTqpQqlWBuCB7Th0e0PA,UCXSkL3ejZ8qWYyF_M7s_QKA,1,@isaaclopez7220,@JacintaTzoy
UC3MYTqpQqlWBuCB7Th0e0PA,UCXXh7yg5KUFIWylTiKVEFKQ,1,@isaaclopez7220,@MrDuenderojo
UC3MYTqpQqlWBuCB7Th0e0PA,UCXgr7vXlRrsaskPdo097kGA,1,@isaaclopez7220,@Rogergh-nw4oj
UC3MYTqpQqlWBuCB7Th0e0PA,UCXr8_5WtGeipe4haOoQDgyQ,1,@isaaclopez7220,@amyherrera7352
UC3MYTqpQqlWBuCB7Th0e0PA,UCYN4wSQ1Sx4_LurxLlW7MPg,1,@isaaclopez7220,@belarminavillatoro6474
UC3MYTqpQqlWBuCB7Th0e0PA,UCYwpX26TrCxq8TvbKGRYLXA,1,@isaaclopez7220,@beneficioelcaminovillacana8540
UC3MYTqpQqlWBuCB7Th0e0PA,UCZ51R_9Q9C0c8I3pAWhtmjQ,1,@isaaclopez7220,@belvettzapeta1251
UC3MYTqpQqlWBuCB7Th0e0PA,UCZLG9qH0tUjNhEGFIUt0CYw,1,@isaaclopez7220,@SoniaMarroquin-y6e
UC3MYTqpQqlWBuCB7Th0e0PA,UCcfdg8crmMJwEuLUsAhV7yg,1,@isaaclopez7220,@RolandoRaguay
UC3MYTqpQqlWBuCB7Th0e0PA,UCfM3nrxtTQMY5jFx1v1J4Gg,1,@isaaclopez7220,@edgarroldan5539
UC3MYTqpQqlWBuCB7Th0e0PA,UCgvw7xIdGFupzpt1Y_BFkEA,1,@isaaclopez7220,@fredygarcia9151
UC3MYTqpQqlWBuCB7Th0e0PA,UCh5ESQvtzyHDhCA7XyekCFA,1,@isaaclopez7220,@andyB5280
UC3MYTqpQqlWBuCB7Th0e0PA,UChZknRmJkeGeQk0-mQuhDOg,1,@isaaclopez7220,@OdilioRodríguez-c5w
UC3MYTqpQqlWBuCB7Th0e0PA,UChep9kVb5gQmpodEEl10Xlg,1,@isaaclopez7220,@carlosaguilar-kz7ml
UC3MYTqpQqlWBuCB7Th0e0PA,UChgkn5Jt5tWKYMoEOuCjz3Q,1,@isaaclopez7220,@pablochitay46
UC3MYTqpQqlWBuCB7Th0e0PA,UChs3tU2BcKOT0CezykvAsGw,1,@isaaclopez7220,@byronpontaza
UC3MYTqpQqlWBuCB7Th0e0PA,UCi1b_TRQfgO1Z9O2gNGGWNA,1,@isaaclopez7220,@davidisraelesquitsaquil
UC3MYTqpQqlWBuCB7Th0e0PA,UCiGRBf2RNF0WRKhRVT7zFoA,1,@isaaclopez7220,@edwinavila4876
UC3MYTqpQqlWBuCB7Th0e0PA,UCiMythXHsw7eQEMykCdmMUA,1,@isaaclopez7220,@JavierBecerra-h6x
UC3MYTqpQqlWBuCB7Th0e0PA,UCipetjeiWj4CZB6EbyYziZg,1,@isaaclopez7220,@OseasSamayoa-ol5rz
UC3MYTqpQqlWBuCB7Th0e0PA,UCj-LL25XJnjxepPKCc3NGog,1,@isaaclopez7220,@anaaguirre8985
UC3MYTqpQqlWBuCB7Th0e0PA,UCjSKM9j0Q7HLDr1hD6D-TUw,1,@isaaclopez7220,@josehidalgo4875
UC3MYTqpQqlWBuCB7Th0e0PA,UCjmPuazZJzscrwvk0QR9RVw,1,@isaaclopez7220,@mynorrodas8591
UC3MYTqpQqlWBuCB7Th0e0PA,UCkd9W714-947dEE6ZOEBATA,1,@isaaclopez7220,@ARGELIATELON
UC3MYTqpQqlWBuCB7Th0e0PA,UCl0ekS9Tt0jJGtOEM18S63w,1,@isaaclopez7220,@monkchapin
UC3MYTqpQqlWBuCB7Th0e0PA,UCljDbleJul41G1TzOjOZAVA,1,@isaaclopez7220,@hectorcarranza3777
UC3MYTqpQqlWBuCB7Th0e0PA,UCmjppp6ujz3SAnULvP3sZMw,1,@isaaclopez7220,@marcomendez7509
UC3MYTqpQqlWBuCB7Th0e0PA,UCmvOgzmmXbjUthHy-WJ52hQ,1,@isaaclopez7220,@mariorodas593
UC3MYTqpQqlWBuCB7Th0e0PA,UCp4iw5_5SmV9VGTFSNVGOmQ,1,@isaaclopez7220,@CARLOSSTREMS51
UC3MYTqpQqlWBuCB7Th0e0PA,UCpIdtvoFHVLGASGB5ySqIEA,1,@isaaclopez7220,@VidalVillatoro-p4w
UC3MYTqpQqlWBuCB7Th0e0PA,UCpl8rF8uv_8uui-QRvuJaRA,1,@isaaclopez7220,@SergioGarcia-z9c
UC3MYTqpQqlWBuCB7Th0e0PA,UCplrIQtaPj6au60_f2-mOYw,1,@isaaclopez7220,@romeolopezherrarte799
UC3MYTqpQqlWBuCB7Th0e0PA,UCpsKOkt5iWTbenzeuq7dsmQ,1,@isaaclopez7220,@inge_vergueta
UC3MYTqpQqlWBuCB7Th0e0PA,UCr1emrogPKkKTs_WTtx71xg,1,@isaaclopez7220,@domingopeneleu6457
UC3MYTqpQqlWBuCB7Th0e0PA,UCrJn_rbo_ENAdeqneS-RmRw,1,@isaaclopez7220,@josecarrera9623
UC3MYTqpQqlWBuCB7Th0e0PA,UCsJJAvrVGupdmhOqgtDp8dg,1,@isaaclopez7220,@nestorlorenzana1168
UC3MYTqpQqlWBuCB7Th0e0PA,UCsSXdJct-nsS8DsABoEsaYA,1,@isaaclopez7220,@IvánPérez-j4j
UC3MYTqpQqlWBuCB7Th0e0PA,UCsUCN0Yq_UyTvKjOJLmNrnQ,1,@isaaclopez7220,@moisesvaldez4043
UC3MYTqpQqlWBuCB7Th0e0PA,UCsjs5Hp_r86x1xbK6FAeqaA,1,@isaaclopez7220,@alvaroesquivel563
UC3MYTqpQqlWBuCB7Th0e0PA,UCtNfIBnc5S5DbbQj_yxgJTw,1,@isaaclopez7220,@JosueRamirez-ey3ih
UC3MYTqpQqlWBuCB7Th0e0PA,UCtUR3_CAiE7fCoZHM6cMfyQ,1,@isaaclopez7220,@mdelcid01
UC3MYTqpQqlWBuCB7Th0e0PA,UCueV9cTyTDwgQSec1x2dYgA,1,@isaaclopez7220,@fredydomingo7062
UC3MYTqpQqlWBuCB7Th0e0PA,UCujPF2nBgsTD62nWE3lcpIg,1,@isaaclopez7220,@victorarturoruanobautista7588
UC3MYTqpQqlWBuCB7Th0e0PA,UCut6b9S98nv84cVX89PmKzA,1,@isaaclopez7220,@yeniferaguirre4498
UC3MYTqpQqlWBuCB7Th0e0PA,UCvApqeCbLod-wejtT4CcVuA,1,@isaaclopez7220,@davidgaher9550
UC3MYTqpQqlWBuCB7Th0e0PA,UCwO2SXr0ggzwg6QWWrr01nQ,1,@isaaclopez7220,@ricardofigueroa5720
UC3MYTqpQqlWBuCB7Th0e0PA,UCwW2OFy95P7ZBkOPxWkpvYg,1,@isaaclopez7220,@TeresaLucero-b5o
UC3MYTqpQqlWBuCB7Th0e0PA,UCwha8rxULYMVtNwZWeSkE1A,1,@isaaclopez7220,@mariasamo8637
UC3MYTqpQqlWBuCB7Th0e0PA,UCxff05WuyvwELNITi7bj7UA,1,@isaaclopez7220,@markoherrera
UC3MYTqpQqlWBuCB7Th0e0PA,UCySYJU5kUh7X8gVt9la2ISA,1,@isaaclopez7220,@dantesarti4351
UC3MYTqpQqlWBuCB7Th0e0PA,UCylqlpsh8ENNM1LqgQ1KbxA,1,@isaaclopez7220,@Jel.Awesh.M
UC3MYTqpQqlWBuCB7Th0e0PA,UCz3gu01bmjNv0DpRq-K3XYg,1,@isaaclopez7220,@eusebiovasquez4385
UC3MYTqpQqlWBuCB7Th0e0PA,UCzSfZlOVxBSs5ObD25ywxDQ,1,@isaaclopez7220,@GilmarMaldonado-q9m
UC3MYTqpQqlWBuCB7Th0e0PA,UCzoL2l5H5eVlorWGH8AZfAg,1,@isaaclopez7220,@jor77cas
UC3NMzdMYryaw82kPTnsaljg,UC3XTwHxygNCgjndsg-UiCQA,1,@marisosa7832,@marioajset4283
UC3NMzdMYryaw82kPTnsaljg,UC3qn1yJA5PeW9rkGPatQxiw,1,@marisosa7832,@VICTOREST19
UC3NMzdMYryaw82kPTnsaljg,UC4cXueR2bKGFJV0Fk76gwmA,1,@marisosa7832,@aluxdel4792
UC3NMzdMYryaw82kPTnsaljg,UC4wq3DcbfaG6dtCqn8Oyu3w,1,@marisosa7832,@hugoasencio7764
UC3NMzdMYryaw82kPTnsaljg,UC5H8ASmMC9WrURmzeB4ySog,1,@marisosa7832,@ManuelEdran
UC3NMzdMYryaw82kPTnsaljg,UC5bG9nc_JV3FsNP2KseQiYw,1,@marisosa7832,@giovannirodas4836
UC3NMzdMYryaw82kPTnsaljg,UC650pRT-OYzny3GwOH8Cgfw,1,@marisosa7832,@edvinparedesherrera7632
UC3NMzdMYryaw82kPTnsaljg,UC6PvO1_k5lHKGdAPo5_C6TA,1,@marisosa7832,@johnmejia992
UC3NMzdMYryaw82kPTnsaljg,UC6YSZqL0vEcI-niPKIMUGfw,1,@marisosa7832,@maxwellsales885
UC3NMzdMYryaw82kPTnsaljg,UC72gBAtyb_VXQlYDcFrh6oQ,1,@marisosa7832,@osmanmorales3012
UC3NMzdMYryaw82kPTnsaljg,UC7VUuJr9cGh845CmTvf7TlQ,1,@marisosa7832,@LuisCastillo-oz4df
UC3NMzdMYryaw82kPTnsaljg,UC8F2V63KZ4ZEay6opX2hAQw,1,@marisosa7832,@carmenr6311
UC3NMzdMYryaw82kPTnsaljg,UC8G5cJONY8L9voMyBW8Eoug,1,@marisosa7832,@luisparedes-pw6qt
UC3NMzdMYryaw82kPTnsaljg,UC8r11yOugM2NuRfitQOxLLg,1,@marisosa7832,@cesaraugustomoralesmonroy6907
UC3NMzdMYryaw82kPTnsaljg,UC9vMq1YF-e7C-VO0SHkbUTA,1,@marisosa7832,@ErvinLeonardoCarreraLatín
UC3NMzdMYryaw82kPTnsaljg,UC9xr9QvIcDvoZNUX5f-jaZw,1,@marisosa7832,@MariaaliciaColonmorales
UC3NMzdMYryaw82kPTnsaljg,UCA93ym2TXs_Ibyxb4Vcn-6Q,1,@marisosa7832,@oswaldosolis8728
UC3NMzdMYryaw82kPTnsaljg,UCAlzM_N6xBlMYmM8EBzX86Q,1,@marisosa7832,@carlossoto3252
UC3NMzdMYryaw82kPTnsaljg,UCAmtbUiIrUIhikru0ZoTFig,1,@marisosa7832,@Aura-vf6dm
UC3NMzdMYryaw82kPTnsaljg,UCB5p8a5gklc80jJItP6xTHg,1,@marisosa7832,@ernestogamboa8737
UC3NMzdMYryaw82kPTnsaljg,UCCaYwkkbQGcvFoUmothVdQQ,1,@marisosa7832,@OsvaldoAguirre-l3i
UC3NMzdMYryaw82kPTnsaljg,UCDIMztpVm7G27qBuiWuT6oQ,1,@marisosa7832,@lizardomorataya8274
UC3NMzdMYryaw82kPTnsaljg,UCDPWkUX3sNNaCx-m1dV4glA,1,@marisosa7832,@hectoroliva949
UC3NMzdMYryaw82kPTnsaljg,UCDQaQv0hr2SS_PO-CMEwVHg,1,@marisosa7832,@federicosaquimux1933
UC3NMzdMYryaw82kPTnsaljg,UCDUffaruH6dyUnUGwsTKpgg,1,@marisosa7832,@luisletona2842
UC3NMzdMYryaw82kPTnsaljg,UCDftMWXQoJ6nONfY7GVOVjg,1,@marisosa7832,@luisgpacheco5858
UC3NMzdMYryaw82kPTnsaljg,UCDlr1VadSucIZgZ171pRBjQ,1,@marisosa7832,@cuabatzjj5924
UC3NMzdMYryaw82kPTnsaljg,UCEgEQmRbtL5fwr9_DqAC--g,1,@marisosa7832,@ArielRodas-g5y
UC3NMzdMYryaw82kPTnsaljg,UCErZPJpHmLCsXs8ZWkAUupQ,1,@marisosa7832,@dorisl.garciaroche7763
UC3NMzdMYryaw82kPTnsaljg,UCFUuDARXdmmIrLppEqf-rFg,1,@marisosa7832,@allanmunoz7410
UC3NMzdMYryaw82kPTnsaljg,UCFhxtoeARHPnXXPcDrOU3Xg,1,@marisosa7832,@diegoalejandrolopezmendez205
UC3NMzdMYryaw82kPTnsaljg,UCFjudnPLoaSL1BaRuLahyHg,1,@marisosa7832,@HaroldoCastillo-rh9iw
UC3NMzdMYryaw82kPTnsaljg,UCFoIAE8k82D6AV-8gjjKaNg,1,@marisosa7832,@eddymunoz9789
UC3NMzdMYryaw82kPTnsaljg,UCFxE8GbokBrBsPEKM1xrOjQ,1,@marisosa7832,@JuanDavila-qd7qj
UC3NMzdMYryaw82kPTnsaljg,UCGzXwyCzMzGmjmCbH3Hg01Q,1,@marisosa7832,@FidelZacarias-ph7dy
UC3NMzdMYryaw82kPTnsaljg,UCHTGCgY2l-DQJIvlA_cpa_Q,1,@marisosa7832,@virgiliogarcia3039
UC3NMzdMYryaw82kPTnsaljg,UCHhHUjaMAZ8SiXdCUCj9DkQ,1,@marisosa7832,@fredymendez1786
UC3NMzdMYryaw82kPTnsaljg,UCKDR0f2fu2UzWL8mBv5-BHw,1,@marisosa7832,@mireyamorales6595
UC3NMzdMYryaw82kPTnsaljg,UCL13XhnRzbGokEkCkEOb0-g,1,@marisosa7832,@raquelprado3643
UC3NMzdMYryaw82kPTnsaljg,UCL1MT278vSaQ83ZDkVWn1gw,1,@marisosa7832,@elmorodriguez6978
UC3NMzdMYryaw82kPTnsaljg,UCLFdHr9BEbXHkoJopbEPLZw,1,@marisosa7832,@kanterra4584
UC3NMzdMYryaw82kPTnsaljg,UCLggDc_a5HriXv7I1h02sOA,1,@marisosa7832,@guillermogonzalez5153
UC3NMzdMYryaw82kPTnsaljg,UCN6qbfPSzFtjhqUDZ3Cv3CQ,1,@marisosa7832,@carlosmedranovelasquez6380
UC3NMzdMYryaw82kPTnsaljg,UCNBnKqWf4d-rS4HwJRQljmQ,1,@marisosa7832,@LE_A22
UC3NMzdMYryaw82kPTnsaljg,UCNkcuy42zEwddwEcOd_HpnA,1,@marisosa7832,@vanigomez492
UC3NMzdMYryaw82kPTnsaljg,UCOLGv5Pf6BF2wFcwUzgcvHg,1,@marisosa7832,@welfrealdana5559
UC3NMzdMYryaw82kPTnsaljg,UCOS8ViEkccrTZx2w2ccxotA,1,@marisosa7832,@OscarHernandez-q8y
UC3NMzdMYryaw82kPTnsaljg,UCOh6DaZC_x9HASnlRylEMfw,1,@marisosa7832,@AndresMedina-v1s
UC3NMzdMYryaw82kPTnsaljg,UCQ_-LPP8JAbfkc-b1Q6NvWw,1,@marisosa7832,@MegaKristenstewart
UC3NMzdMYryaw82kPTnsaljg,UCQgYjVngJRfPHDLGB5X6ZjA,1,@marisosa7832,@oscarnavas9996
UC3NMzdMYryaw82kPTnsaljg,UCQqetiwzzmRNTM5OWuXarGQ,1,@marisosa7832,@isaiaslopezvelasquez1539
UC3NMzdMYryaw82kPTnsaljg,UCQtICyzWmhC5woCtbNgaSmg,1,@marisosa7832,@nestormendez6216
UC3NMzdMYryaw82kPTnsaljg,UCQtSFINs1h6GHkpg9o5kMvg,1,@marisosa7832,@MacarioMartinezruiz
UC3NMzdMYryaw82kPTnsaljg,UCRETAiYdh2dL5ZxB0_N1zDA,1,@marisosa7832,@Joseroland21
UC3NMzdMYryaw82kPTnsaljg,UCRelkU8JiZBytTzebJxaa-w,1,@marisosa7832,@danyraymundo2942
UC3NMzdMYryaw82kPTnsaljg,UCRlCV9zSn7avAWh-9_XFWqQ,1,@marisosa7832,@ronyarana8849
UC3NMzdMYryaw82kPTnsaljg,UCSou6a2OuYGSvPjm5psquyA,1,@marisosa7832,@FranciscoRivera-sf7ne
UC3NMzdMYryaw82kPTnsaljg,UCTD6q1nyIe3Y7HhqjaMj72w,1,@marisosa7832,@JuanChang-r6k
UC3NMzdMYryaw82kPTnsaljg,UCTP3O0rMnc8z8v8jaDQwL0w,1,@marisosa7832,@RobertoZelaya-x1v
UC3NMzdMYryaw82kPTnsaljg,UCThW2XNsAaBKme5PUt7n-Zg,1,@marisosa7832,@thelmamoran8565
UC3NMzdMYryaw82kPTnsaljg,UCTwSut16JyAg3mX6LVUNGqA,1,@marisosa7832,@SuperVictor2005
UC3NMzdMYryaw82kPTnsaljg,UCTylKrsqkrBKIqubMu_5N0Q,1,@marisosa7832,@edwingeovanymarroquinmarro6684
UC3NMzdMYryaw82kPTnsaljg,UCUIIIPTVDVHAXqhC_5V6lPA,1,@marisosa7832,@gorrarota
UC3NMzdMYryaw82kPTnsaljg,UCV0iizTBoOfdAFX_thfI9BA,1,@marisosa7832,@BenjaminLarios-jd8nk
UC3NMzdMYryaw82kPTnsaljg,UCWIZUtKJ636y-4TYrNvok0g,1,@marisosa7832,@cesarandreas7824
UC3NMzdMYryaw82kPTnsaljg,UCXSkL3ejZ8qWYyF_M7s_QKA,1,@marisosa7832,@JacintaTzoy
UC3NMzdMYryaw82kPTnsaljg,UCXXh7yg5KUFIWylTiKVEFKQ,1,@marisosa7832,@MrDuenderojo
UC3NMzdMYryaw82kPTnsaljg,UCXgr7vXlRrsaskPdo097kGA,1,@marisosa7832,@Rogergh-nw4oj
UC3NMzdMYryaw82kPTnsaljg,UCXr8_5WtGeipe4haOoQDgyQ,1,@marisosa7832,@amyherrera7352
UC3NMzdMYryaw82kPTnsaljg,UCYN4wSQ1Sx4_LurxLlW7MPg,1,@marisosa7832,@belarminavillatoro6474
UC3NMzdMYryaw82kPTnsaljg,UCYwpX26TrCxq8TvbKGRYLXA,1,@marisosa7832,@beneficioelcaminovillacana8540
UC3NMzdMYryaw82kPTnsaljg,UCZ51R_9Q9C0c8I3pAWhtmjQ,1,@marisosa7832,@belvettzapeta1251
UC3NMzdMYryaw82kPTnsaljg,UCZLG9qH0tUjNhEGFIUt0CYw,1,@marisosa7832,@SoniaMarroquin-y6e
UC3NMzdMYryaw82kPTnsaljg,UCcfdg8crmMJwEuLUsAhV7yg,1,@marisosa7832,@RolandoRaguay
UC3NMzdMYryaw82kPTnsaljg,UCfM3nrxtTQMY5jFx1v1J4Gg,1,@marisosa7832,@edgarroldan5539
UC3NMzdMYryaw82kPTnsaljg,UCgvw7xIdGFupzpt1Y_BFkEA,1,@marisosa7832,@fredygarcia9151
UC3NMzdMYryaw82kPTnsaljg,UCh5ESQvtzyHDhCA7XyekCFA,1,@marisosa7832,@andyB5280
UC3NMzdMYryaw82kPTnsaljg,UChZknRmJkeGeQk0-mQuhDOg,1,@marisosa7832,@OdilioRodríguez-c5w
UC3NMzdMYryaw82kPTnsaljg,UChep9kVb5gQmpodEEl10Xlg,1,@marisosa7832,@carlosaguilar-kz7ml
UC3NMzdMYryaw82kPTnsaljg,UChgkn5Jt5tWKYMoEOuCjz3Q,1,@marisosa7832,@pablochitay46
UC3NMzdMYryaw82kPTnsaljg,UChs3tU2BcKOT0CezykvAsGw,1,@marisosa7832,@byronpontaza
UC3NMzdMYryaw82kPTnsaljg,UCi1b_TRQfgO1Z9O2gNGGWNA,1,@marisosa7832,@davidisraelesquitsaquil
UC3NMzdMYryaw82kPTnsaljg,UCiGRBf2RNF0WRKhRVT7zFoA,1,@marisosa7832,@edwinavila4876
UC3NMzdMYryaw82kPTnsaljg,UCiMythXHsw7eQEMykCdmMUA,1,@marisosa7832,@JavierBecerra-h6x
UC3NMzdMYryaw82kPTnsaljg,UCipetjeiWj4CZB6EbyYziZg,1,@marisosa7832,@OseasSamayoa-ol5rz
UC3NMzdMYryaw82kPTnsaljg,UCj-LL25XJnjxepPKCc3NGog,1,@marisosa7832,@anaaguirre8985
UC3NMzdMYryaw82kPTnsaljg,UCjSKM9j0Q7HLDr1hD6D-TUw,1,@marisosa7832,@josehidalgo4875
UC3NMzdMYryaw82kPTnsaljg,UCjmPuazZJzscrwvk0QR9RVw,1,@marisosa7832,@mynorrodas8591
UC3NMzdMYryaw82kPTnsaljg,UCkd9W714-947dEE6ZOEBATA,1,@marisosa7832,@ARGELIATELON
UC3NMzdMYryaw82kPTnsaljg,UCl0ekS9Tt0jJGtOEM18S63w,1,@marisosa7832,@monkchapin
UC3NMzdMYryaw82kPTnsaljg,UCljDbleJul41G1TzOjOZAVA,1,@marisosa7832,@hectorcarranza3777
UC3NMzdMYryaw82kPTnsaljg,UCmjppp6ujz3SAnULvP3sZMw,1,@marisosa7832,@marcomendez7509
UC3NMzdMYryaw82kPTnsaljg,UCmvOgzmmXbjUthHy-WJ52hQ,1,@marisosa7832,@mariorodas593
UC3NMzdMYryaw82kPTnsaljg,UCp4iw5_5SmV9VGTFSNVGOmQ,1,@marisosa7832,@CARLOSSTREMS51
UC3NMzdMYryaw82kPTnsaljg,UCpIdtvoFHVLGASGB5ySqIEA,1,@marisosa7832,@VidalVillatoro-p4w
UC3NMzdMYryaw82kPTnsaljg,UCpl8rF8uv_8uui-QRvuJaRA,1,@marisosa7832,@SergioGarcia-z9c
UC3NMzdMYryaw82kPTnsaljg,UCplrIQtaPj6au60_f2-mOYw,1,@marisosa7832,@romeolopezherrarte799
UC3NMzdMYryaw82kPTnsaljg,UCpsKOkt5iWTbenzeuq7dsmQ,1,@marisosa7832,@inge_vergueta
UC3NMzdMYryaw82kPTnsaljg,UCr1emrogPKkKTs_WTtx71xg,1,@marisosa7832,@domingopeneleu6457
UC3NMzdMYryaw82kPTnsaljg,UCrJn_rbo_ENAdeqneS-RmRw,1,@marisosa7832,@josecarrera9623
UC3NMzdMYryaw82kPTnsaljg,UCsJJAvrVGupdmhOqgtDp8dg,1,@marisosa7832,@nestorlorenzana1168
UC3NMzdMYryaw82kPTnsaljg,UCsSXdJct-nsS8DsABoEsaYA,1,@marisosa7832,@IvánPérez-j4j
UC3NMzdMYryaw82kPTnsaljg,UCsUCN0Yq_UyTvKjOJLmNrnQ,1,@marisosa7832,@moisesvaldez4043
UC3NMzdMYryaw82kPTnsaljg,UCsjs5Hp_r86x1xbK6FAeqaA,1,@marisosa7832,@alvaroesquivel563
UC3NMzdMYryaw82kPTnsaljg,UCtNfIBnc5S5DbbQj_yxgJTw,1,@marisosa7832,@JosueRamirez-ey3ih
UC3NMzdMYryaw82kPTnsaljg,UCtUR3_CAiE7fCoZHM6cMfyQ,1,@marisosa7832,@mdelcid01
UC3NMzdMYryaw82kPTnsaljg,UCueV9cTyTDwgQSec1x2dYgA,1,@marisosa7832,@fredydomingo7062
UC3NMzdMYryaw82kPTnsaljg,UCujPF2nBgsTD62nWE3lcpIg,1,@marisosa7832,@victorarturoruanobautista7588
UC3NMzdMYryaw82kPTnsaljg,UCut6b9S98nv84cVX89PmKzA,1,@marisosa7832,@yeniferaguirre4498
UC3NMzdMYryaw82kPTnsaljg,UCvApqeCbLod-wejtT4CcVuA,1,@marisosa7832,@davidgaher9550
UC3NMzdMYryaw82kPTnsaljg,UCwO2SXr0ggzwg6QWWrr01nQ,1,@marisosa7832,@ricardofigueroa5720
UC3NMzdMYryaw82kPTnsaljg,UCwW2OFy95P7ZBkOPxWkpvYg,1,@marisosa7832,@TeresaLucero-b5o
UC3NMzdMYryaw82kPTnsaljg,UCwha8rxULYMVtNwZWeSkE1A,1,@marisosa7832,@mariasamo8637
UC3NMzdMYryaw82kPTnsaljg,UCxff05WuyvwELNITi7bj7UA,1,@marisosa7832,@markoherrera
UC3NMzdMYryaw82kPTnsaljg,UCySYJU5kUh7X8gVt9la2ISA,1,@marisosa7832,@dantesarti4351
UC3NMzdMYryaw82kPTnsaljg,UCylqlpsh8ENNM1LqgQ1KbxA,1,@marisosa7832,@Jel.Awesh.M
UC3NMzdMYryaw82kPTnsaljg,UCz3gu01bmjNv0DpRq-K3XYg,1,@marisosa7832,@eusebiovasquez4385
UC3NMzdMYryaw82kPTnsaljg,UCzSfZlOVxBSs5ObD25ywxDQ,1,@marisosa7832,@GilmarMaldonado-q9m
UC3NMzdMYryaw82kPTnsaljg,UCzoL2l5H5eVlorWGH8AZfAg,1,@marisosa7832,@jor77cas
UC3UVO7pTbeYvZ3ILEyRDskQ,UC4Avya4kmR4Q0FrfFdBozSQ,1,@rosaelenaargueta79,@davidlima1348
UC3UVO7pTbeYvZ3ILEyRDskQ,UC5hvEnRUzI4Kfvwnyi4QxqQ,1,@rosaelenaargueta79,@leonelsantizo5281
UC3UVO7pTbeYvZ3ILEyRDskQ,UC6Uj1FT5JjDSF8vudvDxPAA,1,@rosaelenaargueta79,@alfredoortega9264
UC3UVO7pTbeYvZ3ILEyRDskQ,UC7dadZG7kkGYnsNu6td0FbA,1,@rosaelenaargueta79,@lesolorzano
UC3UVO7pTbeYvZ3ILEyRDskQ,UC816IGbFCZinfYS1LRDaaHg,1,@rosaelenaargueta79,@ingenieroar
UC3UVO7pTbeYvZ3ILEyRDskQ,UC95PSMouTx2N5CbSq0hIyrQ,1,@rosaelenaargueta79,@lisss1908
UC3UVO7pTbeYvZ3ILEyRDskQ,UCAKuKvcbfnBD3kF5njNu-IA,1,@rosaelenaargueta79,@melvinlopez7096
UC3UVO7pTbeYvZ3ILEyRDskQ,UCCBYcToQ2dwkd6TJh0FSyDg,1,@rosaelenaargueta79,@lidiarodriguez3493
UC3UVO7pTbeYvZ3ILEyRDskQ,UCDrmf9y9nLgFY5wnA2hTuGA,1,@rosaelenaargueta79,@laboratorio5528
UC3UVO7pTbeYvZ3ILEyRDskQ,UCGGHbtfbbe0o68etrOf0qxw,1,@rosaelenaargueta79,@karensussetteleonvargas9794
UC3UVO7pTbeYvZ3ILEyRDskQ,UCHbwIx9pmQuf7i-4_xO2EpA,1,@rosaelenaargueta79,@caminoseternos752
UC3UVO7pTbeYvZ3ILEyRDskQ,UCNpt5CQlTzNjlAKY6CJtClQ,1,@rosaelenaargueta79,@eustaquiogomez9975
UC3UVO7pTbeYvZ3ILEyRDskQ,UCOcUI5XkTYNMSFhZNMIPpGg,1,@rosaelenaargueta79,@hendersonlopez3864
UC3UVO7pTbeYvZ3ILEyRDskQ,UCQqlPPUGqAfWjd-FSh_qn7Q,1,@rosaelenaargueta79,@estuardoargueta137
UC3UVO7pTbeYvZ3ILEyRDskQ,UCQyOePccUP-fIJYzchAgZYw,1,@rosaelenaargueta79,@aguilar4254
UC3UVO7pTbeYvZ3ILEyRDskQ,UCRAquv8el-tQ30bN7MlmySQ,1,@rosaelenaargueta79,@iamjimalesssa
UC3UVO7pTbeYvZ3ILEyRDskQ,UCRvPToDkkumha7WJAfCDk1A,1,@rosaelenaargueta79,@ligiaguerra3057
UC3UVO7pTbeYvZ3ILEyRDskQ,UCUoYsrx1oZnCZ0usbBJn4fA,1,@rosaelenaargueta79,@AnaDiaz-re9sq
UC3UVO7pTbeYvZ3ILEyRDskQ,UCV0lM03g5fg5pbPj97-sAtA,1,@rosaelenaargueta79,@genarodelgado3929
UC3UVO7pTbeYvZ3ILEyRDskQ,UCW-JC6lebVmf2P1dmY_L94g,1,@rosaelenaargueta79,@dinoraoroxon5771
UC3UVO7pTbeYvZ3ILEyRDskQ,UCW80DaMjQlEUibC98Cot-Dg,1,@rosaelenaargueta79,@rogeraldana4289
UC3UVO7pTbeYvZ3ILEyRDskQ,UCWoAVGVqCn4xtINCMOTM4jg,1,@rosaelenaargueta79,@OmarMartinez-vv8re
UC3UVO7pTbeYvZ3ILEyRDskQ,UCZeIIQrGAedW8tCbKWmGY-A,1,@rosaelenaargueta79,@mariocordon8873
UC3UVO7pTbeYvZ3ILEyRDskQ,UC_LYoGs5C3mbZKZuKuqYCvw,1,@rosaelenaargueta79,@javiercifuentesarchila6041
UC3UVO7pTbeYvZ3ILEyRDskQ,UCaKAjTW9MVub_clgr4DRYjQ,1,@rosaelenaargueta79,@josecastillo4390
UC3UVO7pTbeYvZ3ILEyRDskQ,UCdFlugHJJa4l3YqWuNRmvXw,1,@rosaelenaargueta79,@MarcosCarillo-b1r
UC3UVO7pTbeYvZ3ILEyRDskQ,UCe8JZoYkX5oKUZyivHYdXhw,1,@rosaelenaargueta79,@FernandoGarcia-jg1fj
UC3UVO7pTbeYvZ3ILEyRDskQ,UCeDNEtI8_a42bZ47wJiJMwQ,1,@rosaelenaargueta79,@EdgarcalderonCalderong
UC3UVO7pTbeYvZ3ILEyRDskQ,UCgJNFj5dnxXpcMvmuhZDPxA,1,@rosaelenaargueta79,@NataliaRodriguez-rx5mr
UC3UVO7pTbeYvZ3ILEyRDskQ,UCgQw_Sbq3ugruDUKsq1e0-A,1,@rosaelenaargueta79,@marlenareano-h4t
UC3UVO7pTbeYvZ3ILEyRDskQ,UCiC-Jn7wdgyQV4_Urk0DkWQ,1,@rosaelenaargueta79,@pedroros6358
UC3UVO7pTbeYvZ3ILEyRDskQ,UCkVtmkK07b2zaVVNssX4lOg,1,@rosaelenaargueta79,@HectorElias-u2l
UC3UVO7pTbeYvZ3ILEyRDskQ,UCkbsS_3D-pvg1iHOld9uvIg,1,@rosaelenaargueta79,@gonzalo6075
UC3UVO7pTbeYvZ3ILEyRDskQ,UClhMWQ7XKWywYvbRnuf8QsA,1,@rosaelenaargueta79,@EcPerez-zz9oh
UC3UVO7pTbeYvZ3ILEyRDskQ,UClqA491Xa5fQcXcJJa-vTWw,1,@rosaelenaargueta79,@AndresLemus-k2d
UC3UVO7pTbeYvZ3ILEyRDskQ,UColMq7LmaoY3MT6aIDGrGvA,1,@rosaelenaargueta79,@quijotachapina1
UC3UVO7pTbeYvZ3ILEyRDskQ,UCpe5jW3MIqkgTJ-PgkzvM6Q,1,@rosaelenaargueta79,@carloslam5333
UC3UVO7pTbeYvZ3ILEyRDskQ,UCpsKOkt5iWTbenzeuq7dsmQ,1,@rosaelenaargueta79,@inge_vergueta
UC3UVO7pTbeYvZ3ILEyRDskQ,UCqCrvuoJpC-aVb0f4logQRQ,1,@rosaelenaargueta79,@Lyrics_GT
UC3UVO7pTbeYvZ3ILEyRDskQ,UCsGoJEvb-cFPZ2rWoJcXzEQ,1,@rosaelenaargueta79,@sergiohinestroza9709
UC3UVO7pTbeYvZ3ILEyRDskQ,UCu8_3-Wg-YzNyvHYQDEscfw,1,@rosaelenaargueta79,@RolandoCastroPérez-d7y
UC3UVO7pTbeYvZ3ILEyRDskQ,UCuXmOjxC-htcprLgeVXz6Tg,1,@rosaelenaargueta79,@jorgeaguilar-bq3uj
UC3UVO7pTbeYvZ3ILEyRDskQ,UCwgCc9Jd_gG-uLE_SY-FfPg,1,@rosaelenaargueta79,@armindapenados2841
UC3UVO7pTbeYvZ3ILEyRDskQ,UCwjUvRseNtJoItylIyIez7Q,1,@rosaelenaargueta79,@Silviazea
UC3UVO7pTbeYvZ3ILEyRDskQ,UCylqlpsh8ENNM1LqgQ1KbxA,1,@rosaelenaargueta79,@Jel.Awesh.M
UC3XTwHxygNCgjndsg-UiCQA,UC3qn1yJA5PeW9rkGPatQxiw,1,@marioajset4283,@VICTOREST19
UC3XTwHxygNCgjndsg-UiCQA,UC4cXueR2bKGFJV0Fk76gwmA,1,@marioajset4283,@aluxdel4792
UC3XTwHxygNCgjndsg-UiCQA,UC4wq3DcbfaG6dtCqn8Oyu3w,1,@marioajset4283,@hugoasencio7764
UC3XTwHxygNCgjndsg-UiCQA,UC5H8ASmMC9WrURmzeB4ySog,1,@marioajset4283,@ManuelEdran
UC3XTwHxygNCgjndsg-UiCQA,UC5bG9nc_JV3FsNP2KseQiYw,1,@marioajset4283,@giovannirodas4836
UC3XTwHxygNCgjndsg-UiCQA,UC650pRT-OYzny3GwOH8Cgfw,1,@marioajset4283,@edvinparedesherrera7632
UC3XTwHxygNCgjndsg-UiCQA,UC6PvO1_k5lHKGdAPo5_C6TA,1,@marioajset4283,@johnmejia992
UC3XTwHxygNCgjndsg-UiCQA,UC6YSZqL0vEcI-niPKIMUGfw,1,@marioajset4283,@maxwellsales885
UC3XTwHxygNCgjndsg-UiCQA,UC72gBAtyb_VXQlYDcFrh6oQ,1,@marioajset4283,@osmanmorales3012
UC3XTwHxygNCgjndsg-UiCQA,UC7VUuJr9cGh845CmTvf7TlQ,1,@marioajset4283,@LuisCastillo-oz4df
UC3XTwHxygNCgjndsg-UiCQA,UC8F2V63KZ4ZEay6opX2hAQw,1,@marioajset4283,@carmenr6311
UC3XTwHxygNCgjndsg-UiCQA,UC8G5cJONY8L9voMyBW8Eoug,1,@marioajset4283,@luisparedes-pw6qt
UC3XTwHxygNCgjndsg-UiCQA,UC8r11yOugM2NuRfitQOxLLg,1,@marioajset4283,@cesaraugustomoralesmonroy6907
UC3XTwHxygNCgjndsg-UiCQA,UC9vMq1YF-e7C-VO0SHkbUTA,1,@marioajset4283,@ErvinLeonardoCarreraLatín
UC3XTwHxygNCgjndsg-UiCQA,UC9xr9QvIcDvoZNUX5f-jaZw,1,@marioajset4283,@MariaaliciaColonmorales
UC3XTwHxygNCgjndsg-UiCQA,UCA93ym2TXs_Ibyxb4Vcn-6Q,1,@marioajset4283,@oswaldosolis8728
UC3XTwHxygNCgjndsg-UiCQA,UCAlzM_N6xBlMYmM8EBzX86Q,1,@marioajset4283,@carlossoto3252
UC3XTwHxygNCgjndsg-UiCQA,UCAmtbUiIrUIhikru0ZoTFig,1,@marioajset4283,@Aura-vf6dm
UC3XTwHxygNCgjndsg-UiCQA,UCB5p8a5gklc80jJItP6xTHg,1,@marioajset4283,@ernestogamboa8737
UC3XTwHxygNCgjndsg-UiCQA,UCCaYwkkbQGcvFoUmothVdQQ,1,@marioajset4283,@OsvaldoAguirre-l3i
UC3XTwHxygNCgjndsg-UiCQA,UCDIMztpVm7G27qBuiWuT6oQ,1,@marioajset4283,@lizardomorataya8274
UC3XTwHxygNCgjndsg-UiCQA,UCDPWkUX3sNNaCx-m1dV4glA,1,@marioajset4283,@hectoroliva949
UC3XTwHxygNCgjndsg-UiCQA,UCDQaQv0hr2SS_PO-CMEwVHg,1,@marioajset4283,@federicosaquimux1933
UC3XTwHxygNCgjndsg-UiCQA,UCDUffaruH6dyUnUGwsTKpgg,1,@marioajset4283,@luisletona2842
UC3XTwHxygNCgjndsg-UiCQA,UCDftMWXQoJ6nONfY7GVOVjg,1,@marioajset4283,@luisgpacheco5858
UC3XTwHxygNCgjndsg-UiCQA,UCDlr1VadSucIZgZ171pRBjQ,1,@marioajset4283,@cuabatzjj5924
UC3XTwHxygNCgjndsg-UiCQA,UCEgEQmRbtL5fwr9_DqAC--g,1,@marioajset4283,@ArielRodas-g5y
UC3XTwHxygNCgjndsg-UiCQA,UCErZPJpHmLCsXs8ZWkAUupQ,1,@marioajset4283,@dorisl.garciaroche7763
UC3XTwHxygNCgjndsg-UiCQA,UCFUuDARXdmmIrLppEqf-rFg,1,@marioajset4283,@allanmunoz7410
UC3XTwHxygNCgjndsg-UiCQA,UCFhxtoeARHPnXXPcDrOU3Xg,1,@marioajset4283,@diegoalejandrolopezmendez205
UC3XTwHxygNCgjndsg-UiCQA,UCFjudnPLoaSL1BaRuLahyHg,1,@marioajset4283,@HaroldoCastillo-rh9iw
UC3XTwHxygNCgjndsg-UiCQA,UCFoIAE8k82D6AV-8gjjKaNg,1,@marioajset4283,@eddymunoz9789
UC3XTwHxygNCgjndsg-UiCQA,UCFxE8GbokBrBsPEKM1xrOjQ,1,@marioajset4283,@JuanDavila-qd7qj
UC3XTwHxygNCgjndsg-UiCQA,UCGzXwyCzMzGmjmCbH3Hg01Q,1,@marioajset4283,@FidelZacarias-ph7dy
UC3XTwHxygNCgjndsg-UiCQA,UCHTGCgY2l-DQJIvlA_cpa_Q,1,@marioajset4283,@virgiliogarcia3039
UC3XTwHxygNCgjndsg-UiCQA,UCHhHUjaMAZ8SiXdCUCj9DkQ,1,@marioajset4283,@fredymendez1786
UC3XTwHxygNCgjndsg-UiCQA,UCKDR0f2fu2UzWL8mBv5-BHw,1,@marioajset4283,@mireyamorales6595
UC3XTwHxygNCgjndsg-UiCQA,UCL13XhnRzbGokEkCkEOb0-g,1,@marioajset4283,@raquelprado3643
UC3XTwHxygNCgjndsg-UiCQA,UCL1MT278vSaQ83ZDkVWn1gw,1,@marioajset4283,@elmorodriguez6978
UC3XTwHxygNCgjndsg-UiCQA,UCLFdHr9BEbXHkoJopbEPLZw,1,@marioajset4283,@kanterra4584
UC3XTwHxygNCgjndsg-UiCQA,UCLggDc_a5HriXv7I1h02sOA,1,@marioajset4283,@guillermogonzalez5153
UC3XTwHxygNCgjndsg-UiCQA,UCN6qbfPSzFtjhqUDZ3Cv3CQ,1,@marioajset4283,@carlosmedranovelasquez6380
UC3XTwHxygNCgjndsg-UiCQA,UCNBnKqWf4d-rS4HwJRQljmQ,1,@marioajset4283,@LE_A22
UC3XTwHxygNCgjndsg-UiCQA,UCNkcuy42zEwddwEcOd_HpnA,1,@marioajset4283,@vanigomez492
UC3XTwHxygNCgjndsg-UiCQA,UCOLGv5Pf6BF2wFcwUzgcvHg,1,@marioajset4283,@welfrealdana5559
UC3XTwHxygNCgjndsg-UiCQA,UCOS8ViEkccrTZx2w2ccxotA,1,@marioajset4283,@OscarHernandez-q8y
UC3XTwHxygNCgjndsg-UiCQA,UCOh6DaZC_x9HASnlRylEMfw,1,@marioajset4283,@AndresMedina-v1s
UC3XTwHxygNCgjndsg-UiCQA,UCQ_-LPP8JAbfkc-b1Q6NvWw,1,@marioajset4283,@MegaKristenstewart
UC3XTwHxygNCgjndsg-UiCQA,UCQgYjVngJRfPHDLGB5X6ZjA,1,@marioajset4283,@oscarnavas9996
UC3XTwHxygNCgjndsg-UiCQA,UCQqetiwzzmRNTM5OWuXarGQ,1,@marioajset4283,@isaiaslopezvelasquez1539
UC3XTwHxygNCgjndsg-UiCQA,UCQtICyzWmhC5woCtbNgaSmg,1,@marioajset4283,@nestormendez6216
UC3XTwHxygNCgjndsg-UiCQA,UCQtSFINs1h6GHkpg9o5kMvg,1,@marioajset4283,@MacarioMartinezruiz
UC3XTwHxygNCgjndsg-UiCQA,UCRETAiYdh2dL5ZxB0_N1zDA,1,@marioajset4283,@Joseroland21
UC3XTwHxygNCgjndsg-UiCQA,UCRelkU8JiZBytTzebJxaa-w,1,@marioajset4283,@danyraymundo2942
UC3XTwHxygNCgjndsg-UiCQA,UCRlCV9zSn7avAWh-9_XFWqQ,1,@marioajset4283,@ronyarana8849
UC3XTwHxygNCgjndsg-UiCQA,UCSou6a2OuYGSvPjm5psquyA,1,@marioajset4283,@FranciscoRivera-sf7ne
UC3XTwHxygNCgjndsg-UiCQA,UCTD6q1nyIe3Y7HhqjaMj72w,1,@marioajset4283,@JuanChang-r6k
UC3XTwHxygNCgjndsg-UiCQA,UCTP3O0rMnc8z8v8jaDQwL0w,1,@marioajset4283,@RobertoZelaya-x1v
UC3XTwHxygNCgjndsg-UiCQA,UCThW2XNsAaBKme5PUt7n-Zg,1,@marioajset4283,@thelmamoran8565
UC3XTwHxygNCgjndsg-UiCQA,UCTwSut16JyAg3mX6LVUNGqA,1,@marioajset4283,@SuperVictor2005
UC3XTwHxygNCgjndsg-UiCQA,UCTylKrsqkrBKIqubMu_5N0Q,1,@marioajset4283,@edwingeovanymarroquinmarro6684
UC3XTwHxygNCgjndsg-UiCQA,UCUIIIPTVDVHAXqhC_5V6lPA,1,@marioajset4283,@gorrarota
UC3XTwHxygNCgjndsg-UiCQA,UCV0iizTBoOfdAFX_thfI9BA,1,@marioajset4283,@BenjaminLarios-jd8nk
UC3XTwHxygNCgjndsg-UiCQA,UCWIZUtKJ636y-4TYrNvok0g,1,@marioajset4283,@cesarandreas7824
UC3XTwHxygNCgjndsg-UiCQA,UCXSkL3ejZ8qWYyF_M7s_QKA,1,@marioajset4283,@JacintaTzoy
UC3XTwHxygNCgjndsg-UiCQA,UCXXh7yg5KUFIWylTiKVEFKQ,1,@marioajset4283,@MrDuenderojo
UC3XTwHxygNCgjndsg-UiCQA,UCXgr7vXlRrsaskPdo097kGA,1,@marioajset4283,@Rogergh-nw4oj
UC3XTwHxygNCgjndsg-UiCQA,UCXr8_5WtGeipe4haOoQDgyQ,1,@marioajset4283,@amyherrera7352
UC3XTwHxygNCgjndsg-UiCQA,UCYN4wSQ1Sx4_LurxLlW7MPg,1,@marioajset4283,@belarminavillatoro6474
UC3XTwHxygNCgjndsg-UiCQA,UCYwpX26TrCxq8TvbKGRYLXA,1,@marioajset4283,@beneficioelcaminovillacana8540
UC3XTwHxygNCgjndsg-UiCQA,UCZ51R_9Q9C0c8I3pAWhtmjQ,1,@marioajset4283,@belvettzapeta1251
UC3XTwHxygNCgjndsg-UiCQA,UCZLG9qH0tUjNhEGFIUt0CYw,1,@marioajset4283,@SoniaMarroquin-y6e
UC3XTwHxygNCgjndsg-UiCQA,UCcfdg8crmMJwEuLUsAhV7yg,1,@marioajset4283,@RolandoRaguay
UC3XTwHxygNCgjndsg-UiCQA,UCfM3nrxtTQMY5jFx1v1J4Gg,1,@marioajset4283,@edgarroldan5539
UC3XTwHxygNCgjndsg-UiCQA,UCgvw7xIdGFupzpt1Y_BFkEA,1,@marioajset4283,@fredygarcia9151
UC3XTwHxygNCgjndsg-UiCQA,UCh5ESQvtzyHDhCA7XyekCFA,1,@marioajset4283,@andyB5280
UC3XTwHxygNCgjndsg-UiCQA,UChZknRmJkeGeQk0-mQuhDOg,1,@marioajset4283,@OdilioRodríguez-c5w
UC3XTwHxygNCgjndsg-UiCQA,UChep9kVb5gQmpodEEl10Xlg,1,@marioajset4283,@carlosaguilar-kz7ml
UC3XTwHxygNCgjndsg-UiCQA,UChgkn5Jt5tWKYMoEOuCjz3Q,1,@marioajset4283,@pablochitay46
UC3XTwHxygNCgjndsg-UiCQA,UChs3tU2BcKOT0CezykvAsGw,1,@marioajset4283,@byronpontaza
UC3XTwHxygNCgjndsg-UiCQA,UCi1b_TRQfgO1Z9O2gNGGWNA,1,@marioajset4283,@davidisraelesquitsaquil
UC3XTwHxygNCgjndsg-UiCQA,UCiGRBf2RNF0WRKhRVT7zFoA,1,@marioajset4283,@edwinavila4876
UC3XTwHxygNCgjndsg-UiCQA,UCiMythXHsw7eQEMykCdmMUA,1,@marioajset4283,@JavierBecerra-h6x
UC3XTwHxygNCgjndsg-UiCQA,UCipetjeiWj4CZB6EbyYziZg,1,@marioajset4283,@OseasSamayoa-ol5rz
UC3XTwHxygNCgjndsg-UiCQA,UCj-LL25XJnjxepPKCc3NGog,1,@marioajset4283,@anaaguirre8985
UC3XTwHxygNCgjndsg-UiCQA,UCjSKM9j0Q7HLDr1hD6D-TUw,1,@marioajset4283,@josehidalgo4875
UC3XTwHxygNCgjndsg-UiCQA,UCjmPuazZJzscrwvk0QR9RVw,1,@marioajset4283,@mynorrodas8591
UC3XTwHxygNCgjndsg-UiCQA,UCkd9W714-947dEE6ZOEBATA,1,@marioajset4283,@ARGELIATELON
UC3XTwHxygNCgjndsg-UiCQA,UCl0ekS9Tt0jJGtOEM18S63w,1,@marioajset4283,@monkchapin
UC3XTwHxygNCgjndsg-UiCQA,UCljDbleJul41G1TzOjOZAVA,1,@marioajset4283,@hectorcarranza3777
UC3XTwHxygNCgjndsg-UiCQA,UCmjppp6ujz3SAnULvP3sZMw,1,@marioajset4283,@marcomendez7509
UC3XTwHxygNCgjndsg-UiCQA,UCmvOgzmmXbjUthHy-WJ52hQ,1,@marioajset4283,@mariorodas593
UC3XTwHxygNCgjndsg-UiCQA,UCp4iw5_5SmV9VGTFSNVGOmQ,1,@marioajset4283,@CARLOSSTREMS51
UC3XTwHxygNCgjndsg-UiCQA,UCpIdtvoFHVLGASGB5ySqIEA,1,@marioajset4283,@VidalVillatoro-p4w
UC3XTwHxygNCgjndsg-UiCQA,UCpl8rF8uv_8uui-QRvuJaRA,1,@marioajset4283,@SergioGarcia-z9c
UC3XTwHxygNCgjndsg-UiCQA,UCplrIQtaPj6au60_f2-mOYw,1,@marioajset4283,@romeolopezherrarte799
UC3XTwHxygNCgjndsg-UiCQA,UCpsKOkt5iWTbenzeuq7dsmQ,1,@marioajset4283,@inge_vergueta
UC3XTwHxygNCgjndsg-UiCQA,UCr1emrogPKkKTs_WTtx71xg,1,@marioajset4283,@domingopeneleu6457
UC3XTwHxygNCgjndsg-UiCQA,UCrJn_rbo_ENAdeqneS-RmRw,1,@marioajset4283,@josecarrera9623
UC3XTwHxygNCgjndsg-UiCQA,UCsJJAvrVGupdmhOqgtDp8dg,1,@marioajset4283,@nestorlorenzana1168
UC3XTwHxygNCgjndsg-UiCQA,UCsSXdJct-nsS8DsABoEsaYA,1,@marioajset4283,@IvánPérez-j4j
UC3XTwHxygNCgjndsg-UiCQA,UCsUCN0Yq_UyTvKjOJLmNrnQ,1,@marioajset4283,@moisesvaldez4043
UC3XTwHxygNCgjndsg-UiCQA,UCsjs5Hp_r86x1xbK6FAeqaA,1,@marioajset4283,@alvaroesquivel563
UC3XTwHxygNCgjndsg-UiCQA,UCtNfIBnc5S5DbbQj_yxgJTw,1,@marioajset4283,@JosueRamirez-ey3ih
UC3XTwHxygNCgjndsg-UiCQA,UCtUR3_CAiE7fCoZHM6cMfyQ,1,@marioajset4283,@mdelcid01
UC3XTwHxygNCgjndsg-UiCQA,UCueV9cTyTDwgQSec1x2dYgA,1,@marioajset4283,@fredydomingo7062
UC3XTwHxygNCgjndsg-UiCQA,UCujPF2nBgsTD62nWE3lcpIg,1,@marioajset4283,@victorarturoruanobautista7588
UC3XTwHxygNCgjndsg-UiCQA,UCut6b9S98nv84cVX89PmKzA,1,@marioajset4283,@yeniferaguirre4498
UC3XTwHxygNCgjndsg-UiCQA,UCvApqeCbLod-wejtT4CcVuA,1,@marioajset4283,@davidgaher9550
UC3XTwHxygNCgjndsg-UiCQA,UCwO2SXr0ggzwg6QWWrr01nQ,1,@marioajset4283,@ricardofigueroa5720
UC3XTwHxygNCgjndsg-UiCQA,UCwW2OFy95P7ZBkOPxWkpvYg,1,@marioajset4283,@TeresaLucero-b5o
UC3XTwHxygNCgjndsg-UiCQA,UCwha8rxULYMVtNwZWeSkE1A,1,@marioajset4283,@mariasamo8637
UC3XTwHxygNCgjndsg-UiCQA,UCxff05WuyvwELNITi7bj7UA,1,@marioajset4283,@markoherrera
UC3XTwHxygNCgjndsg-UiCQA,UCySYJU5kUh7X8gVt9la2ISA,1,@marioajset4283,@dantesarti4351
UC3XTwHxygNCgjndsg-UiCQA,UCylqlpsh8ENNM1LqgQ1KbxA,1,@marioajset4283,@Jel.Awesh.M
UC3XTwHxygNCgjndsg-UiCQA,UCz3gu01bmjNv0DpRq-K3XYg,1,@marioajset4283,@eusebiovasquez4385
UC3XTwHxygNCgjndsg-UiCQA,UCzSfZlOVxBSs5ObD25ywxDQ,1,@marioajset4283,@GilmarMaldonado-q9m
UC3XTwHxygNCgjndsg-UiCQA,UCzoL2l5H5eVlorWGH8AZfAg,1,@marioajset4283,@jor77cas
UC3YpzAr7pcdKC7BVFEpYzog,UC63tFvbQ_hJhGDi2nbjssjw,1,@carmenfigueroa1232,@AbigailRodas-w2r
UC3YpzAr7pcdKC7BVFEpYzog,UCEHXl4VvvVpq-_4xC5tsbhg,1,@carmenfigueroa1232,@anibalg47
UC3YpzAr7pcdKC7BVFEpYzog,UCFybmWapGvBKcQod7cPPH9w,1,@carmenfigueroa1232,@vitalianochavez8382
UC3YpzAr7pcdKC7BVFEpYzog,UCRfkkatKrNtAARnXMMYBGlA,1,@carmenfigueroa1232,@BernerSoza-mg3vx
UC3YpzAr7pcdKC7BVFEpYzog,UCV3fr-YOixFKCZBbJP1-X4w,1,@carmenfigueroa1232,@albertoshernandez5251
UC3YpzAr7pcdKC7BVFEpYzog,UCWaRixDdpgllTBf4V0jPnKQ,1,@carmenfigueroa1232,@hectormaaz5523
UC3YpzAr7pcdKC7BVFEpYzog,UCWvntqPQx99k_Z_skWKqNSA,1,@carmenfigueroa1232,@AntonioChiyal-x5s
UC3YpzAr7pcdKC7BVFEpYzog,UCZFQwqh90apuL8eFhvRBkUg,1,@carmenfigueroa1232,@luisricardo9671
UC3YpzAr7pcdKC7BVFEpYzog,UCa36MjQLoPAmgJo-R3G8WQA,1,@carmenfigueroa1232,@elsasalguero6914
UC3YpzAr7pcdKC7BVFEpYzog,UCaT4saRcyqCLE657Rq2hhZQ,1,@carmenfigueroa1232,@elmilenial4064
UC3YpzAr7pcdKC7BVFEpYzog,UCeQk-WfEA-cJRq4EKeE7TOw,1,@carmenfigueroa1232,@franciscojuarez9223
UC3YpzAr7pcdKC7BVFEpYzog,UCfo_yUPzy1f1POwwZxhZ06Q,1,@carmenfigueroa1232,@lara11roberto
UC3YpzAr7pcdKC7BVFEpYzog,UCgGqw4aqMdMVSGkKiMgrJRQ,1,@carmenfigueroa1232,@pattyfigueroa5609
UC3YpzAr7pcdKC7BVFEpYzog,UCheEJ5GZuIvV0fj-nXyVwXw,1,@carmenfigueroa1232,@rosaoliva9389
UC3YpzAr7pcdKC7BVFEpYzog,UChyps3dqY-VY1_wLeq-2lhw,1,@carmenfigueroa1232,@maydamorales4395
UC3YpzAr7pcdKC7BVFEpYzog,UCiOZX__1gahg1ypIj0_XG_w,1,@carmenfigueroa1232,@mariogonzalezorellana8956
UC3YpzAr7pcdKC7BVFEpYzog,UCjZgFEowMBrsjodqfovzdKw,1,@carmenfigueroa1232,@franciscoflores3120
UC3YpzAr7pcdKC7BVFEpYzog,UCoGdCoJg2Lh0OX_jv6cG16g,1,@carmenfigueroa1232,@Israel-u5i7i
UC3YpzAr7pcdKC7BVFEpYzog,UCp29O_C7cchZV8IxV7Crdag,1,@carmenfigueroa1232,@robertoescobar5507
UC3YpzAr7pcdKC7BVFEpYzog,UCql1n3Ey6ULMSOACjMe-fxQ,1,@carmenfigueroa1232,@RolandoGonzalez-o7g
UC3YpzAr7pcdKC7BVFEpYzog,UCtCtts20bW6F9CSohau51Iw,1,@carmenfigueroa1232,@carlosgranados9875
UC3YpzAr7pcdKC7BVFEpYzog,UCtsxPYw8VUsH_FfnKg-0lmw,1,@carmenfigueroa1232,@AlejandroPérez-b6r
UC3YpzAr7pcdKC7BVFEpYzog,UCvDwJBBY1mHK70aTEYl6rsA,1,@carmenfigueroa1232,@cristianescobedo8296
UC3YpzAr7pcdKC7BVFEpYzog,UCwxoKK59nGCeBqB2sXfDBIw,1,@carmenfigueroa1232,@vic-bonivideos
UC3YpzAr7pcdKC7BVFEpYzog,UCyJhqmMbsvjpoarBBStA2kg,1,@carmenfigueroa1232,@Murmullodelbarrio
UC3YpzAr7pcdKC7BVFEpYzog,UCzZ6dDCEsLMXbc5pCFXIprw,1,@carmenfigueroa1232,@josegil3813
UC3iIU62XKUOWuqL8BqBzj9A,UC5PrBbmUlQolwqmiru7yZhw,1,@antonioduarte2288,@lazarochavez8269
UC3iIU62XKUOWuqL8BqBzj9A,UC9Wp6vL5oCU37qC3Aj94WZA,1,@antonioduarte2288,@ManuelSanchez-b8q2z
UC3iIU62XKUOWuqL8BqBzj9A,UCGm3gRBEHGRJYmtCryZLtDw,1,@antonioduarte2288,@JoséLopez-g6k
UC3iIU62XKUOWuqL8BqBzj9A,UCHu8x4MVkayU6VgwVKd--MQ,1,@antonioduarte2288,@Hernandez-i1o
UC3iIU62XKUOWuqL8BqBzj9A,UCsUCN0Yq_UyTvKjOJLmNrnQ,1,@antonioduarte2288,@moisesvaldez4043
UC3qn1yJA5PeW9rkGPatQxiw,UC4cXueR2bKGFJV0Fk76gwmA,1,@VICTOREST19,@aluxdel4792
UC3qn1yJA5PeW9rkGPatQxiw,UC4wq3DcbfaG6dtCqn8Oyu3w,1,@VICTOREST19,@hugoasencio7764
UC3qn1yJA5PeW9rkGPatQxiw,UC5H8ASmMC9WrURmzeB4ySog,1,@VICTOREST19,@ManuelEdran
UC3qn1yJA5PeW9rkGPatQxiw,UC5bG9nc_JV3FsNP2KseQiYw,1,@VICTOREST19,@giovannirodas4836
UC3qn1yJA5PeW9rkGPatQxiw,UC650pRT-OYzny3GwOH8Cgfw,1,@VICTOREST19,@edvinparedesherrera7632
UC3qn1yJA5PeW9rkGPatQxiw,UC6PvO1_k5lHKGdAPo5_C6TA,1,@VICTOREST19,@johnmejia992
UC3qn1yJA5PeW9rkGPatQxiw,UC6YSZqL0vEcI-niPKIMUGfw,1,@VICTOREST19,@maxwellsales885
UC3qn1yJA5PeW9rkGPatQxiw,UC72gBAtyb_VXQlYDcFrh6oQ,1,@VICTOREST19,@osmanmorales3012
UC3qn1yJA5PeW9rkGPatQxiw,UC7VUuJr9cGh845CmTvf7TlQ,1,@VICTOREST19,@LuisCastillo-oz4df
UC3qn1yJA5PeW9rkGPatQxiw,UC8F2V63KZ4ZEay6opX2hAQw,1,@VICTOREST19,@carmenr6311
UC3qn1yJA5PeW9rkGPatQxiw,UC8G5cJONY8L9voMyBW8Eoug,1,@VICTOREST19,@luisparedes-pw6qt
UC3qn1yJA5PeW9rkGPatQxiw,UC8r11yOugM2NuRfitQOxLLg,1,@VICTOREST19,@cesaraugustomoralesmonroy6907
UC3qn1yJA5PeW9rkGPatQxiw,UC9vMq1YF-e7C-VO0SHkbUTA,1,@VICTOREST19,@ErvinLeonardoCarreraLatín
UC3qn1yJA5PeW9rkGPatQxiw,UC9xr9QvIcDvoZNUX5f-jaZw,1,@VICTOREST19,@MariaaliciaColonmorales
UC3qn1yJA5PeW9rkGPatQxiw,UCA93ym2TXs_Ibyxb4Vcn-6Q,1,@VICTOREST19,@oswaldosolis8728
UC3qn1yJA5PeW9rkGPatQxiw,UCAlzM_N6xBlMYmM8EBzX86Q,1,@VICTOREST19,@carlossoto3252
UC3qn1yJA5PeW9rkGPatQxiw,UCAmtbUiIrUIhikru0ZoTFig,1,@VICTOREST19,@Aura-vf6dm
UC3qn1yJA5PeW9rkGPatQxiw,UCB5p8a5gklc80jJItP6xTHg,1,@VICTOREST19,@ernestogamboa8737
UC3qn1yJA5PeW9rkGPatQxiw,UCCaYwkkbQGcvFoUmothVdQQ,1,@VICTOREST19,@OsvaldoAguirre-l3i
UC3qn1yJA5PeW9rkGPatQxiw,UCDIMztpVm7G27qBuiWuT6oQ,1,@VICTOREST19,@lizardomorataya8274
UC3qn1yJA5PeW9rkGPatQxiw,UCDPWkUX3sNNaCx-m1dV4glA,1,@VICTOREST19,@hectoroliva949
UC3qn1yJA5PeW9rkGPatQxiw,UCDQaQv0hr2SS_PO-CMEwVHg,1,@VICTOREST19,@federicosaquimux1933
UC3qn1yJA5PeW9rkGPatQxiw,UCDUffaruH6dyUnUGwsTKpgg,1,@VICTOREST19,@luisletona2842
UC3qn1yJA5PeW9rkGPatQxiw,UCDftMWXQoJ6nONfY7GVOVjg,1,@VICTOREST19,@luisgpacheco5858
UC3qn1yJA5PeW9rkGPatQxiw,UCDlr1VadSucIZgZ171pRBjQ,1,@VICTOREST19,@cuabatzjj5924
UC3qn1yJA5PeW9rkGPatQxiw,UCEgEQmRbtL5fwr9_DqAC--g,1,@VICTOREST19,@ArielRodas-g5y
UC3qn1yJA5PeW9rkGPatQxiw,UCErZPJpHmLCsXs8ZWkAUupQ,1,@VICTOREST19,@dorisl.garciaroche7763
UC3qn1yJA5PeW9rkGPatQxiw,UCFUuDARXdmmIrLppEqf-rFg,1,@VICTOREST19,@allanmunoz7410
UC3qn1yJA5PeW9rkGPatQxiw,UCFhxtoeARHPnXXPcDrOU3Xg,1,@VICTOREST19,@diegoalejandrolopezmendez205
UC3qn1yJA5PeW9rkGPatQxiw,UCFjudnPLoaSL1BaRuLahyHg,1,@VICTOREST19,@HaroldoCastillo-rh9iw
UC3qn1yJA5PeW9rkGPatQxiw,UCFoIAE8k82D6AV-8gjjKaNg,1,@VICTOREST19,@eddymunoz9789
UC3qn1yJA5PeW9rkGPatQxiw,UCFxE8GbokBrBsPEKM1xrOjQ,1,@VICTOREST19,@JuanDavila-qd7qj
UC3qn1yJA5PeW9rkGPatQxiw,UCGzXwyCzMzGmjmCbH3Hg01Q,1,@VICTOREST19,@FidelZacarias-ph7dy
UC3qn1yJA5PeW9rkGPatQxiw,UCHTGCgY2l-DQJIvlA_cpa_Q,1,@VICTOREST19,@virgiliogarcia3039
UC3qn1yJA5PeW9rkGPatQxiw,UCHhHUjaMAZ8SiXdCUCj9DkQ,1,@VICTOREST19,@fredymendez1786
UC3qn1yJA5PeW9rkGPatQxiw,UCKDR0f2fu2UzWL8mBv5-BHw,1,@VICTOREST19,@mireyamorales6595
UC3qn1yJA5PeW9rkGPatQxiw,UCL13XhnRzbGokEkCkEOb0-g,1,@VICTOREST19,@raquelprado3643
UC3qn1yJA5PeW9rkGPatQxiw,UCL1MT278vSaQ83ZDkVWn1gw,1,@VICTOREST19,@elmorodriguez6978
UC3qn1yJA5PeW9rkGPatQxiw,UCLFdHr9BEbXHkoJopbEPLZw,1,@VICTOREST19,@kanterra4584
UC3qn1yJA5PeW9rkGPatQxiw,UCLggDc_a5HriXv7I1h02sOA,1,@VICTOREST19,@guillermogonzalez5153
UC3qn1yJA5PeW9rkGPatQxiw,UCN6qbfPSzFtjhqUDZ3Cv3CQ,1,@VICTOREST19,@carlosmedranovelasquez6380
UC3qn1yJA5PeW9rkGPatQxiw,UCNBnKqWf4d-rS4HwJRQljmQ,1,@VICTOREST19,@LE_A22
UC3qn1yJA5PeW9rkGPatQxiw,UCNkcuy42zEwddwEcOd_HpnA,1,@VICTOREST19,@vanigomez492
UC3qn1yJA5PeW9rkGPatQxiw,UCOLGv5Pf6BF2wFcwUzgcvHg,1,@VICTOREST19,@welfrealdana5559
UC3qn1yJA5PeW9rkGPatQxiw,UCOS8ViEkccrTZx2w2ccxotA,1,@VICTOREST19,@OscarHernandez-q8y
UC3qn1yJA5PeW9rkGPatQxiw,UCOh6DaZC_x9HASnlRylEMfw,1,@VICTOREST19,@AndresMedina-v1s
UC3qn1yJA5PeW9rkGPatQxiw,UCQ_-LPP8JAbfkc-b1Q6NvWw,1,@VICTOREST19,@MegaKristenstewart
UC3qn1yJA5PeW9rkGPatQxiw,UCQgYjVngJRfPHDLGB5X6ZjA,1,@VICTOREST19,@oscarnavas9996
UC3qn1yJA5PeW9rkGPatQxiw,UCQqetiwzzmRNTM5OWuXarGQ,1,@VICTOREST19,@isaiaslopezvelasquez1539
UC3qn1yJA5PeW9rkGPatQxiw,UCQtICyzWmhC5woCtbNgaSmg,1,@VICTOREST19,@nestormendez6216
UC3qn1yJA5PeW9rkGPatQxiw,UCQtSFINs1h6GHkpg9o5kMvg,1,@VICTOREST19,@MacarioMartinezruiz
UC3qn1yJA5PeW9rkGPatQxiw,UCRETAiYdh2dL5ZxB0_N1zDA,1,@VICTOREST19,@Joseroland21
UC3qn1yJA5PeW9rkGPatQxiw,UCRelkU8JiZBytTzebJxaa-w,1,@VICTOREST19,@danyraymundo2942
UC3qn1yJA5PeW9rkGPatQxiw,UCRlCV9zSn7avAWh-9_XFWqQ,1,@VICTOREST19,@ronyarana8849
UC3qn1yJA5PeW9rkGPatQxiw,UCSou6a2OuYGSvPjm5psquyA,1,@VICTOREST19,@FranciscoRivera-sf7ne
UC3qn1yJA5PeW9rkGPatQxiw,UCTD6q1nyIe3Y7HhqjaMj72w,1,@VICTOREST19,@JuanChang-r6k
UC3qn1yJA5PeW9rkGPatQxiw,UCTP3O0rMnc8z8v8jaDQwL0w,1,@VICTOREST19,@RobertoZelaya-x1v
UC3qn1yJA5PeW9rkGPatQxiw,UCThW2XNsAaBKme5PUt7n-Zg,1,@VICTOREST19,@thelmamoran8565
UC3qn1yJA5PeW9rkGPatQxiw,UCTwSut16JyAg3mX6LVUNGqA,1,@VICTOREST19,@SuperVictor2005
UC3qn1yJA5PeW9rkGPatQxiw,UCTylKrsqkrBKIqubMu_5N0Q,1,@VICTOREST19,@edwingeovanymarroquinmarro6684
UC3qn1yJA5PeW9rkGPatQxiw,UCUIIIPTVDVHAXqhC_5V6lPA,1,@VICTOREST19,@gorrarota
UC3qn1yJA5PeW9rkGPatQxiw,UCV0iizTBoOfdAFX_thfI9BA,1,@VICTOREST19,@BenjaminLarios-jd8nk
UC3qn1yJA5PeW9rkGPatQxiw,UCWIZUtKJ636y-4TYrNvok0g,1,@VICTOREST19,@cesarandreas7824
UC3qn1yJA5PeW9rkGPatQxiw,UCXSkL3ejZ8qWYyF_M7s_QKA,1,@VICTOREST19,@JacintaTzoy
UC3qn1yJA5PeW9rkGPatQxiw,UCXXh7yg5KUFIWylTiKVEFKQ,1,@VICTOREST19,@MrDuenderojo
UC3qn1yJA5PeW9rkGPatQxiw,UCXgr7vXlRrsaskPdo097kGA,1,@VICTOREST19,@Rogergh-nw4oj
UC3qn1yJA5PeW9rkGPatQxiw,UCXr8_5WtGeipe4haOoQDgyQ,1,@VICTOREST19,@amyherrera7352
UC3qn1yJA5PeW9rkGPatQxiw,UCYN4wSQ1Sx4_LurxLlW7MPg,1,@VICTOREST19,@belarminavillatoro6474
UC3qn1yJA5PeW9rkGPatQxiw,UCYwpX26TrCxq8TvbKGRYLXA,1,@VICTOREST19,@beneficioelcaminovillacana8540
UC3qn1yJA5PeW9rkGPatQxiw,UCZ51R_9Q9C0c8I3pAWhtmjQ,1,@VICTOREST19,@belvettzapeta1251
UC3qn1yJA5PeW9rkGPatQxiw,UCZLG9qH0tUjNhEGFIUt0CYw,1,@VICTOREST19,@SoniaMarroquin-y6e
UC3qn1yJA5PeW9rkGPatQxiw,UCcfdg8crmMJwEuLUsAhV7yg,1,@VICTOREST19,@RolandoRaguay
UC3qn1yJA5PeW9rkGPatQxiw,UCfM3nrxtTQMY5jFx1v1J4Gg,1,@VICTOREST19,@edgarroldan5539
UC3qn1yJA5PeW9rkGPatQxiw,UCgvw7xIdGFupzpt1Y_BFkEA,1,@VICTOREST19,@fredygarcia9151
UC3qn1yJA5PeW9rkGPatQxiw,UCh5ESQvtzyHDhCA7XyekCFA,1,@VICTOREST19,@andyB5280
UC3qn1yJA5PeW9rkGPatQxiw,UChZknRmJkeGeQk0-mQuhDOg,1,@VICTOREST19,@OdilioRodríguez-c5w
UC3qn1yJA5PeW9rkGPatQxiw,UChep9kVb5gQmpodEEl10Xlg,1,@VICTOREST19,@carlosaguilar-kz7ml
UC3qn1yJA5PeW9rkGPatQxiw,UChgkn5Jt5tWKYMoEOuCjz3Q,1,@VICTOREST19,@pablochitay46
UC3qn1yJA5PeW9rkGPatQxiw,UChs3tU2BcKOT0CezykvAsGw,1,@VICTOREST19,@byronpontaza
UC3qn1yJA5PeW9rkGPatQxiw,UCi1b_TRQfgO1Z9O2gNGGWNA,1,@VICTOREST19,@davidisraelesquitsaquil
UC3qn1yJA5PeW9rkGPatQxiw,UCiGRBf2RNF0WRKhRVT7zFoA,1,@VICTOREST19,@edwinavila4876
UC3qn1yJA5PeW9rkGPatQxiw,UCiMythXHsw7eQEMykCdmMUA,1,@VICTOREST19,@JavierBecerra-h6x
UC3qn1yJA5PeW9rkGPatQxiw,UCipetjeiWj4CZB6EbyYziZg,1,@VICTOREST19,@OseasSamayoa-ol5rz
UC3qn1yJA5PeW9rkGPatQxiw,UCj-LL25XJnjxepPKCc3NGog,1,@VICTOREST19,@anaaguirre8985
UC3qn1yJA5PeW9rkGPatQxiw,UCjSKM9j0Q7HLDr1hD6D-TUw,1,@VICTOREST19,@josehidalgo4875
UC3qn1yJA5PeW9rkGPatQxiw,UCjmPuazZJzscrwvk0QR9RVw,1,@VICTOREST19,@mynorrodas8591
UC3qn1yJA5PeW9rkGPatQxiw,UCkd9W714-947dEE6ZOEBATA,1,@VICTOREST19,@ARGELIATELON
UC3qn1yJA5PeW9rkGPatQxiw,UCl0ekS9Tt0jJGtOEM18S63w,1,@VICTOREST19,@monkchapin
UC3qn1yJA5PeW9rkGPatQxiw,UCljDbleJul41G1TzOjOZAVA,1,@VICTOREST19,@hectorcarranza3777
UC3qn1yJA5PeW9rkGPatQxiw,UCmjppp6ujz3SAnULvP3sZMw,1,@VICTOREST19,@marcomendez7509
UC3qn1yJA5PeW9rkGPatQxiw,UCmvOgzmmXbjUthHy-WJ52hQ,1,@VICTOREST19,@mariorodas593
UC3qn1yJA5PeW9rkGPatQxiw,UCp4iw5_5SmV9VGTFSNVGOmQ,1,@VICTOREST19,@CARLOSSTREMS51
UC3qn1yJA5PeW9rkGPatQxiw,UCpIdtvoFHVLGASGB5ySqIEA,1,@VICTOREST19,@VidalVillatoro-p4w
UC3qn1yJA5PeW9rkGPatQxiw,UCpl8rF8uv_8uui-QRvuJaRA,1,@VICTOREST19,@SergioGarcia-z9c
UC3qn1yJA5PeW9rkGPatQxiw,UCplrIQtaPj6au60_f2-mOYw,1,@VICTOREST19,@romeolopezherrarte799
UC3qn1yJA5PeW9rkGPatQxiw,UCpsKOkt5iWTbenzeuq7dsmQ,1,@VICTOREST19,@inge_vergueta
UC3qn1yJA5PeW9rkGPatQxiw,UCr1emrogPKkKTs_WTtx71xg,1,@VICTOREST19,@domingopeneleu6457
UC3qn1yJA5PeW9rkGPatQxiw,UCrJn_rbo_ENAdeqneS-RmRw,1,@VICTOREST19,@josecarrera9623
UC3qn1yJA5PeW9rkGPatQxiw,UCsJJAvrVGupdmhOqgtDp8dg,1,@VICTOREST19,@nestorlorenzana1168
UC3qn1yJA5PeW9rkGPatQxiw,UCsSXdJct-nsS8DsABoEsaYA,1,@VICTOREST19,@IvánPérez-j4j
UC3qn1yJA5PeW9rkGPatQxiw,UCsUCN0Yq_UyTvKjOJLmNrnQ,1,@VICTOREST19,@moisesvaldez4043
UC3qn1yJA5PeW9rkGPatQxiw,UCsjs5Hp_r86x1xbK6FAeqaA,1,@VICTOREST19,@alvaroesquivel563
UC3qn1yJA5PeW9rkGPatQxiw,UCtNfIBnc5S5DbbQj_yxgJTw,1,@VICTOREST19,@JosueRamirez-ey3ih
UC3qn1yJA5PeW9rkGPatQxiw,UCtUR3_CAiE7fCoZHM6cMfyQ,1,@VICTOREST19,@mdelcid01
UC3qn1yJA5PeW9rkGPatQxiw,UCueV9cTyTDwgQSec1x2dYgA,1,@VICTOREST19,@fredydomingo7062
UC3qn1yJA5PeW9rkGPatQxiw,UCujPF2nBgsTD62nWE3lcpIg,1,@VICTOREST19,@victorarturoruanobautista7588
UC3qn1yJA5PeW9rkGPatQxiw,UCut6b9S98nv84cVX89PmKzA,1,@VICTOREST19,@yeniferaguirre4498
UC3qn1yJA5PeW9rkGPatQxiw,UCvApqeCbLod-wejtT4CcVuA,1,@VICTOREST19,@davidgaher9550
UC3qn1yJA5PeW9rkGPatQxiw,UCwO2SXr0ggzwg6QWWrr01nQ,1,@VICTOREST19,@ricardofigueroa5720
UC3qn1yJA5PeW9rkGPatQxiw,UCwW2OFy95P7ZBkOPxWkpvYg,1,@VICTOREST19,@TeresaLucero-b5o
UC3qn1yJA5PeW9rkGPatQxiw,UCwha8rxULYMVtNwZWeSkE1A,1,@VICTOREST19,@mariasamo8637
UC3qn1yJA5PeW9rkGPatQxiw,UCxff05WuyvwELNITi7bj7UA,1,@VICTOREST19,@markoherrera
UC3qn1yJA5PeW9rkGPatQxiw,UCySYJU5kUh7X8gVt9la2ISA,1,@VICTOREST19,@dantesarti4351
UC3qn1yJA5PeW9rkGPatQxiw,UCylqlpsh8ENNM1LqgQ1KbxA,1,@VICTOREST19,@Jel.Awesh.M
UC3qn1yJA5PeW9rkGPatQxiw,UCz3gu01bmjNv0DpRq-K3XYg,1,@VICTOREST19,@eusebiovasquez4385
UC3qn1yJA5PeW9rkGPatQxiw,UCzSfZlOVxBSs5ObD25ywxDQ,1,@VICTOREST19,@GilmarMaldonado-q9m
UC3qn1yJA5PeW9rkGPatQxiw,UCzoL2l5H5eVlorWGH8AZfAg,1,@VICTOREST19,@jor77cas
UC4Avya4kmR4Q0FrfFdBozSQ,UC5hvEnRUzI4Kfvwnyi4QxqQ,1,@davidlima1348,@leonelsantizo5281
UC4Avya4kmR4Q0FrfFdBozSQ,UC6Uj1FT5JjDSF8vudvDxPAA,1,@davidlima1348,@alfredoortega9264
UC4Avya4kmR4Q0FrfFdBozSQ,UC7dadZG7kkGYnsNu6td0FbA,1,@davidlima1348,@lesolorzano
UC4Avya4kmR4Q0FrfFdBozSQ,UC816IGbFCZinfYS1LRDaaHg,1,@davidlima1348,@ingenieroar
UC4Avya4kmR4Q0FrfFdBozSQ,UC95PSMouTx2N5CbSq0hIyrQ,1,@davidlima1348,@lisss1908
UC4Avya4kmR4Q0FrfFdBozSQ,UCAKuKvcbfnBD3kF5njNu-IA,1,@davidlima1348,@melvinlopez7096
UC4Avya4kmR4Q0FrfFdBozSQ,UCCBYcToQ2dwkd6TJh0FSyDg,1,@davidlima1348,@lidiarodriguez3493
UC4Avya4kmR4Q0FrfFdBozSQ,UCDrmf9y9nLgFY5wnA2hTuGA,1,@davidlima1348,@laboratorio5528
UC4Avya4kmR4Q0FrfFdBozSQ,UCGGHbtfbbe0o68etrOf0qxw,1,@davidlima1348,@karensussetteleonvargas9794
UC4Avya4kmR4Q0FrfFdBozSQ,UCHbwIx9pmQuf7i-4_xO2EpA,1,@davidlima1348,@caminoseternos752
UC4Avya4kmR4Q0FrfFdBozSQ,UCNpt5CQlTzNjlAKY6CJtClQ,1,@davidlima1348,@eustaquiogomez9975
UC4Avya4kmR4Q0FrfFdBozSQ,UCOcUI5XkTYNMSFhZNMIPpGg,1,@davidlima1348,@hendersonlopez3864
UC4Avya4kmR4Q0FrfFdBozSQ,UCQqlPPUGqAfWjd-FSh_qn7Q,1,@davidlima1348,@estuardoargueta137
UC4Avya4kmR4Q0FrfFdBozSQ,UCQyOePccUP-fIJYzchAgZYw,1,@davidlima1348,@aguilar4254
UC4Avya4kmR4Q0FrfFdBozSQ,UCRAquv8el-tQ30bN7MlmySQ,1,@davidlima1348,@iamjimalesssa
UC4Avya4kmR4Q0FrfFdBozSQ,UCRvPToDkkumha7WJAfCDk1A,1,@davidlima1348,@ligiaguerra3057
UC4Avya4kmR4Q0FrfFdBozSQ,UCUoYsrx1oZnCZ0usbBJn4fA,1,@davidlima1348,@AnaDiaz-re9sq
UC4Avya4kmR4Q0FrfFdBozSQ,UCV0lM03g5fg5pbPj97-sAtA,1,@davidlima1348,@genarodelgado3929
UC4Avya4kmR4Q0FrfFdBozSQ,UCW-JC6lebVmf2P1dmY_L94g,1,@davidlima1348,@dinoraoroxon5771
UC4Avya4kmR4Q0FrfFdBozSQ,UCW80DaMjQlEUibC98Cot-Dg,1,@davidlima1348,@rogeraldana4289
UC4Avya4kmR4Q0FrfFdBozSQ,UCWoAVGVqCn4xtINCMOTM4jg,1,@davidlima1348,@OmarMartinez-vv8re
UC4Avya4kmR4Q0FrfFdBozSQ,UCZeIIQrGAedW8tCbKWmGY-A,1,@davidlima1348,@mariocordon8873
UC4Avya4kmR4Q0FrfFdBozSQ,UC_LYoGs5C3mbZKZuKuqYCvw,1,@davidlima1348,@javiercifuentesarchila6041
UC4Avya4kmR4Q0FrfFdBozSQ,UCaKAjTW9MVub_clgr4DRYjQ,1,@davidlima1348,@josecastillo4390
UC4Avya4kmR4Q0FrfFdBozSQ,UCdFlugHJJa4l3YqWuNRmvXw,1,@davidlima1348,@MarcosCarillo-b1r
UC4Avya4kmR4Q0FrfFdBozSQ,UCe8JZoYkX5oKUZyivHYdXhw,1,@davidlima1348,@FernandoGarcia-jg1fj
UC4Avya4kmR4Q0FrfFdBozSQ,UCeDNEtI8_a42bZ47wJiJMwQ,1,@davidlima1348,@EdgarcalderonCalderong
UC4Avya4kmR4Q0FrfFdBozSQ,UCgJNFj5dnxXpcMvmuhZDPxA,1,@davidlima1348,@NataliaRodriguez-rx5mr
UC4Avya4kmR4Q0FrfFdBozSQ,UCgQw_Sbq3ugruDUKsq1e0-A,1,@davidlima1348,@marlenareano-h4t
UC4Avya4kmR4Q0FrfFdBozSQ,UCiC-Jn7wdgyQV4_Urk0DkWQ,1,@davidlima1348,@pedroros6358
UC4Avya4kmR4Q0FrfFdBozSQ,UCkVtmkK07b2zaVVNssX4lOg,1,@davidlima1348,@HectorElias-u2l
UC4Avya4kmR4Q0FrfFdBozSQ,UCkbsS_3D-pvg1iHOld9uvIg,1,@davidlima1348,@gonzalo6075
UC4Avya4kmR4Q0FrfFdBozSQ,UClhMWQ7XKWywYvbRnuf8QsA,1,@davidlima1348,@EcPerez-zz9oh
UC4Avya4kmR4Q0FrfFdBozSQ,UClqA491Xa5fQcXcJJa-vTWw,1,@davidlima1348,@AndresLemus-k2d
UC4Avya4kmR4Q0FrfFdBozSQ,UColMq7LmaoY3MT6aIDGrGvA,1,@davidlima1348,@quijotachapina1
UC4Avya4kmR4Q0FrfFdBozSQ,UCpe5jW3MIqkgTJ-PgkzvM6Q,1,@davidlima1348,@carloslam5333
UC4Avya4kmR4Q0FrfFdBozSQ,UCpsKOkt5iWTbenzeuq7dsmQ,1,@davidlima1348,@inge_vergueta
UC4Avya4kmR4Q0FrfFdBozSQ,UCqCrvuoJpC-aVb0f4logQRQ,1,@davidlima1348,@Lyrics_GT
UC4Avya4kmR4Q0FrfFdBozSQ,UCsGoJEvb-cFPZ2rWoJcXzEQ,1,@davidlima1348,@sergiohinestroza9709
UC4Avya4kmR4Q0FrfFdBozSQ,UCu8_3-Wg-YzNyvHYQDEscfw,1,@davidlima1348,@RolandoCastroPérez-d7y
UC4Avya4kmR4Q0FrfFdBozSQ,UCuXmOjxC-htcprLgeVXz6Tg,1,@davidlima1348,@jorgeaguilar-bq3uj
UC4Avya4kmR4Q0FrfFdBozSQ,UCwgCc9Jd_gG-uLE_SY-FfPg,1,@davidlima1348,@armindapenados2841
UC4Avya4kmR4Q0FrfFdBozSQ,UCwjUvRseNtJoItylIyIez7Q,1,@davidlima1348,@Silviazea
UC4Avya4kmR4Q0FrfFdBozSQ,UCylqlpsh8ENNM1LqgQ1KbxA,1,@davidlima1348,@Jel.Awesh.M
UC4cXueR2bKGFJV0Fk76gwmA,UC4wq3DcbfaG6dtCqn8Oyu3w,1,@aluxdel4792,@hugoasencio7764
UC4cXueR2bKGFJV0Fk76gwmA,UC5H8ASmMC9WrURmzeB4ySog,1,@aluxdel4792,@ManuelEdran
UC4cXueR2bKGFJV0Fk76gwmA,UC5bG9nc_JV3FsNP2KseQiYw,1,@aluxdel4792,@giovannirodas4836
UC4cXueR2bKGFJV0Fk76gwmA,UC650pRT-OYzny3GwOH8Cgfw,1,@aluxdel4792,@edvinparedesherrera7632
UC4cXueR2bKGFJV0Fk76gwmA,UC6PvO1_k5lHKGdAPo5_C6TA,1,@aluxdel4792,@johnmejia992
UC4cXueR2bKGFJV0Fk76gwmA,UC6YSZqL0vEcI-niPKIMUGfw,1,@aluxdel4792,@maxwellsales885
UC4cXueR2bKGFJV0Fk76gwmA,UC72gBAtyb_VXQlYDcFrh6oQ,1,@aluxdel4792,@osmanmorales3012
UC4cXueR2bKGFJV0Fk76gwmA,UC7VUuJr9cGh845CmTvf7TlQ,1,@aluxdel4792,@LuisCastillo-oz4df
UC4cXueR2bKGFJV0Fk76gwmA,UC8F2V63KZ4ZEay6opX2hAQw,1,@aluxdel4792,@carmenr6311
UC4cXueR2bKGFJV0Fk76gwmA,UC8G5cJONY8L9voMyBW8Eoug,1,@aluxdel4792,@luisparedes-pw6qt
UC4cXueR2bKGFJV0Fk76gwmA,UC8r11yOugM2NuRfitQOxLLg,1,@aluxdel4792,@cesaraugustomoralesmonroy6907
UC4cXueR2bKGFJV0Fk76gwmA,UC9vMq1YF-e7C-VO0SHkbUTA,1,@aluxdel4792,@ErvinLeonardoCarreraLatín
UC4cXueR2bKGFJV0Fk76gwmA,UC9xr9QvIcDvoZNUX5f-jaZw,1,@aluxdel4792,@MariaaliciaColonmorales
UC4cXueR2bKGFJV0Fk76gwmA,UCA93ym2TXs_Ibyxb4Vcn-6Q,1,@aluxdel4792,@oswaldosolis8728
UC4cXueR2bKGFJV0Fk76gwmA,UCAlzM_N6xBlMYmM8EBzX86Q,1,@aluxdel4792,@carlossoto3252
UC4cXueR2bKGFJV0Fk76gwmA,UCAmtbUiIrUIhikru0ZoTFig,1,@aluxdel4792,@Aura-vf6dm
UC4cXueR2bKGFJV0Fk76gwmA,UCB5p8a5gklc80jJItP6xTHg,1,@aluxdel4792,@ernestogamboa8737
UC4cXueR2bKGFJV0Fk76gwmA,UCCaYwkkbQGcvFoUmothVdQQ,1,@aluxdel4792,@OsvaldoAguirre-l3i
UC4cXueR2bKGFJV0Fk76gwmA,UCDIMztpVm7G27qBuiWuT6oQ,1,@aluxdel4792,@lizardomorataya8274
UC4cXueR2bKGFJV0Fk76gwmA,UCDPWkUX3sNNaCx-m1dV4glA,1,@aluxdel4792,@hectoroliva949
UC4cXueR2bKGFJV0Fk76gwmA,UCDQaQv0hr2SS_PO-CMEwVHg,1,@aluxdel4792,@federicosaquimux1933
UC4cXueR2bKGFJV0Fk76gwmA,UCDUffaruH6dyUnUGwsTKpgg,1,@aluxdel4792,@luisletona2842
UC4cXueR2bKGFJV0Fk76gwmA,UCDftMWXQoJ6nONfY7GVOVjg,1,@aluxdel4792,@luisgpacheco5858
UC4cXueR2bKGFJV0Fk76gwmA,UCDlr1VadSucIZgZ171pRBjQ,1,@aluxdel4792,@cuabatzjj5924
UC4cXueR2bKGFJV0Fk76gwmA,UCEgEQmRbtL5fwr9_DqAC--g,1,@aluxdel4792,@ArielRodas-g5y
UC4cXueR2bKGFJV0Fk76gwmA,UCErZPJpHmLCsXs8ZWkAUupQ,1,@aluxdel4792,@dorisl.garciaroche7763
UC4cXueR2bKGFJV0Fk76gwmA,UCFUuDARXdmmIrLppEqf-rFg,1,@aluxdel4792,@allanmunoz7410
UC4cXueR2bKGFJV0Fk76gwmA,UCFhxtoeARHPnXXPcDrOU3Xg,1,@aluxdel4792,@diegoalejandrolopezmendez205
UC4cXueR2bKGFJV0Fk76gwmA,UCFjudnPLoaSL1BaRuLahyHg,1,@aluxdel4792,@HaroldoCastillo-rh9iw
UC4cXueR2bKGFJV0Fk76gwmA,UCFoIAE8k82D6AV-8gjjKaNg,1,@aluxdel4792,@eddymunoz9789
UC4cXueR2bKGFJV0Fk76gwmA,UCFxE8GbokBrBsPEKM1xrOjQ,1,@aluxdel4792,@JuanDavila-qd7qj
UC4cXueR2bKGFJV0Fk76gwmA,UCGzXwyCzMzGmjmCbH3Hg01Q,1,@aluxdel4792,@FidelZacarias-ph7dy
UC4cXueR2bKGFJV0Fk76gwmA,UCHTGCgY2l-DQJIvlA_cpa_Q,1,@aluxdel4792,@virgiliogarcia3039
UC4cXueR2bKGFJV0Fk76gwmA,UCHhHUjaMAZ8SiXdCUCj9DkQ,1,@aluxdel4792,@fredymendez1786
UC4cXueR2bKGFJV0Fk76gwmA,UCKDR0f2fu2UzWL8mBv5-BHw,1,@aluxdel4792,@mireyamorales6595
UC4cXueR2bKGFJV0Fk76gwmA,UCL13XhnRzbGokEkCkEOb0-g,1,@aluxdel4792,@raquelprado3643
UC4cXueR2bKGFJV0Fk76gwmA,UCL1MT278vSaQ83ZDkVWn1gw,1,@aluxdel4792,@elmorodriguez6978
UC4cXueR2bKGFJV0Fk76gwmA,UCLFdHr9BEbXHkoJopbEPLZw,1,@aluxdel4792,@kanterra4584
UC4cXueR2bKGFJV0Fk76gwmA,UCLggDc_a5HriXv7I1h02sOA,1,@aluxdel4792,@guillermogonzalez5153
UC4cXueR2bKGFJV0Fk76gwmA,UCN6qbfPSzFtjhqUDZ3Cv3CQ,1,@aluxdel4792,@carlosmedranovelasquez6380
UC4cXueR2bKGFJV0Fk76gwmA,UCNBnKqWf4d-rS4HwJRQljmQ,1,@aluxdel4792,@LE_A22
UC4cXueR2bKGFJV0Fk76gwmA,UCNkcuy42zEwddwEcOd_HpnA,1,@aluxdel4792,@vanigomez492
UC4cXueR2bKGFJV0Fk76gwmA,UCOLGv5Pf6BF2wFcwUzgcvHg,1,@aluxdel4792,@welfrealdana5559
UC4cXueR2bKGFJV0Fk76gwmA,UCOS8ViEkccrTZx2w2ccxotA,1,@aluxdel4792,@OscarHernandez-q8y
UC4cXueR2bKGFJV0Fk76gwmA,UCOh6DaZC_x9HASnlRylEMfw,1,@aluxdel4792,@AndresMedina-v1s
UC4cXueR2bKGFJV0Fk76gwmA,UCQ_-LPP8JAbfkc-b1Q6NvWw,1,@aluxdel4792,@MegaKristenstewart
UC4cXueR2bKGFJV0Fk76gwmA,UCQgYjVngJRfPHDLGB5X6ZjA,1,@aluxdel4792,@oscarnavas9996
UC4cXueR2bKGFJV0Fk76gwmA,UCQqetiwzzmRNTM5OWuXarGQ,1,@aluxdel4792,@isaiaslopezvelasquez1539
UC4cXueR2bKGFJV0Fk76gwmA,UCQtICyzWmhC5woCtbNgaSmg,1,@aluxdel4792,@nestormendez6216
UC4cXueR2bKGFJV0Fk76gwmA,UCQtSFINs1h6GHkpg9o5kMvg,1,@aluxdel4792,@MacarioMartinezruiz
UC4cXueR2bKGFJV0Fk76gwmA,UCRETAiYdh2dL5ZxB0_N1zDA,1,@aluxdel4792,@Joseroland21
UC4cXueR2bKGFJV0Fk76gwmA,UCRelkU8JiZBytTzebJxaa-w,1,@aluxdel4792,@danyraymundo2942
UC4cXueR2bKGFJV0Fk76gwmA,UCRlCV9zSn7avAWh-9_XFWqQ,1,@aluxdel4792,@ronyarana8849
UC4cXueR2bKGFJV0Fk76gwmA,UCSou6a2OuYGSvPjm5psquyA,1,@aluxdel4792,@FranciscoRivera-sf7ne
UC4cXueR2bKGFJV0Fk76gwmA,UCTD6q1nyIe3Y7HhqjaMj72w,1,@aluxdel4792,@JuanChang-r6k
UC4cXueR2bKGFJV0Fk76gwmA,UCTP3O0rMnc8z8v8jaDQwL0w,1,@aluxdel4792,@RobertoZelaya-x1v
UC4cXueR2bKGFJV0Fk76gwmA,UCThW2XNsAaBKme5PUt7n-Zg,1,@aluxdel4792,@thelmamoran8565
UC4cXueR2bKGFJV0Fk76gwmA,UCTwSut16JyAg3mX6LVUNGqA,1,@aluxdel4792,@SuperVictor2005
UC4cXueR2bKGFJV0Fk76gwmA,UCTylKrsqkrBKIqubMu_5N0Q,1,@aluxdel4792,@edwingeovanymarroquinmarro6684
UC4cXueR2bKGFJV0Fk76gwmA,UCUIIIPTVDVHAXqhC_5V6lPA,1,@aluxdel4792,@gorrarota
UC4cXueR2bKGFJV0Fk76gwmA,UCV0iizTBoOfdAFX_thfI9BA,1,@aluxdel4792,@BenjaminLarios-jd8nk
UC4cXueR2bKGFJV0Fk76gwmA,UCWIZUtKJ636y-4TYrNvok0g,1,@aluxdel4792,@cesarandreas7824
UC4cXueR2bKGFJV0Fk76gwmA,UCXSkL3ejZ8qWYyF_M7s_QKA,1,@aluxdel4792,@JacintaTzoy
UC4cXueR2bKGFJV0Fk76gwmA,UCXXh7yg5KUFIWylTiKVEFKQ,1,@aluxdel4792,@MrDuenderojo
UC4cXueR2bKGFJV0Fk76gwmA,UCXgr7vXlRrsaskPdo097kGA,1,@aluxdel4792,@Rogergh-nw4oj
UC4cXueR2bKGFJV0Fk76gwmA,UCXr8_5WtGeipe4haOoQDgyQ,1,@aluxdel4792,@amyherrera7352
UC4cXueR2bKGFJV0Fk76gwmA,UCYN4wSQ1Sx4_LurxLlW7MPg,1,@aluxdel4792,@belarminavillatoro6474
UC4cXueR2bKGFJV0Fk76gwmA,UCYwpX26TrCxq8TvbKGRYLXA,1,@aluxdel4792,@beneficioelcaminovillacana8540
UC4cXueR2bKGFJV0Fk76gwmA,UCZ51R_9Q9C0c8I3pAWhtmjQ,1,@aluxdel4792,@belvettzapeta1251
UC4cXueR2bKGFJV0Fk76gwmA,UCZLG9qH0tUjNhEGFIUt0CYw,1,@aluxdel4792,@SoniaMarroquin-y6e
UC4cXueR2bKGFJV0Fk76gwmA,UCcfdg8crmMJwEuLUsAhV7yg,1,@aluxdel4792,@RolandoRaguay
UC4cXueR2bKGFJV0Fk76gwmA,UCfM3nrxtTQMY5jFx1v1J4Gg,1,@aluxdel4792,@edgarroldan5539
UC4cXueR2bKGFJV0Fk76gwmA,UCgvw7xIdGFupzpt1Y_BFkEA,1,@aluxdel4792,@fredygarcia9151
UC4cXueR2bKGFJV0Fk76gwmA,UCh5ESQvtzyHDhCA7XyekCFA,1,@aluxdel4792,@andyB5280
UC4cXueR2bKGFJV0Fk76gwmA,UChZknRmJkeGeQk0-mQuhDOg,1,@aluxdel4792,@OdilioRodríguez-c5w
UC4cXueR2bKGFJV0Fk76gwmA,UChep9kVb5gQmpodEEl10Xlg,1,@aluxdel4792,@carlosaguilar-kz7ml
UC4cXueR2bKGFJV0Fk76gwmA,UChgkn5Jt5tWKYMoEOuCjz3Q,1,@aluxdel4792,@pablochitay46
UC4cXueR2bKGFJV0Fk76gwmA,UChs3tU2BcKOT0CezykvAsGw,1,@aluxdel4792,@byronpontaza
UC4cXueR2bKGFJV0Fk76gwmA,UCi1b_TRQfgO1Z9O2gNGGWNA,1,@aluxdel4792,@davidisraelesquitsaquil
UC4cXueR2bKGFJV0Fk76gwmA,UCiGRBf2RNF0WRKhRVT7zFoA,1,@aluxdel4792,@edwinavila4876
UC4cXueR2bKGFJV0Fk76gwmA,UCiMythXHsw7eQEMykCdmMUA,1,@aluxdel4792,@JavierBecerra-h6x
UC4cXueR2bKGFJV0Fk76gwmA,UCipetjeiWj4CZB6EbyYziZg,1,@aluxdel4792,@OseasSamayoa-ol5rz
UC4cXueR2bKGFJV0Fk76gwmA,UCj-LL25XJnjxepPKCc3NGog,1,@aluxdel4792,@anaaguirre8985
UC4cXueR2bKGFJV0Fk76gwmA,UCjSKM9j0Q7HLDr1hD6D-TUw,1,@aluxdel4792,@josehidalgo4875
UC4cXueR2bKGFJV0Fk76gwmA,UCjmPuazZJzscrwvk0QR9RVw,1,@aluxdel4792,@mynorrodas8591
UC4cXueR2bKGFJV0Fk76gwmA,UCkd9W714-947dEE6ZOEBATA,1,@aluxdel4792,@ARGELIATELON
UC4cXueR2bKGFJV0Fk76gwmA,UCl0ekS9Tt0jJGtOEM18S63w,1,@aluxdel4792,@monkchapin
UC4cXueR2bKGFJV0Fk76gwmA,UCljDbleJul41G1TzOjOZAVA,1,@aluxdel4792,@hectorcarranza3777
UC4cXueR2bKGFJV0Fk76gwmA,UCmjppp6ujz3SAnULvP3sZMw,1,@aluxdel4792,@marcomendez7509
UC4cXueR2bKGFJV0Fk76gwmA,UCmvOgzmmXbjUthHy-WJ52hQ,1,@aluxdel4792,@mariorodas593
UC4cXueR2bKGFJV0Fk76gwmA,UCp4iw5_5SmV9VGTFSNVGOmQ,1,@aluxdel4792,@CARLOSSTREMS51
UC4cXueR2bKGFJV0Fk76gwmA,UCpIdtvoFHVLGASGB5ySqIEA,1,@aluxdel4792,@VidalVillatoro-p4w
UC4cXueR2bKGFJV0Fk76gwmA,UCpl8rF8uv_8uui-QRvuJaRA,1,@aluxdel4792,@SergioGarcia-z9c
UC4cXueR2bKGFJV0Fk76gwmA,UCplrIQtaPj6au60_f2-mOYw,1,@aluxdel4792,@romeolopezherrarte799
UC4cXueR2bKGFJV0Fk76gwmA,UCpsKOkt5iWTbenzeuq7dsmQ,1,@aluxdel4792,@inge_vergueta
UC4cXueR2bKGFJV0Fk76gwmA,UCr1emrogPKkKTs_WTtx71xg,1,@aluxdel4792,@domingopeneleu6457
UC4cXueR2bKGFJV0Fk76gwmA,UCrJn_rbo_ENAdeqneS-RmRw,1,@aluxdel4792,@josecarrera9623
UC4cXueR2bKGFJV0Fk76gwmA,UCsJJAvrVGupdmhOqgtDp8dg,1,@aluxdel4792,@nestorlorenzana1168
UC4cXueR2bKGFJV0Fk76gwmA,UCsSXdJct-nsS8DsABoEsaYA,1,@aluxdel4792,@IvánPérez-j4j
UC4cXueR2bKGFJV0Fk76gwmA,UCsUCN0Yq_UyTvKjOJLmNrnQ,1,@aluxdel4792,@moisesvaldez4043
UC4cXueR2bKGFJV0Fk76gwmA,UCsjs5Hp_r86x1xbK6FAeqaA,1,@aluxdel4792,@alvaroesquivel563
UC4cXueR2bKGFJV0Fk76gwmA,UCtNfIBnc5S5DbbQj_yxgJTw,1,@aluxdel4792,@JosueRamirez-ey3ih
UC4cXueR2bKGFJV0Fk76gwmA,UCtUR3_CAiE7fCoZHM6cMfyQ,1,@aluxdel4792,@mdelcid01
UC4cXueR2bKGFJV0Fk76gwmA,UCueV9cTyTDwgQSec1x2dYgA,1,@aluxdel4792,@fredydomingo7062
UC4cXueR2bKGFJV0Fk76gwmA,UCujPF2nBgsTD62nWE3lcpIg,1,@aluxdel4792,@victorarturoruanobautista7588
UC4cXueR2bKGFJV0Fk76gwmA,UCut6b9S98nv84cVX89PmKzA,1,@aluxdel4792,@yeniferaguirre4498
UC4cXueR2bKGFJV0Fk76gwmA,UCvApqeCbLod-wejtT4CcVuA,1,@aluxdel4792,@davidgaher9550
UC4cXueR2bKGFJV0Fk76gwmA,UCwO2SXr0ggzwg6QWWrr01nQ,1,@aluxdel4792,@ricardofigueroa5720
UC4cXueR2bKGFJV0Fk76gwmA,UCwW2OFy95P7ZBkOPxWkpvYg,1,@aluxdel4792,@TeresaLucero-b5o
UC4cXueR2bKGFJV0Fk76gwmA,UCwha8rxULYMVtNwZWeSkE1A,1,@aluxdel4792,@mariasamo8637
UC4cXueR2bKGFJV0Fk76gwmA,UCxff05WuyvwELNITi7bj7UA,1,@aluxdel4792,@markoherrera
UC4cXueR2bKGFJV0Fk76gwmA,UCySYJU5kUh7X8gVt9la2ISA,1,@aluxdel4792,@dantesarti4351
UC4cXueR2bKGFJV0Fk76gwmA,UCylqlpsh8ENNM1LqgQ1KbxA,1,@aluxdel4792,@Jel.Awesh.M
UC4cXueR2bKGFJV0Fk76gwmA,UCz3gu01bmjNv0DpRq-K3XYg,1,@aluxdel4792,@eusebiovasquez4385
UC4cXueR2bKGFJV0Fk76gwmA,UCzSfZlOVxBSs5ObD25ywxDQ,1,@aluxdel4792,@GilmarMaldonado-q9m
UC4cXueR2bKGFJV0Fk76gwmA,UCzoL2l5H5eVlorWGH8AZfAg,1,@aluxdel4792,@jor77cas
UC4kg7zuTfqQKLd2bkZrSYBA,UCBtB5dIyx-C16UN8ClUD2UA,1,@zoilagarcia9019,@alexmonzon4257
UC4kg7zuTfqQKLd2bkZrSYBA,UCFFrEmn6lPYiWyElpfzTy5Q,1,@zoilagarcia9019,@denilsonlopez4083
UC4kg7zuTfqQKLd2bkZrSYBA,UCLh1Kde4_vI1sTZBkTNP7RQ,1,@zoilagarcia9019,@JoelReynoso-d4r
UC4kg7zuTfqQKLd2bkZrSYBA,UCdFlugHJJa4l3YqWuNRmvXw,1,@zoilagarcia9019,@MarcosCarillo-b1r
UC4kg7zuTfqQKLd2bkZrSYBA,UCfRqgt2O-vjzUDMZY_tnxQw,1,@zoilagarcia9019,@Williams-Garcia67E
UC4kg7zuTfqQKLd2bkZrSYBA,UCk4O-J1BhoqPmig1KLGJePA,1,@zoilagarcia9019,@lazarobarillas3575
UC4wq3DcbfaG6dtCqn8Oyu3w,UC5H8ASmMC9WrURmzeB4ySog,1,@hugoasencio7764,@ManuelEdran
UC4wq3DcbfaG6dtCqn8Oyu3w,UC5bG9nc_JV3FsNP2KseQiYw,1,@hugoasencio7764,@giovannirodas4836
UC4wq3DcbfaG6dtCqn8Oyu3w,UC650pRT-OYzny3GwOH8Cgfw,1,@hugoasencio7764,@edvinparedesherrera7632
UC4wq3DcbfaG6dtCqn8Oyu3w,UC6PvO1_k5lHKGdAPo5_C6TA,1,@hugoasencio7764,@johnmejia992
UC4wq3DcbfaG6dtCqn8Oyu3w,UC6YSZqL0vEcI-niPKIMUGfw,1,@hugoasencio7764,@maxwellsales885
UC4wq3DcbfaG6dtCqn8Oyu3w,UC72gBAtyb_VXQlYDcFrh6oQ,1,@hugoasencio7764,@osmanmorales3012
UC4wq3DcbfaG6dtCqn8Oyu3w,UC7VUuJr9cGh845CmTvf7TlQ,1,@hugoasencio7764,@LuisCastillo-oz4df
UC4wq3DcbfaG6dtCqn8Oyu3w,UC8F2V63KZ4ZEay6opX2hAQw,1,@hugoasencio7764,@carmenr6311
UC4wq3DcbfaG6dtCqn8Oyu3w,UC8G5cJONY8L9voMyBW8Eoug,1,@hugoasencio7764,@luisparedes-pw6qt
UC4wq3DcbfaG6dtCqn8Oyu3w,UC8r11yOugM2NuRfitQOxLLg,1,@hugoasencio7764,@cesaraugustomoralesmonroy6907
UC4wq3DcbfaG6dtCqn8Oyu3w,UC9vMq1YF-e7C-VO0SHkbUTA,1,@hugoasencio7764,@ErvinLeonardoCarreraLatín
UC4wq3DcbfaG6dtCqn8Oyu3w,UC9xr9QvIcDvoZNUX5f-jaZw,1,@hugoasencio7764,@MariaaliciaColonmorales
UC4wq3DcbfaG6dtCqn8Oyu3w,UCA93ym2TXs_Ibyxb4Vcn-6Q,1,@hugoasencio7764,@oswaldosolis8728
UC4wq3DcbfaG6dtCqn8Oyu3w,UCAlzM_N6xBlMYmM8EBzX86Q,1,@hugoasencio7764,@carlossoto3252
UC4wq3DcbfaG6dtCqn8Oyu3w,UCAmtbUiIrUIhikru0ZoTFig,1,@hugoasencio7764,@Aura-vf6dm
UC4wq3DcbfaG6dtCqn8Oyu3w,UCB5p8a5gklc80jJItP6xTHg,1,@hugoasencio7764,@ernestogamboa8737
UC4wq3DcbfaG6dtCqn8Oyu3w,UCCaYwkkbQGcvFoUmothVdQQ,1,@hugoasencio7764,@OsvaldoAguirre-l3i
UC4wq3DcbfaG6dtCqn8Oyu3w,UCDIMztpVm7G27qBuiWuT6oQ,1,@hugoasencio7764,@lizardomorataya8274
UC4wq3DcbfaG6dtCqn8Oyu3w,UCDPWkUX3sNNaCx-m1dV4glA,1,@hugoasencio7764,@hectoroliva949
UC4wq3DcbfaG6dtCqn8Oyu3w,UCDQaQv0hr2SS_PO-CMEwVHg,1,@hugoasencio7764,@federicosaquimux1933
UC4wq3DcbfaG6dtCqn8Oyu3w,UCDUffaruH6dyUnUGwsTKpgg,1,@hugoasencio7764,@luisletona2842
UC4wq3DcbfaG6dtCqn8Oyu3w,UCDftMWXQoJ6nONfY7GVOVjg,1,@hugoasencio7764,@luisgpacheco5858
UC4wq3DcbfaG6dtCqn8Oyu3w,UCDlr1VadSucIZgZ171pRBjQ,1,@hugoasencio7764,@cuabatzjj5924
UC4wq3DcbfaG6dtCqn8Oyu3w,UCEgEQmRbtL5fwr9_DqAC--g,1,@hugoasencio7764,@ArielRodas-g5y
UC4wq3DcbfaG6dtCqn8Oyu3w,UCErZPJpHmLCsXs8ZWkAUupQ,1,@hugoasencio7764,@dorisl.garciaroche7763
UC4wq3DcbfaG6dtCqn8Oyu3w,UCFUuDARXdmmIrLppEqf-rFg,1,@hugoasencio7764,@allanmunoz7410
UC4wq3DcbfaG6dtCqn8Oyu3w,UCFhxtoeARHPnXXPcDrOU3Xg,1,@hugoasencio7764,@diegoalejandrolopezmendez205
UC4wq3DcbfaG6dtCqn8Oyu3w,UCFjudnPLoaSL1BaRuLahyHg,1,@hugoasencio7764,@HaroldoCastillo-rh9iw
UC4wq3DcbfaG6dtCqn8Oyu3w,UCFoIAE8k82D6AV-8gjjKaNg,1,@hugoasencio7764,@eddymunoz9789
UC4wq3DcbfaG6dtCqn8Oyu3w,UCFxE8GbokBrBsPEKM1xrOjQ,1,@hugoasencio7764,@JuanDavila-qd7qj
UC4wq3DcbfaG6dtCqn8Oyu3w,UCGzXwyCzMzGmjmCbH3Hg01Q,1,@hugoasencio7764,@FidelZacarias-ph7dy
UC4wq3DcbfaG6dtCqn8Oyu3w,UCHTGCgY2l-DQJIvlA_cpa_Q,1,@hugoasencio7764,@virgiliogarcia3039
UC4wq3DcbfaG6dtCqn8Oyu3w,UCHhHUjaMAZ8SiXdCUCj9DkQ,1,@hugoasencio7764,@fredymendez1786
UC4wq3DcbfaG6dtCqn8Oyu3w,UCKDR0f2fu2UzWL8mBv5-BHw,1,@hugoasencio7764,@mireyamorales6595
UC4wq3DcbfaG6dtCqn8Oyu3w,UCL13XhnRzbGokEkCkEOb0-g,1,@hugoasencio7764,@raquelprado3643
UC4wq3DcbfaG6dtCqn8Oyu3w,UCL1MT278vSaQ83ZDkVWn1gw,1,@hugoasencio7764,@elmorodriguez6978
UC4wq3DcbfaG6dtCqn8Oyu3w,UCLFdHr9BEbXHkoJopbEPLZw,1,@hugoasencio7764,@kanterra4584
UC4wq3DcbfaG6dtCqn8Oyu3w,UCLggDc_a5HriXv7I1h02sOA,1,@hugoasencio7764,@guillermogonzalez5153
UC4wq3DcbfaG6dtCqn8Oyu3w,UCN6qbfPSzFtjhqUDZ3Cv3CQ,1,@hugoasencio7764,@carlosmedranovelasquez6380
UC4wq3DcbfaG6dtCqn8Oyu3w,UCNBnKqWf4d-rS4HwJRQljmQ,1,@hugoasencio7764,@LE_A22
UC4wq3DcbfaG6dtCqn8Oyu3w,UCNkcuy42zEwddwEcOd_HpnA,1,@hugoasencio7764,@vanigomez492
UC4wq3DcbfaG6dtCqn8Oyu3w,UCOLGv5Pf6BF2wFcwUzgcvHg,1,@hugoasencio7764,@welfrealdana5559
UC4wq3DcbfaG6dtCqn8Oyu3w,UCOS8ViEkccrTZx2w2ccxotA,1,@hugoasencio7764,@OscarHernandez-q8y
UC4wq3DcbfaG6dtCqn8Oyu3w,UCOh6DaZC_x9HASnlRylEMfw,1,@hugoasencio7764,@AndresMedina-v1s
UC4wq3DcbfaG6dtCqn8Oyu3w,UCQ_-LPP8JAbfkc-b1Q6NvWw,1,@hugoasencio7764,@MegaKristenstewart
UC4wq3DcbfaG6dtCqn8Oyu3w,UCQgYjVngJRfPHDLGB5X6ZjA,1,@hugoasencio7764,@oscarnavas9996
UC4wq3DcbfaG6dtCqn8Oyu3w,UCQqetiwzzmRNTM5OWuXarGQ,1,@hugoasencio7764,@isaiaslopezvelasquez1539
UC4wq3DcbfaG6dtCqn8Oyu3w,UCQtICyzWmhC5woCtbNgaSmg,1,@hugoasencio7764,@nestormendez6216
UC4wq3DcbfaG6dtCqn8Oyu3w,UCQtSFINs1h6GHkpg9o5kMvg,1,@hugoasencio7764,@MacarioMartinezruiz
UC4wq3DcbfaG6dtCqn8Oyu3w,UCRETAiYdh2dL5ZxB0_N1zDA,1,@hugoasencio7764,@Joseroland21
UC4wq3DcbfaG6dtCqn8Oyu3w,UCRelkU8JiZBytTzebJxaa-w,1,@hugoasencio7764,@danyraymundo2942
UC4wq3DcbfaG6dtCqn8Oyu3w,UCRlCV9zSn7avAWh-9_XFWqQ,1,@hugoasencio7764,@ronyarana8849
UC4wq3DcbfaG6dtCqn8Oyu3w,UCSou6a2OuYGSvPjm5psquyA,1,@hugoasencio7764,@FranciscoRivera-sf7ne
UC4wq3DcbfaG6dtCqn8Oyu3w,UCTD6q1nyIe3Y7HhqjaMj72w,1,@hugoasencio7764,@JuanChang-r6k
UC4wq3DcbfaG6dtCqn8Oyu3w,UCTP3O0rMnc8z8v8jaDQwL0w,1,@hugoasencio7764,@RobertoZelaya-x1v
UC4wq3DcbfaG6dtCqn8Oyu3w,UCThW2XNsAaBKme5PUt7n-Zg,1,@hugoasencio7764,@thelmamoran8565
UC4wq3DcbfaG6dtCqn8Oyu3w,UCTwSut16JyAg3mX6LVUNGqA,1,@hugoasencio7764,@SuperVictor2005
UC4wq3DcbfaG6dtCqn8Oyu3w,UCTylKrsqkrBKIqubMu_5N0Q,1,@hugoasencio7764,@edwingeovanymarroquinmarro6684
UC4wq3DcbfaG6dtCqn8Oyu3w,UCUIIIPTVDVHAXqhC_5V6lPA,1,@hugoasencio7764,@gorrarota
UC4wq3DcbfaG6dtCqn8Oyu3w,UCV0iizTBoOfdAFX_thfI9BA,1,@hugoasencio7764,@BenjaminLarios-jd8nk
UC4wq3DcbfaG6dtCqn8Oyu3w,UCWIZUtKJ636y-4TYrNvok0g,1,@hugoasencio7764,@cesarandreas7824
UC4wq3DcbfaG6dtCqn8Oyu3w,UCXSkL3ejZ8qWYyF_M7s_QKA,1,@hugoasencio7764,@JacintaTzoy
UC4wq3DcbfaG6dtCqn8Oyu3w,UCXXh7yg5KUFIWylTiKVEFKQ,1,@hugoasencio7764,@MrDuenderojo
UC4wq3DcbfaG6dtCqn8Oyu3w,UCXgr7vXlRrsaskPdo097kGA,1,@hugoasencio7764,@Rogergh-nw4oj
UC4wq3DcbfaG6dtCqn8Oyu3w,UCXr8_5WtGeipe4haOoQDgyQ,1,@hugoasencio7764,@amyherrera7352
UC4wq3DcbfaG6dtCqn8Oyu3w,UCYN4wSQ1Sx4_LurxLlW7MPg,1,@hugoasencio7764,@belarminavillatoro6474
UC4wq3DcbfaG6dtCqn8Oyu3w,UCYwpX26TrCxq8TvbKGRYLXA,1,@hugoasencio7764,@beneficioelcaminovillacana8540
UC4wq3DcbfaG6dtCqn8Oyu3w,UCZ51R_9Q9C0c8I3pAWhtmjQ,1,@hugoasencio7764,@belvettzapeta1251
UC4wq3DcbfaG6dtCqn8Oyu3w,UCZLG9qH0tUjNhEGFIUt0CYw,1,@hugoasencio7764,@SoniaMarroquin-y6e
UC4wq3DcbfaG6dtCqn8Oyu3w,UCcfdg8crmMJwEuLUsAhV7yg,1,@hugoasencio7764,@RolandoRaguay
UC4wq3DcbfaG6dtCqn8Oyu3w,UCfM3nrxtTQMY5jFx1v1J4Gg,1,@hugoasencio7764,@edgarroldan5539
UC4wq3DcbfaG6dtCqn8Oyu3w,UCgvw7xIdGFupzpt1Y_BFkEA,1,@hugoasencio7764,@fredygarcia9151
UC4wq3DcbfaG6dtCqn8Oyu3w,UCh5ESQvtzyHDhCA7XyekCFA,1,@hugoasencio7764,@andyB5280
UC4wq3DcbfaG6dtCqn8Oyu3w,UChZknRmJkeGeQk0-mQuhDOg,1,@hugoasencio7764,@OdilioRodríguez-c5w
UC4wq3DcbfaG6dtCqn8Oyu3w,UChep9kVb5gQmpodEEl10Xlg,1,@hugoasencio7764,@carlosaguilar-kz7ml
UC4wq3DcbfaG6dtCqn8Oyu3w,UChgkn5Jt5tWKYMoEOuCjz3Q,1,@hugoasencio7764,@pablochitay46
UC4wq3DcbfaG6dtCqn8Oyu3w,UChs3tU2BcKOT0CezykvAsGw,1,@hugoasencio7764,@byronpontaza
UC4wq3DcbfaG6dtCqn8Oyu3w,UCi1b_TRQfgO1Z9O2gNGGWNA,1,@hugoasencio7764,@davidisraelesquitsaquil
UC4wq3DcbfaG6dtCqn8Oyu3w,UCiGRBf2RNF0WRKhRVT7zFoA,1,@hugoasencio7764,@edwinavila4876
UC4wq3DcbfaG6dtCqn8Oyu3w,UCiMythXHsw7eQEMykCdmMUA,1,@hugoasencio7764,@JavierBecerra-h6x
UC4wq3DcbfaG6dtCqn8Oyu3w,UCipetjeiWj4CZB6EbyYziZg,1,@hugoasencio7764,@OseasSamayoa-ol5rz
UC4wq3DcbfaG6dtCqn8Oyu3w,UCj-LL25XJnjxepPKCc3NGog,1,@hugoasencio7764,@anaaguirre8985
UC4wq3DcbfaG6dtCqn8Oyu3w,UCjSKM9j0Q7HLDr1hD6D-TUw,1,@hugoasencio7764,@josehidalgo4875
UC4wq3DcbfaG6dtCqn8Oyu3w,UCjmPuazZJzscrwvk0QR9RVw,1,@hugoasencio7764,@mynorrodas8591
UC4wq3DcbfaG6dtCqn8Oyu3w,UCkd9W714-947dEE6ZOEBATA,1,@hugoasencio7764,@ARGELIATELON
UC4wq3DcbfaG6dtCqn8Oyu3w,UCl0ekS9Tt0jJGtOEM18S63w,1,@hugoasencio7764,@monkchapin
UC4wq3DcbfaG6dtCqn8Oyu3w,UCljDbleJul41G1TzOjOZAVA,1,@hugoasencio7764,@hectorcarranza3777
UC4wq3DcbfaG6dtCqn8Oyu3w,UCmjppp6ujz3SAnULvP3sZMw,1,@hugoasencio7764,@marcomendez7509
UC4wq3DcbfaG6dtCqn8Oyu3w,UCmvOgzmmXbjUthHy-WJ52hQ,1,@hugoasencio7764,@mariorodas593
UC4wq3DcbfaG6dtCqn8Oyu3w,UCp4iw5_5SmV9VGTFSNVGOmQ,1,@hugoasencio7764,@CARLOSSTREMS51
UC4wq3DcbfaG6dtCqn8Oyu3w,UCpIdtvoFHVLGASGB5ySqIEA,1,@hugoasencio7764,@VidalVillatoro-p4w
UC4wq3DcbfaG6dtCqn8Oyu3w,UCpl8rF8uv_8uui-QRvuJaRA,1,@hugoasencio7764,@SergioGarcia-z9c
UC4wq3DcbfaG6dtCqn8Oyu3w,UCplrIQtaPj6au60_f2-mOYw,1,@hugoasencio7764,@romeolopezherrarte799
UC4wq3DcbfaG6dtCqn8Oyu3w,UCpsKOkt5iWTbenzeuq7dsmQ,1,@hugoasencio7764,@inge_vergueta
UC4wq3DcbfaG6dtCqn8Oyu3w,UCr1emrogPKkKTs_WTtx71xg,1,@hugoasencio7764,@domingopeneleu6457
UC4wq3DcbfaG6dtCqn8Oyu3w,UCrJn_rbo_ENAdeqneS-RmRw,1,@hugoasencio7764,@josecarrera9623
UC4wq3DcbfaG6dtCqn8Oyu3w,UCsJJAvrVGupdmhOqgtDp8dg,1,@hugoasencio7764,@nestorlorenzana1168
UC4wq3DcbfaG6dtCqn8Oyu3w,UCsSXdJct-nsS8DsABoEsaYA,1,@hugoasencio7764,@IvánPérez-j4j
UC4wq3DcbfaG6dtCqn8Oyu3w,UCsUCN0Yq_UyTvKjOJLmNrnQ,1,@hugoasencio7764,@moisesvaldez4043
UC4wq3DcbfaG6dtCqn8Oyu3w,UCsjs5Hp_r86x1xbK6FAeqaA,1,@hugoasencio7764,@alvaroesquivel563
UC4wq3DcbfaG6dtCqn8Oyu3w,UCtNfIBnc5S5DbbQj_yxgJTw,1,@hugoasencio7764,@JosueRamirez-ey3ih
UC4wq3DcbfaG6dtCqn8Oyu3w,UCtUR3_CAiE7fCoZHM6cMfyQ,1,@hugoasencio7764,@mdelcid01
UC4wq3DcbfaG6dtCqn8Oyu3w,UCueV9cTyTDwgQSec1x2dYgA,1,@hugoasencio7764,@fredydomingo7062
UC4wq3DcbfaG6dtCqn8Oyu3w,UCujPF2nBgsTD62nWE3lcpIg,1,@hugoasencio7764,@victorarturoruanobautista7588
UC4wq3DcbfaG6dtCqn8Oyu3w,UCut6b9S98nv84cVX89PmKzA,1,@hugoasencio7764,@yeniferaguirre4498
UC4wq3DcbfaG6dtCqn8Oyu3w,UCvApqeCbLod-wejtT4CcVuA,1,@hugoasencio7764,@davidgaher9550
UC4wq3DcbfaG6dtCqn8Oyu3w,UCwO2SXr0ggzwg6QWWrr01nQ,1,@hugoasencio7764,@ricardofigueroa5720
UC4wq3DcbfaG6dtCqn8Oyu3w,UCwW2OFy95P7ZBkOPxWkpvYg,1,@hugoasencio7764,@TeresaLucero-b5o
UC4wq3DcbfaG6dtCqn8Oyu3w,UCwha8rxULYMVtNwZWeSkE1A,1,@hugoasencio7764,@mariasamo8637
UC4wq3DcbfaG6dtCqn8Oyu3w,UCxff05WuyvwELNITi7bj7UA,1,@hugoasencio7764,@markoherrera
UC4wq3DcbfaG6dtCqn8Oyu3w,UCySYJU5kUh7X8gVt9la2ISA,1,@hugoasencio7764,@dantesarti4351
UC4wq3DcbfaG6dtCqn8Oyu3w,UCylqlpsh8ENNM1LqgQ1KbxA,1,@hugoasencio7764,@Jel.Awesh.M
UC4wq3DcbfaG6dtCqn8Oyu3w,UCz3gu01bmjNv0DpRq-K3XYg,1,@hugoasencio7764,@eusebiovasquez4385
UC4wq3DcbfaG6dtCqn8Oyu3w,UCzSfZlOVxBSs5ObD25ywxDQ,1,@hugoasencio7764,@GilmarMaldonado-q9m
UC4wq3DcbfaG6dtCqn8Oyu3w,UCzoL2l5H5eVlorWGH8AZfAg,1,@hugoasencio7764,@jor77cas
UC5H8ASmMC9WrURmzeB4ySog,UC5bG9nc_JV3FsNP2KseQiYw,1,@ManuelEdran,@giovannirodas4836
UC5H8ASmMC9WrURmzeB4ySog,UC650pRT-OYzny3GwOH8Cgfw,1,@ManuelEdran,@edvinparedesherrera7632
UC5H8ASmMC9WrURmzeB4ySog,UC6PvO1_k5lHKGdAPo5_C6TA,1,@ManuelEdran,@johnmejia992
UC5H8ASmMC9WrURmzeB4ySog,UC6YSZqL0vEcI-niPKIMUGfw,1,@ManuelEdran,@maxwellsales885
UC5H8ASmMC9WrURmzeB4ySog,UC72gBAtyb_VXQlYDcFrh6oQ,1,@ManuelEdran,@osmanmorales3012
UC5H8ASmMC9WrURmzeB4ySog,UC7VUuJr9cGh845CmTvf7TlQ,1,@ManuelEdran,@LuisCastillo-oz4df
UC5H8ASmMC9WrURmzeB4ySog,UC8F2V63KZ4ZEay6opX2hAQw,1,@ManuelEdran,@carmenr6311
UC5H8ASmMC9WrURmzeB4ySog,UC8G5cJONY8L9voMyBW8Eoug,1,@ManuelEdran,@luisparedes-pw6qt
UC5H8ASmMC9WrURmzeB4ySog,UC8r11yOugM2NuRfitQOxLLg,1,@ManuelEdran,@cesaraugustomoralesmonroy6907
UC5H8ASmMC9WrURmzeB4ySog,UC9vMq1YF-e7C-VO0SHkbUTA,1,@ManuelEdran,@ErvinLeonardoCarreraLatín
UC5H8ASmMC9WrURmzeB4ySog,UC9xr9QvIcDvoZNUX5f-jaZw,1,@ManuelEdran,@MariaaliciaColonmorales
UC5H8ASmMC9WrURmzeB4ySog,UCA93ym2TXs_Ibyxb4Vcn-6Q,1,@ManuelEdran,@oswaldosolis8728
UC5H8ASmMC9WrURmzeB4ySog,UCAlzM_N6xBlMYmM8EBzX86Q,1,@ManuelEdran,@carlossoto3252
UC5H8ASmMC9WrURmzeB4ySog,UCAmtbUiIrUIhikru0ZoTFig,1,@ManuelEdran,@Aura-vf6dm
UC5H8ASmMC9WrURmzeB4ySog,UCB5p8a5gklc80jJItP6xTHg,1,@ManuelEdran,@ernestogamboa8737
UC5H8ASmMC9WrURmzeB4ySog,UCCaYwkkbQGcvFoUmothVdQQ,1,@ManuelEdran,@OsvaldoAguirre-l3i
UC5H8ASmMC9WrURmzeB4ySog,UCDIMztpVm7G27qBuiWuT6oQ,1,@ManuelEdran,@lizardomorataya8274
UC5H8ASmMC9WrURmzeB4ySog,UCDPWkUX3sNNaCx-m1dV4glA,1,@ManuelEdran,@hectoroliva949
UC5H8ASmMC9WrURmzeB4ySog,UCDQaQv0hr2SS_PO-CMEwVHg,1,@ManuelEdran,@federicosaquimux1933
UC5H8ASmMC9WrURmzeB4ySog,UCDUffaruH6dyUnUGwsTKpgg,1,@ManuelEdran,@luisletona2842
UC5H8ASmMC9WrURmzeB4ySog,UCDftMWXQoJ6nONfY7GVOVjg,1,@ManuelEdran,@luisgpacheco5858
UC5H8ASmMC9WrURmzeB4ySog,UCDlr1VadSucIZgZ171pRBjQ,1,@ManuelEdran,@cuabatzjj5924
UC5H8ASmMC9WrURmzeB4ySog,UCEgEQmRbtL5fwr9_DqAC--g,1,@ManuelEdran,@ArielRodas-g5y
UC5H8ASmMC9WrURmzeB4ySog,UCErZPJpHmLCsXs8ZWkAUupQ,1,@ManuelEdran,@dorisl.garciaroche7763
UC5H8ASmMC9WrURmzeB4ySog,UCFUuDARXdmmIrLppEqf-rFg,1,@ManuelEdran,@allanmunoz7410
UC5H8ASmMC9WrURmzeB4ySog,UCFhxtoeARHPnXXPcDrOU3Xg,1,@ManuelEdran,@diegoalejandrolopezmendez205
UC5H8ASmMC9WrURmzeB4ySog,UCFjudnPLoaSL1BaRuLahyHg,1,@ManuelEdran,@HaroldoCastillo-rh9iw
UC5H8ASmMC9WrURmzeB4ySog,UCFoIAE8k82D6AV-8gjjKaNg,1,@ManuelEdran,@eddymunoz9789
UC5H8ASmMC9WrURmzeB4ySog,UCFxE8GbokBrBsPEKM1xrOjQ,1,@ManuelEdran,@JuanDavila-qd7qj
UC5H8ASmMC9WrURmzeB4ySog,UCGzXwyCzMzGmjmCbH3Hg01Q,1,@ManuelEdran,@FidelZacarias-ph7dy
UC5H8ASmMC9WrURmzeB4ySog,UCHTGCgY2l-DQJIvlA_cpa_Q,1,@ManuelEdran,@virgiliogarcia3039
UC5H8ASmMC9WrURmzeB4ySog,UCHhHUjaMAZ8SiXdCUCj9DkQ,1,@ManuelEdran,@fredymendez1786
UC5H8ASmMC9WrURmzeB4ySog,UCKDR0f2fu2UzWL8mBv5-BHw,1,@ManuelEdran,@mireyamorales6595
UC5H8ASmMC9WrURmzeB4ySog,UCL13XhnRzbGokEkCkEOb0-g,1,@ManuelEdran,@raquelprado3643
UC5H8ASmMC9WrURmzeB4ySog,UCL1MT278vSaQ83ZDkVWn1gw,1,@ManuelEdran,@elmorodriguez6978
UC5H8ASmMC9WrURmzeB4ySog,UCLFdHr9BEbXHkoJopbEPLZw,1,@ManuelEdran,@kanterra4584
UC5H8ASmMC9WrURmzeB4ySog,UCLggDc_a5HriXv7I1h02sOA,1,@ManuelEdran,@guillermogonzalez5153
UC5H8ASmMC9WrURmzeB4ySog,UCN6qbfPSzFtjhqUDZ3Cv3CQ,1,@ManuelEdran,@carlosmedranovelasquez6380
UC5H8ASmMC9WrURmzeB4ySog,UCNBnKqWf4d-rS4HwJRQljmQ,1,@ManuelEdran,@LE_A22
UC5H8ASmMC9WrURmzeB4ySog,UCNkcuy42zEwddwEcOd_HpnA,1,@ManuelEdran,@vanigomez492
UC5H8ASmMC9WrURmzeB4ySog,UCOLGv5Pf6BF2wFcwUzgcvHg,1,@ManuelEdran,@welfrealdana5559
UC5H8ASmMC9WrURmzeB4ySog,UCOS8ViEkccrTZx2w2ccxotA,1,@ManuelEdran,@OscarHernandez-q8y
UC5H8ASmMC9WrURmzeB4ySog,UCOh6DaZC_x9HASnlRylEMfw,1,@ManuelEdran,@AndresMedina-v1s
UC5H8ASmMC9WrURmzeB4ySog,UCQ_-LPP8JAbfkc-b1Q6NvWw,1,@ManuelEdran,@MegaKristenstewart
UC5H8ASmMC9WrURmzeB4ySog,UCQgYjVngJRfPHDLGB5X6ZjA,1,@ManuelEdran,@oscarnavas9996
UC5H8ASmMC9WrURmzeB4ySog,UCQqetiwzzmRNTM5OWuXarGQ,1,@ManuelEdran,@isaiaslopezvelasquez1539
UC5H8ASmMC9WrURmzeB4ySog,UCQtICyzWmhC5woCtbNgaSmg,1,@ManuelEdran,@nestormendez6216
UC5H8ASmMC9WrURmzeB4ySog,UCQtSFINs1h6GHkpg9o5kMvg,1,@ManuelEdran,@MacarioMartinezruiz
UC5H8ASmMC9WrURmzeB4ySog,UCRETAiYdh2dL5ZxB0_N1zDA,1,@ManuelEdran,@Joseroland21
UC5H8ASmMC9WrURmzeB4ySog,UCRelkU8JiZBytTzebJxaa-w,1,@ManuelEdran,@danyraymundo2942
UC5H8ASmMC9WrURmzeB4ySog,UCRlCV9zSn7avAWh-9_XFWqQ,1,@ManuelEdran,@ronyarana8849
UC5H8ASmMC9WrURmzeB4ySog,UCSou6a2OuYGSvPjm5psquyA,1,@ManuelEdran,@FranciscoRivera-sf7ne
UC5H8ASmMC9WrURmzeB4ySog,UCTD6q1nyIe3Y7HhqjaMj72w,1,@ManuelEdran,@JuanChang-r6k
UC5H8ASmMC9WrURmzeB4ySog,UCTP3O0rMnc8z8v8jaDQwL0w,1,@ManuelEdran,@RobertoZelaya-x1v
UC5H8ASmMC9WrURmzeB4ySog,UCThW2XNsAaBKme5PUt7n-Zg,1,@ManuelEdran,@thelmamoran8565
UC5H8ASmMC9WrURmzeB4ySog,UCTwSut16JyAg3mX6LVUNGqA,1,@ManuelEdran,@SuperVictor2005
UC5H8ASmMC9WrURmzeB4ySog,UCTylKrsqkrBKIqubMu_5N0Q,1,@ManuelEdran,@edwingeovanymarroquinmarro6684
UC5H8ASmMC9WrURmzeB4ySog,UCUIIIPTVDVHAXqhC_5V6lPA,1,@ManuelEdran,@gorrarota
UC5H8ASmMC9WrURmzeB4ySog,UCV0iizTBoOfdAFX_thfI9BA,1,@ManuelEdran,@BenjaminLarios-jd8nk
UC5H8ASmMC9WrURmzeB4ySog,UCWIZUtKJ636y-4TYrNvok0g,1,@ManuelEdran,@cesarandreas7824
UC5H8ASmMC9WrURmzeB4ySog,UCXSkL3ejZ8qWYyF_M7s_QKA,1,@ManuelEdran,@JacintaTzoy
UC5H8ASmMC9WrURmzeB4ySog,UCXXh7yg5KUFIWylTiKVEFKQ,1,@ManuelEdran,@MrDuenderojo
UC5H8ASmMC9WrURmzeB4ySog,UCXgr7vXlRrsaskPdo097kGA,1,@ManuelEdran,@Rogergh-nw4oj
UC5H8ASmMC9WrURmzeB4ySog,UCXr8_5WtGeipe4haOoQDgyQ,1,@ManuelEdran,@amyherrera7352
UC5H8ASmMC9WrURmzeB4ySog,UCYN4wSQ1Sx4_LurxLlW7MPg,1,@ManuelEdran,@belarminavillatoro6474
UC5H8ASmMC9WrURmzeB4ySog,UCYwpX26TrCxq8TvbKGRYLXA,1,@ManuelEdran,@beneficioelcaminovillacana8540
UC5H8ASmMC9WrURmzeB4ySog,UCZ51R_9Q9C0c8I3pAWhtmjQ,1,@ManuelEdran,@belvettzapeta1251
UC5H8ASmMC9WrURmzeB4ySog,UCZLG9qH0tUjNhEGFIUt0CYw,1,@ManuelEdran,@SoniaMarroquin-y6e
UC5H8ASmMC9WrURmzeB4ySog,UCcfdg8crmMJwEuLUsAhV7yg,1,@ManuelEdran,@RolandoRaguay
UC5H8ASmMC9WrURmzeB4ySog,UCfM3nrxtTQMY5jFx1v1J4Gg,1,@ManuelEdran,@edgarroldan5539
UC5H8ASmMC9WrURmzeB4ySog,UCgvw7xIdGFupzpt1Y_BFkEA,1,@ManuelEdran,@fredygarcia9151
UC5H8ASmMC9WrURmzeB4ySog,UCh5ESQvtzyHDhCA7XyekCFA,1,@ManuelEdran,@andyB5280
UC5H8ASmMC9WrURmzeB4ySog,UChZknRmJkeGeQk0-mQuhDOg,1,@ManuelEdran,@OdilioRodríguez-c5w
UC5H8ASmMC9WrURmzeB4ySog,UChep9kVb5gQmpodEEl10Xlg,1,@ManuelEdran,@carlosaguilar-kz7ml
UC5H8ASmMC9WrURmzeB4ySog,UChgkn5Jt5tWKYMoEOuCjz3Q,1,@ManuelEdran,@pablochitay46
UC5H8ASmMC9WrURmzeB4ySog,UChs3tU2BcKOT0CezykvAsGw,1,@ManuelEdran,@byronpontaza
UC5H8ASmMC9WrURmzeB4ySog,UCi1b_TRQfgO1Z9O2gNGGWNA,1,@ManuelEdran,@davidisraelesquitsaquil
UC5H8ASmMC9WrURmzeB4ySog,UCiGRBf2RNF0WRKhRVT7zFoA,1,@ManuelEdran,@edwinavila4876
UC5H8ASmMC9WrURmzeB4ySog,UCiMythXHsw7eQEMykCdmMUA,1,@ManuelEdran,@JavierBecerra-h6x
UC5H8ASmMC9WrURmzeB4ySog,UCipetjeiWj4CZB6EbyYziZg,1,@ManuelEdran,@OseasSamayoa-ol5rz
UC5H8ASmMC9WrURmzeB4ySog,UCj-LL25XJnjxepPKCc3NGog,1,@ManuelEdran,@anaaguirre8985
UC5H8ASmMC9WrURmzeB4ySog,UCjSKM9j0Q7HLDr1hD6D-TUw,1,@ManuelEdran,@josehidalgo4875
UC5H8ASmMC9WrURmzeB4ySog,UCjmPuazZJzscrwvk0QR9RVw,1,@ManuelEdran,@mynorrodas8591
UC5H8ASmMC9WrURmzeB4ySog,UCkd9W714-947dEE6ZOEBATA,1,@ManuelEdran,@ARGELIATELON
UC5H8ASmMC9WrURmzeB4ySog,UCl0ekS9Tt0jJGtOEM18S63w,1,@ManuelEdran,@monkchapin
UC5H8ASmMC9WrURmzeB4ySog,UCljDbleJul41G1TzOjOZAVA,1,@ManuelEdran,@hectorcarranza3777
UC5H8ASmMC9WrURmzeB4ySog,UCmjppp6ujz3SAnULvP3sZMw,1,@ManuelEdran,@marcomendez7509
UC5H8ASmMC9WrURmzeB4ySog,UCmvOgzmmXbjUthHy-WJ52hQ,1,@ManuelEdran,@mariorodas593
UC5H8ASmMC9WrURmzeB4ySog,UCp4iw5_5SmV9VGTFSNVGOmQ,1,@ManuelEdran,@CARLOSSTREMS51
UC5H8ASmMC9WrURmzeB4ySog,UCpIdtvoFHVLGASGB5ySqIEA,1,@ManuelEdran,@VidalVillatoro-p4w
UC5H8ASmMC9WrURmzeB4ySog,UCpl8rF8uv_8uui-QRvuJaRA,1,@ManuelEdran,@SergioGarcia-z9c
UC5H8ASmMC9WrURmzeB4ySog,UCplrIQtaPj6au60_f2-mOYw,1,@ManuelEdran,@romeolopezherrarte799
UC5H8ASmMC9WrURmzeB4ySog,UCpsKOkt5iWTbenzeuq7dsmQ,1,@ManuelEdran,@inge_vergueta
UC5H8ASmMC9WrURmzeB4ySog,UCr1emrogPKkKTs_WTtx71xg,1,@ManuelEdran,@domingopeneleu6457
UC5H8ASmMC9WrURmzeB4ySog,UCrJn_rbo_ENAdeqneS-RmRw,1,@ManuelEdran,@josecarrera9623
UC5H8ASmMC9WrURmzeB4ySog,UCsJJAvrVGupdmhOqgtDp8dg,1,@ManuelEdran,@nestorlorenzana1168
UC5H8ASmMC9WrURmzeB4ySog,UCsSXdJct-nsS8DsABoEsaYA,1,@ManuelEdran,@IvánPérez-j4j
UC5H8ASmMC9WrURmzeB4ySog,UCsUCN0Yq_UyTvKjOJLmNrnQ,1,@ManuelEdran,@moisesvaldez4043
UC5H8ASmMC9WrURmzeB4ySog,UCsjs5Hp_r86x1xbK6FAeqaA,1,@ManuelEdran,@alvaroesquivel563
UC5H8ASmMC9WrURmzeB4ySog,UCtNfIBnc5S5DbbQj_yxgJTw,1,@ManuelEdran,@JosueRamirez-ey3ih
UC5H8ASmMC9WrURmzeB4ySog,UCtUR3_CAiE7fCoZHM6cMfyQ,1,@ManuelEdran,@mdelcid01
UC5H8ASmMC9WrURmzeB4ySog,UCueV9cTyTDwgQSec1x2dYgA,1,@ManuelEdran,@fredydomingo7062
UC5H8ASmMC9WrURmzeB4ySog,UCujPF2nBgsTD62nWE3lcpIg,1,@ManuelEdran,@victorarturoruanobautista7588
UC5H8ASmMC9WrURmzeB4ySog,UCut6b9S98nv84cVX89PmKzA,1,@ManuelEdran,@yeniferaguirre4498
UC5H8ASmMC9WrURmzeB4ySog,UCvApqeCbLod-wejtT4CcVuA,1,@ManuelEdran,@davidgaher9550
UC5H8ASmMC9WrURmzeB4ySog,UCwO2SXr0ggzwg6QWWrr01nQ,1,@ManuelEdran,@ricardofigueroa5720
UC5H8ASmMC9WrURmzeB4ySog,UCwW2OFy95P7ZBkOPxWkpvYg,1,@ManuelEdran,@TeresaLucero-b5o
UC5H8ASmMC9WrURmzeB4ySog,UCwha8rxULYMVtNwZWeSkE1A,1,@ManuelEdran,@mariasamo8637
UC5H8ASmMC9WrURmzeB4ySog,UCxff05WuyvwELNITi7bj7UA,1,@ManuelEdran,@markoherrera
UC5H8ASmMC9WrURmzeB4ySog,UCySYJU5kUh7X8gVt9la2ISA,1,@ManuelEdran,@dantesarti4351
UC5H8ASmMC9WrURmzeB4ySog,UCylqlpsh8ENNM1LqgQ1KbxA,1,@ManuelEdran,@Jel.Awesh.M
UC5H8ASmMC9WrURmzeB4ySog,UCz3gu01bmjNv0DpRq-K3XYg,1,@ManuelEdran,@eusebiovasquez4385
UC5H8ASmMC9WrURmzeB4ySog,UCzSfZlOVxBSs5ObD25ywxDQ,1,@ManuelEdran,@GilmarMaldonado-q9m
UC5H8ASmMC9WrURmzeB4ySog,UCzoL2l5H5eVlorWGH8AZfAg,1,@ManuelEdran,@jor77cas
UC5PrBbmUlQolwqmiru7yZhw,UC9Wp6vL5oCU37qC3Aj94WZA,1,@lazarochavez8269,@ManuelSanchez-b8q2z
UC5PrBbmUlQolwqmiru7yZhw,UCGm3gRBEHGRJYmtCryZLtDw,1,@lazarochavez8269,@JoséLopez-g6k
UC5PrBbmUlQolwqmiru7yZhw,UCHu8x4MVkayU6VgwVKd--MQ,1,@lazarochavez8269,@Hernandez-i1o
UC5PrBbmUlQolwqmiru7yZhw,UCsUCN0Yq_UyTvKjOJLmNrnQ,1,@lazarochavez8269,@moisesvaldez4043
UC5PyGvSfFM--OVKmQ3COu6g,UC5fvhAfm89JH8eDFdvc0xYw,1,@FreddyGmez,@isaidiaz2388
UC5PyGvSfFM--OVKmQ3COu6g,UCFOxCyF926Y9eHhMeVoWLzw,1,@FreddyGmez,@arielsarc09
UC5PyGvSfFM--OVKmQ3COu6g,UCGqKxQS-z3NZzZF-2w338AA,1,@FreddyGmez,@samuelaguilar529
UC5PyGvSfFM--OVKmQ3COu6g,UCHMQ_lDhibZ-XZ_3fo6oxwg,1,@FreddyGmez,@crislexrubi4387
UC5PyGvSfFM--OVKmQ3COu6g,UCIUhbSCy3-SGRe5UtqM4fzQ,1,@FreddyGmez,@jeanmorales1677
UC5PyGvSfFM--OVKmQ3COu6g,UCIp19h9igblA2YKfSLPDAug,1,@FreddyGmez,@JoseReyes-rn6sh
UC5PyGvSfFM--OVKmQ3COu6g,UCRcSR3Lvn9DZAmJpVPANfZQ,1,@FreddyGmez,@WalksandSuch
UC5PyGvSfFM--OVKmQ3COu6g,UCRznz9-N3Qc1w-qNdLSIY2Q,1,@FreddyGmez,@jimmygomez724
UC5PyGvSfFM--OVKmQ3COu6g,UCSTAUWVc1_82DHYeqOsqEFA,1,@FreddyGmez,@TheAlexX_C
UC5PyGvSfFM--OVKmQ3COu6g,UCXmrpc6Li0spcKxtS0Q_ptg,1,@FreddyGmez,@melvinperez6710
UC5PyGvSfFM--OVKmQ3COu6g,UCY7Hq7F9Lnucf-Yr6JkHZNw,1,@FreddyGmez,@maynorcalel1442
UC5PyGvSfFM--OVKmQ3COu6g,UC_ljZ1hZXR9pzexFz87P5ZA,1,@FreddyGmez,@ChRiStOpHeR7969
UC5PyGvSfFM--OVKmQ3COu6g,UCaT6M2zp7X6r6Whd8Vv3kHQ,1,@FreddyGmez,@alexarcos8349
UC5PyGvSfFM--OVKmQ3COu6g,UCgLrWFdYitoP-b7-PxtUr-w,1,@FreddyGmez,@zetag
UC5PyGvSfFM--OVKmQ3COu6g,UCgLurCo-e019HGODcjXHWCw,1,@FreddyGmez,@perritojuega1
UC5PyGvSfFM--OVKmQ3COu6g,UCi-vPdnpQreC7BkFs40mJGA,1,@FreddyGmez,@bryansicasales4280
UC5PyGvSfFM--OVKmQ3COu6g,UCqilIa8r7iek5sGYg_q6ofA,1,@FreddyGmez,@rolandojuchuna484
UC5PyGvSfFM--OVKmQ3COu6g,UCs_5qeqdku9tGAq22y3OcuQ,1,@FreddyGmez,@alexandrevasquez4135
UC5PyGvSfFM--OVKmQ3COu6g,UCtMBF_1O2jY2INlb_luuB_A,1,@FreddyGmez,@mynorgudiel8646
UC5PyGvSfFM--OVKmQ3COu6g,UCwUAv3_LpWVtTIi7lkmTL7A,1,@FreddyGmez,@kingr4706
UC5PyGvSfFM--OVKmQ3COu6g,UCxKR3RA8T-kxMgq_2WWhRcQ,1,@FreddyGmez,@elenaluarca9377
UC5PyGvSfFM--OVKmQ3COu6g,UCyzf29IYjNw67gGIfsjgtxA,1,@FreddyGmez,@carlosoliva9249
UC5bG9nc_JV3FsNP2KseQiYw,UC650pRT-OYzny3GwOH8Cgfw,1,@giovannirodas4836,@edvinparedesherrera7632
UC5bG9nc_JV3FsNP2KseQiYw,UC6PvO1_k5lHKGdAPo5_C6TA,1,@giovannirodas4836,@johnmejia992
UC5bG9nc_JV3FsNP2KseQiYw,UC6YSZqL0vEcI-niPKIMUGfw,1,@giovannirodas4836,@maxwellsales885
UC5bG9nc_JV3FsNP2KseQiYw,UC72gBAtyb_VXQlYDcFrh6oQ,1,@giovannirodas4836,@osmanmorales3012
UC5bG9nc_JV3FsNP2KseQiYw,UC7VUuJr9cGh845CmTvf7TlQ,1,@giovannirodas4836,@LuisCastillo-oz4df
UC5bG9nc_JV3FsNP2KseQiYw,UC8F2V63KZ4ZEay6opX2hAQw,1,@giovannirodas4836,@carmenr6311
UC5bG9nc_JV3FsNP2KseQiYw,UC8G5cJONY8L9voMyBW8Eoug,1,@giovannirodas4836,@luisparedes-pw6qt
UC5bG9nc_JV3FsNP2KseQiYw,UC8r11yOugM2NuRfitQOxLLg,1,@giovannirodas4836,@cesaraugustomoralesmonroy6907
UC5bG9nc_JV3FsNP2KseQiYw,UC9vMq1YF-e7C-VO0SHkbUTA,1,@giovannirodas4836,@ErvinLeonardoCarreraLatín
UC5bG9nc_JV3FsNP2KseQiYw,UC9xr9QvIcDvoZNUX5f-jaZw,1,@giovannirodas4836,@MariaaliciaColonmorales
UC5bG9nc_JV3FsNP2KseQiYw,UCA93ym2TXs_Ibyxb4Vcn-6Q,1,@giovannirodas4836,@oswaldosolis8728
UC5bG9nc_JV3FsNP2KseQiYw,UCAlzM_N6xBlMYmM8EBzX86Q,1,@giovannirodas4836,@carlossoto3252
UC5bG9nc_JV3FsNP2KseQiYw,UCAmtbUiIrUIhikru0ZoTFig,1,@giovannirodas4836,@Aura-vf6dm
UC5bG9nc_JV3FsNP2KseQiYw,UCB5p8a5gklc80jJItP6xTHg,1,@giovannirodas4836,@ernestogamboa8737
UC5bG9nc_JV3FsNP2KseQiYw,UCCaYwkkbQGcvFoUmothVdQQ,1,@giovannirodas4836,@OsvaldoAguirre-l3i
UC5bG9nc_JV3FsNP2KseQiYw,UCDIMztpVm7G27qBuiWuT6oQ,1,@giovannirodas4836,@lizardomorataya8274
UC5bG9nc_JV3FsNP2KseQiYw,UCDPWkUX3sNNaCx-m1dV4glA,1,@giovannirodas4836,@hectoroliva949
UC5bG9nc_JV3FsNP2KseQiYw,UCDQaQv0hr2SS_PO-CMEwVHg,1,@giovannirodas4836,@federicosaquimux1933
UC5bG9nc_JV3FsNP2KseQiYw,UCDUffaruH6dyUnUGwsTKpgg,1,@giovannirodas4836,@luisletona2842
UC5bG9nc_JV3FsNP2KseQiYw,UCDftMWXQoJ6nONfY7GVOVjg,1,@giovannirodas4836,@luisgpacheco5858
UC5bG9nc_JV3FsNP2KseQiYw,UCDlr1VadSucIZgZ171pRBjQ,1,@giovannirodas4836,@cuabatzjj5924
UC5bG9nc_JV3FsNP2KseQiYw,UCEgEQmRbtL5fwr9_DqAC--g,1,@giovannirodas4836,@ArielRodas-g5y
UC5bG9nc_JV3FsNP2KseQiYw,UCErZPJpHmLCsXs8ZWkAUupQ,1,@giovannirodas4836,@dorisl.garciaroche7763
UC5bG9nc_JV3FsNP2KseQiYw,UCFUuDARXdmmIrLppEqf-rFg,1,@giovannirodas4836,@allanmunoz7410
UC5bG9nc_JV3FsNP2KseQiYw,UCFhxtoeARHPnXXPcDrOU3Xg,1,@giovannirodas4836,@diegoalejandrolopezmendez205
UC5bG9nc_JV3FsNP2KseQiYw,UCFjudnPLoaSL1BaRuLahyHg,1,@giovannirodas4836,@HaroldoCastillo-rh9iw
UC5bG9nc_JV3FsNP2KseQiYw,UCFoIAE8k82D6AV-8gjjKaNg,1,@giovannirodas4836,@eddymunoz9789
UC5bG9nc_JV3FsNP2KseQiYw,UCFxE8GbokBrBsPEKM1xrOjQ,1,@giovannirodas4836,@JuanDavila-qd7qj
UC5bG9nc_JV3FsNP2KseQiYw,UCGzXwyCzMzGmjmCbH3Hg01Q,1,@giovannirodas4836,@FidelZacarias-ph7dy
UC5bG9nc_JV3FsNP2KseQiYw,UCHTGCgY2l-DQJIvlA_cpa_Q,1,@giovannirodas4836,@virgiliogarcia3039
UC5bG9nc_JV3FsNP2KseQiYw,UCHhHUjaMAZ8SiXdCUCj9DkQ,1,@giovannirodas4836,@fredymendez1786
UC5bG9nc_JV3FsNP2KseQiYw,UCKDR0f2fu2UzWL8mBv5-BHw,1,@giovannirodas4836,@mireyamorales6595
UC5bG9nc_JV3FsNP2KseQiYw,UCL13XhnRzbGokEkCkEOb0-g,1,@giovannirodas4836,@raquelprado3643
UC5bG9nc_JV3FsNP2KseQiYw,UCL1MT278vSaQ83ZDkVWn1gw,1,@giovannirodas4836,@elmorodriguez6978
UC5bG9nc_JV3FsNP2KseQiYw,UCLFdHr9BEbXHkoJopbEPLZw,1,@giovannirodas4836,@kanterra4584
UC5bG9nc_JV3FsNP2KseQiYw,UCLggDc_a5HriXv7I1h02sOA,1,@giovannirodas4836,@guillermogonzalez5153
UC5bG9nc_JV3FsNP2KseQiYw,UCN6qbfPSzFtjhqUDZ3Cv3CQ,1,@giovannirodas4836,@carlosmedranovelasquez6380
UC5bG9nc_JV3FsNP2KseQiYw,UCNBnKqWf4d-rS4HwJRQljmQ,1,@giovannirodas4836,@LE_A22
UC5bG9nc_JV3FsNP2KseQiYw,UCNkcuy42zEwddwEcOd_HpnA,1,@giovannirodas4836,@vanigomez492
UC5bG9nc_JV3FsNP2KseQiYw,UCOLGv5Pf6BF2wFcwUzgcvHg,1,@giovannirodas4836,@welfrealdana5559
UC5bG9nc_JV3FsNP2KseQiYw,UCOS8ViEkccrTZx2w2ccxotA,1,@giovannirodas4836,@OscarHernandez-q8y
UC5bG9nc_JV3FsNP2KseQiYw,UCOh6DaZC_x9HASnlRylEMfw,1,@giovannirodas4836,@AndresMedina-v1s
UC5bG9nc_JV3FsNP2KseQiYw,UCQ_-LPP8JAbfkc-b1Q6NvWw,1,@giovannirodas4836,@MegaKristenstewart
UC5bG9nc_JV3FsNP2KseQiYw,UCQgYjVngJRfPHDLGB5X6ZjA,1,@giovannirodas4836,@oscarnavas9996
UC5bG9nc_JV3FsNP2KseQiYw,UCQqetiwzzmRNTM5OWuXarGQ,1,@giovannirodas4836,@isaiaslopezvelasquez1539
UC5bG9nc_JV3FsNP2KseQiYw,UCQtICyzWmhC5woCtbNgaSmg,1,@giovannirodas4836,@nestormendez6216
UC5bG9nc_JV3FsNP2KseQiYw,UCQtSFINs1h6GHkpg9o5kMvg,1,@giovannirodas4836,@MacarioMartinezruiz
UC5bG9nc_JV3FsNP2KseQiYw,UCRETAiYdh2dL5ZxB0_N1zDA,1,@giovannirodas4836,@Joseroland21
UC5bG9nc_JV3FsNP2KseQiYw,UCRelkU8JiZBytTzebJxaa-w,1,@giovannirodas4836,@danyraymundo2942
UC5bG9nc_JV3FsNP2KseQiYw,UCRlCV9zSn7avAWh-9_XFWqQ,1,@giovannirodas4836,@ronyarana8849
UC5bG9nc_JV3FsNP2KseQiYw,UCSou6a2OuYGSvPjm5psquyA,1,@giovannirodas4836,@FranciscoRivera-sf7ne
UC5bG9nc_JV3FsNP2KseQiYw,UCTD6q1nyIe3Y7HhqjaMj72w,1,@giovannirodas4836,@JuanChang-r6k
UC5bG9nc_JV3FsNP2KseQiYw,UCTP3O0rMnc8z8v8jaDQwL0w,1,@giovannirodas4836,@RobertoZelaya-x1v
UC5bG9nc_JV3FsNP2KseQiYw,UCThW2XNsAaBKme5PUt7n-Zg,1,@giovannirodas4836,@thelmamoran8565
UC5bG9nc_JV3FsNP2KseQiYw,UCTwSut16JyAg3mX6LVUNGqA,1,@giovannirodas4836,@SuperVictor2005
UC5bG9nc_JV3FsNP2KseQiYw,UCTylKrsqkrBKIqubMu_5N0Q,1,@giovannirodas4836,@edwingeovanymarroquinmarro6684
UC5bG9nc_JV3FsNP2KseQiYw,UCUIIIPTVDVHAXqhC_5V6lPA,1,@giovannirodas4836,@gorrarota
UC5bG9nc_JV3FsNP2KseQiYw,UCV0iizTBoOfdAFX_thfI9BA,1,@giovannirodas4836,@BenjaminLarios-jd8nk
UC5bG9nc_JV3FsNP2KseQiYw,UCWIZUtKJ636y-4TYrNvok0g,1,@giovannirodas4836,@cesarandreas7824
UC5bG9nc_JV3FsNP2KseQiYw,UCXSkL3ejZ8qWYyF_M7s_QKA,1,@giovannirodas4836,@JacintaTzoy
UC5bG9nc_JV3FsNP2KseQiYw,UCXXh7yg5KUFIWylTiKVEFKQ,1,@giovannirodas4836,@MrDuenderojo
UC5bG9nc_JV3FsNP2KseQiYw,UCXgr7vXlRrsaskPdo097kGA,1,@giovannirodas4836,@Rogergh-nw4oj
UC5bG9nc_JV3FsNP2KseQiYw,UCXr8_5WtGeipe4haOoQDgyQ,1,@giovannirodas4836,@amyherrera7352
UC5bG9nc_JV3FsNP2KseQiYw,UCYN4wSQ1Sx4_LurxLlW7MPg,1,@giovannirodas4836,@belarminavillatoro6474
UC5bG9nc_JV3FsNP2KseQiYw,UCYwpX26TrCxq8TvbKGRYLXA,1,@giovannirodas4836,@beneficioelcaminovillacana8540
UC5bG9nc_JV3FsNP2KseQiYw,UCZ51R_9Q9C0c8I3pAWhtmjQ,1,@giovannirodas4836,@belvettzapeta1251
UC5bG9nc_JV3FsNP2KseQiYw,UCZLG9qH0tUjNhEGFIUt0CYw,1,@giovannirodas4836,@SoniaMarroquin-y6e
UC5bG9nc_JV3FsNP2KseQiYw,UCcfdg8crmMJwEuLUsAhV7yg,1,@giovannirodas4836,@RolandoRaguay
UC5bG9nc_JV3FsNP2KseQiYw,UCfM3nrxtTQMY5jFx1v1J4Gg,1,@giovannirodas4836,@edgarroldan5539
UC5bG9nc_JV3FsNP2KseQiYw,UCgvw7xIdGFupzpt1Y_BFkEA,1,@giovannirodas4836,@fredygarcia9151
UC5bG9nc_JV3FsNP2KseQiYw,UCh5ESQvtzyHDhCA7XyekCFA,1,@giovannirodas4836,@andyB5280
UC5bG9nc_JV3FsNP2KseQiYw,UChZknRmJkeGeQk0-mQuhDOg,1,@giovannirodas4836,@OdilioRodríguez-c5w
UC5bG9nc_JV3FsNP2KseQiYw,UChep9kVb5gQmpodEEl10Xlg,1,@giovannirodas4836,@carlosaguilar-kz7ml
UC5bG9nc_JV3FsNP2KseQiYw,UChgkn5Jt5tWKYMoEOuCjz3Q,1,@giovannirodas4836,@pablochitay46
UC5bG9nc_JV3FsNP2KseQiYw,UChs3tU2BcKOT0CezykvAsGw,1,@giovannirodas4836,@byronpontaza
UC5bG9nc_JV3FsNP2KseQiYw,UCi1b_TRQfgO1Z9O2gNGGWNA,1,@giovannirodas4836,@davidisraelesquitsaquil
UC5bG9nc_JV3FsNP2KseQiYw,UCiGRBf2RNF0WRKhRVT7zFoA,1,@giovannirodas4836,@edwinavila4876
UC5bG9nc_JV3FsNP2KseQiYw,UCiMythXHsw7eQEMykCdmMUA,1,@giovannirodas4836,@JavierBecerra-h6x
UC5bG9nc_JV3FsNP2KseQiYw,UCipetjeiWj4CZB6EbyYziZg,1,@giovannirodas4836,@OseasSamayoa-ol5rz
UC5bG9nc_JV3FsNP2KseQiYw,UCj-LL25XJnjxepPKCc3NGog,1,@giovannirodas4836,@anaaguirre8985
UC5bG9nc_JV3FsNP2KseQiYw,UCjSKM9j0Q7HLDr1hD6D-TUw,1,@giovannirodas4836,@josehidalgo4875
UC5bG9nc_JV3FsNP2KseQiYw,UCjmPuazZJzscrwvk0QR9RVw,1,@giovannirodas4836,@mynorrodas8591
UC5bG9nc_JV3FsNP2KseQiYw,UCkd9W714-947dEE6ZOEBATA,1,@giovannirodas4836,@ARGELIATELON
UC5bG9nc_JV3FsNP2KseQiYw,UCl0ekS9Tt0jJGtOEM18S63w,1,@giovannirodas4836,@monkchapin
UC5bG9nc_JV3FsNP2KseQiYw,UCljDbleJul41G1TzOjOZAVA,1,@giovannirodas4836,@hectorcarranza3777
UC5bG9nc_JV3FsNP2KseQiYw,UCmjppp6ujz3SAnULvP3sZMw,1,@giovannirodas4836,@marcomendez7509
UC5bG9nc_JV3FsNP2KseQiYw,UCmvOgzmmXbjUthHy-WJ52hQ,1,@giovannirodas4836,@mariorodas593
UC5bG9nc_JV3FsNP2KseQiYw,UCp4iw5_5SmV9VGTFSNVGOmQ,1,@giovannirodas4836,@CARLOSSTREMS51
UC5bG9nc_JV3FsNP2KseQiYw,UCpIdtvoFHVLGASGB5ySqIEA,1,@giovannirodas4836,@VidalVillatoro-p4w
UC5bG9nc_JV3FsNP2KseQiYw,UCpl8rF8uv_8uui-QRvuJaRA,1,@giovannirodas4836,@SergioGarcia-z9c
UC5bG9nc_JV3FsNP2KseQiYw,UCplrIQtaPj6au60_f2-mOYw,1,@giovannirodas4836,@romeolopezherrarte799
UC5bG9nc_JV3FsNP2KseQiYw,UCpsKOkt5iWTbenzeuq7dsmQ,1,@giovannirodas4836,@inge_vergueta
UC5bG9nc_JV3FsNP2KseQiYw,UCr1emrogPKkKTs_WTtx71xg,1,@giovannirodas4836,@domingopeneleu6457
UC5bG9nc_JV3FsNP2KseQiYw,UCrJn_rbo_ENAdeqneS-RmRw,1,@giovannirodas4836,@josecarrera9623
UC5bG9nc_JV3FsNP2KseQiYw,UCsJJAvrVGupdmhOqgtDp8dg,1,@giovannirodas4836,@nestorlorenzana1168
UC5bG9nc_JV3FsNP2KseQiYw,UCsSXdJct-nsS8DsABoEsaYA,1,@giovannirodas4836,@IvánPérez-j4j
UC5bG9nc_JV3FsNP2KseQiYw,UCsUCN0Yq_UyTvKjOJLmNrnQ,1,@giovannirodas4836,@moisesvaldez4043
UC5bG9nc_JV3FsNP2KseQiYw,UCsjs5Hp_r86x1xbK6FAeqaA,1,@giovannirodas4836,@alvaroesquivel563
UC5bG9nc_JV3FsNP2KseQiYw,UCtNfIBnc5S5DbbQj_yxgJTw,1,@giovannirodas4836,@JosueRamirez-ey3ih
UC5bG9nc_JV3FsNP2KseQiYw,UCtUR3_CAiE7fCoZHM6cMfyQ,1,@giovannirodas4836,@mdelcid01
UC5bG9nc_JV3FsNP2KseQiYw,UCueV9cTyTDwgQSec1x2dYgA,1,@giovannirodas4836,@fredydomingo7062
UC5bG9nc_JV3FsNP2KseQiYw,UCujPF2nBgsTD62nWE3lcpIg,1,@giovannirodas4836,@victorarturoruanobautista7588
UC5bG9nc_JV3FsNP2KseQiYw,UCut6b9S98nv84cVX89PmKzA,1,@giovannirodas4836,@yeniferaguirre4498
UC5bG9nc_JV3FsNP2KseQiYw,UCvApqeCbLod-wejtT4CcVuA,1,@giovannirodas4836,@davidgaher9550
UC5bG9nc_JV3FsNP2KseQiYw,UCwO2SXr0ggzwg6QWWrr01nQ,1,@giovannirodas4836,@ricardofigueroa5720
UC5bG9nc_JV3FsNP2KseQiYw,UCwW2OFy95P7ZBkOPxWkpvYg,1,@giovannirodas4836,@TeresaLucero-b5o
UC5bG9nc_JV3FsNP2KseQiYw,UCwha8rxULYMVtNwZWeSkE1A,1,@giovannirodas4836,@mariasamo8637
UC5bG9nc_JV3FsNP2KseQiYw,UCxff05WuyvwELNITi7bj7UA,1,@giovannirodas4836,@markoherrera
UC5bG9nc_JV3FsNP2KseQiYw,UCySYJU5kUh7X8gVt9la2ISA,1,@giovannirodas4836,@dantesarti4351
UC5bG9nc_JV3FsNP2KseQiYw,UCylqlpsh8ENNM1LqgQ1KbxA,1,@giovannirodas4836,@Jel.Awesh.M
UC5bG9nc_JV3FsNP2KseQiYw,UCz3gu01bmjNv0DpRq-K3XYg,1,@giovannirodas4836,@eusebiovasquez4385
UC5bG9nc_JV3FsNP2KseQiYw,UCzSfZlOVxBSs5ObD25ywxDQ,1,@giovannirodas4836,@GilmarMaldonado-q9m
UC5bG9nc_JV3FsNP2KseQiYw,UCzoL2l5H5eVlorWGH8AZfAg,1,@giovannirodas4836,@jor77cas
UC5fvhAfm89JH8eDFdvc0xYw,UCFOxCyF926Y9eHhMeVoWLzw,1,@isaidiaz2388,@arielsarc09
UC5fvhAfm89JH8eDFdvc0xYw,UCGqKxQS-z3NZzZF-2w338AA,1,@isaidiaz2388,@samuelaguilar529
UC5fvhAfm89JH8eDFdvc0xYw,UCHMQ_lDhibZ-XZ_3fo6oxwg,1,@isaidiaz2388,@crislexrubi4387
UC5fvhAfm89JH8eDFdvc0xYw,UCIUhbSCy3-SGRe5UtqM4fzQ,1,@isaidiaz2388,@jeanmorales1677
UC5fvhAfm89JH8eDFdvc0xYw,UCIp19h9igblA2YKfSLPDAug,1,@isaidiaz2388,@JoseReyes-rn6sh
UC5fvhAfm89JH8eDFdvc0xYw,UCRcSR3Lvn9DZAmJpVPANfZQ,1,@isaidiaz2388,@WalksandSuch
UC5fvhAfm89JH8eDFdvc0xYw,UCRznz9-N3Qc1w-qNdLSIY2Q,1,@isaidiaz2388,@jimmygomez724
UC5fvhAfm89JH8eDFdvc0xYw,UCSTAUWVc1_82DHYeqOsqEFA,1,@isaidiaz2388,@TheAlexX_C
UC5fvhAfm89JH8eDFdvc0xYw,UCXmrpc6Li0spcKxtS0Q_ptg,1,@isaidiaz2388,@melvinperez6710
UC5fvhAfm89JH8eDFdvc0xYw,UCY7Hq7F9Lnucf-Yr6JkHZNw,1,@isaidiaz2388,@maynorcalel1442
UC5fvhAfm89JH8eDFdvc0xYw,UC_ljZ1hZXR9pzexFz87P5ZA,1,@isaidiaz2388,@ChRiStOpHeR7969
UC5fvhAfm89JH8eDFdvc0xYw,UCaT6M2zp7X6r6Whd8Vv3kHQ,1,@isaidiaz2388,@alexarcos8349
UC5fvhAfm89JH8eDFdvc0xYw,UCgLrWFdYitoP-b7-PxtUr-w,1,@isaidiaz2388,@zetag
UC5fvhAfm89JH8eDFdvc0xYw,UCgLurCo-e019HGODcjXHWCw,1,@isaidiaz2388,@perritojuega1
UC5fvhAfm89JH8eDFdvc0xYw,UCi-vPdnpQreC7BkFs40mJGA,1,@isaidiaz2388,@bryansicasales4280
UC5fvhAfm89JH8eDFdvc0xYw,UCqilIa8r7iek5sGYg_q6ofA,1,@isaidiaz2388,@rolandojuchuna484
UC5fvhAfm89JH8eDFdvc0xYw,UCs_5qeqdku9tGAq22y3OcuQ,1,@isaidiaz2388,@alexandrevasquez4135
UC5fvhAfm89JH8eDFdvc0xYw,UCtMBF_1O2jY2INlb_luuB_A,1,@isaidiaz2388,@mynorgudiel8646
UC5fvhAfm89JH8eDFdvc0xYw,UCwUAv3_LpWVtTIi7lkmTL7A,1,@isaidiaz2388,@kingr4706
UC5fvhAfm89JH8eDFdvc0xYw,UCxKR3RA8T-kxMgq_2WWhRcQ,1,@isaidiaz2388,@elenaluarca9377
UC5fvhAfm89JH8eDFdvc0xYw,UCyzf29IYjNw67gGIfsjgtxA,1,@isaidiaz2388,@carlosoliva9249
UC5hvEnRUzI4Kfvwnyi4QxqQ,UC6Uj1FT5JjDSF8vudvDxPAA,1,@leonelsantizo5281,@alfredoortega9264
UC5hvEnRUzI4Kfvwnyi4QxqQ,UC7dadZG7kkGYnsNu6td0FbA,1,@leonelsantizo5281,@lesolorzano
UC5hvEnRUzI4Kfvwnyi4QxqQ,UC816IGbFCZinfYS1LRDaaHg,1,@leonelsantizo5281,@ingenieroar
UC5hvEnRUzI4Kfvwnyi4QxqQ,UC95PSMouTx2N5CbSq0hIyrQ,1,@leonelsantizo5281,@lisss1908
UC5hvEnRUzI4Kfvwnyi4QxqQ,UCAKuKvcbfnBD3kF5njNu-IA,1,@leonelsantizo5281,@melvinlopez7096
UC5hvEnRUzI4Kfvwnyi4QxqQ,UCCBYcToQ2dwkd6TJh0FSyDg,1,@leonelsantizo5281,@lidiarodriguez3493
UC5hvEnRUzI4Kfvwnyi4QxqQ,UCDrmf9y9nLgFY5wnA2hTuGA,1,@leonelsantizo5281,@laboratorio5528
UC5hvEnRUzI4Kfvwnyi4QxqQ,UCGGHbtfbbe0o68etrOf0qxw,1,@leonelsantizo5281,@karensussetteleonvargas9794
UC5hvEnRUzI4Kfvwnyi4QxqQ,UCHbwIx9pmQuf7i-4_xO2EpA,1,@leonelsantizo5281,@caminoseternos752
UC5hvEnRUzI4Kfvwnyi4QxqQ,UCNpt5CQlTzNjlAKY6CJtClQ,1,@leonelsantizo5281,@eustaquiogomez9975
UC5hvEnRUzI4Kfvwnyi4QxqQ,UCOcUI5XkTYNMSFhZNMIPpGg,1,@leonelsantizo5281,@hendersonlopez3864
UC5hvEnRUzI4Kfvwnyi4QxqQ,UCQqlPPUGqAfWjd-FSh_qn7Q,1,@leonelsantizo5281,@estuardoargueta137
UC5hvEnRUzI4Kfvwnyi4QxqQ,UCQyOePccUP-fIJYzchAgZYw,1,@leonelsantizo5281,@aguilar4254
UC5hvEnRUzI4Kfvwnyi4QxqQ,UCRAquv8el-tQ30bN7MlmySQ,1,@leonelsantizo5281,@iamjimalesssa
UC5hvEnRUzI4Kfvwnyi4QxqQ,UCRvPToDkkumha7WJAfCDk1A,1,@leonelsantizo5281,@ligiaguerra3057
UC5hvEnRUzI4Kfvwnyi4QxqQ,UCUoYsrx1oZnCZ0usbBJn4fA,1,@leonelsantizo5281,@AnaDiaz-re9sq
UC5hvEnRUzI4Kfvwnyi4QxqQ,UCV0lM03g5fg5pbPj97-sAtA,1,@leonelsantizo5281,@genarodelgado3929
UC5hvEnRUzI4Kfvwnyi4QxqQ,UCW-JC6lebVmf2P1dmY_L94g,1,@leonelsantizo5281,@dinoraoroxon5771
UC5hvEnRUzI4Kfvwnyi4QxqQ,UCW80DaMjQlEUibC98Cot-Dg,1,@leonelsantizo5281,@rogeraldana4289
UC5hvEnRUzI4Kfvwnyi4QxqQ,UCWoAVGVqCn4xtINCMOTM4jg,1,@leonelsantizo5281,@OmarMartinez-vv8re
UC5hvEnRUzI4Kfvwnyi4QxqQ,UCZeIIQrGAedW8tCbKWmGY-A,1,@leonelsantizo5281,@mariocordon8873
UC5hvEnRUzI4Kfvwnyi4QxqQ,UC_LYoGs5C3mbZKZuKuqYCvw,1,@leonelsantizo5281,@javiercifuentesarchila6041
UC5hvEnRUzI4Kfvwnyi4QxqQ,UCaKAjTW9MVub_clgr4DRYjQ,1,@leonelsantizo5281,@josecastillo4390
UC5hvEnRUzI4Kfvwnyi4QxqQ,UCdFlugHJJa4l3YqWuNRmvXw,1,@leonelsantizo5281,@MarcosCarillo-b1r
UC5hvEnRUzI4Kfvwnyi4QxqQ,UCe8JZoYkX5oKUZyivHYdXhw,1,@leonelsantizo5281,@FernandoGarcia-jg1fj
UC5hvEnRUzI4Kfvwnyi4QxqQ,UCeDNEtI8_a42bZ47wJiJMwQ,1,@leonelsantizo5281,@EdgarcalderonCalderong
UC5hvEnRUzI4Kfvwnyi4QxqQ,UCgJNFj5dnxXpcMvmuhZDPxA,1,@leonelsantizo5281,@NataliaRodriguez-rx5mr
UC5hvEnRUzI4Kfvwnyi4QxqQ,UCgQw_Sbq3ugruDUKsq1e0-A,1,@leonelsantizo5281,@marlenareano-h4t
UC5hvEnRUzI4Kfvwnyi4QxqQ,UCiC-Jn7wdgyQV4_Urk0DkWQ,1,@leonelsantizo5281,@pedroros6358
UC5hvEnRUzI4Kfvwnyi4QxqQ,UCkVtmkK07b2zaVVNssX4lOg,1,@leonelsantizo5281,@HectorElias-u2l
UC5hvEnRUzI4Kfvwnyi4QxqQ,UCkbsS_3D-pvg1iHOld9uvIg,1,@leonelsantizo5281,@gonzalo6075
UC5hvEnRUzI4Kfvwnyi4QxqQ,UClhMWQ7XKWywYvbRnuf8QsA,1,@leonelsantizo5281,@EcPerez-zz9oh
UC5hvEnRUzI4Kfvwnyi4QxqQ,UClqA491Xa5fQcXcJJa-vTWw,1,@leonelsantizo5281,@AndresLemus-k2d
UC5hvEnRUzI4Kfvwnyi4QxqQ,UColMq7LmaoY3MT6aIDGrGvA,1,@leonelsantizo5281,@quijotachapina1
UC5hvEnRUzI4Kfvwnyi4QxqQ,UCpe5jW3MIqkgTJ-PgkzvM6Q,1,@leonelsantizo5281,@carloslam5333
UC5hvEnRUzI4Kfvwnyi4QxqQ,UCpsKOkt5iWTbenzeuq7dsmQ,1,@leonelsantizo5281,@inge_vergueta
UC5hvEnRUzI4Kfvwnyi4QxqQ,UCqCrvuoJpC-aVb0f4logQRQ,1,@leonelsantizo5281,@Lyrics_GT
UC5hvEnRUzI4Kfvwnyi4QxqQ,UCsGoJEvb-cFPZ2rWoJcXzEQ,1,@leonelsantizo5281,@sergiohinestroza9709
UC5hvEnRUzI4Kfvwnyi4QxqQ,UCu8_3-Wg-YzNyvHYQDEscfw,1,@leonelsantizo5281,@RolandoCastroPérez-d7y
UC5hvEnRUzI4Kfvwnyi4QxqQ,UCuXmOjxC-htcprLgeVXz6Tg,1,@leonelsantizo5281,@jorgeaguilar-bq3uj
UC5hvEnRUzI4Kfvwnyi4QxqQ,UCwgCc9Jd_gG-uLE_SY-FfPg,1,@leonelsantizo5281,@armindapenados2841
UC5hvEnRUzI4Kfvwnyi4QxqQ,UCwjUvRseNtJoItylIyIez7Q,1,@leonelsantizo5281,@Silviazea
UC5hvEnRUzI4Kfvwnyi4QxqQ,UCylqlpsh8ENNM1LqgQ1KbxA,1,@leonelsantizo5281,@Jel.Awesh.M
UC5wuDq3U3vRAhOQI3D7gNdw,UCJp3OrVYcBorC94sKwdch_A,1,@allanreneramirezgonzalez534,@ULJoshmg2011
UC5wuDq3U3vRAhOQI3D7gNdw,UCVC2QugcI1G4RvlCiUqd1aQ,1,@allanreneramirezgonzalez534,@rwdm76
UC5wuDq3U3vRAhOQI3D7gNdw,UCZOmq6MwFDVoCaEl99BRRaw,1,@allanreneramirezgonzalez534,@daniloarevalo3170
UC5wuDq3U3vRAhOQI3D7gNdw,UC_6KbBY1bsYXz9fwFS0eQRg,1,@allanreneramirezgonzalez534,@imrcp5694
UC5wuDq3U3vRAhOQI3D7gNdw,UCbrtvygfRT6QXqWDNrOf-cA,1,@allanreneramirezgonzalez534,@Alejandro00710
UC5wuDq3U3vRAhOQI3D7gNdw,UCjJf-AJKRFFWtiN-CSwkDmA,1,@allanreneramirezgonzalez534,@2jose82
UC5wuDq3U3vRAhOQI3D7gNdw,UCnU8wO1OurAmGstDw6VGjgQ,1,@allanreneramirezgonzalez534,@cmorera21
UC5wuDq3U3vRAhOQI3D7gNdw,UCpsKOkt5iWTbenzeuq7dsmQ,1,@allanreneramirezgonzalez534,@inge_vergueta
UC5wuDq3U3vRAhOQI3D7gNdw,UCvcu1kR8xMYy_I1Ty-2mV2Q,1,@allanreneramirezgonzalez534,@hashojea7348
UC63tFvbQ_hJhGDi2nbjssjw,UCEHXl4VvvVpq-_4xC5tsbhg,1,@AbigailRodas-w2r,@anibalg47
UC63tFvbQ_hJhGDi2nbjssjw,UCFybmWapGvBKcQod7cPPH9w,1,@AbigailRodas-w2r,@vitalianochavez8382
UC63tFvbQ_hJhGDi2nbjssjw,UCRfkkatKrNtAARnXMMYBGlA,1,@AbigailRodas-w2r,@BernerSoza-mg3vx
UC63tFvbQ_hJhGDi2nbjssjw,UCV3fr-YOixFKCZBbJP1-X4w,1,@AbigailRodas-w2r,@albertoshernandez5251
UC63tFvbQ_hJhGDi2nbjssjw,UCWaRixDdpgllTBf4V0jPnKQ,1,@AbigailRodas-w2r,@hectormaaz5523
UC63tFvbQ_hJhGDi2nbjssjw,UCWvntqPQx99k_Z_skWKqNSA,1,@AbigailRodas-w2r,@AntonioChiyal-x5s
UC63tFvbQ_hJhGDi2nbjssjw,UCZFQwqh90apuL8eFhvRBkUg,1,@AbigailRodas-w2r,@luisricardo9671
UC63tFvbQ_hJhGDi2nbjssjw,UCa36MjQLoPAmgJo-R3G8WQA,1,@AbigailRodas-w2r,@elsasalguero6914
UC63tFvbQ_hJhGDi2nbjssjw,UCaT4saRcyqCLE657Rq2hhZQ,1,@AbigailRodas-w2r,@elmilenial4064
UC63tFvbQ_hJhGDi2nbjssjw,UCeQk-WfEA-cJRq4EKeE7TOw,1,@AbigailRodas-w2r,@franciscojuarez9223
UC63tFvbQ_hJhGDi2nbjssjw,UCfo_yUPzy1f1POwwZxhZ06Q,1,@AbigailRodas-w2r,@lara11roberto
UC63tFvbQ_hJhGDi2nbjssjw,UCgGqw4aqMdMVSGkKiMgrJRQ,1,@AbigailRodas-w2r,@pattyfigueroa5609
UC63tFvbQ_hJhGDi2nbjssjw,UCheEJ5GZuIvV0fj-nXyVwXw,1,@AbigailRodas-w2r,@rosaoliva9389
UC63tFvbQ_hJhGDi2nbjssjw,UChyps3dqY-VY1_wLeq-2lhw,1,@AbigailRodas-w2r,@maydamorales4395
UC63tFvbQ_hJhGDi2nbjssjw,UCiOZX__1gahg1ypIj0_XG_w,1,@AbigailRodas-w2r,@mariogonzalezorellana8956
UC63tFvbQ_hJhGDi2nbjssjw,UCjZgFEowMBrsjodqfovzdKw,1,@AbigailRodas-w2r,@franciscoflores3120
UC63tFvbQ_hJhGDi2nbjssjw,UCoGdCoJg2Lh0OX_jv6cG16g,1,@AbigailRodas-w2r,@Israel-u5i7i
UC63tFvbQ_hJhGDi2nbjssjw,UCp29O_C7cchZV8IxV7Crdag,1,@AbigailRodas-w2r,@robertoescobar5507
UC63tFvbQ_hJhGDi2nbjssjw,UCql1n3Ey6ULMSOACjMe-fxQ,1,@AbigailRodas-w2r,@RolandoGonzalez-o7g
UC63tFvbQ_hJhGDi2nbjssjw,UCtCtts20bW6F9CSohau51Iw,1,@AbigailRodas-w2r,@carlosgranados9875
UC63tFvbQ_hJhGDi2nbjssjw,UCtsxPYw8VUsH_FfnKg-0lmw,1,@AbigailRodas-w2r,@AlejandroPérez-b6r
UC63tFvbQ_hJhGDi2nbjssjw,UCvDwJBBY1mHK70aTEYl6rsA,1,@AbigailRodas-w2r,@cristianescobedo8296
UC63tFvbQ_hJhGDi2nbjssjw,UCwxoKK59nGCeBqB2sXfDBIw,1,@AbigailRodas-w2r,@vic-bonivideos
UC63tFvbQ_hJhGDi2nbjssjw,UCyJhqmMbsvjpoarBBStA2kg,1,@AbigailRodas-w2r,@Murmullodelbarrio
UC63tFvbQ_hJhGDi2nbjssjw,UCzZ6dDCEsLMXbc5pCFXIprw,1,@AbigailRodas-w2r,@josegil3813
UC650pRT-OYzny3GwOH8Cgfw,UC6PvO1_k5lHKGdAPo5_C6TA,1,@edvinparedesherrera7632,@johnmejia992
UC650pRT-OYzny3GwOH8Cgfw,UC6YSZqL0vEcI-niPKIMUGfw,1,@edvinparedesherrera7632,@maxwellsales885
UC650pRT-OYzny3GwOH8Cgfw,UC72gBAtyb_VXQlYDcFrh6oQ,1,@edvinparedesherrera7632,@osmanmorales3012
UC650pRT-OYzny3GwOH8Cgfw,UC7VUuJr9cGh845CmTvf7TlQ,1,@edvinparedesherrera7632,@LuisCastillo-oz4df
UC650pRT-OYzny3GwOH8Cgfw,UC8F2V63KZ4ZEay6opX2hAQw,1,@edvinparedesherrera7632,@carmenr6311
UC650pRT-OYzny3GwOH8Cgfw,UC8G5cJONY8L9voMyBW8Eoug,1,@edvinparedesherrera7632,@luisparedes-pw6qt
UC650pRT-OYzny3GwOH8Cgfw,UC8r11yOugM2NuRfitQOxLLg,1,@edvinparedesherrera7632,@cesaraugustomoralesmonroy6907
UC650pRT-OYzny3GwOH8Cgfw,UC9vMq1YF-e7C-VO0SHkbUTA,1,@edvinparedesherrera7632,@ErvinLeonardoCarreraLatín
UC650pRT-OYzny3GwOH8Cgfw,UC9xr9QvIcDvoZNUX5f-jaZw,1,@edvinparedesherrera7632,@MariaaliciaColonmorales
UC650pRT-OYzny3GwOH8Cgfw,UCA93ym2TXs_Ibyxb4Vcn-6Q,1,@edvinparedesherrera7632,@oswaldosolis8728
UC650pRT-OYzny3GwOH8Cgfw,UCAlzM_N6xBlMYmM8EBzX86Q,1,@edvinparedesherrera7632,@carlossoto3252
UC650pRT-OYzny3GwOH8Cgfw,UCAmtbUiIrUIhikru0ZoTFig,1,@edvinparedesherrera7632,@Aura-vf6dm
UC650pRT-OYzny3GwOH8Cgfw,UCB5p8a5gklc80jJItP6xTHg,1,@edvinparedesherrera7632,@ernestogamboa8737
UC650pRT-OYzny3GwOH8Cgfw,UCCaYwkkbQGcvFoUmothVdQQ,1,@edvinparedesherrera7632,@OsvaldoAguirre-l3i
UC650pRT-OYzny3GwOH8Cgfw,UCDIMztpVm7G27qBuiWuT6oQ,1,@edvinparedesherrera7632,@lizardomorataya8274
UC650pRT-OYzny3GwOH8Cgfw,UCDPWkUX3sNNaCx-m1dV4glA,1,@edvinparedesherrera7632,@hectoroliva949
UC650pRT-OYzny3GwOH8Cgfw,UCDQaQv0hr2SS_PO-CMEwVHg,1,@edvinparedesherrera7632,@federicosaquimux1933
UC650pRT-OYzny3GwOH8Cgfw,UCDUffaruH6dyUnUGwsTKpgg,1,@edvinparedesherrera7632,@luisletona2842
UC650pRT-OYzny3GwOH8Cgfw,UCDftMWXQoJ6nONfY7GVOVjg,1,@edvinparedesherrera7632,@luisgpacheco5858
UC650pRT-OYzny3GwOH8Cgfw,UCDlr1VadSucIZgZ171pRBjQ,1,@edvinparedesherrera7632,@cuabatzjj5924
UC650pRT-OYzny3GwOH8Cgfw,UCEgEQmRbtL5fwr9_DqAC--g,1,@edvinparedesherrera7632,@ArielRodas-g5y
UC650pRT-OYzny3GwOH8Cgfw,UCErZPJpHmLCsXs8ZWkAUupQ,1,@edvinparedesherrera7632,@dorisl.garciaroche7763
UC650pRT-OYzny3GwOH8Cgfw,UCFUuDARXdmmIrLppEqf-rFg,1,@edvinparedesherrera7632,@allanmunoz7410
UC650pRT-OYzny3GwOH8Cgfw,UCFhxtoeARHPnXXPcDrOU3Xg,1,@edvinparedesherrera7632,@diegoalejandrolopezmendez205
UC650pRT-OYzny3GwOH8Cgfw,UCFjudnPLoaSL1BaRuLahyHg,1,@edvinparedesherrera7632,@HaroldoCastillo-rh9iw
UC650pRT-OYzny3GwOH8Cgfw,UCFoIAE8k82D6AV-8gjjKaNg,1,@edvinparedesherrera7632,@eddymunoz9789
UC650pRT-OYzny3GwOH8Cgfw,UCFxE8GbokBrBsPEKM1xrOjQ,1,@edvinparedesherrera7632,@JuanDavila-qd7qj
UC650pRT-OYzny3GwOH8Cgfw,UCGzXwyCzMzGmjmCbH3Hg01Q,1,@edvinparedesherrera7632,@FidelZacarias-ph7dy
UC650pRT-OYzny3GwOH8Cgfw,UCHTGCgY2l-DQJIvlA_cpa_Q,1,@edvinparedesherrera7632,@virgiliogarcia3039
UC650pRT-OYzny3GwOH8Cgfw,UCHhHUjaMAZ8SiXdCUCj9DkQ,1,@edvinparedesherrera7632,@fredymendez1786
UC650pRT-OYzny3GwOH8Cgfw,UCKDR0f2fu2UzWL8mBv5-BHw,1,@edvinparedesherrera7632,@mireyamorales6595
UC650pRT-OYzny3GwOH8Cgfw,UCL13XhnRzbGokEkCkEOb0-g,1,@edvinparedesherrera7632,@raquelprado3643
UC650pRT-OYzny3GwOH8Cgfw,UCL1MT278vSaQ83ZDkVWn1gw,1,@edvinparedesherrera7632,@elmorodriguez6978
UC650pRT-OYzny3GwOH8Cgfw,UCLFdHr9BEbXHkoJopbEPLZw,1,@edvinparedesherrera7632,@kanterra4584
UC650pRT-OYzny3GwOH8Cgfw,UCLggDc_a5HriXv7I1h02sOA,1,@edvinparedesherrera7632,@guillermogonzalez5153
UC650pRT-OYzny3GwOH8Cgfw,UCN6qbfPSzFtjhqUDZ3Cv3CQ,1,@edvinparedesherrera7632,@carlosmedranovelasquez6380
UC650pRT-OYzny3GwOH8Cgfw,UCNBnKqWf4d-rS4HwJRQljmQ,1,@edvinparedesherrera7632,@LE_A22
UC650pRT-OYzny3GwOH8Cgfw,UCNkcuy42zEwddwEcOd_HpnA,1,@edvinparedesherrera7632,@vanigomez492
UC650pRT-OYzny3GwOH8Cgfw,UCOLGv5Pf6BF2wFcwUzgcvHg,1,@edvinparedesherrera7632,@welfrealdana5559
UC650pRT-OYzny3GwOH8Cgfw,UCOS8ViEkccrTZx2w2ccxotA,1,@edvinparedesherrera7632,@OscarHernandez-q8y
UC650pRT-OYzny3GwOH8Cgfw,UCOh6DaZC_x9HASnlRylEMfw,1,@edvinparedesherrera7632,@AndresMedina-v1s
UC650pRT-OYzny3GwOH8Cgfw,UCQ_-LPP8JAbfkc-b1Q6NvWw,1,@edvinparedesherrera7632,@MegaKristenstewart
UC650pRT-OYzny3GwOH8Cgfw,UCQgYjVngJRfPHDLGB5X6ZjA,1,@edvinparedesherrera7632,@oscarnavas9996
UC650pRT-OYzny3GwOH8Cgfw,UCQqetiwzzmRNTM5OWuXarGQ,1,@edvinparedesherrera7632,@isaiaslopezvelasquez1539
UC650pRT-OYzny3GwOH8Cgfw,UCQtICyzWmhC5woCtbNgaSmg,1,@edvinparedesherrera7632,@nestormendez6216
UC650pRT-OYzny3GwOH8Cgfw,UCQtSFINs1h6GHkpg9o5kMvg,1,@edvinparedesherrera7632,@MacarioMartinezruiz
UC650pRT-OYzny3GwOH8Cgfw,UCRETAiYdh2dL5ZxB0_N1zDA,1,@edvinparedesherrera7632,@Joseroland21
UC650pRT-OYzny3GwOH8Cgfw,UCRelkU8JiZBytTzebJxaa-w,1,@edvinparedesherrera7632,@danyraymundo2942
UC650pRT-OYzny3GwOH8Cgfw,UCRlCV9zSn7avAWh-9_XFWqQ,1,@edvinparedesherrera7632,@ronyarana8849
UC650pRT-OYzny3GwOH8Cgfw,UCSou6a2OuYGSvPjm5psquyA,1,@edvinparedesherrera7632,@FranciscoRivera-sf7ne
UC650pRT-OYzny3GwOH8Cgfw,UCTD6q1nyIe3Y7HhqjaMj72w,1,@edvinparedesherrera7632,@JuanChang-r6k
UC650pRT-OYzny3GwOH8Cgfw,UCTP3O0rMnc8z8v8jaDQwL0w,1,@edvinparedesherrera7632,@RobertoZelaya-x1v
UC650pRT-OYzny3GwOH8Cgfw,UCThW2XNsAaBKme5PUt7n-Zg,1,@edvinparedesherrera7632,@thelmamoran8565
UC650pRT-OYzny3GwOH8Cgfw,UCTwSut16JyAg3mX6LVUNGqA,1,@edvinparedesherrera7632,@SuperVictor2005
UC650pRT-OYzny3GwOH8Cgfw,UCTylKrsqkrBKIqubMu_5N0Q,1,@edvinparedesherrera7632,@edwingeovanymarroquinmarro6684
UC650pRT-OYzny3GwOH8Cgfw,UCUIIIPTVDVHAXqhC_5V6lPA,1,@edvinparedesherrera7632,@gorrarota
UC650pRT-OYzny3GwOH8Cgfw,UCV0iizTBoOfdAFX_thfI9BA,1,@edvinparedesherrera7632,@BenjaminLarios-jd8nk
UC650pRT-OYzny3GwOH8Cgfw,UCWIZUtKJ636y-4TYrNvok0g,1,@edvinparedesherrera7632,@cesarandreas7824
UC650pRT-OYzny3GwOH8Cgfw,UCXSkL3ejZ8qWYyF_M7s_QKA,1,@edvinparedesherrera7632,@JacintaTzoy
UC650pRT-OYzny3GwOH8Cgfw,UCXXh7yg5KUFIWylTiKVEFKQ,1,@edvinparedesherrera7632,@MrDuenderojo
UC650pRT-OYzny3GwOH8Cgfw,UCXgr7vXlRrsaskPdo097kGA,1,@edvinparedesherrera7632,@Rogergh-nw4oj
UC650pRT-OYzny3GwOH8Cgfw,UCXr8_5WtGeipe4haOoQDgyQ,1,@edvinparedesherrera7632,@amyherrera7352
UC650pRT-OYzny3GwOH8Cgfw,UCYN4wSQ1Sx4_LurxLlW7MPg,1,@edvinparedesherrera7632,@belarminavillatoro6474
UC650pRT-OYzny3GwOH8Cgfw,UCYwpX26TrCxq8TvbKGRYLXA,1,@edvinparedesherrera7632,@beneficioelcaminovillacana8540
UC650pRT-OYzny3GwOH8Cgfw,UCZ51R_9Q9C0c8I3pAWhtmjQ,1,@edvinparedesherrera7632,@belvettzapeta1251
UC650pRT-OYzny3GwOH8Cgfw,UCZLG9qH0tUjNhEGFIUt0CYw,1,@edvinparedesherrera7632,@SoniaMarroquin-y6e
UC650pRT-OYzny3GwOH8Cgfw,UCcfdg8crmMJwEuLUsAhV7yg,1,@edvinparedesherrera7632,@RolandoRaguay
UC650pRT-OYzny3GwOH8Cgfw,UCfM3nrxtTQMY5jFx1v1J4Gg,1,@edvinparedesherrera7632,@edgarroldan5539
UC650pRT-OYzny3GwOH8Cgfw,UCgvw7xIdGFupzpt1Y_BFkEA,1,@edvinparedesherrera7632,@fredygarcia9151
UC650pRT-OYzny3GwOH8Cgfw,UCh5ESQvtzyHDhCA7XyekCFA,1,@edvinparedesherrera7632,@andyB5280
UC650pRT-OYzny3GwOH8Cgfw,UChZknRmJkeGeQk0-mQuhDOg,1,@edvinparedesherrera7632,@OdilioRodríguez-c5w
UC650pRT-OYzny3GwOH8Cgfw,UChep9kVb5gQmpodEEl10Xlg,1,@edvinparedesherrera7632,@carlosaguilar-kz7ml
UC650pRT-OYzny3GwOH8Cgfw,UChgkn5Jt5tWKYMoEOuCjz3Q,1,@edvinparedesherrera7632,@pablochitay46
UC650pRT-OYzny3GwOH8Cgfw,UChs3tU2BcKOT0CezykvAsGw,1,@edvinparedesherrera7632,@byronpontaza
UC650pRT-OYzny3GwOH8Cgfw,UCi1b_TRQfgO1Z9O2gNGGWNA,1,@edvinparedesherrera7632,@davidisraelesquitsaquil
UC650pRT-OYzny3GwOH8Cgfw,UCiGRBf2RNF0WRKhRVT7zFoA,1,@edvinparedesherrera7632,@edwinavila4876
UC650pRT-OYzny3GwOH8Cgfw,UCiMythXHsw7eQEMykCdmMUA,1,@edvinparedesherrera7632,@JavierBecerra-h6x
UC650pRT-OYzny3GwOH8Cgfw,UCipetjeiWj4CZB6EbyYziZg,1,@edvinparedesherrera7632,@OseasSamayoa-ol5rz
UC650pRT-OYzny3GwOH8Cgfw,UCj-LL25XJnjxepPKCc3NGog,1,@edvinparedesherrera7632,@anaaguirre8985
UC650pRT-OYzny3GwOH8Cgfw,UCjSKM9j0Q7HLDr1hD6D-TUw,1,@edvinparedesherrera7632,@josehidalgo4875
UC650pRT-OYzny3GwOH8Cgfw,UCjmPuazZJzscrwvk0QR9RVw,1,@edvinparedesherrera7632,@mynorrodas8591
UC650pRT-OYzny3GwOH8Cgfw,UCkd9W714-947dEE6ZOEBATA,1,@edvinparedesherrera7632,@ARGELIATELON
UC650pRT-OYzny3GwOH8Cgfw,UCl0ekS9Tt0jJGtOEM18S63w,1,@edvinparedesherrera7632,@monkchapin
UC650pRT-OYzny3GwOH8Cgfw,UCljDbleJul41G1TzOjOZAVA,1,@edvinparedesherrera7632,@hectorcarranza3777
UC650pRT-OYzny3GwOH8Cgfw,UCmjppp6ujz3SAnULvP3sZMw,1,@edvinparedesherrera7632,@marcomendez7509
UC650pRT-OYzny3GwOH8Cgfw,UCmvOgzmmXbjUthHy-WJ52hQ,1,@edvinparedesherrera7632,@mariorodas593
UC650pRT-OYzny3GwOH8Cgfw,UCp4iw5_5SmV9VGTFSNVGOmQ,1,@edvinparedesherrera7632,@CARLOSSTREMS51
UC650pRT-OYzny3GwOH8Cgfw,UCpIdtvoFHVLGASGB5ySqIEA,1,@edvinparedesherrera7632,@VidalVillatoro-p4w
UC650pRT-OYzny3GwOH8Cgfw,UCpl8rF8uv_8uui-QRvuJaRA,1,@edvinparedesherrera7632,@SergioGarcia-z9c
UC650pRT-OYzny3GwOH8Cgfw,UCplrIQtaPj6au60_f2-mOYw,1,@edvinparedesherrera7632,@romeolopezherrarte799
UC650pRT-OYzny3GwOH8Cgfw,UCpsKOkt5iWTbenzeuq7dsmQ,1,@edvinparedesherrera7632,@inge_vergueta
UC650pRT-OYzny3GwOH8Cgfw,UCr1emrogPKkKTs_WTtx71xg,1,@edvinparedesherrera7632,@domingopeneleu6457
UC650pRT-OYzny3GwOH8Cgfw,UCrJn_rbo_ENAdeqneS-RmRw,1,@edvinparedesherrera7632,@josecarrera9623
UC650pRT-OYzny3GwOH8Cgfw,UCsJJAvrVGupdmhOqgtDp8dg,1,@edvinparedesherrera7632,@nestorlorenzana1168
UC650pRT-OYzny3GwOH8Cgfw,UCsSXdJct-nsS8DsABoEsaYA,1,@edvinparedesherrera7632,@IvánPérez-j4j
UC650pRT-OYzny3GwOH8Cgfw,UCsUCN0Yq_UyTvKjOJLmNrnQ,1,@edvinparedesherrera7632,@moisesvaldez4043
UC650pRT-OYzny3GwOH8Cgfw,UCsjs5Hp_r86x1xbK6FAeqaA,1,@edvinparedesherrera7632,@alvaroesquivel563
UC650pRT-OYzny3GwOH8Cgfw,UCtNfIBnc5S5DbbQj_yxgJTw,1,@edvinparedesherrera7632,@JosueRamirez-ey3ih
UC650pRT-OYzny3GwOH8Cgfw,UCtUR3_CAiE7fCoZHM6cMfyQ,1,@edvinparedesherrera7632,@mdelcid01
UC650pRT-OYzny3GwOH8Cgfw,UCueV9cTyTDwgQSec1x2dYgA,1,@edvinparedesherrera7632,@fredydomingo7062
UC650pRT-OYzny3GwOH8Cgfw,UCujPF2nBgsTD62nWE3lcpIg,1,@edvinparedesherrera7632,@victorarturoruanobautista7588
UC650pRT-OYzny3GwOH8Cgfw,UCut6b9S98nv84cVX89PmKzA,1,@edvinparedesherrera7632,@yeniferaguirre4498
UC650pRT-OYzny3GwOH8Cgfw,UCvApqeCbLod-wejtT4CcVuA,1,@edvinparedesherrera7632,@davidgaher9550
UC650pRT-OYzny3GwOH8Cgfw,UCwO2SXr0ggzwg6QWWrr01nQ,1,@edvinparedesherrera7632,@ricardofigueroa5720
UC650pRT-OYzny3GwOH8Cgfw,UCwW2OFy95P7ZBkOPxWkpvYg,1,@edvinparedesherrera7632,@TeresaLucero-b5o
UC650pRT-OYzny3GwOH8Cgfw,UCwha8rxULYMVtNwZWeSkE1A,1,@edvinparedesherrera7632,@mariasamo8637
UC650pRT-OYzny3GwOH8Cgfw,UCxff05WuyvwELNITi7bj7UA,1,@edvinparedesherrera7632,@markoherrera
UC650pRT-OYzny3GwOH8Cgfw,UCySYJU5kUh7X8gVt9la2ISA,1,@edvinparedesherrera7632,@dantesarti4351
UC650pRT-OYzny3GwOH8Cgfw,UCylqlpsh8ENNM1LqgQ1KbxA,1,@edvinparedesherrera7632,@Jel.Awesh.M
UC650pRT-OYzny3GwOH8Cgfw,UCz3gu01bmjNv0DpRq-K3XYg,1,@edvinparedesherrera7632,@eusebiovasquez4385
UC650pRT-OYzny3GwOH8Cgfw,UCzSfZlOVxBSs5ObD25ywxDQ,1,@edvinparedesherrera7632,@GilmarMaldonado-q9m
UC650pRT-OYzny3GwOH8Cgfw,UCzoL2l5H5eVlorWGH8AZfAg,1,@edvinparedesherrera7632,@jor77cas
UC6PvO1_k5lHKGdAPo5_C6TA,UC6YSZqL0vEcI-niPKIMUGfw,1,@johnmejia992,@maxwellsales885
UC6PvO1_k5lHKGdAPo5_C6TA,UC72gBAtyb_VXQlYDcFrh6oQ,1,@johnmejia992,@osmanmorales3012
UC6PvO1_k5lHKGdAPo5_C6TA,UC7VUuJr9cGh845CmTvf7TlQ,1,@johnmejia992,@LuisCastillo-oz4df
UC6PvO1_k5lHKGdAPo5_C6TA,UC8F2V63KZ4ZEay6opX2hAQw,1,@johnmejia992,@carmenr6311
UC6PvO1_k5lHKGdAPo5_C6TA,UC8G5cJONY8L9voMyBW8Eoug,1,@johnmejia992,@luisparedes-pw6qt
UC6PvO1_k5lHKGdAPo5_C6TA,UC8r11yOugM2NuRfitQOxLLg,1,@johnmejia992,@cesaraugustomoralesmonroy6907
UC6PvO1_k5lHKGdAPo5_C6TA,UC9vMq1YF-e7C-VO0SHkbUTA,1,@johnmejia992,@ErvinLeonardoCarreraLatín
UC6PvO1_k5lHKGdAPo5_C6TA,UC9xr9QvIcDvoZNUX5f-jaZw,1,@johnmejia992,@MariaaliciaColonmorales
UC6PvO1_k5lHKGdAPo5_C6TA,UCA93ym2TXs_Ibyxb4Vcn-6Q,1,@johnmejia992,@oswaldosolis8728
UC6PvO1_k5lHKGdAPo5_C6TA,UCAlzM_N6xBlMYmM8EBzX86Q,1,@johnmejia992,@carlossoto3252
UC6PvO1_k5lHKGdAPo5_C6TA,UCAmtbUiIrUIhikru0ZoTFig,1,@johnmejia992,@Aura-vf6dm
UC6PvO1_k5lHKGdAPo5_C6TA,UCB5p8a5gklc80jJItP6xTHg,1,@johnmejia992,@ernestogamboa8737
UC6PvO1_k5lHKGdAPo5_C6TA,UCCaYwkkbQGcvFoUmothVdQQ,1,@johnmejia992,@OsvaldoAguirre-l3i
UC6PvO1_k5lHKGdAPo5_C6TA,UCDIMztpVm7G27qBuiWuT6oQ,1,@johnmejia992,@lizardomorataya8274
UC6PvO1_k5lHKGdAPo5_C6TA,UCDPWkUX3sNNaCx-m1dV4glA,1,@johnmejia992,@hectoroliva949
UC6PvO1_k5lHKGdAPo5_C6TA,UCDQaQv0hr2SS_PO-CMEwVHg,1,@johnmejia992,@federicosaquimux1933
UC6PvO1_k5lHKGdAPo5_C6TA,UCDUffaruH6dyUnUGwsTKpgg,1,@johnmejia992,@luisletona2842
UC6PvO1_k5lHKGdAPo5_C6TA,UCDftMWXQoJ6nONfY7GVOVjg,1,@johnmejia992,@luisgpacheco5858
UC6PvO1_k5lHKGdAPo5_C6TA,UCDlr1VadSucIZgZ171pRBjQ,1,@johnmejia992,@cuabatzjj5924
UC6PvO1_k5lHKGdAPo5_C6TA,UCEgEQmRbtL5fwr9_DqAC--g,1,@johnmejia992,@ArielRodas-g5y
UC6PvO1_k5lHKGdAPo5_C6TA,UCErZPJpHmLCsXs8ZWkAUupQ,1,@johnmejia992,@dorisl.garciaroche7763
UC6PvO1_k5lHKGdAPo5_C6TA,UCFUuDARXdmmIrLppEqf-rFg,1,@johnmejia992,@allanmunoz7410
UC6PvO1_k5lHKGdAPo5_C6TA,UCFhxtoeARHPnXXPcDrOU3Xg,1,@johnmejia992,@diegoalejandrolopezmendez205
UC6PvO1_k5lHKGdAPo5_C6TA,UCFjudnPLoaSL1BaRuLahyHg,1,@johnmejia992,@HaroldoCastillo-rh9iw
UC6PvO1_k5lHKGdAPo5_C6TA,UCFoIAE8k82D6AV-8gjjKaNg,1,@johnmejia992,@eddymunoz9789
UC6PvO1_k5lHKGdAPo5_C6TA,UCFxE8GbokBrBsPEKM1xrOjQ,1,@johnmejia992,@JuanDavila-qd7qj
UC6PvO1_k5lHKGdAPo5_C6TA,UCGzXwyCzMzGmjmCbH3Hg01Q,1,@johnmejia992,@FidelZacarias-ph7dy
UC6PvO1_k5lHKGdAPo5_C6TA,UCHTGCgY2l-DQJIvlA_cpa_Q,1,@johnmejia992,@virgiliogarcia3039
UC6PvO1_k5lHKGdAPo5_C6TA,UCHhHUjaMAZ8SiXdCUCj9DkQ,1,@johnmejia992,@fredymendez1786
UC6PvO1_k5lHKGdAPo5_C6TA,UCKDR0f2fu2UzWL8mBv5-BHw,1,@johnmejia992,@mireyamorales6595
UC6PvO1_k5lHKGdAPo5_C6TA,UCL13XhnRzbGokEkCkEOb0-g,1,@johnmejia992,@raquelprado3643
UC6PvO1_k5lHKGdAPo5_C6TA,UCL1MT278vSaQ83ZDkVWn1gw,1,@johnmejia992,@elmorodriguez6978
UC6PvO1_k5lHKGdAPo5_C6TA,UCLFdHr9BEbXHkoJopbEPLZw,1,@johnmejia992,@kanterra4584
UC6PvO1_k5lHKGdAPo5_C6TA,UCLggDc_a5HriXv7I1h02sOA,1,@johnmejia992,@guillermogonzalez5153
UC6PvO1_k5lHKGdAPo5_C6TA,UCN6qbfPSzFtjhqUDZ3Cv3CQ,1,@johnmejia992,@carlosmedranovelasquez6380
UC6PvO1_k5lHKGdAPo5_C6TA,UCNBnKqWf4d-rS4HwJRQljmQ,1,@johnmejia992,@LE_A22
UC6PvO1_k5lHKGdAPo5_C6TA,UCNkcuy42zEwddwEcOd_HpnA,1,@johnmejia992,@vanigomez492
UC6PvO1_k5lHKGdAPo5_C6TA,UCOLGv5Pf6BF2wFcwUzgcvHg,1,@johnmejia992,@welfrealdana5559
UC6PvO1_k5lHKGdAPo5_C6TA,UCOS8ViEkccrTZx2w2ccxotA,1,@johnmejia992,@OscarHernandez-q8y
UC6PvO1_k5lHKGdAPo5_C6TA,UCOh6DaZC_x9HASnlRylEMfw,1,@johnmejia992,@AndresMedina-v1s
UC6PvO1_k5lHKGdAPo5_C6TA,UCQ_-LPP8JAbfkc-b1Q6NvWw,1,@johnmejia992,@MegaKristenstewart
UC6PvO1_k5lHKGdAPo5_C6TA,UCQgYjVngJRfPHDLGB5X6ZjA,1,@johnmejia992,@oscarnavas9996
UC6PvO1_k5lHKGdAPo5_C6TA,UCQqetiwzzmRNTM5OWuXarGQ,1,@johnmejia992,@isaiaslopezvelasquez1539
UC6PvO1_k5lHKGdAPo5_C6TA,UCQtICyzWmhC5woCtbNgaSmg,1,@johnmejia992,@nestormendez6216
UC6PvO1_k5lHKGdAPo5_C6TA,UCQtSFINs1h6GHkpg9o5kMvg,1,@johnmejia992,@MacarioMartinezruiz
UC6PvO1_k5lHKGdAPo5_C6TA,UCRETAiYdh2dL5ZxB0_N1zDA,1,@johnmejia992,@Joseroland21
UC6PvO1_k5lHKGdAPo5_C6TA,UCRelkU8JiZBytTzebJxaa-w,1,@johnmejia992,@danyraymundo2942
UC6PvO1_k5lHKGdAPo5_C6TA,UCRlCV9zSn7avAWh-9_XFWqQ,1,@johnmejia992,@ronyarana8849
UC6PvO1_k5lHKGdAPo5_C6TA,UCSou6a2OuYGSvPjm5psquyA,1,@johnmejia992,@FranciscoRivera-sf7ne
UC6PvO1_k5lHKGdAPo5_C6TA,UCTD6q1nyIe3Y7HhqjaMj72w,1,@johnmejia992,@JuanChang-r6k
UC6PvO1_k5lHKGdAPo5_C6TA,UCTP3O0rMnc8z8v8jaDQwL0w,1,@johnmejia992,@RobertoZelaya-x1v
UC6PvO1_k5lHKGdAPo5_C6TA,UCThW2XNsAaBKme5PUt7n-Zg,1,@johnmejia992,@thelmamoran8565
UC6PvO1_k5lHKGdAPo5_C6TA,UCTwSut16JyAg3mX6LVUNGqA,1,@johnmejia992,@SuperVictor2005
UC6PvO1_k5lHKGdAPo5_C6TA,UCTylKrsqkrBKIqubMu_5N0Q,1,@johnmejia992,@edwingeovanymarroquinmarro6684
UC6PvO1_k5lHKGdAPo5_C6TA,UCUIIIPTVDVHAXqhC_5V6lPA,1,@johnmejia992,@gorrarota
UC6PvO1_k5lHKGdAPo5_C6TA,UCV0iizTBoOfdAFX_thfI9BA,1,@johnmejia992,@BenjaminLarios-jd8nk
UC6PvO1_k5lHKGdAPo5_C6TA,UCWIZUtKJ636y-4TYrNvok0g,1,@johnmejia992,@cesarandreas7824
UC6PvO1_k5lHKGdAPo5_C6TA,UCXSkL3ejZ8qWYyF_M7s_QKA,1,@johnmejia992,@JacintaTzoy
UC6PvO1_k5lHKGdAPo5_C6TA,UCXXh7yg5KUFIWylTiKVEFKQ,1,@johnmejia992,@MrDuenderojo
UC6PvO1_k5lHKGdAPo5_C6TA,UCXgr7vXlRrsaskPdo097kGA,1,@johnmejia992,@Rogergh-nw4oj
UC6PvO1_k5lHKGdAPo5_C6TA,UCXr8_5WtGeipe4haOoQDgyQ,1,@johnmejia992,@amyherrera7352
UC6PvO1_k5lHKGdAPo5_C6TA,UCYN4wSQ1Sx4_LurxLlW7MPg,1,@johnmejia992,@belarminavillatoro6474
UC6PvO1_k5lHKGdAPo5_C6TA,UCYwpX26TrCxq8TvbKGRYLXA,1,@johnmejia992,@beneficioelcaminovillacana8540
UC6PvO1_k5lHKGdAPo5_C6TA,UCZ51R_9Q9C0c8I3pAWhtmjQ,1,@johnmejia992,@belvettzapeta1251
UC6PvO1_k5lHKGdAPo5_C6TA,UCZLG9qH0tUjNhEGFIUt0CYw,1,@johnmejia992,@SoniaMarroquin-y6e
UC6PvO1_k5lHKGdAPo5_C6TA,UCcfdg8crmMJwEuLUsAhV7yg,1,@johnmejia992,@RolandoRaguay
UC6PvO1_k5lHKGdAPo5_C6TA,UCfM3nrxtTQMY5jFx1v1J4Gg,1,@johnmejia992,@edgarroldan5539
UC6PvO1_k5lHKGdAPo5_C6TA,UCgvw7xIdGFupzpt1Y_BFkEA,1,@johnmejia992,@fredygarcia9151
UC6PvO1_k5lHKGdAPo5_C6TA,UCh5ESQvtzyHDhCA7XyekCFA,1,@johnmejia992,@andyB5280
UC6PvO1_k5lHKGdAPo5_C6TA,UChZknRmJkeGeQk0-mQuhDOg,1,@johnmejia992,@OdilioRodríguez-c5w
UC6PvO1_k5lHKGdAPo5_C6TA,UChep9kVb5gQmpodEEl10Xlg,1,@johnmejia992,@carlosaguilar-kz7ml
UC6PvO1_k5lHKGdAPo5_C6TA,UChgkn5Jt5tWKYMoEOuCjz3Q,1,@johnmejia992,@pablochitay46
UC6PvO1_k5lHKGdAPo5_C6TA,UChs3tU2BcKOT0CezykvAsGw,1,@johnmejia992,@byronpontaza
UC6PvO1_k5lHKGdAPo5_C6TA,UCi1b_TRQfgO1Z9O2gNGGWNA,1,@johnmejia992,@davidisraelesquitsaquil
UC6PvO1_k5lHKGdAPo5_C6TA,UCiGRBf2RNF0WRKhRVT7zFoA,1,@johnmejia992,@edwinavila4876
UC6PvO1_k5lHKGdAPo5_C6TA,UCiMythXHsw7eQEMykCdmMUA,1,@johnmejia992,@JavierBecerra-h6x
UC6PvO1_k5lHKGdAPo5_C6TA,UCipetjeiWj4CZB6EbyYziZg,1,@johnmejia992,@OseasSamayoa-ol5rz
UC6PvO1_k5lHKGdAPo5_C6TA,UCj-LL25XJnjxepPKCc3NGog,1,@johnmejia992,@anaaguirre8985
UC6PvO1_k5lHKGdAPo5_C6TA,UCjSKM9j0Q7HLDr1hD6D-TUw,1,@johnmejia992,@josehidalgo4875
UC6PvO1_k5lHKGdAPo5_C6TA,UCjmPuazZJzscrwvk0QR9RVw,1,@johnmejia992,@mynorrodas8591
UC6PvO1_k5lHKGdAPo5_C6TA,UCkd9W714-947dEE6ZOEBATA,1,@johnmejia992,@ARGELIATELON
UC6PvO1_k5lHKGdAPo5_C6TA,UCl0ekS9Tt0jJGtOEM18S63w,1,@johnmejia992,@monkchapin
UC6PvO1_k5lHKGdAPo5_C6TA,UCljDbleJul41G1TzOjOZAVA,1,@johnmejia992,@hectorcarranza3777
UC6PvO1_k5lHKGdAPo5_C6TA,UCmjppp6ujz3SAnULvP3sZMw,1,@johnmejia992,@marcomendez7509
UC6PvO1_k5lHKGdAPo5_C6TA,UCmvOgzmmXbjUthHy-WJ52hQ,1,@johnmejia992,@mariorodas593
UC6PvO1_k5lHKGdAPo5_C6TA,UCp4iw5_5SmV9VGTFSNVGOmQ,1,@johnmejia992,@CARLOSSTREMS51
UC6PvO1_k5lHKGdAPo5_C6TA,UCpIdtvoFHVLGASGB5ySqIEA,1,@johnmejia992,@VidalVillatoro-p4w
UC6PvO1_k5lHKGdAPo5_C6TA,UCpl8rF8uv_8uui-QRvuJaRA,1,@johnmejia992,@SergioGarcia-z9c
UC6PvO1_k5lHKGdAPo5_C6TA,UCplrIQtaPj6au60_f2-mOYw,1,@johnmejia992,@romeolopezherrarte799
UC6PvO1_k5lHKGdAPo5_C6TA,UCpsKOkt5iWTbenzeuq7dsmQ,1,@johnmejia992,@inge_vergueta
UC6PvO1_k5lHKGdAPo5_C6TA,UCr1emrogPKkKTs_WTtx71xg,1,@johnmejia992,@domingopeneleu6457
UC6PvO1_k5lHKGdAPo5_C6TA,UCrJn_rbo_ENAdeqneS-RmRw,1,@johnmejia992,@josecarrera9623
UC6PvO1_k5lHKGdAPo5_C6TA,UCsJJAvrVGupdmhOqgtDp8dg,1,@johnmejia992,@nestorlorenzana1168
UC6PvO1_k5lHKGdAPo5_C6TA,UCsSXdJct-nsS8DsABoEsaYA,1,@johnmejia992,@IvánPérez-j4j
UC6PvO1_k5lHKGdAPo5_C6TA,UCsUCN0Yq_UyTvKjOJLmNrnQ,1,@johnmejia992,@moisesvaldez4043
UC6PvO1_k5lHKGdAPo5_C6TA,UCsjs5Hp_r86x1xbK6FAeqaA,1,@johnmejia992,@alvaroesquivel563
UC6PvO1_k5lHKGdAPo5_C6TA,UCtNfIBnc5S5DbbQj_yxgJTw,1,@johnmejia992,@JosueRamirez-ey3ih
UC6PvO1_k5lHKGdAPo5_C6TA,UCtUR3_CAiE7fCoZHM6cMfyQ,1,@johnmejia992,@mdelcid01
UC6PvO1_k5lHKGdAPo5_C6TA,UCueV9cTyTDwgQSec1x2dYgA,1,@johnmejia992,@fredydomingo7062
UC6PvO1_k5lHKGdAPo5_C6TA,UCujPF2nBgsTD62nWE3lcpIg,1,@johnmejia992,@victorarturoruanobautista7588
UC6PvO1_k5lHKGdAPo5_C6TA,UCut6b9S98nv84cVX89PmKzA,1,@johnmejia992,@yeniferaguirre4498
UC6PvO1_k5lHKGdAPo5_C6TA,UCvApqeCbLod-wejtT4CcVuA,1,@johnmejia992,@davidgaher9550
UC6PvO1_k5lHKGdAPo5_C6TA,UCwO2SXr0ggzwg6QWWrr01nQ,1,@johnmejia992,@ricardofigueroa5720
UC6PvO1_k5lHKGdAPo5_C6TA,UCwW2OFy95P7ZBkOPxWkpvYg,1,@johnmejia992,@TeresaLucero-b5o
UC6PvO1_k5lHKGdAPo5_C6TA,UCwha8rxULYMVtNwZWeSkE1A,1,@johnmejia992,@mariasamo8637
UC6PvO1_k5lHKGdAPo5_C6TA,UCxff05WuyvwELNITi7bj7UA,1,@johnmejia992,@markoherrera
UC6PvO1_k5lHKGdAPo5_C6TA,UCySYJU5kUh7X8gVt9la2ISA,1,@johnmejia992,@dantesarti4351
UC6PvO1_k5lHKGdAPo5_C6TA,UCylqlpsh8ENNM1LqgQ1KbxA,1,@johnmejia992,@Jel.Awesh.M
UC6PvO1_k5lHKGdAPo5_C6TA,UCz3gu01bmjNv0DpRq-K3XYg,1,@johnmejia992,@eusebiovasquez4385
UC6PvO1_k5lHKGdAPo5_C6TA,UCzSfZlOVxBSs5ObD25ywxDQ,1,@johnmejia992,@GilmarMaldonado-q9m
UC6PvO1_k5lHKGdAPo5_C6TA,UCzoL2l5H5eVlorWGH8AZfAg,1,@johnmejia992,@jor77cas
UC6Uj1FT5JjDSF8vudvDxPAA,UC7dadZG7kkGYnsNu6td0FbA,1,@alfredoortega9264,@lesolorzano
UC6Uj1FT5JjDSF8vudvDxPAA,UC816IGbFCZinfYS1LRDaaHg,1,@alfredoortega9264,@ingenieroar
UC6Uj1FT5JjDSF8vudvDxPAA,UC95PSMouTx2N5CbSq0hIyrQ,1,@alfredoortega9264,@lisss1908
UC6Uj1FT5JjDSF8vudvDxPAA,UCAKuKvcbfnBD3kF5njNu-IA,1,@alfredoortega9264,@melvinlopez7096
UC6Uj1FT5JjDSF8vudvDxPAA,UCCBYcToQ2dwkd6TJh0FSyDg,1,@alfredoortega9264,@lidiarodriguez3493
UC6Uj1FT5JjDSF8vudvDxPAA,UCDrmf9y9nLgFY5wnA2hTuGA,1,@alfredoortega9264,@laboratorio5528
UC6Uj1FT5JjDSF8vudvDxPAA,UCGGHbtfbbe0o68etrOf0qxw,1,@alfredoortega9264,@karensussetteleonvargas9794
UC6Uj1FT5JjDSF8vudvDxPAA,UCHbwIx9pmQuf7i-4_xO2EpA,1,@alfredoortega9264,@caminoseternos752
UC6Uj1FT5JjDSF8vudvDxPAA,UCNpt5CQlTzNjlAKY6CJtClQ,1,@alfredoortega9264,@eustaquiogomez9975
UC6Uj1FT5JjDSF8vudvDxPAA,UCOcUI5XkTYNMSFhZNMIPpGg,1,@alfredoortega9264,@hendersonlopez3864
UC6Uj1FT5JjDSF8vudvDxPAA,UCQqlPPUGqAfWjd-FSh_qn7Q,1,@alfredoortega9264,@estuardoargueta137
UC6Uj1FT5JjDSF8vudvDxPAA,UCQyOePccUP-fIJYzchAgZYw,1,@alfredoortega9264,@aguilar4254
UC6Uj1FT5JjDSF8vudvDxPAA,UCRAquv8el-tQ30bN7MlmySQ,1,@alfredoortega9264,@iamjimalesssa
UC6Uj1FT5JjDSF8vudvDxPAA,UCRvPToDkkumha7WJAfCDk1A,1,@alfredoortega9264,@ligiaguerra3057
UC6Uj1FT5JjDSF8vudvDxPAA,UCUoYsrx1oZnCZ0usbBJn4fA,1,@alfredoortega9264,@AnaDiaz-re9sq
UC6Uj1FT5JjDSF8vudvDxPAA,UCV0lM03g5fg5pbPj97-sAtA,1,@alfredoortega9264,@genarodelgado3929
UC6Uj1FT5JjDSF8vudvDxPAA,UCW-JC6lebVmf2P1dmY_L94g,1,@alfredoortega9264,@dinoraoroxon5771
UC6Uj1FT5JjDSF8vudvDxPAA,UCW80DaMjQlEUibC98Cot-Dg,1,@alfredoortega9264,@rogeraldana4289
UC6Uj1FT5JjDSF8vudvDxPAA,UCWoAVGVqCn4xtINCMOTM4jg,1,@alfredoortega9264,@OmarMartinez-vv8re
UC6Uj1FT5JjDSF8vudvDxPAA,UCZeIIQrGAedW8tCbKWmGY-A,1,@alfredoortega9264,@mariocordon8873
UC6Uj1FT5JjDSF8vudvDxPAA,UC_LYoGs5C3mbZKZuKuqYCvw,1,@alfredoortega9264,@javiercifuentesarchila6041
UC6Uj1FT5JjDSF8vudvDxPAA,UCaKAjTW9MVub_clgr4DRYjQ,1,@alfredoortega9264,@josecastillo4390
UC6Uj1FT5JjDSF8vudvDxPAA,UCdFlugHJJa4l3YqWuNRmvXw,1,@alfredoortega9264,@MarcosCarillo-b1r
UC6Uj1FT5JjDSF8vudvDxPAA,UCe8JZoYkX5oKUZyivHYdXhw,1,@alfredoortega9264,@FernandoGarcia-jg1fj
UC6Uj1FT5JjDSF8vudvDxPAA,UCeDNEtI8_a42bZ47wJiJMwQ,1,@alfredoortega9264,@EdgarcalderonCalderong
UC6Uj1FT5JjDSF8vudvDxPAA,UCgJNFj5dnxXpcMvmuhZDPxA,1,@alfredoortega9264,@NataliaRodriguez-rx5mr
UC6Uj1FT5JjDSF8vudvDxPAA,UCgQw_Sbq3ugruDUKsq1e0-A,1,@alfredoortega9264,@marlenareano-h4t
UC6Uj1FT5JjDSF8vudvDxPAA,UCiC-Jn7wdgyQV4_Urk0DkWQ,1,@alfredoortega9264,@pedroros6358
UC6Uj1FT5JjDSF8vudvDxPAA,UCkVtmkK07b2zaVVNssX4lOg,1,@alfredoortega9264,@HectorElias-u2l
UC6Uj1FT5JjDSF8vudvDxPAA,UCkbsS_3D-pvg1iHOld9uvIg,1,@alfredoortega9264,@gonzalo6075
UC6Uj1FT5JjDSF8vudvDxPAA,UClhMWQ7XKWywYvbRnuf8QsA,1,@alfredoortega9264,@EcPerez-zz9oh
UC6Uj1FT5JjDSF8vudvDxPAA,UClqA491Xa5fQcXcJJa-vTWw,1,@alfredoortega9264,@AndresLemus-k2d
UC6Uj1FT5JjDSF8vudvDxPAA,UColMq7LmaoY3MT6aIDGrGvA,1,@alfredoortega9264,@quijotachapina1
UC6Uj1FT5JjDSF8vudvDxPAA,UCpe5jW3MIqkgTJ-PgkzvM6Q,1,@alfredoortega9264,@carloslam5333
UC6Uj1FT5JjDSF8vudvDxPAA,UCpsKOkt5iWTbenzeuq7dsmQ,1,@alfredoortega9264,@inge_vergueta
UC6Uj1FT5JjDSF8vudvDxPAA,UCqCrvuoJpC-aVb0f4logQRQ,1,@alfredoortega9264,@Lyrics_GT
UC6Uj1FT5JjDSF8vudvDxPAA,UCsGoJEvb-cFPZ2rWoJcXzEQ,1,@alfredoortega9264,@sergiohinestroza9709
UC6Uj1FT5JjDSF8vudvDxPAA,UCu8_3-Wg-YzNyvHYQDEscfw,1,@alfredoortega9264,@RolandoCastroPérez-d7y
UC6Uj1FT5JjDSF8vudvDxPAA,UCuXmOjxC-htcprLgeVXz6Tg,1,@alfredoortega9264,@jorgeaguilar-bq3uj
UC6Uj1FT5JjDSF8vudvDxPAA,UCwgCc9Jd_gG-uLE_SY-FfPg,1,@alfredoortega9264,@armindapenados2841
UC6Uj1FT5JjDSF8vudvDxPAA,UCwjUvRseNtJoItylIyIez7Q,1,@alfredoortega9264,@Silviazea
UC6Uj1FT5JjDSF8vudvDxPAA,UCylqlpsh8ENNM1LqgQ1KbxA,1,@alfredoortega9264,@Jel.Awesh.M
UC6YSZqL0vEcI-niPKIMUGfw,UC72gBAtyb_VXQlYDcFrh6oQ,1,@maxwellsales885,@osmanmorales3012
UC6YSZqL0vEcI-niPKIMUGfw,UC7VUuJr9cGh845CmTvf7TlQ,1,@maxwellsales885,@LuisCastillo-oz4df
UC6YSZqL0vEcI-niPKIMUGfw,UC8F2V63KZ4ZEay6opX2hAQw,1,@maxwellsales885,@carmenr6311
UC6YSZqL0vEcI-niPKIMUGfw,UC8G5cJONY8L9voMyBW8Eoug,1,@maxwellsales885,@luisparedes-pw6qt
UC6YSZqL0vEcI-niPKIMUGfw,UC8r11yOugM2NuRfitQOxLLg,1,@maxwellsales885,@cesaraugustomoralesmonroy6907
UC6YSZqL0vEcI-niPKIMUGfw,UC9vMq1YF-e7C-VO0SHkbUTA,1,@maxwellsales885,@ErvinLeonardoCarreraLatín
UC6YSZqL0vEcI-niPKIMUGfw,UC9xr9QvIcDvoZNUX5f-jaZw,1,@maxwellsales885,@MariaaliciaColonmorales
UC6YSZqL0vEcI-niPKIMUGfw,UCA93ym2TXs_Ibyxb4Vcn-6Q,1,@maxwellsales885,@oswaldosolis8728
UC6YSZqL0vEcI-niPKIMUGfw,UCAlzM_N6xBlMYmM8EBzX86Q,1,@maxwellsales885,@carlossoto3252
UC6YSZqL0vEcI-niPKIMUGfw,UCAmtbUiIrUIhikru0ZoTFig,1,@maxwellsales885,@Aura-vf6dm
UC6YSZqL0vEcI-niPKIMUGfw,UCB5p8a5gklc80jJItP6xTHg,1,@maxwellsales885,@ernestogamboa8737
UC6YSZqL0vEcI-niPKIMUGfw,UCCaYwkkbQGcvFoUmothVdQQ,1,@maxwellsales885,@OsvaldoAguirre-l3i
UC6YSZqL0vEcI-niPKIMUGfw,UCDIMztpVm7G27qBuiWuT6oQ,1,@maxwellsales885,@lizardomorataya8274
UC6YSZqL0vEcI-niPKIMUGfw,UCDPWkUX3sNNaCx-m1dV4glA,1,@maxwellsales885,@hectoroliva949
UC6YSZqL0vEcI-niPKIMUGfw,UCDQaQv0hr2SS_PO-CMEwVHg,1,@maxwellsales885,@federicosaquimux1933
UC6YSZqL0vEcI-niPKIMUGfw,UCDUffaruH6dyUnUGwsTKpgg,1,@maxwellsales885,@luisletona2842
UC6YSZqL0vEcI-niPKIMUGfw,UCDftMWXQoJ6nONfY7GVOVjg,1,@maxwellsales885,@luisgpacheco5858
UC6YSZqL0vEcI-niPKIMUGfw,UCDlr1VadSucIZgZ171pRBjQ,1,@maxwellsales885,@cuabatzjj5924
UC6YSZqL0vEcI-niPKIMUGfw,UCEgEQmRbtL5fwr9_DqAC--g,1,@maxwellsales885,@ArielRodas-g5y
UC6YSZqL0vEcI-niPKIMUGfw,UCErZPJpHmLCsXs8ZWkAUupQ,1,@maxwellsales885,@dorisl.garciaroche7763
UC6YSZqL0vEcI-niPKIMUGfw,UCFUuDARXdmmIrLppEqf-rFg,1,@maxwellsales885,@allanmunoz7410
UC6YSZqL0vEcI-niPKIMUGfw,UCFhxtoeARHPnXXPcDrOU3Xg,1,@maxwellsales885,@diegoalejandrolopezmendez205
UC6YSZqL0vEcI-niPKIMUGfw,UCFjudnPLoaSL1BaRuLahyHg,1,@maxwellsales885,@HaroldoCastillo-rh9iw
UC6YSZqL0vEcI-niPKIMUGfw,UCFoIAE8k82D6AV-8gjjKaNg,1,@maxwellsales885,@eddymunoz9789
UC6YSZqL0vEcI-niPKIMUGfw,UCFxE8GbokBrBsPEKM1xrOjQ,1,@maxwellsales885,@JuanDavila-qd7qj
UC6YSZqL0vEcI-niPKIMUGfw,UCGzXwyCzMzGmjmCbH3Hg01Q,1,@maxwellsales885,@FidelZacarias-ph7dy
UC6YSZqL0vEcI-niPKIMUGfw,UCHTGCgY2l-DQJIvlA_cpa_Q,1,@maxwellsales885,@virgiliogarcia3039
UC6YSZqL0vEcI-niPKIMUGfw,UCHhHUjaMAZ8SiXdCUCj9DkQ,1,@maxwellsales885,@fredymendez1786
UC6YSZqL0vEcI-niPKIMUGfw,UCKDR0f2fu2UzWL8mBv5-BHw,1,@maxwellsales885,@mireyamorales6595
UC6YSZqL0vEcI-niPKIMUGfw,UCL13XhnRzbGokEkCkEOb0-g,1,@maxwellsales885,@raquelprado3643
UC6YSZqL0vEcI-niPKIMUGfw,UCL1MT278vSaQ83ZDkVWn1gw,1,@maxwellsales885,@elmorodriguez6978
UC6YSZqL0vEcI-niPKIMUGfw,UCLFdHr9BEbXHkoJopbEPLZw,1,@maxwellsales885,@kanterra4584
UC6YSZqL0vEcI-niPKIMUGfw,UCLggDc_a5HriXv7I1h02sOA,1,@maxwellsales885,@guillermogonzalez5153
UC6YSZqL0vEcI-niPKIMUGfw,UCN6qbfPSzFtjhqUDZ3Cv3CQ,1,@maxwellsales885,@carlosmedranovelasquez6380
UC6YSZqL0vEcI-niPKIMUGfw,UCNBnKqWf4d-rS4HwJRQljmQ,1,@maxwellsales885,@LE_A22
UC6YSZqL0vEcI-niPKIMUGfw,UCNkcuy42zEwddwEcOd_HpnA,1,@maxwellsales885,@vanigomez492
UC6YSZqL0vEcI-niPKIMUGfw,UCOLGv5Pf6BF2wFcwUzgcvHg,1,@maxwellsales885,@welfrealdana5559
UC6YSZqL0vEcI-niPKIMUGfw,UCOS8ViEkccrTZx2w2ccxotA,1,@maxwellsales885,@OscarHernandez-q8y
UC6YSZqL0vEcI-niPKIMUGfw,UCOh6DaZC_x9HASnlRylEMfw,1,@maxwellsales885,@AndresMedina-v1s
UC6YSZqL0vEcI-niPKIMUGfw,UCQ_-LPP8JAbfkc-b1Q6NvWw,1,@maxwellsales885,@MegaKristenstewart
UC6YSZqL0vEcI-niPKIMUGfw,UCQgYjVngJRfPHDLGB5X6ZjA,1,@maxwellsales885,@oscarnavas9996
UC6YSZqL0vEcI-niPKIMUGfw,UCQqetiwzzmRNTM5OWuXarGQ,1,@maxwellsales885,@isaiaslopezvelasquez1539
UC6YSZqL0vEcI-niPKIMUGfw,UCQtICyzWmhC5woCtbNgaSmg,1,@maxwellsales885,@nestormendez6216
UC6YSZqL0vEcI-niPKIMUGfw,UCQtSFINs1h6GHkpg9o5kMvg,1,@maxwellsales885,@MacarioMartinezruiz
UC6YSZqL0vEcI-niPKIMUGfw,UCRETAiYdh2dL5ZxB0_N1zDA,1,@maxwellsales885,@Joseroland21
UC6YSZqL0vEcI-niPKIMUGfw,UCRelkU8JiZBytTzebJxaa-w,1,@maxwellsales885,@danyraymundo2942
UC6YSZqL0vEcI-niPKIMUGfw,UCRlCV9zSn7avAWh-9_XFWqQ,1,@maxwellsales885,@ronyarana8849
UC6YSZqL0vEcI-niPKIMUGfw,UCSou6a2OuYGSvPjm5psquyA,1,@maxwellsales885,@FranciscoRivera-sf7ne
UC6YSZqL0vEcI-niPKIMUGfw,UCTD6q1nyIe3Y7HhqjaMj72w,1,@maxwellsales885,@JuanChang-r6k
UC6YSZqL0vEcI-niPKIMUGfw,UCTP3O0rMnc8z8v8jaDQwL0w,1,@maxwellsales885,@RobertoZelaya-x1v
UC6YSZqL0vEcI-niPKIMUGfw,UCThW2XNsAaBKme5PUt7n-Zg,1,@maxwellsales885,@thelmamoran8565
UC6YSZqL0vEcI-niPKIMUGfw,UCTwSut16JyAg3mX6LVUNGqA,1,@maxwellsales885,@SuperVictor2005
UC6YSZqL0vEcI-niPKIMUGfw,UCTylKrsqkrBKIqubMu_5N0Q,1,@maxwellsales885,@edwingeovanymarroquinmarro6684
UC6YSZqL0vEcI-niPKIMUGfw,UCUIIIPTVDVHAXqhC_5V6lPA,1,@maxwellsales885,@gorrarota
UC6YSZqL0vEcI-niPKIMUGfw,UCV0iizTBoOfdAFX_thfI9BA,1,@maxwellsales885,@BenjaminLarios-jd8nk
UC6YSZqL0vEcI-niPKIMUGfw,UCWIZUtKJ636y-4TYrNvok0g,1,@maxwellsales885,@cesarandreas7824
UC6YSZqL0vEcI-niPKIMUGfw,UCXSkL3ejZ8qWYyF_M7s_QKA,1,@maxwellsales885,@JacintaTzoy
UC6YSZqL0vEcI-niPKIMUGfw,UCXXh7yg5KUFIWylTiKVEFKQ,1,@maxwellsales885,@MrDuenderojo
UC6YSZqL0vEcI-niPKIMUGfw,UCXgr7vXlRrsaskPdo097kGA,1,@maxwellsales885,@Rogergh-nw4oj
UC6YSZqL0vEcI-niPKIMUGfw,UCXr8_5WtGeipe4haOoQDgyQ,1,@maxwellsales885,@amyherrera7352
UC6YSZqL0vEcI-niPKIMUGfw,UCYN4wSQ1Sx4_LurxLlW7MPg,1,@maxwellsales885,@belarminavillatoro6474
UC6YSZqL0vEcI-niPKIMUGfw,UCYwpX26TrCxq8TvbKGRYLXA,1,@maxwellsales885,@beneficioelcaminovillacana8540
UC6YSZqL0vEcI-niPKIMUGfw,UCZ51R_9Q9C0c8I3pAWhtmjQ,1,@maxwellsales885,@belvettzapeta1251
UC6YSZqL0vEcI-niPKIMUGfw,UCZLG9qH0tUjNhEGFIUt0CYw,1,@maxwellsales885,@SoniaMarroquin-y6e
UC6YSZqL0vEcI-niPKIMUGfw,UCcfdg8crmMJwEuLUsAhV7yg,1,@maxwellsales885,@RolandoRaguay
UC6YSZqL0vEcI-niPKIMUGfw,UCfM3nrxtTQMY5jFx1v1J4Gg,1,@maxwellsales885,@edgarroldan5539
UC6YSZqL0vEcI-niPKIMUGfw,UCgvw7xIdGFupzpt1Y_BFkEA,1,@maxwellsales885,@fredygarcia9151
UC6YSZqL0vEcI-niPKIMUGfw,UCh5ESQvtzyHDhCA7XyekCFA,1,@maxwellsales885,@andyB5280
UC6YSZqL0vEcI-niPKIMUGfw,UChZknRmJkeGeQk0-mQuhDOg,1,@maxwellsales885,@OdilioRodríguez-c5w
UC6YSZqL0vEcI-niPKIMUGfw,UChep9kVb5gQmpodEEl10Xlg,1,@maxwellsales885,@carlosaguilar-kz7ml
UC6YSZqL0vEcI-niPKIMUGfw,UChgkn5Jt5tWKYMoEOuCjz3Q,1,@maxwellsales885,@pablochitay46
UC6YSZqL0vEcI-niPKIMUGfw,UChs3tU2BcKOT0CezykvAsGw,1,@maxwellsales885,@byronpontaza
UC6YSZqL0vEcI-niPKIMUGfw,UCi1b_TRQfgO1Z9O2gNGGWNA,1,@maxwellsales885,@davidisraelesquitsaquil
UC6YSZqL0vEcI-niPKIMUGfw,UCiGRBf2RNF0WRKhRVT7zFoA,1,@maxwellsales885,@edwinavila4876
UC6YSZqL0vEcI-niPKIMUGfw,UCiMythXHsw7eQEMykCdmMUA,1,@maxwellsales885,@JavierBecerra-h6x
UC6YSZqL0vEcI-niPKIMUGfw,UCipetjeiWj4CZB6EbyYziZg,1,@maxwellsales885,@OseasSamayoa-ol5rz
UC6YSZqL0vEcI-niPKIMUGfw,UCj-LL25XJnjxepPKCc3NGog,1,@maxwellsales885,@anaaguirre8985
UC6YSZqL0vEcI-niPKIMUGfw,UCjSKM9j0Q7HLDr1hD6D-TUw,1,@maxwellsales885,@josehidalgo4875
UC6YSZqL0vEcI-niPKIMUGfw,UCjmPuazZJzscrwvk0QR9RVw,1,@maxwellsales885,@mynorrodas8591
UC6YSZqL0vEcI-niPKIMUGfw,UCkd9W714-947dEE6ZOEBATA,1,@maxwellsales885,@ARGELIATELON
UC6YSZqL0vEcI-niPKIMUGfw,UCl0ekS9Tt0jJGtOEM18S63w,1,@maxwellsales885,@monkchapin
UC6YSZqL0vEcI-niPKIMUGfw,UCljDbleJul41G1TzOjOZAVA,1,@maxwellsales885,@hectorcarranza3777
UC6YSZqL0vEcI-niPKIMUGfw,UCmjppp6ujz3SAnULvP3sZMw,1,@maxwellsales885,@marcomendez7509
UC6YSZqL0vEcI-niPKIMUGfw,UCmvOgzmmXbjUthHy-WJ52hQ,1,@maxwellsales885,@mariorodas593
UC6YSZqL0vEcI-niPKIMUGfw,UCp4iw5_5SmV9VGTFSNVGOmQ,1,@maxwellsales885,@CARLOSSTREMS51
UC6YSZqL0vEcI-niPKIMUGfw,UCpIdtvoFHVLGASGB5ySqIEA,1,@maxwellsales885,@VidalVillatoro-p4w
UC6YSZqL0vEcI-niPKIMUGfw,UCpl8rF8uv_8uui-QRvuJaRA,1,@maxwellsales885,@SergioGarcia-z9c
UC6YSZqL0vEcI-niPKIMUGfw,UCplrIQtaPj6au60_f2-mOYw,1,@maxwellsales885,@romeolopezherrarte799
UC6YSZqL0vEcI-niPKIMUGfw,UCpsKOkt5iWTbenzeuq7dsmQ,1,@maxwellsales885,@inge_vergueta
UC6YSZqL0vEcI-niPKIMUGfw,UCr1emrogPKkKTs_WTtx71xg,1,@maxwellsales885,@domingopeneleu6457
UC6YSZqL0vEcI-niPKIMUGfw,UCrJn_rbo_ENAdeqneS-RmRw,1,@maxwellsales885,@josecarrera9623
UC6YSZqL0vEcI-niPKIMUGfw,UCsJJAvrVGupdmhOqgtDp8dg,1,@maxwellsales885,@nestorlorenzana1168
UC6YSZqL0vEcI-niPKIMUGfw,UCsSXdJct-nsS8DsABoEsaYA,1,@maxwellsales885,@IvánPérez-j4j
UC6YSZqL0vEcI-niPKIMUGfw,UCsUCN0Yq_UyTvKjOJLmNrnQ,1,@maxwellsales885,@moisesvaldez4043
UC6YSZqL0vEcI-niPKIMUGfw,UCsjs5Hp_r86x1xbK6FAeqaA,1,@maxwellsales885,@alvaroesquivel563
UC6YSZqL0vEcI-niPKIMUGfw,UCtNfIBnc5S5DbbQj_yxgJTw,1,@maxwellsales885,@JosueRamirez-ey3ih
UC6YSZqL0vEcI-niPKIMUGfw,UCtUR3_CAiE7fCoZHM6cMfyQ,1,@maxwellsales885,@mdelcid01
UC6YSZqL0vEcI-niPKIMUGfw,UCueV9cTyTDwgQSec1x2dYgA,1,@maxwellsales885,@fredydomingo7062
UC6YSZqL0vEcI-niPKIMUGfw,UCujPF2nBgsTD62nWE3lcpIg,1,@maxwellsales885,@victorarturoruanobautista7588
UC6YSZqL0vEcI-niPKIMUGfw,UCut6b9S98nv84cVX89PmKzA,1,@maxwellsales885,@yeniferaguirre4498
UC6YSZqL0vEcI-niPKIMUGfw,UCvApqeCbLod-wejtT4CcVuA,1,@maxwellsales885,@davidgaher9550
UC6YSZqL0vEcI-niPKIMUGfw,UCwO2SXr0ggzwg6QWWrr01nQ,1,@maxwellsales885,@ricardofigueroa5720
UC6YSZqL0vEcI-niPKIMUGfw,UCwW2OFy95P7ZBkOPxWkpvYg,1,@maxwellsales885,@TeresaLucero-b5o
UC6YSZqL0vEcI-niPKIMUGfw,UCwha8rxULYMVtNwZWeSkE1A,1,@maxwellsales885,@mariasamo8637
UC6YSZqL0vEcI-niPKIMUGfw,UCxff05WuyvwELNITi7bj7UA,1,@maxwellsales885,@markoherrera
UC6YSZqL0vEcI-niPKIMUGfw,UCySYJU5kUh7X8gVt9la2ISA,1,@maxwellsales885,@dantesarti4351
UC6YSZqL0vEcI-niPKIMUGfw,UCylqlpsh8ENNM1LqgQ1KbxA,1,@maxwellsales885,@Jel.Awesh.M
UC6YSZqL0vEcI-niPKIMUGfw,UCz3gu01bmjNv0DpRq-K3XYg,1,@maxwellsales885,@eusebiovasquez4385
UC6YSZqL0vEcI-niPKIMUGfw,UCzSfZlOVxBSs5ObD25ywxDQ,1,@maxwellsales885,@GilmarMaldonado-q9m
UC6YSZqL0vEcI-niPKIMUGfw,UCzoL2l5H5eVlorWGH8AZfAg,1,@maxwellsales885,@jor77cas
UC72gBAtyb_VXQlYDcFrh6oQ,UC7VUuJr9cGh845CmTvf7TlQ,1,@osmanmorales3012,@LuisCastillo-oz4df
UC72gBAtyb_VXQlYDcFrh6oQ,UC8F2V63KZ4ZEay6opX2hAQw,1,@osmanmorales3012,@carmenr6311
UC72gBAtyb_VXQlYDcFrh6oQ,UC8G5cJONY8L9voMyBW8Eoug,1,@osmanmorales3012,@luisparedes-pw6qt
UC72gBAtyb_VXQlYDcFrh6oQ,UC8r11yOugM2NuRfitQOxLLg,1,@osmanmorales3012,@cesaraugustomoralesmonroy6907
UC72gBAtyb_VXQlYDcFrh6oQ,UC9vMq1YF-e7C-VO0SHkbUTA,1,@osmanmorales3012,@ErvinLeonardoCarreraLatín
UC72gBAtyb_VXQlYDcFrh6oQ,UC9xr9QvIcDvoZNUX5f-jaZw,1,@osmanmorales3012,@MariaaliciaColonmorales
UC72gBAtyb_VXQlYDcFrh6oQ,UCA93ym2TXs_Ibyxb4Vcn-6Q,1,@osmanmorales3012,@oswaldosolis8728
UC72gBAtyb_VXQlYDcFrh6oQ,UCAlzM_N6xBlMYmM8EBzX86Q,1,@osmanmorales3012,@carlossoto3252
UC72gBAtyb_VXQlYDcFrh6oQ,UCAmtbUiIrUIhikru0ZoTFig,1,@osmanmorales3012,@Aura-vf6dm
UC72gBAtyb_VXQlYDcFrh6oQ,UCB5p8a5gklc80jJItP6xTHg,1,@osmanmorales3012,@ernestogamboa8737
UC72gBAtyb_VXQlYDcFrh6oQ,UCCaYwkkbQGcvFoUmothVdQQ,1,@osmanmorales3012,@OsvaldoAguirre-l3i
UC72gBAtyb_VXQlYDcFrh6oQ,UCDIMztpVm7G27qBuiWuT6oQ,1,@osmanmorales3012,@lizardomorataya8274
UC72gBAtyb_VXQlYDcFrh6oQ,UCDPWkUX3sNNaCx-m1dV4glA,1,@osmanmorales3012,@hectoroliva949
UC72gBAtyb_VXQlYDcFrh6oQ,UCDQaQv0hr2SS_PO-CMEwVHg,1,@osmanmorales3012,@federicosaquimux1933
UC72gBAtyb_VXQlYDcFrh6oQ,UCDUffaruH6dyUnUGwsTKpgg,1,@osmanmorales3012,@luisletona2842
UC72gBAtyb_VXQlYDcFrh6oQ,UCDftMWXQoJ6nONfY7GVOVjg,1,@osmanmorales3012,@luisgpacheco5858
UC72gBAtyb_VXQlYDcFrh6oQ,UCDlr1VadSucIZgZ171pRBjQ,1,@osmanmorales3012,@cuabatzjj5924
UC72gBAtyb_VXQlYDcFrh6oQ,UCEgEQmRbtL5fwr9_DqAC--g,1,@osmanmorales3012,@ArielRodas-g5y
UC72gBAtyb_VXQlYDcFrh6oQ,UCErZPJpHmLCsXs8ZWkAUupQ,1,@osmanmorales3012,@dorisl.garciaroche7763
UC72gBAtyb_VXQlYDcFrh6oQ,UCFUuDARXdmmIrLppEqf-rFg,1,@osmanmorales3012,@allanmunoz7410
UC72gBAtyb_VXQlYDcFrh6oQ,UCFhxtoeARHPnXXPcDrOU3Xg,1,@osmanmorales3012,@diegoalejandrolopezmendez205
UC72gBAtyb_VXQlYDcFrh6oQ,UCFjudnPLoaSL1BaRuLahyHg,1,@osmanmorales3012,@HaroldoCastillo-rh9iw
UC72gBAtyb_VXQlYDcFrh6oQ,UCFoIAE8k82D6AV-8gjjKaNg,1,@osmanmorales3012,@eddymunoz9789
UC72gBAtyb_VXQlYDcFrh6oQ,UCFxE8GbokBrBsPEKM1xrOjQ,1,@osmanmorales3012,@JuanDavila-qd7qj
UC72gBAtyb_VXQlYDcFrh6oQ,UCGzXwyCzMzGmjmCbH3Hg01Q,1,@osmanmorales3012,@FidelZacarias-ph7dy
UC72gBAtyb_VXQlYDcFrh6oQ,UCHTGCgY2l-DQJIvlA_cpa_Q,1,@osmanmorales3012,@virgiliogarcia3039
UC72gBAtyb_VXQlYDcFrh6oQ,UCHhHUjaMAZ8SiXdCUCj9DkQ,1,@osmanmorales3012,@fredymendez1786
UC72gBAtyb_VXQlYDcFrh6oQ,UCKDR0f2fu2UzWL8mBv5-BHw,1,@osmanmorales3012,@mireyamorales6595
UC72gBAtyb_VXQlYDcFrh6oQ,UCL13XhnRzbGokEkCkEOb0-g,1,@osmanmorales3012,@raquelprado3643
UC72gBAtyb_VXQlYDcFrh6oQ,UCL1MT278vSaQ83ZDkVWn1gw,1,@osmanmorales3012,@elmorodriguez6978
UC72gBAtyb_VXQlYDcFrh6oQ,UCLFdHr9BEbXHkoJopbEPLZw,1,@osmanmorales3012,@kanterra4584
UC72gBAtyb_VXQlYDcFrh6oQ,UCLggDc_a5HriXv7I1h02sOA,1,@osmanmorales3012,@guillermogonzalez5153
UC72gBAtyb_VXQlYDcFrh6oQ,UCN6qbfPSzFtjhqUDZ3Cv3CQ,1,@osmanmorales3012,@carlosmedranovelasquez6380
UC72gBAtyb_VXQlYDcFrh6oQ,UCNBnKqWf4d-rS4HwJRQljmQ,1,@osmanmorales3012,@LE_A22
UC72gBAtyb_VXQlYDcFrh6oQ,UCNkcuy42zEwddwEcOd_HpnA,1,@osmanmorales3012,@vanigomez492
UC72gBAtyb_VXQlYDcFrh6oQ,UCOLGv5Pf6BF2wFcwUzgcvHg,1,@osmanmorales3012,@welfrealdana5559
UC72gBAtyb_VXQlYDcFrh6oQ,UCOS8ViEkccrTZx2w2ccxotA,1,@osmanmorales3012,@OscarHernandez-q8y
UC72gBAtyb_VXQlYDcFrh6oQ,UCOh6DaZC_x9HASnlRylEMfw,1,@osmanmorales3012,@AndresMedina-v1s
UC72gBAtyb_VXQlYDcFrh6oQ,UCQ_-LPP8JAbfkc-b1Q6NvWw,1,@osmanmorales3012,@MegaKristenstewart
UC72gBAtyb_VXQlYDcFrh6oQ,UCQgYjVngJRfPHDLGB5X6ZjA,1,@osmanmorales3012,@oscarnavas9996
UC72gBAtyb_VXQlYDcFrh6oQ,UCQqetiwzzmRNTM5OWuXarGQ,1,@osmanmorales3012,@isaiaslopezvelasquez1539
UC72gBAtyb_VXQlYDcFrh6oQ,UCQtICyzWmhC5woCtbNgaSmg,1,@osmanmorales3012,@nestormendez6216
UC72gBAtyb_VXQlYDcFrh6oQ,UCQtSFINs1h6GHkpg9o5kMvg,1,@osmanmorales3012,@MacarioMartinezruiz
UC72gBAtyb_VXQlYDcFrh6oQ,UCRETAiYdh2dL5ZxB0_N1zDA,1,@osmanmorales3012,@Joseroland21
UC72gBAtyb_VXQlYDcFrh6oQ,UCRelkU8JiZBytTzebJxaa-w,1,@osmanmorales3012,@danyraymundo2942
UC72gBAtyb_VXQlYDcFrh6oQ,UCRlCV9zSn7avAWh-9_XFWqQ,1,@osmanmorales3012,@ronyarana8849
UC72gBAtyb_VXQlYDcFrh6oQ,UCSou6a2OuYGSvPjm5psquyA,1,@osmanmorales3012,@FranciscoRivera-sf7ne
UC72gBAtyb_VXQlYDcFrh6oQ,UCTD6q1nyIe3Y7HhqjaMj72w,1,@osmanmorales3012,@JuanChang-r6k
UC72gBAtyb_VXQlYDcFrh6oQ,UCTP3O0rMnc8z8v8jaDQwL0w,1,@osmanmorales3012,@RobertoZelaya-x1v
UC72gBAtyb_VXQlYDcFrh6oQ,UCThW2XNsAaBKme5PUt7n-Zg,1,@osmanmorales3012,@thelmamoran8565
UC72gBAtyb_VXQlYDcFrh6oQ,UCTwSut16JyAg3mX6LVUNGqA,1,@osmanmorales3012,@SuperVictor2005
UC72gBAtyb_VXQlYDcFrh6oQ,UCTylKrsqkrBKIqubMu_5N0Q,1,@osmanmorales3012,@edwingeovanymarroquinmarro6684
UC72gBAtyb_VXQlYDcFrh6oQ,UCUIIIPTVDVHAXqhC_5V6lPA,1,@osmanmorales3012,@gorrarota
UC72gBAtyb_VXQlYDcFrh6oQ,UCV0iizTBoOfdAFX_thfI9BA,1,@osmanmorales3012,@BenjaminLarios-jd8nk
UC72gBAtyb_VXQlYDcFrh6oQ,UCWIZUtKJ636y-4TYrNvok0g,1,@osmanmorales3012,@cesarandreas7824
UC72gBAtyb_VXQlYDcFrh6oQ,UCXSkL3ejZ8qWYyF_M7s_QKA,1,@osmanmorales3012,@JacintaTzoy
UC72gBAtyb_VXQlYDcFrh6oQ,UCXXh7yg5KUFIWylTiKVEFKQ,1,@osmanmorales3012,@MrDuenderojo
UC72gBAtyb_VXQlYDcFrh6oQ,UCXgr7vXlRrsaskPdo097kGA,1,@osmanmorales3012,@Rogergh-nw4oj
UC72gBAtyb_VXQlYDcFrh6oQ,UCXr8_5WtGeipe4haOoQDgyQ,1,@osmanmorales3012,@amyherrera7352
UC72gBAtyb_VXQlYDcFrh6oQ,UCYN4wSQ1Sx4_LurxLlW7MPg,1,@osmanmorales3012,@belarminavillatoro6474
UC72gBAtyb_VXQlYDcFrh6oQ,UCYwpX26TrCxq8TvbKGRYLXA,1,@osmanmorales3012,@beneficioelcaminovillacana8540
UC72gBAtyb_VXQlYDcFrh6oQ,UCZ51R_9Q9C0c8I3pAWhtmjQ,1,@osmanmorales3012,@belvettzapeta1251
UC72gBAtyb_VXQlYDcFrh6oQ,UCZLG9qH0tUjNhEGFIUt0CYw,1,@osmanmorales3012,@SoniaMarroquin-y6e
UC72gBAtyb_VXQlYDcFrh6oQ,UCcfdg8crmMJwEuLUsAhV7yg,1,@osmanmorales3012,@RolandoRaguay
UC72gBAtyb_VXQlYDcFrh6oQ,UCfM3nrxtTQMY5jFx1v1J4Gg,1,@osmanmorales3012,@edgarroldan5539
UC72gBAtyb_VXQlYDcFrh6oQ,UCgvw7xIdGFupzpt1Y_BFkEA,1,@osmanmorales3012,@fredygarcia9151
UC72gBAtyb_VXQlYDcFrh6oQ,UCh5ESQvtzyHDhCA7XyekCFA,1,@osmanmorales3012,@andyB5280
UC72gBAtyb_VXQlYDcFrh6oQ,UChZknRmJkeGeQk0-mQuhDOg,1,@osmanmorales3012,@OdilioRodríguez-c5w
UC72gBAtyb_VXQlYDcFrh6oQ,UChep9kVb5gQmpodEEl10Xlg,1,@osmanmorales3012,@carlosaguilar-kz7ml
UC72gBAtyb_VXQlYDcFrh6oQ,UChgkn5Jt5tWKYMoEOuCjz3Q,1,@osmanmorales3012,@pablochitay46
UC72gBAtyb_VXQlYDcFrh6oQ,UChs3tU2BcKOT0CezykvAsGw,1,@osmanmorales3012,@byronpontaza
UC72gBAtyb_VXQlYDcFrh6oQ,UCi1b_TRQfgO1Z9O2gNGGWNA,1,@osmanmorales3012,@davidisraelesquitsaquil
UC72gBAtyb_VXQlYDcFrh6oQ,UCiGRBf2RNF0WRKhRVT7zFoA,1,@osmanmorales3012,@edwinavila4876
UC72gBAtyb_VXQlYDcFrh6oQ,UCiMythXHsw7eQEMykCdmMUA,1,@osmanmorales3012,@JavierBecerra-h6x
UC72gBAtyb_VXQlYDcFrh6oQ,UCipetjeiWj4CZB6EbyYziZg,1,@osmanmorales3012,@OseasSamayoa-ol5rz
UC72gBAtyb_VXQlYDcFrh6oQ,UCj-LL25XJnjxepPKCc3NGog,1,@osmanmorales3012,@anaaguirre8985
UC72gBAtyb_VXQlYDcFrh6oQ,UCjSKM9j0Q7HLDr1hD6D-TUw,1,@osmanmorales3012,@josehidalgo4875
UC72gBAtyb_VXQlYDcFrh6oQ,UCjmPuazZJzscrwvk0QR9RVw,1,@osmanmorales3012,@mynorrodas8591
UC72gBAtyb_VXQlYDcFrh6oQ,UCkd9W714-947dEE6ZOEBATA,1,@osmanmorales3012,@ARGELIATELON
UC72gBAtyb_VXQlYDcFrh6oQ,UCl0ekS9Tt0jJGtOEM18S63w,1,@osmanmorales3012,@monkchapin
UC72gBAtyb_VXQlYDcFrh6oQ,UCljDbleJul41G1TzOjOZAVA,1,@osmanmorales3012,@hectorcarranza3777
UC72gBAtyb_VXQlYDcFrh6oQ,UCmjppp6ujz3SAnULvP3sZMw,1,@osmanmorales3012,@marcomendez7509
UC72gBAtyb_VXQlYDcFrh6oQ,UCmvOgzmmXbjUthHy-WJ52hQ,1,@osmanmorales3012,@mariorodas593
UC72gBAtyb_VXQlYDcFrh6oQ,UCp4iw5_5SmV9VGTFSNVGOmQ,1,@osmanmorales3012,@CARLOSSTREMS51
UC72gBAtyb_VXQlYDcFrh6oQ,UCpIdtvoFHVLGASGB5ySqIEA,1,@osmanmorales3012,@VidalVillatoro-p4w
UC72gBAtyb_VXQlYDcFrh6oQ,UCpl8rF8uv_8uui-QRvuJaRA,1,@osmanmorales3012,@SergioGarcia-z9c
UC72gBAtyb_VXQlYDcFrh6oQ,UCplrIQtaPj6au60_f2-mOYw,1,@osmanmorales3012,@romeolopezherrarte799
UC72gBAtyb_VXQlYDcFrh6oQ,UCpsKOkt5iWTbenzeuq7dsmQ,1,@osmanmorales3012,@inge_vergueta
UC72gBAtyb_VXQlYDcFrh6oQ,UCr1emrogPKkKTs_WTtx71xg,1,@osmanmorales3012,@domingopeneleu6457
UC72gBAtyb_VXQlYDcFrh6oQ,UCrJn_rbo_ENAdeqneS-RmRw,1,@osmanmorales3012,@josecarrera9623
UC72gBAtyb_VXQlYDcFrh6oQ,UCsJJAvrVGupdmhOqgtDp8dg,1,@osmanmorales3012,@nestorlorenzana1168
UC72gBAtyb_VXQlYDcFrh6oQ,UCsSXdJct-nsS8DsABoEsaYA,1,@osmanmorales3012,@IvánPérez-j4j
UC72gBAtyb_VXQlYDcFrh6oQ,UCsUCN0Yq_UyTvKjOJLmNrnQ,1,@osmanmorales3012,@moisesvaldez4043
UC72gBAtyb_VXQlYDcFrh6oQ,UCsjs5Hp_r86x1xbK6FAeqaA,1,@osmanmorales3012,@alvaroesquivel563
UC72gBAtyb_VXQlYDcFrh6oQ,UCtNfIBnc5S5DbbQj_yxgJTw,1,@osmanmorales3012,@JosueRamirez-ey3ih
UC72gBAtyb_VXQlYDcFrh6oQ,UCtUR3_CAiE7fCoZHM6cMfyQ,1,@osmanmorales3012,@mdelcid01
UC72gBAtyb_VXQlYDcFrh6oQ,UCueV9cTyTDwgQSec1x2dYgA,1,@osmanmorales3012,@fredydomingo7062
UC72gBAtyb_VXQlYDcFrh6oQ,UCujPF2nBgsTD62nWE3lcpIg,1,@osmanmorales3012,@victorarturoruanobautista7588
UC72gBAtyb_VXQlYDcFrh6oQ,UCut6b9S98nv84cVX89PmKzA,1,@osmanmorales3012,@yeniferaguirre4498
UC72gBAtyb_VXQlYDcFrh6oQ,UCvApqeCbLod-wejtT4CcVuA,1,@osmanmorales3012,@davidgaher9550
UC72gBAtyb_VXQlYDcFrh6oQ,UCwO2SXr0ggzwg6QWWrr01nQ,1,@osmanmorales3012,@ricardofigueroa5720
UC72gBAtyb_VXQlYDcFrh6oQ,UCwW2OFy95P7ZBkOPxWkpvYg,1,@osmanmorales3012,@TeresaLucero-b5o
UC72gBAtyb_VXQlYDcFrh6oQ,UCwha8rxULYMVtNwZWeSkE1A,1,@osmanmorales3012,@mariasamo8637
UC72gBAtyb_VXQlYDcFrh6oQ,UCxff05WuyvwELNITi7bj7UA,1,@osmanmorales3012,@markoherrera
UC72gBAtyb_VXQlYDcFrh6oQ,UCySYJU5kUh7X8gVt9la2ISA,1,@osmanmorales3012,@dantesarti4351
UC72gBAtyb_VXQlYDcFrh6oQ,UCylqlpsh8ENNM1LqgQ1KbxA,1,@osmanmorales3012,@Jel.Awesh.M
UC72gBAtyb_VXQlYDcFrh6oQ,UCz3gu01bmjNv0DpRq-K3XYg,1,@osmanmorales3012,@eusebiovasquez4385
UC72gBAtyb_VXQlYDcFrh6oQ,UCzSfZlOVxBSs5ObD25ywxDQ,1,@osmanmorales3012,@GilmarMaldonado-q9m
UC72gBAtyb_VXQlYDcFrh6oQ,UCzoL2l5H5eVlorWGH8AZfAg,1,@osmanmorales3012,@jor77cas
UC7IMsCxfZyWN7YQo8-JYa6Q,UC8xlJWNHz1V_W6q3fbuQH8g,1,@Burgos68,@NormaLópez-v7e
UC7IMsCxfZyWN7YQo8-JYa6Q,UCAV7QIjYhbDJaycQycM_0eQ,1,@Burgos68,@mariavail8998
UC7IMsCxfZyWN7YQo8-JYa6Q,UCGX_UbAQOXGZknv5iqklwTA,1,@Burgos68,@ronaldgarcia8522
UC7IMsCxfZyWN7YQo8-JYa6Q,UCHTGCgY2l-DQJIvlA_cpa_Q,1,@Burgos68,@virgiliogarcia3039
UC7IMsCxfZyWN7YQo8-JYa6Q,UCN2N_wYOw6fMwCeSzdXLPIw,1,@Burgos68,@danielantoniogonzalezflore4901
UC7IMsCxfZyWN7YQo8-JYa6Q,UCNIeXbV_mEwpa412h1aqUWw,1,@Burgos68,@juandeleon9060
UC7IMsCxfZyWN7YQo8-JYa6Q,UCPZueDLrCS4BmTBRMA4q0fA,1,@Burgos68,@kevinochoa3695
UC7IMsCxfZyWN7YQo8-JYa6Q,UCVQf0tzL7xRzFJsABVVULpg,1,@Burgos68,@DennisseLopetegi
UC7IMsCxfZyWN7YQo8-JYa6Q,UCbYoNG5J3Au5BqtbXogfEFw,1,@Burgos68,@Luis-gn3fj
UC7IMsCxfZyWN7YQo8-JYa6Q,UCf5lnNZF7Qrtli9v4N_23WQ,1,@Burgos68,@CarlosCortez-v5r
UC7IMsCxfZyWN7YQo8-JYa6Q,UCg3eIfd7BrsLEqS0BLkftHA,1,@Burgos68,@ErmePérez-q4s
UC7IMsCxfZyWN7YQo8-JYa6Q,UCgQJgI9vu1FI2dnC9mrFthw,1,@Burgos68,@srms70
UC7IMsCxfZyWN7YQo8-JYa6Q,UClsrFGJKWPxxw7MiaEdKLXw,1,@Burgos68,@ericapaz5406
UC7IMsCxfZyWN7YQo8-JYa6Q,UCtNyHmRZtvGF2hSvI2dUBWw,1,@Burgos68,@aureliomaldonado4793
UC7IMsCxfZyWN7YQo8-JYa6Q,UCuP4UK33HKtJE_S39ksmaTw,1,@Burgos68,@herbertaguilar1387
UC7IMsCxfZyWN7YQo8-JYa6Q,UCusjriFsDHEc2AOjqk-p5ig,1,@Burgos68,@pablobarrios7931
UC7IMsCxfZyWN7YQo8-JYa6Q,UCzZ6dDCEsLMXbc5pCFXIprw,1,@Burgos68,@josegil3813
UC7VUuJr9cGh845CmTvf7TlQ,UC8F2V63KZ4ZEay6opX2hAQw,1,@LuisCastillo-oz4df,@carmenr6311
UC7VUuJr9cGh845CmTvf7TlQ,UC8G5cJONY8L9voMyBW8Eoug,1,@LuisCastillo-oz4df,@luisparedes-pw6qt
UC7VUuJr9cGh845CmTvf7TlQ,UC8r11yOugM2NuRfitQOxLLg,1,@LuisCastillo-oz4df,@cesaraugustomoralesmonroy6907
UC7VUuJr9cGh845CmTvf7TlQ,UC9vMq1YF-e7C-VO0SHkbUTA,1,@LuisCastillo-oz4df,@ErvinLeonardoCarreraLatín
UC7VUuJr9cGh845CmTvf7TlQ,UC9xr9QvIcDvoZNUX5f-jaZw,1,@LuisCastillo-oz4df,@MariaaliciaColonmorales
UC7VUuJr9cGh845CmTvf7TlQ,UCA93ym2TXs_Ibyxb4Vcn-6Q,1,@LuisCastillo-oz4df,@oswaldosolis8728
UC7VUuJr9cGh845CmTvf7TlQ,UCAlzM_N6xBlMYmM8EBzX86Q,1,@LuisCastillo-oz4df,@carlossoto3252
UC7VUuJr9cGh845CmTvf7TlQ,UCAmtbUiIrUIhikru0ZoTFig,1,@LuisCastillo-oz4df,@Aura-vf6dm
UC7VUuJr9cGh845CmTvf7TlQ,UCB5p8a5gklc80jJItP6xTHg,1,@LuisCastillo-oz4df,@ernestogamboa8737
UC7VUuJr9cGh845CmTvf7TlQ,UCCaYwkkbQGcvFoUmothVdQQ,1,@LuisCastillo-oz4df,@OsvaldoAguirre-l3i
UC7VUuJr9cGh845CmTvf7TlQ,UCDIMztpVm7G27qBuiWuT6oQ,1,@LuisCastillo-oz4df,@lizardomorataya8274
UC7VUuJr9cGh845CmTvf7TlQ,UCDPWkUX3sNNaCx-m1dV4glA,1,@LuisCastillo-oz4df,@hectoroliva949
UC7VUuJr9cGh845CmTvf7TlQ,UCDQaQv0hr2SS_PO-CMEwVHg,1,@LuisCastillo-oz4df,@federicosaquimux1933
UC7VUuJr9cGh845CmTvf7TlQ,UCDUffaruH6dyUnUGwsTKpgg,1,@LuisCastillo-oz4df,@luisletona2842
UC7VUuJr9cGh845CmTvf7TlQ,UCDftMWXQoJ6nONfY7GVOVjg,1,@LuisCastillo-oz4df,@luisgpacheco5858
UC7VUuJr9cGh845CmTvf7TlQ,UCDlr1VadSucIZgZ171pRBjQ,1,@LuisCastillo-oz4df,@cuabatzjj5924
UC7VUuJr9cGh845CmTvf7TlQ,UCEgEQmRbtL5fwr9_DqAC--g,1,@LuisCastillo-oz4df,@ArielRodas-g5y
UC7VUuJr9cGh845CmTvf7TlQ,UCErZPJpHmLCsXs8ZWkAUupQ,1,@LuisCastillo-oz4df,@dorisl.garciaroche7763
UC7VUuJr9cGh845CmTvf7TlQ,UCFUuDARXdmmIrLppEqf-rFg,1,@LuisCastillo-oz4df,@allanmunoz7410
UC7VUuJr9cGh845CmTvf7TlQ,UCFhxtoeARHPnXXPcDrOU3Xg,1,@LuisCastillo-oz4df,@diegoalejandrolopezmendez205
UC7VUuJr9cGh845CmTvf7TlQ,UCFjudnPLoaSL1BaRuLahyHg,1,@LuisCastillo-oz4df,@HaroldoCastillo-rh9iw
UC7VUuJr9cGh845CmTvf7TlQ,UCFoIAE8k82D6AV-8gjjKaNg,1,@LuisCastillo-oz4df,@eddymunoz9789
UC7VUuJr9cGh845CmTvf7TlQ,UCFxE8GbokBrBsPEKM1xrOjQ,1,@LuisCastillo-oz4df,@JuanDavila-qd7qj
UC7VUuJr9cGh845CmTvf7TlQ,UCGzXwyCzMzGmjmCbH3Hg01Q,1,@LuisCastillo-oz4df,@FidelZacarias-ph7dy
UC7VUuJr9cGh845CmTvf7TlQ,UCHTGCgY2l-DQJIvlA_cpa_Q,1,@LuisCastillo-oz4df,@virgiliogarcia3039
UC7VUuJr9cGh845CmTvf7TlQ,UCHhHUjaMAZ8SiXdCUCj9DkQ,1,@LuisCastillo-oz4df,@fredymendez1786
UC7VUuJr9cGh845CmTvf7TlQ,UCKDR0f2fu2UzWL8mBv5-BHw,1,@LuisCastillo-oz4df,@mireyamorales6595
UC7VUuJr9cGh845CmTvf7TlQ,UCL13XhnRzbGokEkCkEOb0-g,1,@LuisCastillo-oz4df,@raquelprado3643
UC7VUuJr9cGh845CmTvf7TlQ,UCL1MT278vSaQ83ZDkVWn1gw,1,@LuisCastillo-oz4df,@elmorodriguez6978
UC7VUuJr9cGh845CmTvf7TlQ,UCLFdHr9BEbXHkoJopbEPLZw,1,@LuisCastillo-oz4df,@kanterra4584
UC7VUuJr9cGh845CmTvf7TlQ,UCLggDc_a5HriXv7I1h02sOA,1,@LuisCastillo-oz4df,@guillermogonzalez5153
UC7VUuJr9cGh845CmTvf7TlQ,UCN6qbfPSzFtjhqUDZ3Cv3CQ,1,@LuisCastillo-oz4df,@carlosmedranovelasquez6380
UC7VUuJr9cGh845CmTvf7TlQ,UCNBnKqWf4d-rS4HwJRQljmQ,1,@LuisCastillo-oz4df,@LE_A22
UC7VUuJr9cGh845CmTvf7TlQ,UCNkcuy42zEwddwEcOd_HpnA,1,@LuisCastillo-oz4df,@vanigomez492
UC7VUuJr9cGh845CmTvf7TlQ,UCOLGv5Pf6BF2wFcwUzgcvHg,1,@LuisCastillo-oz4df,@welfrealdana5559
UC7VUuJr9cGh845CmTvf7TlQ,UCOS8ViEkccrTZx2w2ccxotA,1,@LuisCastillo-oz4df,@OscarHernandez-q8y
UC7VUuJr9cGh845CmTvf7TlQ,UCOh6DaZC_x9HASnlRylEMfw,1,@LuisCastillo-oz4df,@AndresMedina-v1s
UC7VUuJr9cGh845CmTvf7TlQ,UCQ_-LPP8JAbfkc-b1Q6NvWw,1,@LuisCastillo-oz4df,@MegaKristenstewart
UC7VUuJr9cGh845CmTvf7TlQ,UCQgYjVngJRfPHDLGB5X6ZjA,1,@LuisCastillo-oz4df,@oscarnavas9996
UC7VUuJr9cGh845CmTvf7TlQ,UCQqetiwzzmRNTM5OWuXarGQ,1,@LuisCastillo-oz4df,@isaiaslopezvelasquez1539
UC7VUuJr9cGh845CmTvf7TlQ,UCQtICyzWmhC5woCtbNgaSmg,1,@LuisCastillo-oz4df,@nestormendez6216
UC7VUuJr9cGh845CmTvf7TlQ,UCQtSFINs1h6GHkpg9o5kMvg,1,@LuisCastillo-oz4df,@MacarioMartinezruiz
UC7VUuJr9cGh845CmTvf7TlQ,UCRETAiYdh2dL5ZxB0_N1zDA,1,@LuisCastillo-oz4df,@Joseroland21
UC7VUuJr9cGh845CmTvf7TlQ,UCRelkU8JiZBytTzebJxaa-w,1,@LuisCastillo-oz4df,@danyraymundo2942
UC7VUuJr9cGh845CmTvf7TlQ,UCRlCV9zSn7avAWh-9_XFWqQ,1,@LuisCastillo-oz4df,@ronyarana8849
UC7VUuJr9cGh845CmTvf7TlQ,UCSou6a2OuYGSvPjm5psquyA,1,@LuisCastillo-oz4df,@FranciscoRivera-sf7ne
UC7VUuJr9cGh845CmTvf7TlQ,UCTD6q1nyIe3Y7HhqjaMj72w,1,@LuisCastillo-oz4df,@JuanChang-r6k
UC7VUuJr9cGh845CmTvf7TlQ,UCTP3O0rMnc8z8v8jaDQwL0w,1,@LuisCastillo-oz4df,@RobertoZelaya-x1v
UC7VUuJr9cGh845CmTvf7TlQ,UCThW2XNsAaBKme5PUt7n-Zg,1,@LuisCastillo-oz4df,@thelmamoran8565
UC7VUuJr9cGh845CmTvf7TlQ,UCTwSut16JyAg3mX6LVUNGqA,1,@LuisCastillo-oz4df,@SuperVictor2005
UC7VUuJr9cGh845CmTvf7TlQ,UCTylKrsqkrBKIqubMu_5N0Q,1,@LuisCastillo-oz4df,@edwingeovanymarroquinmarro6684
UC7VUuJr9cGh845CmTvf7TlQ,UCUIIIPTVDVHAXqhC_5V6lPA,1,@LuisCastillo-oz4df,@gorrarota
UC7VUuJr9cGh845CmTvf7TlQ,UCV0iizTBoOfdAFX_thfI9BA,1,@LuisCastillo-oz4df,@BenjaminLarios-jd8nk
UC7VUuJr9cGh845CmTvf7TlQ,UCWIZUtKJ636y-4TYrNvok0g,1,@LuisCastillo-oz4df,@cesarandreas7824
UC7VUuJr9cGh845CmTvf7TlQ,UCXSkL3ejZ8qWYyF_M7s_QKA,1,@LuisCastillo-oz4df,@JacintaTzoy
UC7VUuJr9cGh845CmTvf7TlQ,UCXXh7yg5KUFIWylTiKVEFKQ,1,@LuisCastillo-oz4df,@MrDuenderojo
UC7VUuJr9cGh845CmTvf7TlQ,UCXgr7vXlRrsaskPdo097kGA,1,@LuisCastillo-oz4df,@Rogergh-nw4oj
UC7VUuJr9cGh845CmTvf7TlQ,UCXr8_5WtGeipe4haOoQDgyQ,1,@LuisCastillo-oz4df,@amyherrera7352
UC7VUuJr9cGh845CmTvf7TlQ,UCYN4wSQ1Sx4_LurxLlW7MPg,1,@LuisCastillo-oz4df,@belarminavillatoro6474
UC7VUuJr9cGh845CmTvf7TlQ,UCYwpX26TrCxq8TvbKGRYLXA,1,@LuisCastillo-oz4df,@beneficioelcaminovillacana8540
UC7VUuJr9cGh845CmTvf7TlQ,UCZ51R_9Q9C0c8I3pAWhtmjQ,1,@LuisCastillo-oz4df,@belvettzapeta1251
UC7VUuJr9cGh845CmTvf7TlQ,UCZLG9qH0tUjNhEGFIUt0CYw,1,@LuisCastillo-oz4df,@SoniaMarroquin-y6e
UC7VUuJr9cGh845CmTvf7TlQ,UCcfdg8crmMJwEuLUsAhV7yg,1,@LuisCastillo-oz4df,@RolandoRaguay
UC7VUuJr9cGh845CmTvf7TlQ,UCfM3nrxtTQMY5jFx1v1J4Gg,1,@LuisCastillo-oz4df,@edgarroldan5539
UC7VUuJr9cGh845CmTvf7TlQ,UCgvw7xIdGFupzpt1Y_BFkEA,1,@LuisCastillo-oz4df,@fredygarcia9151
UC7VUuJr9cGh845CmTvf7TlQ,UCh5ESQvtzyHDhCA7XyekCFA,1,@LuisCastillo-oz4df,@andyB5280
UC7VUuJr9cGh845CmTvf7TlQ,UChZknRmJkeGeQk0-mQuhDOg,1,@LuisCastillo-oz4df,@OdilioRodríguez-c5w
UC7VUuJr9cGh845CmTvf7TlQ,UChep9kVb5gQmpodEEl10Xlg,1,@LuisCastillo-oz4df,@carlosaguilar-kz7ml
UC7VUuJr9cGh845CmTvf7TlQ,UChgkn5Jt5tWKYMoEOuCjz3Q,1,@LuisCastillo-oz4df,@pablochitay46
UC7VUuJr9cGh845CmTvf7TlQ,UChs3tU2BcKOT0CezykvAsGw,1,@LuisCastillo-oz4df,@byronpontaza
UC7VUuJr9cGh845CmTvf7TlQ,UCi1b_TRQfgO1Z9O2gNGGWNA,1,@LuisCastillo-oz4df,@davidisraelesquitsaquil
UC7VUuJr9cGh845CmTvf7TlQ,UCiGRBf2RNF0WRKhRVT7zFoA,1,@LuisCastillo-oz4df,@edwinavila4876
UC7VUuJr9cGh845CmTvf7TlQ,UCiMythXHsw7eQEMykCdmMUA,1,@LuisCastillo-oz4df,@JavierBecerra-h6x
UC7VUuJr9cGh845CmTvf7TlQ,UCipetjeiWj4CZB6EbyYziZg,1,@LuisCastillo-oz4df,@OseasSamayoa-ol5rz
UC7VUuJr9cGh845CmTvf7TlQ,UCj-LL25XJnjxepPKCc3NGog,1,@LuisCastillo-oz4df,@anaaguirre8985
UC7VUuJr9cGh845CmTvf7TlQ,UCjSKM9j0Q7HLDr1hD6D-TUw,1,@LuisCastillo-oz4df,@josehidalgo4875
UC7VUuJr9cGh845CmTvf7TlQ,UCjmPuazZJzscrwvk0QR9RVw,1,@LuisCastillo-oz4df,@mynorrodas8591
UC7VUuJr9cGh845CmTvf7TlQ,UCkd9W714-947dEE6ZOEBATA,1,@LuisCastillo-oz4df,@ARGELIATELON
UC7VUuJr9cGh845CmTvf7TlQ,UCl0ekS9Tt0jJGtOEM18S63w,1,@LuisCastillo-oz4df,@monkchapin
UC7VUuJr9cGh845CmTvf7TlQ,UCljDbleJul41G1TzOjOZAVA,1,@LuisCastillo-oz4df,@hectorcarranza3777
UC7VUuJr9cGh845CmTvf7TlQ,UCmjppp6ujz3SAnULvP3sZMw,1,@LuisCastillo-oz4df,@marcomendez7509
UC7VUuJr9cGh845CmTvf7TlQ,UCmvOgzmmXbjUthHy-WJ52hQ,1,@LuisCastillo-oz4df,@mariorodas593
UC7VUuJr9cGh845CmTvf7TlQ,UCp4iw5_5SmV9VGTFSNVGOmQ,1,@LuisCastillo-oz4df,@CARLOSSTREMS51
UC7VUuJr9cGh845CmTvf7TlQ,UCpIdtvoFHVLGASGB5ySqIEA,1,@LuisCastillo-oz4df,@VidalVillatoro-p4w
UC7VUuJr9cGh845CmTvf7TlQ,UCpl8rF8uv_8uui-QRvuJaRA,1,@LuisCastillo-oz4df,@SergioGarcia-z9c
UC7VUuJr9cGh845CmTvf7TlQ,UCplrIQtaPj6au60_f2-mOYw,1,@LuisCastillo-oz4df,@romeolopezherrarte799
UC7VUuJr9cGh845CmTvf7TlQ,UCpsKOkt5iWTbenzeuq7dsmQ,1,@LuisCastillo-oz4df,@inge_vergueta
UC7VUuJr9cGh845CmTvf7TlQ,UCr1emrogPKkKTs_WTtx71xg,1,@LuisCastillo-oz4df,@domingopeneleu6457
UC7VUuJr9cGh845CmTvf7TlQ,UCrJn_rbo_ENAdeqneS-RmRw,1,@LuisCastillo-oz4df,@josecarrera9623
UC7VUuJr9cGh845CmTvf7TlQ,UCsJJAvrVGupdmhOqgtDp8dg,1,@LuisCastillo-oz4df,@nestorlorenzana1168
UC7VUuJr9cGh845CmTvf7TlQ,UCsSXdJct-nsS8DsABoEsaYA,1,@LuisCastillo-oz4df,@IvánPérez-j4j
UC7VUuJr9cGh845CmTvf7TlQ,UCsUCN0Yq_UyTvKjOJLmNrnQ,1,@LuisCastillo-oz4df,@moisesvaldez4043
UC7VUuJr9cGh845CmTvf7TlQ,UCsjs5Hp_r86x1xbK6FAeqaA,1,@LuisCastillo-oz4df,@alvaroesquivel563
UC7VUuJr9cGh845CmTvf7TlQ,UCtNfIBnc5S5DbbQj_yxgJTw,1,@LuisCastillo-oz4df,@JosueRamirez-ey3ih
UC7VUuJr9cGh845CmTvf7TlQ,UCtUR3_CAiE7fCoZHM6cMfyQ,1,@LuisCastillo-oz4df,@mdelcid01
UC7VUuJr9cGh845CmTvf7TlQ,UCueV9cTyTDwgQSec1x2dYgA,1,@LuisCastillo-oz4df,@fredydomingo7062
UC7VUuJr9cGh845CmTvf7TlQ,UCujPF2nBgsTD62nWE3lcpIg,1,@LuisCastillo-oz4df,@victorarturoruanobautista7588
UC7VUuJr9cGh845CmTvf7TlQ,UCut6b9S98nv84cVX89PmKzA,1,@LuisCastillo-oz4df,@yeniferaguirre4498
UC7VUuJr9cGh845CmTvf7TlQ,UCvApqeCbLod-wejtT4CcVuA,1,@LuisCastillo-oz4df,@davidgaher9550
UC7VUuJr9cGh845CmTvf7TlQ,UCwO2SXr0ggzwg6QWWrr01nQ,1,@LuisCastillo-oz4df,@ricardofigueroa5720
UC7VUuJr9cGh845CmTvf7TlQ,UCwW2OFy95P7ZBkOPxWkpvYg,1,@LuisCastillo-oz4df,@TeresaLucero-b5o
UC7VUuJr9cGh845CmTvf7TlQ,UCwha8rxULYMVtNwZWeSkE1A,1,@LuisCastillo-oz4df,@mariasamo8637
UC7VUuJr9cGh845CmTvf7TlQ,UCxff05WuyvwELNITi7bj7UA,1,@LuisCastillo-oz4df,@markoherrera
UC7VUuJr9cGh845CmTvf7TlQ,UCySYJU5kUh7X8gVt9la2ISA,1,@LuisCastillo-oz4df,@dantesarti4351
UC7VUuJr9cGh845CmTvf7TlQ,UCylqlpsh8ENNM1LqgQ1KbxA,1,@LuisCastillo-oz4df,@Jel.Awesh.M
UC7VUuJr9cGh845CmTvf7TlQ,UCz3gu01bmjNv0DpRq-K3XYg,1,@LuisCastillo-oz4df,@eusebiovasquez4385
UC7VUuJr9cGh845CmTvf7TlQ,UCzSfZlOVxBSs5ObD25ywxDQ,1,@LuisCastillo-oz4df,@GilmarMaldonado-q9m
UC7VUuJr9cGh845CmTvf7TlQ,UCzoL2l5H5eVlorWGH8AZfAg,1,@LuisCastillo-oz4df,@jor77cas
UC7dadZG7kkGYnsNu6td0FbA,UC816IGbFCZinfYS1LRDaaHg,1,@lesolorzano,@ingenieroar
UC7dadZG7kkGYnsNu6td0FbA,UC95PSMouTx2N5CbSq0hIyrQ,1,@lesolorzano,@lisss1908
UC7dadZG7kkGYnsNu6td0FbA,UCAKuKvcbfnBD3kF5njNu-IA,1,@lesolorzano,@melvinlopez7096
UC7dadZG7kkGYnsNu6td0FbA,UCCBYcToQ2dwkd6TJh0FSyDg,1,@lesolorzano,@lidiarodriguez3493
UC7dadZG7kkGYnsNu6td0FbA,UCDrmf9y9nLgFY5wnA2hTuGA,1,@lesolorzano,@laboratorio5528
UC7dadZG7kkGYnsNu6td0FbA,UCGGHbtfbbe0o68etrOf0qxw,1,@lesolorzano,@karensussetteleonvargas9794
UC7dadZG7kkGYnsNu6td0FbA,UCHbwIx9pmQuf7i-4_xO2EpA,1,@lesolorzano,@caminoseternos752
UC7dadZG7kkGYnsNu6td0FbA,UCNpt5CQlTzNjlAKY6CJtClQ,1,@lesolorzano,@eustaquiogomez9975
UC7dadZG7kkGYnsNu6td0FbA,UCOcUI5XkTYNMSFhZNMIPpGg,1,@lesolorzano,@hendersonlopez3864
UC7dadZG7kkGYnsNu6td0FbA,UCQqlPPUGqAfWjd-FSh_qn7Q,1,@lesolorzano,@estuardoargueta137
UC7dadZG7kkGYnsNu6td0FbA,UCQyOePccUP-fIJYzchAgZYw,1,@lesolorzano,@aguilar4254
UC7dadZG7kkGYnsNu6td0FbA,UCRAquv8el-tQ30bN7MlmySQ,1,@lesolorzano,@iamjimalesssa
UC7dadZG7kkGYnsNu6td0FbA,UCRvPToDkkumha7WJAfCDk1A,1,@lesolorzano,@ligiaguerra3057
UC7dadZG7kkGYnsNu6td0FbA,UCUoYsrx1oZnCZ0usbBJn4fA,1,@lesolorzano,@AnaDiaz-re9sq
UC7dadZG7kkGYnsNu6td0FbA,UCV0lM03g5fg5pbPj97-sAtA,1,@lesolorzano,@genarodelgado3929
UC7dadZG7kkGYnsNu6td0FbA,UCW-JC6lebVmf2P1dmY_L94g,1,@lesolorzano,@dinoraoroxon5771
UC7dadZG7kkGYnsNu6td0FbA,UCW80DaMjQlEUibC98Cot-Dg,1,@lesolorzano,@rogeraldana4289
UC7dadZG7kkGYnsNu6td0FbA,UCWoAVGVqCn4xtINCMOTM4jg,1,@lesolorzano,@OmarMartinez-vv8re
UC7dadZG7kkGYnsNu6td0FbA,UCZeIIQrGAedW8tCbKWmGY-A,1,@lesolorzano,@mariocordon8873
UC7dadZG7kkGYnsNu6td0FbA,UC_LYoGs5C3mbZKZuKuqYCvw,1,@lesolorzano,@javiercifuentesarchila6041
UC7dadZG7kkGYnsNu6td0FbA,UCaKAjTW9MVub_clgr4DRYjQ,1,@lesolorzano,@josecastillo4390
UC7dadZG7kkGYnsNu6td0FbA,UCdFlugHJJa4l3YqWuNRmvXw,1,@lesolorzano,@MarcosCarillo-b1r
UC7dadZG7kkGYnsNu6td0FbA,UCe8JZoYkX5oKUZyivHYdXhw,1,@lesolorzano,@FernandoGarcia-jg1fj
UC7dadZG7kkGYnsNu6td0FbA,UCeDNEtI8_a42bZ47wJiJMwQ,1,@lesolorzano,@EdgarcalderonCalderong
UC7dadZG7kkGYnsNu6td0FbA,UCgJNFj5dnxXpcMvmuhZDPxA,1,@lesolorzano,@NataliaRodriguez-rx5mr
UC7dadZG7kkGYnsNu6td0FbA,UCgQw_Sbq3ugruDUKsq1e0-A,1,@lesolorzano,@marlenareano-h4t
UC7dadZG7kkGYnsNu6td0FbA,UCiC-Jn7wdgyQV4_Urk0DkWQ,1,@lesolorzano,@pedroros6358
UC7dadZG7kkGYnsNu6td0FbA,UCkVtmkK07b2zaVVNssX4lOg,1,@lesolorzano,@HectorElias-u2l
UC7dadZG7kkGYnsNu6td0FbA,UCkbsS_3D-pvg1iHOld9uvIg,1,@lesolorzano,@gonzalo6075
UC7dadZG7kkGYnsNu6td0FbA,UClhMWQ7XKWywYvbRnuf8QsA,1,@lesolorzano,@EcPerez-zz9oh
UC7dadZG7kkGYnsNu6td0FbA,UClqA491Xa5fQcXcJJa-vTWw,1,@lesolorzano,@AndresLemus-k2d
UC7dadZG7kkGYnsNu6td0FbA,UColMq7LmaoY3MT6aIDGrGvA,1,@lesolorzano,@quijotachapina1
UC7dadZG7kkGYnsNu6td0FbA,UCpe5jW3MIqkgTJ-PgkzvM6Q,1,@lesolorzano,@carloslam5333
UC7dadZG7kkGYnsNu6td0FbA,UCpsKOkt5iWTbenzeuq7dsmQ,1,@lesolorzano,@inge_vergueta
UC7dadZG7kkGYnsNu6td0FbA,UCqCrvuoJpC-aVb0f4logQRQ,1,@lesolorzano,@Lyrics_GT
UC7dadZG7kkGYnsNu6td0FbA,UCsGoJEvb-cFPZ2rWoJcXzEQ,1,@lesolorzano,@sergiohinestroza9709
UC7dadZG7kkGYnsNu6td0FbA,UCu8_3-Wg-YzNyvHYQDEscfw,1,@lesolorzano,@RolandoCastroPérez-d7y
UC7dadZG7kkGYnsNu6td0FbA,UCuXmOjxC-htcprLgeVXz6Tg,1,@lesolorzano,@jorgeaguilar-bq3uj
UC7dadZG7kkGYnsNu6td0FbA,UCwgCc9Jd_gG-uLE_SY-FfPg,1,@lesolorzano,@armindapenados2841
UC7dadZG7kkGYnsNu6td0FbA,UCwjUvRseNtJoItylIyIez7Q,1,@lesolorzano,@Silviazea
UC7dadZG7kkGYnsNu6td0FbA,UCylqlpsh8ENNM1LqgQ1KbxA,1,@lesolorzano,@Jel.Awesh.M
UC816IGbFCZinfYS1LRDaaHg,UC95PSMouTx2N5CbSq0hIyrQ,1,@ingenieroar,@lisss1908
UC816IGbFCZinfYS1LRDaaHg,UCAKuKvcbfnBD3kF5njNu-IA,1,@ingenieroar,@melvinlopez7096
UC816IGbFCZinfYS1LRDaaHg,UCCBYcToQ2dwkd6TJh0FSyDg,1,@ingenieroar,@lidiarodriguez3493
UC816IGbFCZinfYS1LRDaaHg,UCDrmf9y9nLgFY5wnA2hTuGA,1,@ingenieroar,@laboratorio5528
UC816IGbFCZinfYS1LRDaaHg,UCGGHbtfbbe0o68etrOf0qxw,1,@ingenieroar,@karensussetteleonvargas9794
UC816IGbFCZinfYS1LRDaaHg,UCHbwIx9pmQuf7i-4_xO2EpA,1,@ingenieroar,@caminoseternos752
UC816IGbFCZinfYS1LRDaaHg,UCNpt5CQlTzNjlAKY6CJtClQ,1,@ingenieroar,@eustaquiogomez9975
UC816IGbFCZinfYS1LRDaaHg,UCOcUI5XkTYNMSFhZNMIPpGg,1,@ingenieroar,@hendersonlopez3864
UC816IGbFCZinfYS1LRDaaHg,UCQqlPPUGqAfWjd-FSh_qn7Q,1,@ingenieroar,@estuardoargueta137
UC816IGbFCZinfYS1LRDaaHg,UCQyOePccUP-fIJYzchAgZYw,1,@ingenieroar,@aguilar4254
UC816IGbFCZinfYS1LRDaaHg,UCRAquv8el-tQ30bN7MlmySQ,1,@ingenieroar,@iamjimalesssa
UC816IGbFCZinfYS1LRDaaHg,UCRvPToDkkumha7WJAfCDk1A,1,@ingenieroar,@ligiaguerra3057
UC816IGbFCZinfYS1LRDaaHg,UCUoYsrx1oZnCZ0usbBJn4fA,1,@ingenieroar,@AnaDiaz-re9sq
UC816IGbFCZinfYS1LRDaaHg,UCV0lM03g5fg5pbPj97-sAtA,1,@ingenieroar,@genarodelgado3929
UC816IGbFCZinfYS1LRDaaHg,UCW-JC6lebVmf2P1dmY_L94g,1,@ingenieroar,@dinoraoroxon5771
UC816IGbFCZinfYS1LRDaaHg,UCW80DaMjQlEUibC98Cot-Dg,1,@ingenieroar,@rogeraldana4289
UC816IGbFCZinfYS1LRDaaHg,UCWoAVGVqCn4xtINCMOTM4jg,1,@ingenieroar,@OmarMartinez-vv8re
UC816IGbFCZinfYS1LRDaaHg,UCZeIIQrGAedW8tCbKWmGY-A,1,@ingenieroar,@mariocordon8873
UC816IGbFCZinfYS1LRDaaHg,UC_LYoGs5C3mbZKZuKuqYCvw,1,@ingenieroar,@javiercifuentesarchila6041
UC816IGbFCZinfYS1LRDaaHg,UCaKAjTW9MVub_clgr4DRYjQ,1,@ingenieroar,@josecastillo4390
UC816IGbFCZinfYS1LRDaaHg,UCdFlugHJJa4l3YqWuNRmvXw,1,@ingenieroar,@MarcosCarillo-b1r
UC816IGbFCZinfYS1LRDaaHg,UCe8JZoYkX5oKUZyivHYdXhw,1,@ingenieroar,@FernandoGarcia-jg1fj
UC816IGbFCZinfYS1LRDaaHg,UCeDNEtI8_a42bZ47wJiJMwQ,1,@ingenieroar,@EdgarcalderonCalderong
UC816IGbFCZinfYS1LRDaaHg,UCgJNFj5dnxXpcMvmuhZDPxA,1,@ingenieroar,@NataliaRodriguez-rx5mr
UC816IGbFCZinfYS1LRDaaHg,UCgQw_Sbq3ugruDUKsq1e0-A,1,@ingenieroar,@marlenareano-h4t
UC816IGbFCZinfYS1LRDaaHg,UCiC-Jn7wdgyQV4_Urk0DkWQ,1,@ingenieroar,@pedroros6358
UC816IGbFCZinfYS1LRDaaHg,UCkVtmkK07b2zaVVNssX4lOg,1,@ingenieroar,@HectorElias-u2l
UC816IGbFCZinfYS1LRDaaHg,UCkbsS_3D-pvg1iHOld9uvIg,1,@ingenieroar,@gonzalo6075
UC816IGbFCZinfYS1LRDaaHg,UClhMWQ7XKWywYvbRnuf8QsA,1,@ingenieroar,@EcPerez-zz9oh
UC816IGbFCZinfYS1LRDaaHg,UClqA491Xa5fQcXcJJa-vTWw,1,@ingenieroar,@AndresLemus-k2d
UC816IGbFCZinfYS1LRDaaHg,UColMq7LmaoY3MT6aIDGrGvA,1,@ingenieroar,@quijotachapina1
UC816IGbFCZinfYS1LRDaaHg,UCpe5jW3MIqkgTJ-PgkzvM6Q,1,@ingenieroar,@carloslam5333
UC816IGbFCZinfYS1LRDaaHg,UCpsKOkt5iWTbenzeuq7dsmQ,1,@ingenieroar,@inge_vergueta
UC816IGbFCZinfYS1LRDaaHg,UCqCrvuoJpC-aVb0f4logQRQ,1,@ingenieroar,@Lyrics_GT
UC816IGbFCZinfYS1LRDaaHg,UCsGoJEvb-cFPZ2rWoJcXzEQ,1,@ingenieroar,@sergiohinestroza9709
UC816IGbFCZinfYS1LRDaaHg,UCu8_3-Wg-YzNyvHYQDEscfw,1,@ingenieroar,@RolandoCastroPérez-d7y
UC816IGbFCZinfYS1LRDaaHg,UCuXmOjxC-htcprLgeVXz6Tg,1,@ingenieroar,@jorgeaguilar-bq3uj
UC816IGbFCZinfYS1LRDaaHg,UCwgCc9Jd_gG-uLE_SY-FfPg,1,@ingenieroar,@armindapenados2841
UC816IGbFCZinfYS1LRDaaHg,UCwjUvRseNtJoItylIyIez7Q,1,@ingenieroar,@Silviazea
UC816IGbFCZinfYS1LRDaaHg,UCylqlpsh8ENNM1LqgQ1KbxA,1,@ingenieroar,@Jel.Awesh.M
UC8F2V63KZ4ZEay6opX2hAQw,UC8G5cJONY8L9voMyBW8Eoug,1,@carmenr6311,@luisparedes-pw6qt
UC8F2V63KZ4ZEay6opX2hAQw,UC8r11yOugM2NuRfitQOxLLg,1,@carmenr6311,@cesaraugustomoralesmonroy6907
UC8F2V63KZ4ZEay6opX2hAQw,UC9vMq1YF-e7C-VO0SHkbUTA,1,@carmenr6311,@ErvinLeonardoCarreraLatín
UC8F2V63KZ4ZEay6opX2hAQw,UC9xr9QvIcDvoZNUX5f-jaZw,1,@carmenr6311,@MariaaliciaColonmorales
UC8F2V63KZ4ZEay6opX2hAQw,UCA93ym2TXs_Ibyxb4Vcn-6Q,1,@carmenr6311,@oswaldosolis8728
UC8F2V63KZ4ZEay6opX2hAQw,UCAlzM_N6xBlMYmM8EBzX86Q,1,@carmenr6311,@carlossoto3252
UC8F2V63KZ4ZEay6opX2hAQw,UCAmtbUiIrUIhikru0ZoTFig,1,@carmenr6311,@Aura-vf6dm
UC8F2V63KZ4ZEay6opX2hAQw,UCB5p8a5gklc80jJItP6xTHg,1,@carmenr6311,@ernestogamboa8737
UC8F2V63KZ4ZEay6opX2hAQw,UCCaYwkkbQGcvFoUmothVdQQ,1,@carmenr6311,@OsvaldoAguirre-l3i
UC8F2V63KZ4ZEay6opX2hAQw,UCDIMztpVm7G27qBuiWuT6oQ,1,@carmenr6311,@lizardomorataya8274
UC8F2V63KZ4ZEay6opX2hAQw,UCDPWkUX3sNNaCx-m1dV4glA,1,@carmenr6311,@hectoroliva949
UC8F2V63KZ4ZEay6opX2hAQw,UCDQaQv0hr2SS_PO-CMEwVHg,1,@carmenr6311,@federicosaquimux1933
UC8F2V63KZ4ZEay6opX2hAQw,UCDUffaruH6dyUnUGwsTKpgg,1,@carmenr6311,@luisletona2842
UC8F2V63KZ4ZEay6opX2hAQw,UCDftMWXQoJ6nONfY7GVOVjg,1,@carmenr6311,@luisgpacheco5858
UC8F2V63KZ4ZEay6opX2hAQw,UCDlr1VadSucIZgZ171pRBjQ,1,@carmenr6311,@cuabatzjj5924
UC8F2V63KZ4ZEay6opX2hAQw,UCEgEQmRbtL5fwr9_DqAC--g,1,@carmenr6311,@ArielRodas-g5y
UC8F2V63KZ4ZEay6opX2hAQw,UCErZPJpHmLCsXs8ZWkAUupQ,1,@carmenr6311,@dorisl.garciaroche7763
UC8F2V63KZ4ZEay6opX2hAQw,UCFUuDARXdmmIrLppEqf-rFg,1,@carmenr6311,@allanmunoz7410
UC8F2V63KZ4ZEay6opX2hAQw,UCFhxtoeARHPnXXPcDrOU3Xg,1,@carmenr6311,@diegoalejandrolopezmendez205
UC8F2V63KZ4ZEay6opX2hAQw,UCFjudnPLoaSL1BaRuLahyHg,1,@carmenr6311,@HaroldoCastillo-rh9iw
UC8F2V63KZ4ZEay6opX2hAQw,UCFoIAE8k82D6AV-8gjjKaNg,1,@carmenr6311,@eddymunoz9789
UC8F2V63KZ4ZEay6opX2hAQw,UCFxE8GbokBrBsPEKM1xrOjQ,1,@carmenr6311,@JuanDavila-qd7qj
UC8F2V63KZ4ZEay6opX2hAQw,UCGzXwyCzMzGmjmCbH3Hg01Q,1,@carmenr6311,@FidelZacarias-ph7dy
UC8F2V63KZ4ZEay6opX2hAQw,UCHTGCgY2l-DQJIvlA_cpa_Q,1,@carmenr6311,@virgiliogarcia3039
UC8F2V63KZ4ZEay6opX2hAQw,UCHhHUjaMAZ8SiXdCUCj9DkQ,1,@carmenr6311,@fredymendez1786
UC8F2V63KZ4ZEay6opX2hAQw,UCKDR0f2fu2UzWL8mBv5-BHw,1,@carmenr6311,@mireyamorales6595
UC8F2V63KZ4ZEay6opX2hAQw,UCL13XhnRzbGokEkCkEOb0-g,1,@carmenr6311,@raquelprado3643
UC8F2V63KZ4ZEay6opX2hAQw,UCL1MT278vSaQ83ZDkVWn1gw,1,@carmenr6311,@elmorodriguez6978
UC8F2V63KZ4ZEay6opX2hAQw,UCLFdHr9BEbXHkoJopbEPLZw,1,@carmenr6311,@kanterra4584
UC8F2V63KZ4ZEay6opX2hAQw,UCLggDc_a5HriXv7I1h02sOA,1,@carmenr6311,@guillermogonzalez5153
UC8F2V63KZ4ZEay6opX2hAQw,UCN6qbfPSzFtjhqUDZ3Cv3CQ,1,@carmenr6311,@carlosmedranovelasquez6380
UC8F2V63KZ4ZEay6opX2hAQw,UCNBnKqWf4d-rS4HwJRQljmQ,1,@carmenr6311,@LE_A22
UC8F2V63KZ4ZEay6opX2hAQw,UCNkcuy42zEwddwEcOd_HpnA,1,@carmenr6311,@vanigomez492
UC8F2V63KZ4ZEay6opX2hAQw,UCOLGv5Pf6BF2wFcwUzgcvHg,1,@carmenr6311,@welfrealdana5559
UC8F2V63KZ4ZEay6opX2hAQw,UCOS8ViEkccrTZx2w2ccxotA,1,@carmenr6311,@OscarHernandez-q8y
UC8F2V63KZ4ZEay6opX2hAQw,UCOh6DaZC_x9HASnlRylEMfw,1,@carmenr6311,@AndresMedina-v1s
UC8F2V63KZ4ZEay6opX2hAQw,UCQ_-LPP8JAbfkc-b1Q6NvWw,1,@carmenr6311,@MegaKristenstewart
UC8F2V63KZ4ZEay6opX2hAQw,UCQgYjVngJRfPHDLGB5X6ZjA,1,@carmenr6311,@oscarnavas9996
UC8F2V63KZ4ZEay6opX2hAQw,UCQqetiwzzmRNTM5OWuXarGQ,1,@carmenr6311,@isaiaslopezvelasquez1539
UC8F2V63KZ4ZEay6opX2hAQw,UCQtICyzWmhC5woCtbNgaSmg,1,@carmenr6311,@nestormendez6216
UC8F2V63KZ4ZEay6opX2hAQw,UCQtSFINs1h6GHkpg9o5kMvg,1,@carmenr6311,@MacarioMartinezruiz
UC8F2V63KZ4ZEay6opX2hAQw,UCRETAiYdh2dL5ZxB0_N1zDA,1,@carmenr6311,@Joseroland21
UC8F2V63KZ4ZEay6opX2hAQw,UCRelkU8JiZBytTzebJxaa-w,1,@carmenr6311,@danyraymundo2942
UC8F2V63KZ4ZEay6opX2hAQw,UCRlCV9zSn7avAWh-9_XFWqQ,1,@carmenr6311,@ronyarana8849
UC8F2V63KZ4ZEay6opX2hAQw,UCSou6a2OuYGSvPjm5psquyA,1,@carmenr6311,@FranciscoRivera-sf7ne
UC8F2V63KZ4ZEay6opX2hAQw,UCTD6q1nyIe3Y7HhqjaMj72w,1,@carmenr6311,@JuanChang-r6k
UC8F2V63KZ4ZEay6opX2hAQw,UCTP3O0rMnc8z8v8jaDQwL0w,1,@carmenr6311,@RobertoZelaya-x1v
UC8F2V63KZ4ZEay6opX2hAQw,UCThW2XNsAaBKme5PUt7n-Zg,1,@carmenr6311,@thelmamoran8565
UC8F2V63KZ4ZEay6opX2hAQw,UCTwSut16JyAg3mX6LVUNGqA,1,@carmenr6311,@SuperVictor2005
UC8F2V63KZ4ZEay6opX2hAQw,UCTylKrsqkrBKIqubMu_5N0Q,1,@carmenr6311,@edwingeovanymarroquinmarro6684
UC8F2V63KZ4ZEay6opX2hAQw,UCUIIIPTVDVHAXqhC_5V6lPA,1,@carmenr6311,@gorrarota
UC8F2V63KZ4ZEay6opX2hAQw,UCV0iizTBoOfdAFX_thfI9BA,1,@carmenr6311,@BenjaminLarios-jd8nk
UC8F2V63KZ4ZEay6opX2hAQw,UCWIZUtKJ636y-4TYrNvok0g,1,@carmenr6311,@cesarandreas7824
UC8F2V63KZ4ZEay6opX2hAQw,UCXSkL3ejZ8qWYyF_M7s_QKA,1,@carmenr6311,@JacintaTzoy
UC8F2V63KZ4ZEay6opX2hAQw,UCXXh7yg5KUFIWylTiKVEFKQ,1,@carmenr6311,@MrDuenderojo
UC8F2V63KZ4ZEay6opX2hAQw,UCXgr7vXlRrsaskPdo097kGA,1,@carmenr6311,@Rogergh-nw4oj
UC8F2V63KZ4ZEay6opX2hAQw,UCXr8_5WtGeipe4haOoQDgyQ,1,@carmenr6311,@amyherrera7352
UC8F2V63KZ4ZEay6opX2hAQw,UCYN4wSQ1Sx4_LurxLlW7MPg,1,@carmenr6311,@belarminavillatoro6474
UC8F2V63KZ4ZEay6opX2hAQw,UCYwpX26TrCxq8TvbKGRYLXA,1,@carmenr6311,@beneficioelcaminovillacana8540
UC8F2V63KZ4ZEay6opX2hAQw,UCZ51R_9Q9C0c8I3pAWhtmjQ,1,@carmenr6311,@belvettzapeta1251
UC8F2V63KZ4ZEay6opX2hAQw,UCZLG9qH0tUjNhEGFIUt0CYw,1,@carmenr6311,@SoniaMarroquin-y6e
UC8F2V63KZ4ZEay6opX2hAQw,UCcfdg8crmMJwEuLUsAhV7yg,1,@carmenr6311,@RolandoRaguay
UC8F2V63KZ4ZEay6opX2hAQw,UCfM3nrxtTQMY5jFx1v1J4Gg,1,@carmenr6311,@edgarroldan5539
UC8F2V63KZ4ZEay6opX2hAQw,UCgvw7xIdGFupzpt1Y_BFkEA,1,@carmenr6311,@fredygarcia9151
UC8F2V63KZ4ZEay6opX2hAQw,UCh5ESQvtzyHDhCA7XyekCFA,1,@carmenr6311,@andyB5280
UC8F2V63KZ4ZEay6opX2hAQw,UChZknRmJkeGeQk0-mQuhDOg,1,@carmenr6311,@OdilioRodríguez-c5w
UC8F2V63KZ4ZEay6opX2hAQw,UChep9kVb5gQmpodEEl10Xlg,1,@carmenr6311,@carlosaguilar-kz7ml
UC8F2V63KZ4ZEay6opX2hAQw,UChgkn5Jt5tWKYMoEOuCjz3Q,1,@carmenr6311,@pablochitay46
UC8F2V63KZ4ZEay6opX2hAQw,UChs3tU2BcKOT0CezykvAsGw,1,@carmenr6311,@byronpontaza
UC8F2V63KZ4ZEay6opX2hAQw,UCi1b_TRQfgO1Z9O2gNGGWNA,1,@carmenr6311,@davidisraelesquitsaquil
UC8F2V63KZ4ZEay6opX2hAQw,UCiGRBf2RNF0WRKhRVT7zFoA,1,@carmenr6311,@edwinavila4876
UC8F2V63KZ4ZEay6opX2hAQw,UCiMythXHsw7eQEMykCdmMUA,1,@carmenr6311,@JavierBecerra-h6x
UC8F2V63KZ4ZEay6opX2hAQw,UCipetjeiWj4CZB6EbyYziZg,1,@carmenr6311,@OseasSamayoa-ol5rz
UC8F2V63KZ4ZEay6opX2hAQw,UCj-LL25XJnjxepPKCc3NGog,1,@carmenr6311,@anaaguirre8985
UC8F2V63KZ4ZEay6opX2hAQw,UCjSKM9j0Q7HLDr1hD6D-TUw,1,@carmenr6311,@josehidalgo4875
UC8F2V63KZ4ZEay6opX2hAQw,UCjmPuazZJzscrwvk0QR9RVw,1,@carmenr6311,@mynorrodas8591
UC8F2V63KZ4ZEay6opX2hAQw,UCkd9W714-947dEE6ZOEBATA,1,@carmenr6311,@ARGELIATELON
UC8F2V63KZ4ZEay6opX2hAQw,UCl0ekS9Tt0jJGtOEM18S63w,1,@carmenr6311,@monkchapin
UC8F2V63KZ4ZEay6opX2hAQw,UCljDbleJul41G1TzOjOZAVA,1,@carmenr6311,@hectorcarranza3777
UC8F2V63KZ4ZEay6opX2hAQw,UCmjppp6ujz3SAnULvP3sZMw,1,@carmenr6311,@marcomendez7509
UC8F2V63KZ4ZEay6opX2hAQw,UCmvOgzmmXbjUthHy-WJ52hQ,1,@carmenr6311,@mariorodas593
UC8F2V63KZ4ZEay6opX2hAQw,UCp4iw5_5SmV9VGTFSNVGOmQ,1,@carmenr6311,@CARLOSSTREMS51
UC8F2V63KZ4ZEay6opX2hAQw,UCpIdtvoFHVLGASGB5ySqIEA,1,@carmenr6311,@VidalVillatoro-p4w
UC8F2V63KZ4ZEay6opX2hAQw,UCpl8rF8uv_8uui-QRvuJaRA,1,@carmenr6311,@SergioGarcia-z9c
UC8F2V63KZ4ZEay6opX2hAQw,UCplrIQtaPj6au60_f2-mOYw,1,@carmenr6311,@romeolopezherrarte799
UC8F2V63KZ4ZEay6opX2hAQw,UCpsKOkt5iWTbenzeuq7dsmQ,1,@carmenr6311,@inge_vergueta
UC8F2V63KZ4ZEay6opX2hAQw,UCr1emrogPKkKTs_WTtx71xg,1,@carmenr6311,@domingopeneleu6457
UC8F2V63KZ4ZEay6opX2hAQw,UCrJn_rbo_ENAdeqneS-RmRw,1,@carmenr6311,@josecarrera9623
UC8F2V63KZ4ZEay6opX2hAQw,UCsJJAvrVGupdmhOqgtDp8dg,1,@carmenr6311,@nestorlorenzana1168
UC8F2V63KZ4ZEay6opX2hAQw,UCsSXdJct-nsS8DsABoEsaYA,1,@carmenr6311,@IvánPérez-j4j
UC8F2V63KZ4ZEay6opX2hAQw,UCsUCN0Yq_UyTvKjOJLmNrnQ,1,@carmenr6311,@moisesvaldez4043
UC8F2V63KZ4ZEay6opX2hAQw,UCsjs5Hp_r86x1xbK6FAeqaA,1,@carmenr6311,@alvaroesquivel563
UC8F2V63KZ4ZEay6opX2hAQw,UCtNfIBnc5S5DbbQj_yxgJTw,1,@carmenr6311,@JosueRamirez-ey3ih
UC8F2V63KZ4ZEay6opX2hAQw,UCtUR3_CAiE7fCoZHM6cMfyQ,1,@carmenr6311,@mdelcid01
UC8F2V63KZ4ZEay6opX2hAQw,UCueV9cTyTDwgQSec1x2dYgA,1,@carmenr6311,@fredydomingo7062
UC8F2V63KZ4ZEay6opX2hAQw,UCujPF2nBgsTD62nWE3lcpIg,1,@carmenr6311,@victorarturoruanobautista7588
UC8F2V63KZ4ZEay6opX2hAQw,UCut6b9S98nv84cVX89PmKzA,1,@carmenr6311,@yeniferaguirre4498
UC8F2V63KZ4ZEay6opX2hAQw,UCvApqeCbLod-wejtT4CcVuA,1,@carmenr6311,@davidgaher9550
UC8F2V63KZ4ZEay6opX2hAQw,UCwO2SXr0ggzwg6QWWrr01nQ,1,@carmenr6311,@ricardofigueroa5720
UC8F2V63KZ4ZEay6opX2hAQw,UCwW2OFy95P7ZBkOPxWkpvYg,1,@carmenr6311,@TeresaLucero-b5o
UC8F2V63KZ4ZEay6opX2hAQw,UCwha8rxULYMVtNwZWeSkE1A,1,@carmenr6311,@mariasamo8637
UC8F2V63KZ4ZEay6opX2hAQw,UCxff05WuyvwELNITi7bj7UA,1,@carmenr6311,@markoherrera
UC8F2V63KZ4ZEay6opX2hAQw,UCySYJU5kUh7X8gVt9la2ISA,1,@carmenr6311,@dantesarti4351
UC8F2V63KZ4ZEay6opX2hAQw,UCylqlpsh8ENNM1LqgQ1KbxA,1,@carmenr6311,@Jel.Awesh.M
UC8F2V63KZ4ZEay6opX2hAQw,UCz3gu01bmjNv0DpRq-K3XYg,1,@carmenr6311,@eusebiovasquez4385
UC8F2V63KZ4ZEay6opX2hAQw,UCzSfZlOVxBSs5ObD25ywxDQ,1,@carmenr6311,@GilmarMaldonado-q9m
UC8F2V63KZ4ZEay6opX2hAQw,UCzoL2l5H5eVlorWGH8AZfAg,1,@carmenr6311,@jor77cas
UC8G5cJONY8L9voMyBW8Eoug,UC8r11yOugM2NuRfitQOxLLg,1,@luisparedes-pw6qt,@cesaraugustomoralesmonroy6907
UC8G5cJONY8L9voMyBW8Eoug,UC9vMq1YF-e7C-VO0SHkbUTA,1,@luisparedes-pw6qt,@ErvinLeonardoCarreraLatín
UC8G5cJONY8L9voMyBW8Eoug,UC9xr9QvIcDvoZNUX5f-jaZw,1,@luisparedes-pw6qt,@MariaaliciaColonmorales
UC8G5cJONY8L9voMyBW8Eoug,UCA93ym2TXs_Ibyxb4Vcn-6Q,1,@luisparedes-pw6qt,@oswaldosolis8728
UC8G5cJONY8L9voMyBW8Eoug,UCAlzM_N6xBlMYmM8EBzX86Q,1,@luisparedes-pw6qt,@carlossoto3252
UC8G5cJONY8L9voMyBW8Eoug,UCAmtbUiIrUIhikru0ZoTFig,1,@luisparedes-pw6qt,@Aura-vf6dm
UC8G5cJONY8L9voMyBW8Eoug,UCB5p8a5gklc80jJItP6xTHg,1,@luisparedes-pw6qt,@ernestogamboa8737
UC8G5cJONY8L9voMyBW8Eoug,UCCaYwkkbQGcvFoUmothVdQQ,1,@luisparedes-pw6qt,@OsvaldoAguirre-l3i
UC8G5cJONY8L9voMyBW8Eoug,UCDIMztpVm7G27qBuiWuT6oQ,1,@luisparedes-pw6qt,@lizardomorataya8274
UC8G5cJONY8L9voMyBW8Eoug,UCDPWkUX3sNNaCx-m1dV4glA,1,@luisparedes-pw6qt,@hectoroliva949
UC8G5cJONY8L9voMyBW8Eoug,UCDQaQv0hr2SS_PO-CMEwVHg,1,@luisparedes-pw6qt,@federicosaquimux1933
UC8G5cJONY8L9voMyBW8Eoug,UCDUffaruH6dyUnUGwsTKpgg,1,@luisparedes-pw6qt,@luisletona2842
UC8G5cJONY8L9voMyBW8Eoug,UCDftMWXQoJ6nONfY7GVOVjg,1,@luisparedes-pw6qt,@luisgpacheco5858
UC8G5cJONY8L9voMyBW8Eoug,UCDlr1VadSucIZgZ171pRBjQ,1,@luisparedes-pw6qt,@cuabatzjj5924
UC8G5cJONY8L9voMyBW8Eoug,UCEgEQmRbtL5fwr9_DqAC--g,1,@luisparedes-pw6qt,@ArielRodas-g5y
UC8G5cJONY8L9voMyBW8Eoug,UCErZPJpHmLCsXs8ZWkAUupQ,1,@luisparedes-pw6qt,@dorisl.garciaroche7763
UC8G5cJONY8L9voMyBW8Eoug,UCFUuDARXdmmIrLppEqf-rFg,1,@luisparedes-pw6qt,@allanmunoz7410
UC8G5cJONY8L9voMyBW8Eoug,UCFhxtoeARHPnXXPcDrOU3Xg,1,@luisparedes-pw6qt,@diegoalejandrolopezmendez205
UC8G5cJONY8L9voMyBW8Eoug,UCFjudnPLoaSL1BaRuLahyHg,1,@luisparedes-pw6qt,@HaroldoCastillo-rh9iw
UC8G5cJONY8L9voMyBW8Eoug,UCFoIAE8k82D6AV-8gjjKaNg,1,@luisparedes-pw6qt,@eddymunoz9789
UC8G5cJONY8L9voMyBW8Eoug,UCFxE8GbokBrBsPEKM1xrOjQ,1,@luisparedes-pw6qt,@JuanDavila-qd7qj
UC8G5cJONY8L9voMyBW8Eoug,UCGzXwyCzMzGmjmCbH3Hg01Q,1,@luisparedes-pw6qt,@FidelZacarias-ph7dy
UC8G5cJONY8L9voMyBW8Eoug,UCHTGCgY2l-DQJIvlA_cpa_Q,1,@luisparedes-pw6qt,@virgiliogarcia3039
UC8G5cJONY8L9voMyBW8Eoug,UCHhHUjaMAZ8SiXdCUCj9DkQ,1,@luisparedes-pw6qt,@fredymendez1786
UC8G5cJONY8L9voMyBW8Eoug,UCKDR0f2fu2UzWL8mBv5-BHw,1,@luisparedes-pw6qt,@mireyamorales6595
UC8G5cJONY8L9voMyBW8Eoug,UCL13XhnRzbGokEkCkEOb0-g,1,@luisparedes-pw6qt,@raquelprado3643
UC8G5cJONY8L9voMyBW8Eoug,UCL1MT278vSaQ83ZDkVWn1gw,1,@luisparedes-pw6qt,@elmorodriguez6978
UC8G5cJONY8L9voMyBW8Eoug,UCLFdHr9BEbXHkoJopbEPLZw,1,@luisparedes-pw6qt,@kanterra4584
UC8G5cJONY8L9voMyBW8Eoug,UCLggDc_a5HriXv7I1h02sOA,1,@luisparedes-pw6qt,@guillermogonzalez5153
UC8G5cJONY8L9voMyBW8Eoug,UCN6qbfPSzFtjhqUDZ3Cv3CQ,1,@luisparedes-pw6qt,@carlosmedranovelasquez6380
UC8G5cJONY8L9voMyBW8Eoug,UCNBnKqWf4d-rS4HwJRQljmQ,1,@luisparedes-pw6qt,@LE_A22
UC8G5cJONY8L9voMyBW8Eoug,UCNkcuy42zEwddwEcOd_HpnA,1,@luisparedes-pw6qt,@vanigomez492
UC8G5cJONY8L9voMyBW8Eoug,UCOLGv5Pf6BF2wFcwUzgcvHg,1,@luisparedes-pw6qt,@welfrealdana5559
UC8G5cJONY8L9voMyBW8Eoug,UCOS8ViEkccrTZx2w2ccxotA,1,@luisparedes-pw6qt,@OscarHernandez-q8y
UC8G5cJONY8L9voMyBW8Eoug,UCOh6DaZC_x9HASnlRylEMfw,1,@luisparedes-pw6qt,@AndresMedina-v1s
UC8G5cJONY8L9voMyBW8Eoug,UCQ_-LPP8JAbfkc-b1Q6NvWw,1,@luisparedes-pw6qt,@MegaKristenstewart
UC8G5cJONY8L9voMyBW8Eoug,UCQgYjVngJRfPHDLGB5X6ZjA,1,@luisparedes-pw6qt,@oscarnavas9996
UC8G5cJONY8L9voMyBW8Eoug,UCQqetiwzzmRNTM5OWuXarGQ,1,@luisparedes-pw6qt,@isaiaslopezvelasquez1539
UC8G5cJONY8L9voMyBW8Eoug,UCQtICyzWmhC5woCtbNgaSmg,1,@luisparedes-pw6qt,@nestormendez6216
UC8G5cJONY8L9voMyBW8Eoug,UCQtSFINs1h6GHkpg9o5kMvg,1,@luisparedes-pw6qt,@MacarioMartinezruiz
UC8G5cJONY8L9voMyBW8Eoug,UCRETAiYdh2dL5ZxB0_N1zDA,1,@luisparedes-pw6qt,@Joseroland21
UC8G5cJONY8L9voMyBW8Eoug,UCRelkU8JiZBytTzebJxaa-w,1,@luisparedes-pw6qt,@danyraymundo2942
UC8G5cJONY8L9voMyBW8Eoug,UCRlCV9zSn7avAWh-9_XFWqQ,1,@luisparedes-pw6qt,@ronyarana8849
UC8G5cJONY8L9voMyBW8Eoug,UCSou6a2OuYGSvPjm5psquyA,1,@luisparedes-pw6qt,@FranciscoRivera-sf7ne
UC8G5cJONY8L9voMyBW8Eoug,UCTD6q1nyIe3Y7HhqjaMj72w,1,@luisparedes-pw6qt,@JuanChang-r6k
UC8G5cJONY8L9voMyBW8Eoug,UCTP3O0rMnc8z8v8jaDQwL0w,1,@luisparedes-pw6qt,@RobertoZelaya-x1v
UC8G5cJONY8L9voMyBW8Eoug,UCThW2XNsAaBKme5PUt7n-Zg,1,@luisparedes-pw6qt,@thelmamoran8565
UC8G5cJONY8L9voMyBW8Eoug,UCTwSut16JyAg3mX6LVUNGqA,1,@luisparedes-pw6qt,@SuperVictor2005
UC8G5cJONY8L9voMyBW8Eoug,UCTylKrsqkrBKIqubMu_5N0Q,1,@luisparedes-pw6qt,@edwingeovanymarroquinmarro6684
UC8G5cJONY8L9voMyBW8Eoug,UCUIIIPTVDVHAXqhC_5V6lPA,1,@luisparedes-pw6qt,@gorrarota
UC8G5cJONY8L9voMyBW8Eoug,UCV0iizTBoOfdAFX_thfI9BA,1,@luisparedes-pw6qt,@BenjaminLarios-jd8nk
UC8G5cJONY8L9voMyBW8Eoug,UCWIZUtKJ636y-4TYrNvok0g,1,@luisparedes-pw6qt,@cesarandreas7824
UC8G5cJONY8L9voMyBW8Eoug,UCXSkL3ejZ8qWYyF_M7s_QKA,1,@luisparedes-pw6qt,@JacintaTzoy
UC8G5cJONY8L9voMyBW8Eoug,UCXXh7yg5KUFIWylTiKVEFKQ,1,@luisparedes-pw6qt,@MrDuenderojo
UC8G5cJONY8L9voMyBW8Eoug,UCXgr7vXlRrsaskPdo097kGA,1,@luisparedes-pw6qt,@Rogergh-nw4oj
UC8G5cJONY8L9voMyBW8Eoug,UCXr8_5WtGeipe4haOoQDgyQ,1,@luisparedes-pw6qt,@amyherrera7352
UC8G5cJONY8L9voMyBW8Eoug,UCYN4wSQ1Sx4_LurxLlW7MPg,1,@luisparedes-pw6qt,@belarminavillatoro6474
UC8G5cJONY8L9voMyBW8Eoug,UCYwpX26TrCxq8TvbKGRYLXA,1,@luisparedes-pw6qt,@beneficioelcaminovillacana8540
UC8G5cJONY8L9voMyBW8Eoug,UCZ51R_9Q9C0c8I3pAWhtmjQ,1,@luisparedes-pw6qt,@belvettzapeta1251
UC8G5cJONY8L9voMyBW8Eoug,UCZLG9qH0tUjNhEGFIUt0CYw,1,@luisparedes-pw6qt,@SoniaMarroquin-y6e
UC8G5cJONY8L9voMyBW8Eoug,UCcfdg8crmMJwEuLUsAhV7yg,1,@luisparedes-pw6qt,@RolandoRaguay
UC8G5cJONY8L9voMyBW8Eoug,UCfM3nrxtTQMY5jFx1v1J4Gg,1,@luisparedes-pw6qt,@edgarroldan5539
UC8G5cJONY8L9voMyBW8Eoug,UCgvw7xIdGFupzpt1Y_BFkEA,1,@luisparedes-pw6qt,@fredygarcia9151
UC8G5cJONY8L9voMyBW8Eoug,UCh5ESQvtzyHDhCA7XyekCFA,1,@luisparedes-pw6qt,@andyB5280
UC8G5cJONY8L9voMyBW8Eoug,UChZknRmJkeGeQk0-mQuhDOg,1,@luisparedes-pw6qt,@OdilioRodríguez-c5w
UC8G5cJONY8L9voMyBW8Eoug,UChep9kVb5gQmpodEEl10Xlg,1,@luisparedes-pw6qt,@carlosaguilar-kz7ml
UC8G5cJONY8L9voMyBW8Eoug,UChgkn5Jt5tWKYMoEOuCjz3Q,1,@luisparedes-pw6qt,@pablochitay46
UC8G5cJONY8L9voMyBW8Eoug,UChs3tU2BcKOT0CezykvAsGw,1,@luisparedes-pw6qt,@byronpontaza
UC8G5cJONY8L9voMyBW8Eoug,UCi1b_TRQfgO1Z9O2gNGGWNA,1,@luisparedes-pw6qt,@davidisraelesquitsaquil
UC8G5cJONY8L9voMyBW8Eoug,UCiGRBf2RNF0WRKhRVT7zFoA,1,@luisparedes-pw6qt,@edwinavila4876
UC8G5cJONY8L9voMyBW8Eoug,UCiMythXHsw7eQEMykCdmMUA,1,@luisparedes-pw6qt,@JavierBecerra-h6x
UC8G5cJONY8L9voMyBW8Eoug,UCipetjeiWj4CZB6EbyYziZg,1,@luisparedes-pw6qt,@OseasSamayoa-ol5rz
UC8G5cJONY8L9voMyBW8Eoug,UCj-LL25XJnjxepPKCc3NGog,1,@luisparedes-pw6qt,@anaaguirre8985
UC8G5cJONY8L9voMyBW8Eoug,UCjSKM9j0Q7HLDr1hD6D-TUw,1,@luisparedes-pw6qt,@josehidalgo4875
UC8G5cJONY8L9voMyBW8Eoug,UCjmPuazZJzscrwvk0QR9RVw,1,@luisparedes-pw6qt,@mynorrodas8591
UC8G5cJONY8L9voMyBW8Eoug,UCkd9W714-947dEE6ZOEBATA,1,@luisparedes-pw6qt,@ARGELIATELON
UC8G5cJONY8L9voMyBW8Eoug,UCl0ekS9Tt0jJGtOEM18S63w,1,@luisparedes-pw6qt,@monkchapin
UC8G5cJONY8L9voMyBW8Eoug,UCljDbleJul41G1TzOjOZAVA,1,@luisparedes-pw6qt,@hectorcarranza3777
UC8G5cJONY8L9voMyBW8Eoug,UCmjppp6ujz3SAnULvP3sZMw,1,@luisparedes-pw6qt,@marcomendez7509
UC8G5cJONY8L9voMyBW8Eoug,UCmvOgzmmXbjUthHy-WJ52hQ,1,@luisparedes-pw6qt,@mariorodas593
UC8G5cJONY8L9voMyBW8Eoug,UCp4iw5_5SmV9VGTFSNVGOmQ,1,@luisparedes-pw6qt,@CARLOSSTREMS51
UC8G5cJONY8L9voMyBW8Eoug,UCpIdtvoFHVLGASGB5ySqIEA,1,@luisparedes-pw6qt,@VidalVillatoro-p4w
UC8G5cJONY8L9voMyBW8Eoug,UCpl8rF8uv_8uui-QRvuJaRA,1,@luisparedes-pw6qt,@SergioGarcia-z9c
UC8G5cJONY8L9voMyBW8Eoug,UCplrIQtaPj6au60_f2-mOYw,1,@luisparedes-pw6qt,@romeolopezherrarte799
UC8G5cJONY8L9voMyBW8Eoug,UCpsKOkt5iWTbenzeuq7dsmQ,1,@luisparedes-pw6qt,@inge_vergueta
UC8G5cJONY8L9voMyBW8Eoug,UCr1emrogPKkKTs_WTtx71xg,1,@luisparedes-pw6qt,@domingopeneleu6457
UC8G5cJONY8L9voMyBW8Eoug,UCrJn_rbo_ENAdeqneS-RmRw,1,@luisparedes-pw6qt,@josecarrera9623
UC8G5cJONY8L9voMyBW8Eoug,UCsJJAvrVGupdmhOqgtDp8dg,1,@luisparedes-pw6qt,@nestorlorenzana1168
UC8G5cJONY8L9voMyBW8Eoug,UCsSXdJct-nsS8DsABoEsaYA,1,@luisparedes-pw6qt,@IvánPérez-j4j
UC8G5cJONY8L9voMyBW8Eoug,UCsUCN0Yq_UyTvKjOJLmNrnQ,1,@luisparedes-pw6qt,@moisesvaldez4043
UC8G5cJONY8L9voMyBW8Eoug,UCsjs5Hp_r86x1xbK6FAeqaA,1,@luisparedes-pw6qt,@alvaroesquivel563
UC8G5cJONY8L9voMyBW8Eoug,UCtNfIBnc5S5DbbQj_yxgJTw,1,@luisparedes-pw6qt,@JosueRamirez-ey3ih
UC8G5cJONY8L9voMyBW8Eoug,UCtUR3_CAiE7fCoZHM6cMfyQ,1,@luisparedes-pw6qt,@mdelcid01
UC8G5cJONY8L9voMyBW8Eoug,UCueV9cTyTDwgQSec1x2dYgA,1,@luisparedes-pw6qt,@fredydomingo7062
UC8G5cJONY8L9voMyBW8Eoug,UCujPF2nBgsTD62nWE3lcpIg,1,@luisparedes-pw6qt,@victorarturoruanobautista7588
UC8G5cJONY8L9voMyBW8Eoug,UCut6b9S98nv84cVX89PmKzA,1,@luisparedes-pw6qt,@yeniferaguirre4498
UC8G5cJONY8L9voMyBW8Eoug,UCvApqeCbLod-wejtT4CcVuA,1,@luisparedes-pw6qt,@davidgaher9550
UC8G5cJONY8L9voMyBW8Eoug,UCwO2SXr0ggzwg6QWWrr01nQ,1,@luisparedes-pw6qt,@ricardofigueroa5720
UC8G5cJONY8L9voMyBW8Eoug,UCwW2OFy95P7ZBkOPxWkpvYg,1,@luisparedes-pw6qt,@TeresaLucero-b5o
UC8G5cJONY8L9voMyBW8Eoug,UCwha8rxULYMVtNwZWeSkE1A,1,@luisparedes-pw6qt,@mariasamo8637
UC8G5cJONY8L9voMyBW8Eoug,UCxff05WuyvwELNITi7bj7UA,1,@luisparedes-pw6qt,@markoherrera
UC8G5cJONY8L9voMyBW8Eoug,UCySYJU5kUh7X8gVt9la2ISA,1,@luisparedes-pw6qt,@dantesarti4351
UC8G5cJONY8L9voMyBW8Eoug,UCylqlpsh8ENNM1LqgQ1KbxA,1,@luisparedes-pw6qt,@Jel.Awesh.M
UC8G5cJONY8L9voMyBW8Eoug,UCz3gu01bmjNv0DpRq-K3XYg,1,@luisparedes-pw6qt,@eusebiovasquez4385
UC8G5cJONY8L9voMyBW8Eoug,UCzSfZlOVxBSs5ObD25ywxDQ,1,@luisparedes-pw6qt,@GilmarMaldonado-q9m
UC8G5cJONY8L9voMyBW8Eoug,UCzoL2l5H5eVlorWGH8AZfAg,1,@luisparedes-pw6qt,@jor77cas
UC8r11yOugM2NuRfitQOxLLg,UC9vMq1YF-e7C-VO0SHkbUTA,1,@cesaraugustomoralesmonroy6907,@ErvinLeonardoCarreraLatín
UC8r11yOugM2NuRfitQOxLLg,UC9xr9QvIcDvoZNUX5f-jaZw,1,@cesaraugustomoralesmonroy6907,@MariaaliciaColonmorales
UC8r11yOugM2NuRfitQOxLLg,UCA93ym2TXs_Ibyxb4Vcn-6Q,1,@cesaraugustomoralesmonroy6907,@oswaldosolis8728
UC8r11yOugM2NuRfitQOxLLg,UCAlzM_N6xBlMYmM8EBzX86Q,1,@cesaraugustomoralesmonroy6907,@carlossoto3252
UC8r11yOugM2NuRfitQOxLLg,UCAmtbUiIrUIhikru0ZoTFig,1,@cesaraugustomoralesmonroy6907,@Aura-vf6dm
UC8r11yOugM2NuRfitQOxLLg,UCB5p8a5gklc80jJItP6xTHg,1,@cesaraugustomoralesmonroy6907,@ernestogamboa8737
UC8r11yOugM2NuRfitQOxLLg,UCCaYwkkbQGcvFoUmothVdQQ,1,@cesaraugustomoralesmonroy6907,@OsvaldoAguirre-l3i
UC8r11yOugM2NuRfitQOxLLg,UCDIMztpVm7G27qBuiWuT6oQ,1,@cesaraugustomoralesmonroy6907,@lizardomorataya8274
UC8r11yOugM2NuRfitQOxLLg,UCDPWkUX3sNNaCx-m1dV4glA,1,@cesaraugustomoralesmonroy6907,@hectoroliva949
UC8r11yOugM2NuRfitQOxLLg,UCDQaQv0hr2SS_PO-CMEwVHg,1,@cesaraugustomoralesmonroy6907,@federicosaquimux1933
UC8r11yOugM2NuRfitQOxLLg,UCDUffaruH6dyUnUGwsTKpgg,1,@cesaraugustomoralesmonroy6907,@luisletona2842
UC8r11yOugM2NuRfitQOxLLg,UCDftMWXQoJ6nONfY7GVOVjg,1,@cesaraugustomoralesmonroy6907,@luisgpacheco5858
UC8r11yOugM2NuRfitQOxLLg,UCDlr1VadSucIZgZ171pRBjQ,1,@cesaraugustomoralesmonroy6907,@cuabatzjj5924
UC8r11yOugM2NuRfitQOxLLg,UCEgEQmRbtL5fwr9_DqAC--g,1,@cesaraugustomoralesmonroy6907,@ArielRodas-g5y
UC8r11yOugM2NuRfitQOxLLg,UCErZPJpHmLCsXs8ZWkAUupQ,1,@cesaraugustomoralesmonroy6907,@dorisl.garciaroche7763
UC8r11yOugM2NuRfitQOxLLg,UCFUuDARXdmmIrLppEqf-rFg,1,@cesaraugustomoralesmonroy6907,@allanmunoz7410
UC8r11yOugM2NuRfitQOxLLg,UCFhxtoeARHPnXXPcDrOU3Xg,1,@cesaraugustomoralesmonroy6907,@diegoalejandrolopezmendez205
UC8r11yOugM2NuRfitQOxLLg,UCFjudnPLoaSL1BaRuLahyHg,1,@cesaraugustomoralesmonroy6907,@HaroldoCastillo-rh9iw
UC8r11yOugM2NuRfitQOxLLg,UCFoIAE8k82D6AV-8gjjKaNg,1,@cesaraugustomoralesmonroy6907,@eddymunoz9789
UC8r11yOugM2NuRfitQOxLLg,UCFxE8GbokBrBsPEKM1xrOjQ,1,@cesaraugustomoralesmonroy6907,@JuanDavila-qd7qj
UC8r11yOugM2NuRfitQOxLLg,UCGzXwyCzMzGmjmCbH3Hg01Q,1,@cesaraugustomoralesmonroy6907,@FidelZacarias-ph7dy
UC8r11yOugM2NuRfitQOxLLg,UCHTGCgY2l-DQJIvlA_cpa_Q,1,@cesaraugustomoralesmonroy6907,@virgiliogarcia3039
UC8r11yOugM2NuRfitQOxLLg,UCHhHUjaMAZ8SiXdCUCj9DkQ,1,@cesaraugustomoralesmonroy6907,@fredymendez1786
UC8r11yOugM2NuRfitQOxLLg,UCKDR0f2fu2UzWL8mBv5-BHw,1,@cesaraugustomoralesmonroy6907,@mireyamorales6595
UC8r11yOugM2NuRfitQOxLLg,UCL13XhnRzbGokEkCkEOb0-g,1,@cesaraugustomoralesmonroy6907,@raquelprado3643
UC8r11yOugM2NuRfitQOxLLg,UCL1MT278vSaQ83ZDkVWn1gw,1,@cesaraugustomoralesmonroy6907,@elmorodriguez6978
UC8r11yOugM2NuRfitQOxLLg,UCLFdHr9BEbXHkoJopbEPLZw,1,@cesaraugustomoralesmonroy6907,@kanterra4584
UC8r11yOugM2NuRfitQOxLLg,UCLggDc_a5HriXv7I1h02sOA,1,@cesaraugustomoralesmonroy6907,@guillermogonzalez5153
UC8r11yOugM2NuRfitQOxLLg,UCN6qbfPSzFtjhqUDZ3Cv3CQ,1,@cesaraugustomoralesmonroy6907,@carlosmedranovelasquez6380
UC8r11yOugM2NuRfitQOxLLg,UCNBnKqWf4d-rS4HwJRQljmQ,1,@cesaraugustomoralesmonroy6907,@LE_A22
UC8r11yOugM2NuRfitQOxLLg,UCNkcuy42zEwddwEcOd_HpnA,1,@cesaraugustomoralesmonroy6907,@vanigomez492
UC8r11yOugM2NuRfitQOxLLg,UCOLGv5Pf6BF2wFcwUzgcvHg,1,@cesaraugustomoralesmonroy6907,@welfrealdana5559
UC8r11yOugM2NuRfitQOxLLg,UCOS8ViEkccrTZx2w2ccxotA,1,@cesaraugustomoralesmonroy6907,@OscarHernandez-q8y
UC8r11yOugM2NuRfitQOxLLg,UCOh6DaZC_x9HASnlRylEMfw,1,@cesaraugustomoralesmonroy6907,@AndresMedina-v1s
UC8r11yOugM2NuRfitQOxLLg,UCQ_-LPP8JAbfkc-b1Q6NvWw,1,@cesaraugustomoralesmonroy6907,@MegaKristenstewart
UC8r11yOugM2NuRfitQOxLLg,UCQgYjVngJRfPHDLGB5X6ZjA,1,@cesaraugustomoralesmonroy6907,@oscarnavas9996
UC8r11yOugM2NuRfitQOxLLg,UCQqetiwzzmRNTM5OWuXarGQ,1,@cesaraugustomoralesmonroy6907,@isaiaslopezvelasquez1539
UC8r11yOugM2NuRfitQOxLLg,UCQtICyzWmhC5woCtbNgaSmg,1,@cesaraugustomoralesmonroy6907,@nestormendez6216
UC8r11yOugM2NuRfitQOxLLg,UCQtSFINs1h6GHkpg9o5kMvg,1,@cesaraugustomoralesmonroy6907,@MacarioMartinezruiz
UC8r11yOugM2NuRfitQOxLLg,UCRETAiYdh2dL5ZxB0_N1zDA,1,@cesaraugustomoralesmonroy6907,@Joseroland21
UC8r11yOugM2NuRfitQOxLLg,UCRelkU8JiZBytTzebJxaa-w,1,@cesaraugustomoralesmonroy6907,@danyraymundo2942
UC8r11yOugM2NuRfitQOxLLg,UCRlCV9zSn7avAWh-9_XFWqQ,1,@cesaraugustomoralesmonroy6907,@ronyarana8849
UC8r11yOugM2NuRfitQOxLLg,UCSou6a2OuYGSvPjm5psquyA,1,@cesaraugustomoralesmonroy6907,@FranciscoRivera-sf7ne
UC8r11yOugM2NuRfitQOxLLg,UCTD6q1nyIe3Y7HhqjaMj72w,1,@cesaraugustomoralesmonroy6907,@JuanChang-r6k
UC8r11yOugM2NuRfitQOxLLg,UCTP3O0rMnc8z8v8jaDQwL0w,1,@cesaraugustomoralesmonroy6907,@RobertoZelaya-x1v
UC8r11yOugM2NuRfitQOxLLg,UCThW2XNsAaBKme5PUt7n-Zg,1,@cesaraugustomoralesmonroy6907,@thelmamoran8565
UC8r11yOugM2NuRfitQOxLLg,UCTwSut16JyAg3mX6LVUNGqA,1,@cesaraugustomoralesmonroy6907,@SuperVictor2005
UC8r11yOugM2NuRfitQOxLLg,UCTylKrsqkrBKIqubMu_5N0Q,1,@cesaraugustomoralesmonroy6907,@edwingeovanymarroquinmarro6684
UC8r11yOugM2NuRfitQOxLLg,UCUIIIPTVDVHAXqhC_5V6lPA,1,@cesaraugustomoralesmonroy6907,@gorrarota
UC8r11yOugM2NuRfitQOxLLg,UCV0iizTBoOfdAFX_thfI9BA,1,@cesaraugustomoralesmonroy6907,@BenjaminLarios-jd8nk
UC8r11yOugM2NuRfitQOxLLg,UCWIZUtKJ636y-4TYrNvok0g,1,@cesaraugustomoralesmonroy6907,@cesarandreas7824
UC8r11yOugM2NuRfitQOxLLg,UCXSkL3ejZ8qWYyF_M7s_QKA,1,@cesaraugustomoralesmonroy6907,@JacintaTzoy
UC8r11yOugM2NuRfitQOxLLg,UCXXh7yg5KUFIWylTiKVEFKQ,1,@cesaraugustomoralesmonroy6907,@MrDuenderojo
UC8r11yOugM2NuRfitQOxLLg,UCXgr7vXlRrsaskPdo097kGA,1,@cesaraugustomoralesmonroy6907,@Rogergh-nw4oj
UC8r11yOugM2NuRfitQOxLLg,UCXr8_5WtGeipe4haOoQDgyQ,1,@cesaraugustomoralesmonroy6907,@amyherrera7352
UC8r11yOugM2NuRfitQOxLLg,UCYN4wSQ1Sx4_LurxLlW7MPg,1,@cesaraugustomoralesmonroy6907,@belarminavillatoro6474
UC8r11yOugM2NuRfitQOxLLg,UCYwpX26TrCxq8TvbKGRYLXA,1,@cesaraugustomoralesmonroy6907,@beneficioelcaminovillacana8540
UC8r11yOugM2NuRfitQOxLLg,UCZ51R_9Q9C0c8I3pAWhtmjQ,1,@cesaraugustomoralesmonroy6907,@belvettzapeta1251
UC8r11yOugM2NuRfitQOxLLg,UCZLG9qH0tUjNhEGFIUt0CYw,1,@cesaraugustomoralesmonroy6907,@SoniaMarroquin-y6e
UC8r11yOugM2NuRfitQOxLLg,UCcfdg8crmMJwEuLUsAhV7yg,1,@cesaraugustomoralesmonroy6907,@RolandoRaguay
UC8r11yOugM2NuRfitQOxLLg,UCfM3nrxtTQMY5jFx1v1J4Gg,1,@cesaraugustomoralesmonroy6907,@edgarroldan5539
UC8r11yOugM2NuRfitQOxLLg,UCgvw7xIdGFupzpt1Y_BFkEA,1,@cesaraugustomoralesmonroy6907,@fredygarcia9151
UC8r11yOugM2NuRfitQOxLLg,UCh5ESQvtzyHDhCA7XyekCFA,1,@cesaraugustomoralesmonroy6907,@andyB5280
UC8r11yOugM2NuRfitQOxLLg,UChZknRmJkeGeQk0-mQuhDOg,1,@cesaraugustomoralesmonroy6907,@OdilioRodríguez-c5w
UC8r11yOugM2NuRfitQOxLLg,UChep9kVb5gQmpodEEl10Xlg,1,@cesaraugustomoralesmonroy6907,@carlosaguilar-kz7ml
UC8r11yOugM2NuRfitQOxLLg,UChgkn5Jt5tWKYMoEOuCjz3Q,1,@cesaraugustomoralesmonroy6907,@pablochitay46
UC8r11yOugM2NuRfitQOxLLg,UChs3tU2BcKOT0CezykvAsGw,1,@cesaraugustomoralesmonroy6907,@byronpontaza
UC8r11yOugM2NuRfitQOxLLg,UCi1b_TRQfgO1Z9O2gNGGWNA,1,@cesaraugustomoralesmonroy6907,@davidisraelesquitsaquil
UC8r11yOugM2NuRfitQOxLLg,UCiGRBf2RNF0WRKhRVT7zFoA,1,@cesaraugustomoralesmonroy6907,@edwinavila4876
UC8r11yOugM2NuRfitQOxLLg,UCiMythXHsw7eQEMykCdmMUA,1,@cesaraugustomoralesmonroy6907,@JavierBecerra-h6x
UC8r11yOugM2NuRfitQOxLLg,UCipetjeiWj4CZB6EbyYziZg,1,@cesaraugustomoralesmonroy6907,@OseasSamayoa-ol5rz
UC8r11yOugM2NuRfitQOxLLg,UCj-LL25XJnjxepPKCc3NGog,1,@cesaraugustomoralesmonroy6907,@anaaguirre8985
UC8r11yOugM2NuRfitQOxLLg,UCjSKM9j0Q7HLDr1hD6D-TUw,1,@cesaraugustomoralesmonroy6907,@josehidalgo4875
UC8r11yOugM2NuRfitQOxLLg,UCjmPuazZJzscrwvk0QR9RVw,1,@cesaraugustomoralesmonroy6907,@mynorrodas8591
UC8r11yOugM2NuRfitQOxLLg,UCkd9W714-947dEE6ZOEBATA,1,@cesaraugustomoralesmonroy6907,@ARGELIATELON
UC8r11yOugM2NuRfitQOxLLg,UCl0ekS9Tt0jJGtOEM18S63w,1,@cesaraugustomoralesmonroy6907,@monkchapin
UC8r11yOugM2NuRfitQOxLLg,UCljDbleJul41G1TzOjOZAVA,1,@cesaraugustomoralesmonroy6907,@hectorcarranza3777
UC8r11yOugM2NuRfitQOxLLg,UCmjppp6ujz3SAnULvP3sZMw,1,@cesaraugustomoralesmonroy6907,@marcomendez7509
UC8r11yOugM2NuRfitQOxLLg,UCmvOgzmmXbjUthHy-WJ52hQ,1,@cesaraugustomoralesmonroy6907,@mariorodas593
UC8r11yOugM2NuRfitQOxLLg,UCp4iw5_5SmV9VGTFSNVGOmQ,1,@cesaraugustomoralesmonroy6907,@CARLOSSTREMS51
UC8r11yOugM2NuRfitQOxLLg,UCpIdtvoFHVLGASGB5ySqIEA,1,@cesaraugustomoralesmonroy6907,@VidalVillatoro-p4w
UC8r11yOugM2NuRfitQOxLLg,UCpl8rF8uv_8uui-QRvuJaRA,1,@cesaraugustomoralesmonroy6907,@SergioGarcia-z9c
UC8r11yOugM2NuRfitQOxLLg,UCplrIQtaPj6au60_f2-mOYw,1,@cesaraugustomoralesmonroy6907,@romeolopezherrarte799
UC8r11yOugM2NuRfitQOxLLg,UCpsKOkt5iWTbenzeuq7dsmQ,1,@cesaraugustomoralesmonroy6907,@inge_vergueta
UC8r11yOugM2NuRfitQOxLLg,UCr1emrogPKkKTs_WTtx71xg,1,@cesaraugustomoralesmonroy6907,@domingopeneleu6457
UC8r11yOugM2NuRfitQOxLLg,UCrJn_rbo_ENAdeqneS-RmRw,1,@cesaraugustomoralesmonroy6907,@josecarrera9623
UC8r11yOugM2NuRfitQOxLLg,UCsJJAvrVGupdmhOqgtDp8dg,1,@cesaraugustomoralesmonroy6907,@nestorlorenzana1168
UC8r11yOugM2NuRfitQOxLLg,UCsSXdJct-nsS8DsABoEsaYA,1,@cesaraugustomoralesmonroy6907,@IvánPérez-j4j
UC8r11yOugM2NuRfitQOxLLg,UCsUCN0Yq_UyTvKjOJLmNrnQ,1,@cesaraugustomoralesmonroy6907,@moisesvaldez4043
UC8r11yOugM2NuRfitQOxLLg,UCsjs5Hp_r86x1xbK6FAeqaA,1,@cesaraugustomoralesmonroy6907,@alvaroesquivel563
UC8r11yOugM2NuRfitQOxLLg,UCtNfIBnc5S5DbbQj_yxgJTw,1,@cesaraugustomoralesmonroy6907,@JosueRamirez-ey3ih
UC8r11yOugM2NuRfitQOxLLg,UCtUR3_CAiE7fCoZHM6cMfyQ,1,@cesaraugustomoralesmonroy6907,@mdelcid01
UC8r11yOugM2NuRfitQOxLLg,UCueV9cTyTDwgQSec1x2dYgA,1,@cesaraugustomoralesmonroy6907,@fredydomingo7062
UC8r11yOugM2NuRfitQOxLLg,UCujPF2nBgsTD62nWE3lcpIg,1,@cesaraugustomoralesmonroy6907,@victorarturoruanobautista7588
UC8r11yOugM2NuRfitQOxLLg,UCut6b9S98nv84cVX89PmKzA,1,@cesaraugustomoralesmonroy6907,@yeniferaguirre4498
UC8r11yOugM2NuRfitQOxLLg,UCvApqeCbLod-wejtT4CcVuA,1,@cesaraugustomoralesmonroy6907,@davidgaher9550
UC8r11yOugM2NuRfitQOxLLg,UCwO2SXr0ggzwg6QWWrr01nQ,1,@cesaraugustomoralesmonroy6907,@ricardofigueroa5720
UC8r11yOugM2NuRfitQOxLLg,UCwW2OFy95P7ZBkOPxWkpvYg,1,@cesaraugustomoralesmonroy6907,@TeresaLucero-b5o
UC8r11yOugM2NuRfitQOxLLg,UCwha8rxULYMVtNwZWeSkE1A,1,@cesaraugustomoralesmonroy6907,@mariasamo8637
UC8r11yOugM2NuRfitQOxLLg,UCxff05WuyvwELNITi7bj7UA,1,@cesaraugustomoralesmonroy6907,@markoherrera
UC8r11yOugM2NuRfitQOxLLg,UCySYJU5kUh7X8gVt9la2ISA,1,@cesaraugustomoralesmonroy6907,@dantesarti4351
UC8r11yOugM2NuRfitQOxLLg,UCylqlpsh8ENNM1LqgQ1KbxA,1,@cesaraugustomoralesmonroy6907,@Jel.Awesh.M
UC8r11yOugM2NuRfitQOxLLg,UCz3gu01bmjNv0DpRq-K3XYg,1,@cesaraugustomoralesmonroy6907,@eusebiovasquez4385
UC8r11yOugM2NuRfitQOxLLg,UCzSfZlOVxBSs5ObD25ywxDQ,1,@cesaraugustomoralesmonroy6907,@GilmarMaldonado-q9m
UC8r11yOugM2NuRfitQOxLLg,UCzoL2l5H5eVlorWGH8AZfAg,1,@cesaraugustomoralesmonroy6907,@jor77cas
UC8xlJWNHz1V_W6q3fbuQH8g,UCAV7QIjYhbDJaycQycM_0eQ,1,@NormaLópez-v7e,@mariavail8998
UC8xlJWNHz1V_W6q3fbuQH8g,UCGX_UbAQOXGZknv5iqklwTA,1,@NormaLópez-v7e,@ronaldgarcia8522
UC8xlJWNHz1V_W6q3fbuQH8g,UCHTGCgY2l-DQJIvlA_cpa_Q,1,@NormaLópez-v7e,@virgiliogarcia3039
UC8xlJWNHz1V_W6q3fbuQH8g,UCN2N_wYOw6fMwCeSzdXLPIw,1,@NormaLópez-v7e,@danielantoniogonzalezflore4901
UC8xlJWNHz1V_W6q3fbuQH8g,UCNIeXbV_mEwpa412h1aqUWw,1,@NormaLópez-v7e,@juandeleon9060
UC8xlJWNHz1V_W6q3fbuQH8g,UCPZueDLrCS4BmTBRMA4q0fA,1,@NormaLópez-v7e,@kevinochoa3695
UC8xlJWNHz1V_W6q3fbuQH8g,UCVQf0tzL7xRzFJsABVVULpg,1,@NormaLópez-v7e,@DennisseLopetegi
UC8xlJWNHz1V_W6q3fbuQH8g,UCbYoNG5J3Au5BqtbXogfEFw,1,@NormaLópez-v7e,@Luis-gn3fj
UC8xlJWNHz1V_W6q3fbuQH8g,UCf5lnNZF7Qrtli9v4N_23WQ,1,@NormaLópez-v7e,@CarlosCortez-v5r
UC8xlJWNHz1V_W6q3fbuQH8g,UCg3eIfd7BrsLEqS0BLkftHA,1,@NormaLópez-v7e,@ErmePérez-q4s
UC8xlJWNHz1V_W6q3fbuQH8g,UCgQJgI9vu1FI2dnC9mrFthw,1,@NormaLópez-v7e,@srms70
UC8xlJWNHz1V_W6q3fbuQH8g,UClsrFGJKWPxxw7MiaEdKLXw,1,@NormaLópez-v7e,@ericapaz5406
UC8xlJWNHz1V_W6q3fbuQH8g,UCtNyHmRZtvGF2hSvI2dUBWw,1,@NormaLópez-v7e,@aureliomaldonado4793
UC8xlJWNHz1V_W6q3fbuQH8g,UCuP4UK33HKtJE_S39ksmaTw,1,@NormaLópez-v7e,@herbertaguilar1387
UC8xlJWNHz1V_W6q3fbuQH8g,UCusjriFsDHEc2AOjqk-p5ig,1,@NormaLópez-v7e,@pablobarrios7931
UC8xlJWNHz1V_W6q3fbuQH8g,UCzZ6dDCEsLMXbc5pCFXIprw,1,@NormaLópez-v7e,@josegil3813
UC95PSMouTx2N5CbSq0hIyrQ,UCAKuKvcbfnBD3kF5njNu-IA,1,@lisss1908,@melvinlopez7096
UC95PSMouTx2N5CbSq0hIyrQ,UCCBYcToQ2dwkd6TJh0FSyDg,1,@lisss1908,@lidiarodriguez3493
UC95PSMouTx2N5CbSq0hIyrQ,UCDrmf9y9nLgFY5wnA2hTuGA,1,@lisss1908,@laboratorio5528
UC95PSMouTx2N5CbSq0hIyrQ,UCGGHbtfbbe0o68etrOf0qxw,1,@lisss1908,@karensussetteleonvargas9794
UC95PSMouTx2N5CbSq0hIyrQ,UCHbwIx9pmQuf7i-4_xO2EpA,1,@lisss1908,@caminoseternos752
UC95PSMouTx2N5CbSq0hIyrQ,UCNpt5CQlTzNjlAKY6CJtClQ,1,@lisss1908,@eustaquiogomez9975
UC95PSMouTx2N5CbSq0hIyrQ,UCOcUI5XkTYNMSFhZNMIPpGg,1,@lisss1908,@hendersonlopez3864
UC95PSMouTx2N5CbSq0hIyrQ,UCQqlPPUGqAfWjd-FSh_qn7Q,1,@lisss1908,@estuardoargueta137
UC95PSMouTx2N5CbSq0hIyrQ,UCQyOePccUP-fIJYzchAgZYw,1,@lisss1908,@aguilar4254
UC95PSMouTx2N5CbSq0hIyrQ,UCRAquv8el-tQ30bN7MlmySQ,1,@lisss1908,@iamjimalesssa
UC95PSMouTx2N5CbSq0hIyrQ,UCRvPToDkkumha7WJAfCDk1A,1,@lisss1908,@ligiaguerra3057
UC95PSMouTx2N5CbSq0hIyrQ,UCUoYsrx1oZnCZ0usbBJn4fA,1,@lisss1908,@AnaDiaz-re9sq
UC95PSMouTx2N5CbSq0hIyrQ,UCV0lM03g5fg5pbPj97-sAtA,1,@lisss1908,@genarodelgado3929
UC95PSMouTx2N5CbSq0hIyrQ,UCW-JC6lebVmf2P1dmY_L94g,1,@lisss1908,@dinoraoroxon5771
UC95PSMouTx2N5CbSq0hIyrQ,UCW80DaMjQlEUibC98Cot-Dg,1,@lisss1908,@rogeraldana4289
UC95PSMouTx2N5CbSq0hIyrQ,UCWoAVGVqCn4xtINCMOTM4jg,1,@lisss1908,@OmarMartinez-vv8re
UC95PSMouTx2N5CbSq0hIyrQ,UCZeIIQrGAedW8tCbKWmGY-A,1,@lisss1908,@mariocordon8873
UC95PSMouTx2N5CbSq0hIyrQ,UC_LYoGs5C3mbZKZuKuqYCvw,1,@lisss1908,@javiercifuentesarchila6041
UC95PSMouTx2N5CbSq0hIyrQ,UCaKAjTW9MVub_clgr4DRYjQ,1,@lisss1908,@josecastillo4390
UC95PSMouTx2N5CbSq0hIyrQ,UCdFlugHJJa4l3YqWuNRmvXw,1,@lisss1908,@MarcosCarillo-b1r
UC95PSMouTx2N5CbSq0hIyrQ,UCe8JZoYkX5oKUZyivHYdXhw,1,@lisss1908,@FernandoGarcia-jg1fj
UC95PSMouTx2N5CbSq0hIyrQ,UCeDNEtI8_a42bZ47wJiJMwQ,1,@lisss1908,@EdgarcalderonCalderong
UC95PSMouTx2N5CbSq0hIyrQ,UCgJNFj5dnxXpcMvmuhZDPxA,1,@lisss1908,@NataliaRodriguez-rx5mr
UC95PSMouTx2N5CbSq0hIyrQ,UCgQw_Sbq3ugruDUKsq1e0-A,1,@lisss1908,@marlenareano-h4t
UC95PSMouTx2N5CbSq0hIyrQ,UCiC-Jn7wdgyQV4_Urk0DkWQ,1,@lisss1908,@pedroros6358
UC95PSMouTx2N5CbSq0hIyrQ,UCkVtmkK07b2zaVVNssX4lOg,1,@lisss1908,@HectorElias-u2l
UC95PSMouTx2N5CbSq0hIyrQ,UCkbsS_3D-pvg1iHOld9uvIg,1,@lisss1908,@gonzalo6075
UC95PSMouTx2N5CbSq0hIyrQ,UClhMWQ7XKWywYvbRnuf8QsA,1,@lisss1908,@EcPerez-zz9oh
UC95PSMouTx2N5CbSq0hIyrQ,UClqA491Xa5fQcXcJJa-vTWw,1,@lisss1908,@AndresLemus-k2d
UC95PSMouTx2N5CbSq0hIyrQ,UColMq7LmaoY3MT6aIDGrGvA,1,@lisss1908,@quijotachapina1
UC95PSMouTx2N5CbSq0hIyrQ,UCpe5jW3MIqkgTJ-PgkzvM6Q,1,@lisss1908,@carloslam5333
UC95PSMouTx2N5CbSq0hIyrQ,UCpsKOkt5iWTbenzeuq7dsmQ,1,@lisss1908,@inge_vergueta
UC95PSMouTx2N5CbSq0hIyrQ,UCqCrvuoJpC-aVb0f4logQRQ,1,@lisss1908,@Lyrics_GT
UC95PSMouTx2N5CbSq0hIyrQ,UCsGoJEvb-cFPZ2rWoJcXzEQ,1,@lisss1908,@sergiohinestroza9709
UC95PSMouTx2N5CbSq0hIyrQ,UCu8_3-Wg-YzNyvHYQDEscfw,1,@lisss1908,@RolandoCastroPérez-d7y
UC95PSMouTx2N5CbSq0hIyrQ,UCuXmOjxC-htcprLgeVXz6Tg,1,@lisss1908,@jorgeaguilar-bq3uj
UC95PSMouTx2N5CbSq0hIyrQ,UCwgCc9Jd_gG-uLE_SY-FfPg,1,@lisss1908,@armindapenados2841
UC95PSMouTx2N5CbSq0hIyrQ,UCwjUvRseNtJoItylIyIez7Q,1,@lisss1908,@Silviazea
UC95PSMouTx2N5CbSq0hIyrQ,UCylqlpsh8ENNM1LqgQ1KbxA,1,@lisss1908,@Jel.Awesh.M
UC9Wp6vL5oCU37qC3Aj94WZA,UCGm3gRBEHGRJYmtCryZLtDw,1,@ManuelSanchez-b8q2z,@JoséLopez-g6k
UC9Wp6vL5oCU37qC3Aj94WZA,UCHu8x4MVkayU6VgwVKd--MQ,1,@ManuelSanchez-b8q2z,@Hernandez-i1o
UC9Wp6vL5oCU37qC3Aj94WZA,UCsUCN0Yq_UyTvKjOJLmNrnQ,1,@ManuelSanchez-b8q2z,@moisesvaldez4043
UC9vMq1YF-e7C-VO0SHkbUTA,UC9xr9QvIcDvoZNUX5f-jaZw,1,@ErvinLeonardoCarreraLatín,@MariaaliciaColonmorales
UC9vMq1YF-e7C-VO0SHkbUTA,UCA93ym2TXs_Ibyxb4Vcn-6Q,1,@ErvinLeonardoCarreraLatín,@oswaldosolis8728
UC9vMq1YF-e7C-VO0SHkbUTA,UCAlzM_N6xBlMYmM8EBzX86Q,1,@ErvinLeonardoCarreraLatín,@carlossoto3252
UC9vMq1YF-e7C-VO0SHkbUTA,UCAmtbUiIrUIhikru0ZoTFig,1,@ErvinLeonardoCarreraLatín,@Aura-vf6dm
UC9vMq1YF-e7C-VO0SHkbUTA,UCB5p8a5gklc80jJItP6xTHg,1,@ErvinLeonardoCarreraLatín,@ernestogamboa8737
UC9vMq1YF-e7C-VO0SHkbUTA,UCCaYwkkbQGcvFoUmothVdQQ,1,@ErvinLeonardoCarreraLatín,@OsvaldoAguirre-l3i
UC9vMq1YF-e7C-VO0SHkbUTA,UCDIMztpVm7G27qBuiWuT6oQ,1,@ErvinLeonardoCarreraLatín,@lizardomorataya8274
UC9vMq1YF-e7C-VO0SHkbUTA,UCDPWkUX3sNNaCx-m1dV4glA,1,@ErvinLeonardoCarreraLatín,@hectoroliva949
UC9vMq1YF-e7C-VO0SHkbUTA,UCDQaQv0hr2SS_PO-CMEwVHg,1,@ErvinLeonardoCarreraLatín,@federicosaquimux1933
UC9vMq1YF-e7C-VO0SHkbUTA,UCDUffaruH6dyUnUGwsTKpgg,1,@ErvinLeonardoCarreraLatín,@luisletona2842
UC9vMq1YF-e7C-VO0SHkbUTA,UCDftMWXQoJ6nONfY7GVOVjg,1,@ErvinLeonardoCarreraLatín,@luisgpacheco5858
UC9vMq1YF-e7C-VO0SHkbUTA,UCDlr1VadSucIZgZ171pRBjQ,1,@ErvinLeonardoCarreraLatín,@cuabatzjj5924
UC9vMq1YF-e7C-VO0SHkbUTA,UCEgEQmRbtL5fwr9_DqAC--g,1,@ErvinLeonardoCarreraLatín,@ArielRodas-g5y
UC9vMq1YF-e7C-VO0SHkbUTA,UCErZPJpHmLCsXs8ZWkAUupQ,1,@ErvinLeonardoCarreraLatín,@dorisl.garciaroche7763
UC9vMq1YF-e7C-VO0SHkbUTA,UCFUuDARXdmmIrLppEqf-rFg,1,@ErvinLeonardoCarreraLatín,@allanmunoz7410
UC9vMq1YF-e7C-VO0SHkbUTA,UCFhxtoeARHPnXXPcDrOU3Xg,1,@ErvinLeonardoCarreraLatín,@diegoalejandrolopezmendez205
UC9vMq1YF-e7C-VO0SHkbUTA,UCFjudnPLoaSL1BaRuLahyHg,1,@ErvinLeonardoCarreraLatín,@HaroldoCastillo-rh9iw
UC9vMq1YF-e7C-VO0SHkbUTA,UCFoIAE8k82D6AV-8gjjKaNg,1,@ErvinLeonardoCarreraLatín,@eddymunoz9789
UC9vMq1YF-e7C-VO0SHkbUTA,UCFxE8GbokBrBsPEKM1xrOjQ,1,@ErvinLeonardoCarreraLatín,@JuanDavila-qd7qj
UC9vMq1YF-e7C-VO0SHkbUTA,UCGzXwyCzMzGmjmCbH3Hg01Q,1,@ErvinLeonardoCarreraLatín,@FidelZacarias-ph7dy
UC9vMq1YF-e7C-VO0SHkbUTA,UCHTGCgY2l-DQJIvlA_cpa_Q,1,@ErvinLeonardoCarreraLatín,@virgiliogarcia3039
UC9vMq1YF-e7C-VO0SHkbUTA,UCHhHUjaMAZ8SiXdCUCj9DkQ,1,@ErvinLeonardoCarreraLatín,@fredymendez1786
UC9vMq1YF-e7C-VO0SHkbUTA,UCKDR0f2fu2UzWL8mBv5-BHw,1,@ErvinLeonardoCarreraLatín,@mireyamorales6595
UC9vMq1YF-e7C-VO0SHkbUTA,UCL13XhnRzbGokEkCkEOb0-g,1,@ErvinLeonardoCarreraLatín,@raquelprado3643
UC9vMq1YF-e7C-VO0SHkbUTA,UCL1MT278vSaQ83ZDkVWn1gw,1,@ErvinLeonardoCarreraLatín,@elmorodriguez6978
UC9vMq1YF-e7C-VO0SHkbUTA,UCLFdHr9BEbXHkoJopbEPLZw,1,@ErvinLeonardoCarreraLatín,@kanterra4584
UC9vMq1YF-e7C-VO0SHkbUTA,UCLggDc_a5HriXv7I1h02sOA,1,@ErvinLeonardoCarreraLatín,@guillermogonzalez5153
UC9vMq1YF-e7C-VO0SHkbUTA,UCN6qbfPSzFtjhqUDZ3Cv3CQ,1,@ErvinLeonardoCarreraLatín,@carlosmedranovelasquez6380
UC9vMq1YF-e7C-VO0SHkbUTA,UCNBnKqWf4d-rS4HwJRQljmQ,1,@ErvinLeonardoCarreraLatín,@LE_A22
UC9vMq1YF-e7C-VO0SHkbUTA,UCNkcuy42zEwddwEcOd_HpnA,1,@ErvinLeonardoCarreraLatín,@vanigomez492
UC9vMq1YF-e7C-VO0SHkbUTA,UCOLGv5Pf6BF2wFcwUzgcvHg,1,@ErvinLeonardoCarreraLatín,@welfrealdana5559
UC9vMq1YF-e7C-VO0SHkbUTA,UCOS8ViEkccrTZx2w2ccxotA,1,@ErvinLeonardoCarreraLatín,@OscarHernandez-q8y
UC9vMq1YF-e7C-VO0SHkbUTA,UCOh6DaZC_x9HASnlRylEMfw,1,@ErvinLeonardoCarreraLatín,@AndresMedina-v1s
UC9vMq1YF-e7C-VO0SHkbUTA,UCQ_-LPP8JAbfkc-b1Q6NvWw,1,@ErvinLeonardoCarreraLatín,@MegaKristenstewart
UC9vMq1YF-e7C-VO0SHkbUTA,UCQgYjVngJRfPHDLGB5X6ZjA,1,@ErvinLeonardoCarreraLatín,@oscarnavas9996
UC9vMq1YF-e7C-VO0SHkbUTA,UCQqetiwzzmRNTM5OWuXarGQ,1,@ErvinLeonardoCarreraLatín,@isaiaslopezvelasquez1539
UC9vMq1YF-e7C-VO0SHkbUTA,UCQtICyzWmhC5woCtbNgaSmg,1,@ErvinLeonardoCarreraLatín,@nestormendez6216
UC9vMq1YF-e7C-VO0SHkbUTA,UCQtSFINs1h6GHkpg9o5kMvg,1,@ErvinLeonardoCarreraLatín,@MacarioMartinezruiz
UC9vMq1YF-e7C-VO0SHkbUTA,UCRETAiYdh2dL5ZxB0_N1zDA,1,@ErvinLeonardoCarreraLatín,@Joseroland21
UC9vMq1YF-e7C-VO0SHkbUTA,UCRelkU8JiZBytTzebJxaa-w,1,@ErvinLeonardoCarreraLatín,@danyraymundo2942
UC9vMq1YF-e7C-VO0SHkbUTA,UCRlCV9zSn7avAWh-9_XFWqQ,1,@ErvinLeonardoCarreraLatín,@ronyarana8849
UC9vMq1YF-e7C-VO0SHkbUTA,UCSou6a2OuYGSvPjm5psquyA,1,@ErvinLeonardoCarreraLatín,@FranciscoRivera-sf7ne
UC9vMq1YF-e7C-VO0SHkbUTA,UCTD6q1nyIe3Y7HhqjaMj72w,1,@ErvinLeonardoCarreraLatín,@JuanChang-r6k
UC9vMq1YF-e7C-VO0SHkbUTA,UCTP3O0rMnc8z8v8jaDQwL0w,1,@ErvinLeonardoCarreraLatín,@RobertoZelaya-x1v
UC9vMq1YF-e7C-VO0SHkbUTA,UCThW2XNsAaBKme5PUt7n-Zg,1,@ErvinLeonardoCarreraLatín,@thelmamoran8565
UC9vMq1YF-e7C-VO0SHkbUTA,UCTwSut16JyAg3mX6LVUNGqA,1,@ErvinLeonardoCarreraLatín,@SuperVictor2005
UC9vMq1YF-e7C-VO0SHkbUTA,UCTylKrsqkrBKIqubMu_5N0Q,1,@ErvinLeonardoCarreraLatín,@edwingeovanymarroquinmarro6684
UC9vMq1YF-e7C-VO0SHkbUTA,UCUIIIPTVDVHAXqhC_5V6lPA,1,@ErvinLeonardoCarreraLatín,@gorrarota
UC9vMq1YF-e7C-VO0SHkbUTA,UCV0iizTBoOfdAFX_thfI9BA,1,@ErvinLeonardoCarreraLatín,@BenjaminLarios-jd8nk
UC9vMq1YF-e7C-VO0SHkbUTA,UCWIZUtKJ636y-4TYrNvok0g,1,@ErvinLeonardoCarreraLatín,@cesarandreas7824
UC9vMq1YF-e7C-VO0SHkbUTA,UCXSkL3ejZ8qWYyF_M7s_QKA,1,@ErvinLeonardoCarreraLatín,@JacintaTzoy
UC9vMq1YF-e7C-VO0SHkbUTA,UCXXh7yg5KUFIWylTiKVEFKQ,1,@ErvinLeonardoCarreraLatín,@MrDuenderojo
UC9vMq1YF-e7C-VO0SHkbUTA,UCXgr7vXlRrsaskPdo097kGA,1,@ErvinLeonardoCarreraLatín,@Rogergh-nw4oj
UC9vMq1YF-e7C-VO0SHkbUTA,UCXr8_5WtGeipe4haOoQDgyQ,1,@ErvinLeonardoCarreraLatín,@amyherrera7352
UC9vMq1YF-e7C-VO0SHkbUTA,UCYN4wSQ1Sx4_LurxLlW7MPg,1,@ErvinLeonardoCarreraLatín,@belarminavillatoro6474
UC9vMq1YF-e7C-VO0SHkbUTA,UCYwpX26TrCxq8TvbKGRYLXA,1,@ErvinLeonardoCarreraLatín,@beneficioelcaminovillacana8540
UC9vMq1YF-e7C-VO0SHkbUTA,UCZ51R_9Q9C0c8I3pAWhtmjQ,1,@ErvinLeonardoCarreraLatín,@belvettzapeta1251
UC9vMq1YF-e7C-VO0SHkbUTA,UCZLG9qH0tUjNhEGFIUt0CYw,1,@ErvinLeonardoCarreraLatín,@SoniaMarroquin-y6e
UC9vMq1YF-e7C-VO0SHkbUTA,UCcfdg8crmMJwEuLUsAhV7yg,1,@ErvinLeonardoCarreraLatín,@RolandoRaguay
UC9vMq1YF-e7C-VO0SHkbUTA,UCfM3nrxtTQMY5jFx1v1J4Gg,1,@ErvinLeonardoCarreraLatín,@edgarroldan5539
UC9vMq1YF-e7C-VO0SHkbUTA,UCgvw7xIdGFupzpt1Y_BFkEA,1,@ErvinLeonardoCarreraLatín,@fredygarcia9151
UC9vMq1YF-e7C-VO0SHkbUTA,UCh5ESQvtzyHDhCA7XyekCFA,1,@ErvinLeonardoCarreraLatín,@andyB5280
UC9vMq1YF-e7C-VO0SHkbUTA,UChZknRmJkeGeQk0-mQuhDOg,1,@ErvinLeonardoCarreraLatín,@OdilioRodríguez-c5w
UC9vMq1YF-e7C-VO0SHkbUTA,UChep9kVb5gQmpodEEl10Xlg,1,@ErvinLeonardoCarreraLatín,@carlosaguilar-kz7ml
UC9vMq1YF-e7C-VO0SHkbUTA,UChgkn5Jt5tWKYMoEOuCjz3Q,1,@ErvinLeonardoCarreraLatín,@pablochitay46
UC9vMq1YF-e7C-VO0SHkbUTA,UChs3tU2BcKOT0CezykvAsGw,1,@ErvinLeonardoCarreraLatín,@byronpontaza
UC9vMq1YF-e7C-VO0SHkbUTA,UCi1b_TRQfgO1Z9O2gNGGWNA,1,@ErvinLeonardoCarreraLatín,@davidisraelesquitsaquil
UC9vMq1YF-e7C-VO0SHkbUTA,UCiGRBf2RNF0WRKhRVT7zFoA,1,@ErvinLeonardoCarreraLatín,@edwinavila4876
UC9vMq1YF-e7C-VO0SHkbUTA,UCiMythXHsw7eQEMykCdmMUA,1,@ErvinLeonardoCarreraLatín,@JavierBecerra-h6x
UC9vMq1YF-e7C-VO0SHkbUTA,UCipetjeiWj4CZB6EbyYziZg,1,@ErvinLeonardoCarreraLatín,@OseasSamayoa-ol5rz
UC9vMq1YF-e7C-VO0SHkbUTA,UCj-LL25XJnjxepPKCc3NGog,1,@ErvinLeonardoCarreraLatín,@anaaguirre8985
UC9vMq1YF-e7C-VO0SHkbUTA,UCjSKM9j0Q7HLDr1hD6D-TUw,1,@ErvinLeonardoCarreraLatín,@josehidalgo4875
UC9vMq1YF-e7C-VO0SHkbUTA,UCjmPuazZJzscrwvk0QR9RVw,1,@ErvinLeonardoCarreraLatín,@mynorrodas8591
UC9vMq1YF-e7C-VO0SHkbUTA,UCkd9W714-947dEE6ZOEBATA,1,@ErvinLeonardoCarreraLatín,@ARGELIATELON
UC9vMq1YF-e7C-VO0SHkbUTA,UCl0ekS9Tt0jJGtOEM18S63w,1,@ErvinLeonardoCarreraLatín,@monkchapin
UC9vMq1YF-e7C-VO0SHkbUTA,UCljDbleJul41G1TzOjOZAVA,1,@ErvinLeonardoCarreraLatín,@hectorcarranza3777
UC9vMq1YF-e7C-VO0SHkbUTA,UCmjppp6ujz3SAnULvP3sZMw,1,@ErvinLeonardoCarreraLatín,@marcomendez7509
UC9vMq1YF-e7C-VO0SHkbUTA,UCmvOgzmmXbjUthHy-WJ52hQ,1,@ErvinLeonardoCarreraLatín,@mariorodas593
UC9vMq1YF-e7C-VO0SHkbUTA,UCp4iw5_5SmV9VGTFSNVGOmQ,1,@ErvinLeonardoCarreraLatín,@CARLOSSTREMS51
UC9vMq1YF-e7C-VO0SHkbUTA,UCpIdtvoFHVLGASGB5ySqIEA,1,@ErvinLeonardoCarreraLatín,@VidalVillatoro-p4w
UC9vMq1YF-e7C-VO0SHkbUTA,UCpl8rF8uv_8uui-QRvuJaRA,1,@ErvinLeonardoCarreraLatín,@SergioGarcia-z9c
UC9vMq1YF-e7C-VO0SHkbUTA,UCplrIQtaPj6au60_f2-mOYw,1,@ErvinLeonardoCarreraLatín,@romeolopezherrarte799
UC9vMq1YF-e7C-VO0SHkbUTA,UCpsKOkt5iWTbenzeuq7dsmQ,1,@ErvinLeonardoCarreraLatín,@inge_vergueta
UC9vMq1YF-e7C-VO0SHkbUTA,UCr1emrogPKkKTs_WTtx71xg,1,@ErvinLeonardoCarreraLatín,@domingopeneleu6457
UC9vMq1YF-e7C-VO0SHkbUTA,UCrJn_rbo_ENAdeqneS-RmRw,1,@ErvinLeonardoCarreraLatín,@josecarrera9623
UC9vMq1YF-e7C-VO0SHkbUTA,UCsJJAvrVGupdmhOqgtDp8dg,1,@ErvinLeonardoCarreraLatín,@nestorlorenzana1168
UC9vMq1YF-e7C-VO0SHkbUTA,UCsSXdJct-nsS8DsABoEsaYA,1,@ErvinLeonardoCarreraLatín,@IvánPérez-j4j
UC9vMq1YF-e7C-VO0SHkbUTA,UCsUCN0Yq_UyTvKjOJLmNrnQ,1,@ErvinLeonardoCarreraLatín,@moisesvaldez4043
UC9vMq1YF-e7C-VO0SHkbUTA,UCsjs5Hp_r86x1xbK6FAeqaA,1,@ErvinLeonardoCarreraLatín,@alvaroesquivel563
UC9vMq1YF-e7C-VO0SHkbUTA,UCtNfIBnc5S5DbbQj_yxgJTw,1,@ErvinLeonardoCarreraLatín,@JosueRamirez-ey3ih
UC9vMq1YF-e7C-VO0SHkbUTA,UCtUR3_CAiE7fCoZHM6cMfyQ,1,@ErvinLeonardoCarreraLatín,@mdelcid01
UC9vMq1YF-e7C-VO0SHkbUTA,UCueV9cTyTDwgQSec1x2dYgA,1,@ErvinLeonardoCarreraLatín,@fredydomingo7062
UC9vMq1YF-e7C-VO0SHkbUTA,UCujPF2nBgsTD62nWE3lcpIg,1,@ErvinLeonardoCarreraLatín,@victorarturoruanobautista7588
UC9vMq1YF-e7C-VO0SHkbUTA,UCut6b9S98nv84cVX89PmKzA,1,@ErvinLeonardoCarreraLatín,@yeniferaguirre4498
UC9vMq1YF-e7C-VO0SHkbUTA,UCvApqeCbLod-wejtT4CcVuA,1,@ErvinLeonardoCarreraLatín,@davidgaher9550
UC9vMq1YF-e7C-VO0SHkbUTA,UCwO2SXr0ggzwg6QWWrr01nQ,1,@ErvinLeonardoCarreraLatín,@ricardofigueroa5720
UC9vMq1YF-e7C-VO0SHkbUTA,UCwW2OFy95P7ZBkOPxWkpvYg,1,@ErvinLeonardoCarreraLatín,@TeresaLucero-b5o
UC9vMq1YF-e7C-VO0SHkbUTA,UCwha8rxULYMVtNwZWeSkE1A,1,@ErvinLeonardoCarreraLatín,@mariasamo8637
UC9vMq1YF-e7C-VO0SHkbUTA,UCxff05WuyvwELNITi7bj7UA,1,@ErvinLeonardoCarreraLatín,@markoherrera
UC9vMq1YF-e7C-VO0SHkbUTA,UCySYJU5kUh7X8gVt9la2ISA,1,@ErvinLeonardoCarreraLatín,@dantesarti4351
UC9vMq1YF-e7C-VO0SHkbUTA,UCylqlpsh8ENNM1LqgQ1KbxA,1,@ErvinLeonardoCarreraLatín,@Jel.Awesh.M
UC9vMq1YF-e7C-VO0SHkbUTA,UCz3gu01bmjNv0DpRq-K3XYg,1,@ErvinLeonardoCarreraLatín,@eusebiovasquez4385
UC9vMq1YF-e7C-VO0SHkbUTA,UCzSfZlOVxBSs5ObD25ywxDQ,1,@ErvinLeonardoCarreraLatín,@GilmarMaldonado-q9m
UC9vMq1YF-e7C-VO0SHkbUTA,UCzoL2l5H5eVlorWGH8AZfAg,1,@ErvinLeonardoCarreraLatín,@jor77cas
UC9xr9QvIcDvoZNUX5f-jaZw,UCA93ym2TXs_Ibyxb4Vcn-6Q,1,@MariaaliciaColonmorales,@oswaldosolis8728
UC9xr9QvIcDvoZNUX5f-jaZw,UCAlzM_N6xBlMYmM8EBzX86Q,1,@MariaaliciaColonmorales,@carlossoto3252
UC9xr9QvIcDvoZNUX5f-jaZw,UCAmtbUiIrUIhikru0ZoTFig,1,@MariaaliciaColonmorales,@Aura-vf6dm
UC9xr9QvIcDvoZNUX5f-jaZw,UCB5p8a5gklc80jJItP6xTHg,1,@MariaaliciaColonmorales,@ernestogamboa8737
UC9xr9QvIcDvoZNUX5f-jaZw,UCCaYwkkbQGcvFoUmothVdQQ,1,@MariaaliciaColonmorales,@OsvaldoAguirre-l3i
UC9xr9QvIcDvoZNUX5f-jaZw,UCDIMztpVm7G27qBuiWuT6oQ,1,@MariaaliciaColonmorales,@lizardomorataya8274
UC9xr9QvIcDvoZNUX5f-jaZw,UCDPWkUX3sNNaCx-m1dV4glA,1,@MariaaliciaColonmorales,@hectoroliva949
UC9xr9QvIcDvoZNUX5f-jaZw,UCDQaQv0hr2SS_PO-CMEwVHg,1,@MariaaliciaColonmorales,@federicosaquimux1933
UC9xr9QvIcDvoZNUX5f-jaZw,UCDUffaruH6dyUnUGwsTKpgg,1,@MariaaliciaColonmorales,@luisletona2842
UC9xr9QvIcDvoZNUX5f-jaZw,UCDftMWXQoJ6nONfY7GVOVjg,1,@MariaaliciaColonmorales,@luisgpacheco5858
UC9xr9QvIcDvoZNUX5f-jaZw,UCDlr1VadSucIZgZ171pRBjQ,1,@MariaaliciaColonmorales,@cuabatzjj5924
UC9xr9QvIcDvoZNUX5f-jaZw,UCEgEQmRbtL5fwr9_DqAC--g,1,@MariaaliciaColonmorales,@ArielRodas-g5y
UC9xr9QvIcDvoZNUX5f-jaZw,UCErZPJpHmLCsXs8ZWkAUupQ,1,@MariaaliciaColonmorales,@dorisl.garciaroche7763
UC9xr9QvIcDvoZNUX5f-jaZw,UCFUuDARXdmmIrLppEqf-rFg,1,@MariaaliciaColonmorales,@allanmunoz7410
UC9xr9QvIcDvoZNUX5f-jaZw,UCFhxtoeARHPnXXPcDrOU3Xg,1,@MariaaliciaColonmorales,@diegoalejandrolopezmendez205
UC9xr9QvIcDvoZNUX5f-jaZw,UCFjudnPLoaSL1BaRuLahyHg,1,@MariaaliciaColonmorales,@HaroldoCastillo-rh9iw
UC9xr9QvIcDvoZNUX5f-jaZw,UCFoIAE8k82D6AV-8gjjKaNg,1,@MariaaliciaColonmorales,@eddymunoz9789
UC9xr9QvIcDvoZNUX5f-jaZw,UCFxE8GbokBrBsPEKM1xrOjQ,1,@MariaaliciaColonmorales,@JuanDavila-qd7qj
UC9xr9QvIcDvoZNUX5f-jaZw,UCGzXwyCzMzGmjmCbH3Hg01Q,1,@MariaaliciaColonmorales,@FidelZacarias-ph7dy
UC9xr9QvIcDvoZNUX5f-jaZw,UCHTGCgY2l-DQJIvlA_cpa_Q,1,@MariaaliciaColonmorales,@virgiliogarcia3039
UC9xr9QvIcDvoZNUX5f-jaZw,UCHhHUjaMAZ8SiXdCUCj9DkQ,1,@MariaaliciaColonmorales,@fredymendez1786
UC9xr9QvIcDvoZNUX5f-jaZw,UCKDR0f2fu2UzWL8mBv5-BHw,1,@MariaaliciaColonmorales,@mireyamorales6595
UC9xr9QvIcDvoZNUX5f-jaZw,UCL13XhnRzbGokEkCkEOb0-g,1,@MariaaliciaColonmorales,@raquelprado3643
UC9xr9QvIcDvoZNUX5f-jaZw,UCL1MT278vSaQ83ZDkVWn1gw,1,@MariaaliciaColonmorales,@elmorodriguez6978
UC9xr9QvIcDvoZNUX5f-jaZw,UCLFdHr9BEbXHkoJopbEPLZw,1,@MariaaliciaColonmorales,@kanterra4584
UC9xr9QvIcDvoZNUX5f-jaZw,UCLggDc_a5HriXv7I1h02sOA,1,@MariaaliciaColonmorales,@guillermogonzalez5153
UC9xr9QvIcDvoZNUX5f-jaZw,UCN6qbfPSzFtjhqUDZ3Cv3CQ,1,@MariaaliciaColonmorales,@carlosmedranovelasquez6380
UC9xr9QvIcDvoZNUX5f-jaZw,UCNBnKqWf4d-rS4HwJRQljmQ,1,@MariaaliciaColonmorales,@LE_A22
UC9xr9QvIcDvoZNUX5f-jaZw,UCNkcuy42zEwddwEcOd_HpnA,1,@MariaaliciaColonmorales,@vanigomez492
UC9xr9QvIcDvoZNUX5f-jaZw,UCOLGv5Pf6BF2wFcwUzgcvHg,1,@MariaaliciaColonmorales,@welfrealdana5559
UC9xr9QvIcDvoZNUX5f-jaZw,UCOS8ViEkccrTZx2w2ccxotA,1,@MariaaliciaColonmorales,@OscarHernandez-q8y
UC9xr9QvIcDvoZNUX5f-jaZw,UCOh6DaZC_x9HASnlRylEMfw,1,@MariaaliciaColonmorales,@AndresMedina-v1s
UC9xr9QvIcDvoZNUX5f-jaZw,UCQ_-LPP8JAbfkc-b1Q6NvWw,1,@MariaaliciaColonmorales,@MegaKristenstewart
UC9xr9QvIcDvoZNUX5f-jaZw,UCQgYjVngJRfPHDLGB5X6ZjA,1,@MariaaliciaColonmorales,@oscarnavas9996
UC9xr9QvIcDvoZNUX5f-jaZw,UCQqetiwzzmRNTM5OWuXarGQ,1,@MariaaliciaColonmorales,@isaiaslopezvelasquez1539
UC9xr9QvIcDvoZNUX5f-jaZw,UCQtICyzWmhC5woCtbNgaSmg,1,@MariaaliciaColonmorales,@nestormendez6216
UC9xr9QvIcDvoZNUX5f-jaZw,UCQtSFINs1h6GHkpg9o5kMvg,1,@MariaaliciaColonmorales,@MacarioMartinezruiz
UC9xr9QvIcDvoZNUX5f-jaZw,UCRETAiYdh2dL5ZxB0_N1zDA,1,@MariaaliciaColonmorales,@Joseroland21
UC9xr9QvIcDvoZNUX5f-jaZw,UCRelkU8JiZBytTzebJxaa-w,1,@MariaaliciaColonmorales,@danyraymundo2942
UC9xr9QvIcDvoZNUX5f-jaZw,UCRlCV9zSn7avAWh-9_XFWqQ,1,@MariaaliciaColonmorales,@ronyarana8849
UC9xr9QvIcDvoZNUX5f-jaZw,UCSou6a2OuYGSvPjm5psquyA,1,@MariaaliciaColonmorales,@FranciscoRivera-sf7ne
UC9xr9QvIcDvoZNUX5f-jaZw,UCTD6q1nyIe3Y7HhqjaMj72w,1,@MariaaliciaColonmorales,@JuanChang-r6k
UC9xr9QvIcDvoZNUX5f-jaZw,UCTP3O0rMnc8z8v8jaDQwL0w,1,@MariaaliciaColonmorales,@RobertoZelaya-x1v
UC9xr9QvIcDvoZNUX5f-jaZw,UCThW2XNsAaBKme5PUt7n-Zg,1,@MariaaliciaColonmorales,@thelmamoran8565
UC9xr9QvIcDvoZNUX5f-jaZw,UCTwSut16JyAg3mX6LVUNGqA,1,@MariaaliciaColonmorales,@SuperVictor2005
UC9xr9QvIcDvoZNUX5f-jaZw,UCTylKrsqkrBKIqubMu_5N0Q,1,@MariaaliciaColonmorales,@edwingeovanymarroquinmarro6684
UC9xr9QvIcDvoZNUX5f-jaZw,UCUIIIPTVDVHAXqhC_5V6lPA,1,@MariaaliciaColonmorales,@gorrarota
UC9xr9QvIcDvoZNUX5f-jaZw,UCV0iizTBoOfdAFX_thfI9BA,1,@MariaaliciaColonmorales,@BenjaminLarios-jd8nk
UC9xr9QvIcDvoZNUX5f-jaZw,UCWIZUtKJ636y-4TYrNvok0g,1,@MariaaliciaColonmorales,@cesarandreas7824
UC9xr9QvIcDvoZNUX5f-jaZw,UCXSkL3ejZ8qWYyF_M7s_QKA,1,@MariaaliciaColonmorales,@JacintaTzoy
UC9xr9QvIcDvoZNUX5f-jaZw,UCXXh7yg5KUFIWylTiKVEFKQ,1,@MariaaliciaColonmorales,@MrDuenderojo
UC9xr9QvIcDvoZNUX5f-jaZw,UCXgr7vXlRrsaskPdo097kGA,1,@MariaaliciaColonmorales,@Rogergh-nw4oj
UC9xr9QvIcDvoZNUX5f-jaZw,UCXr8_5WtGeipe4haOoQDgyQ,1,@MariaaliciaColonmorales,@amyherrera7352
UC9xr9QvIcDvoZNUX5f-jaZw,UCYN4wSQ1Sx4_LurxLlW7MPg,1,@MariaaliciaColonmorales,@belarminavillatoro6474
UC9xr9QvIcDvoZNUX5f-jaZw,UCYwpX26TrCxq8TvbKGRYLXA,1,@MariaaliciaColonmorales,@beneficioelcaminovillacana8540
UC9xr9QvIcDvoZNUX5f-jaZw,UCZ51R_9Q9C0c8I3pAWhtmjQ,1,@MariaaliciaColonmorales,@belvettzapeta1251
UC9xr9QvIcDvoZNUX5f-jaZw,UCZLG9qH0tUjNhEGFIUt0CYw,1,@MariaaliciaColonmorales,@SoniaMarroquin-y6e
UC9xr9QvIcDvoZNUX5f-jaZw,UCcfdg8crmMJwEuLUsAhV7yg,1,@MariaaliciaColonmorales,@RolandoRaguay
UC9xr9QvIcDvoZNUX5f-jaZw,UCfM3nrxtTQMY5jFx1v1J4Gg,1,@MariaaliciaColonmorales,@edgarroldan5539
UC9xr9QvIcDvoZNUX5f-jaZw,UCgvw7xIdGFupzpt1Y_BFkEA,1,@MariaaliciaColonmorales,@fredygarcia9151
UC9xr9QvIcDvoZNUX5f-jaZw,UCh5ESQvtzyHDhCA7XyekCFA,1,@MariaaliciaColonmorales,@andyB5280
UC9xr9QvIcDvoZNUX5f-jaZw,UChZknRmJkeGeQk0-mQuhDOg,1,@MariaaliciaColonmorales,@OdilioRodríguez-c5w
UC9xr9QvIcDvoZNUX5f-jaZw,UChep9kVb5gQmpodEEl10Xlg,1,@MariaaliciaColonmorales,@carlosaguilar-kz7ml
UC9xr9QvIcDvoZNUX5f-jaZw,UChgkn5Jt5tWKYMoEOuCjz3Q,1,@MariaaliciaColonmorales,@pablochitay46
UC9xr9QvIcDvoZNUX5f-jaZw,UChs3tU2BcKOT0CezykvAsGw,1,@MariaaliciaColonmorales,@byronpontaza
UC9xr9QvIcDvoZNUX5f-jaZw,UCi1b_TRQfgO1Z9O2gNGGWNA,1,@MariaaliciaColonmorales,@davidisraelesquitsaquil
UC9xr9QvIcDvoZNUX5f-jaZw,UCiGRBf2RNF0WRKhRVT7zFoA,1,@MariaaliciaColonmorales,@edwinavila4876
UC9xr9QvIcDvoZNUX5f-jaZw,UCiMythXHsw7eQEMykCdmMUA,1,@MariaaliciaColonmorales,@JavierBecerra-h6x
UC9xr9QvIcDvoZNUX5f-jaZw,UCipetjeiWj4CZB6EbyYziZg,1,@MariaaliciaColonmorales,@OseasSamayoa-ol5rz
UC9xr9QvIcDvoZNUX5f-jaZw,UCj-LL25XJnjxepPKCc3NGog,1,@MariaaliciaColonmorales,@anaaguirre8985
UC9xr9QvIcDvoZNUX5f-jaZw,UCjSKM9j0Q7HLDr1hD6D-TUw,1,@MariaaliciaColonmorales,@josehidalgo4875
UC9xr9QvIcDvoZNUX5f-jaZw,UCjmPuazZJzscrwvk0QR9RVw,1,@MariaaliciaColonmorales,@mynorrodas8591
UC9xr9QvIcDvoZNUX5f-jaZw,UCkd9W714-947dEE6ZOEBATA,1,@MariaaliciaColonmorales,@ARGELIATELON
UC9xr9QvIcDvoZNUX5f-jaZw,UCl0ekS9Tt0jJGtOEM18S63w,1,@MariaaliciaColonmorales,@monkchapin
UC9xr9QvIcDvoZNUX5f-jaZw,UCljDbleJul41G1TzOjOZAVA,1,@MariaaliciaColonmorales,@hectorcarranza3777
UC9xr9QvIcDvoZNUX5f-jaZw,UCmjppp6ujz3SAnULvP3sZMw,1,@MariaaliciaColonmorales,@marcomendez7509
UC9xr9QvIcDvoZNUX5f-jaZw,UCmvOgzmmXbjUthHy-WJ52hQ,1,@MariaaliciaColonmorales,@mariorodas593
UC9xr9QvIcDvoZNUX5f-jaZw,UCp4iw5_5SmV9VGTFSNVGOmQ,1,@MariaaliciaColonmorales,@CARLOSSTREMS51
UC9xr9QvIcDvoZNUX5f-jaZw,UCpIdtvoFHVLGASGB5ySqIEA,1,@MariaaliciaColonmorales,@VidalVillatoro-p4w
UC9xr9QvIcDvoZNUX5f-jaZw,UCpl8rF8uv_8uui-QRvuJaRA,1,@MariaaliciaColonmorales,@SergioGarcia-z9c
UC9xr9QvIcDvoZNUX5f-jaZw,UCplrIQtaPj6au60_f2-mOYw,1,@MariaaliciaColonmorales,@romeolopezherrarte799
UC9xr9QvIcDvoZNUX5f-jaZw,UCpsKOkt5iWTbenzeuq7dsmQ,1,@MariaaliciaColonmorales,@inge_vergueta
UC9xr9QvIcDvoZNUX5f-jaZw,UCr1emrogPKkKTs_WTtx71xg,1,@MariaaliciaColonmorales,@domingopeneleu6457
UC9xr9QvIcDvoZNUX5f-jaZw,UCrJn_rbo_ENAdeqneS-RmRw,1,@MariaaliciaColonmorales,@josecarrera9623
UC9xr9QvIcDvoZNUX5f-jaZw,UCsJJAvrVGupdmhOqgtDp8dg,1,@MariaaliciaColonmorales,@nestorlorenzana1168
UC9xr9QvIcDvoZNUX5f-jaZw,UCsSXdJct-nsS8DsABoEsaYA,1,@MariaaliciaColonmorales,@IvánPérez-j4j
UC9xr9QvIcDvoZNUX5f-jaZw,UCsUCN0Yq_UyTvKjOJLmNrnQ,1,@MariaaliciaColonmorales,@moisesvaldez4043
UC9xr9QvIcDvoZNUX5f-jaZw,UCsjs5Hp_r86x1xbK6FAeqaA,1,@MariaaliciaColonmorales,@alvaroesquivel563
UC9xr9QvIcDvoZNUX5f-jaZw,UCtNfIBnc5S5DbbQj_yxgJTw,1,@MariaaliciaColonmorales,@JosueRamirez-ey3ih
UC9xr9QvIcDvoZNUX5f-jaZw,UCtUR3_CAiE7fCoZHM6cMfyQ,1,@MariaaliciaColonmorales,@mdelcid01
UC9xr9QvIcDvoZNUX5f-jaZw,UCueV9cTyTDwgQSec1x2dYgA,1,@MariaaliciaColonmorales,@fredydomingo7062
UC9xr9QvIcDvoZNUX5f-jaZw,UCujPF2nBgsTD62nWE3lcpIg,1,@MariaaliciaColonmorales,@victorarturoruanobautista7588
UC9xr9QvIcDvoZNUX5f-jaZw,UCut6b9S98nv84cVX89PmKzA,1,@MariaaliciaColonmorales,@yeniferaguirre4498
UC9xr9QvIcDvoZNUX5f-jaZw,UCvApqeCbLod-wejtT4CcVuA,1,@MariaaliciaColonmorales,@davidgaher9550
UC9xr9QvIcDvoZNUX5f-jaZw,UCwO2SXr0ggzwg6QWWrr01nQ,1,@MariaaliciaColonmorales,@ricardofigueroa5720
UC9xr9QvIcDvoZNUX5f-jaZw,UCwW2OFy95P7ZBkOPxWkpvYg,1,@MariaaliciaColonmorales,@TeresaLucero-b5o
UC9xr9QvIcDvoZNUX5f-jaZw,UCwha8rxULYMVtNwZWeSkE1A,1,@MariaaliciaColonmorales,@mariasamo8637
UC9xr9QvIcDvoZNUX5f-jaZw,UCxff05WuyvwELNITi7bj7UA,1,@MariaaliciaColonmorales,@markoherrera
UC9xr9QvIcDvoZNUX5f-jaZw,UCySYJU5kUh7X8gVt9la2ISA,1,@MariaaliciaColonmorales,@dantesarti4351
UC9xr9QvIcDvoZNUX5f-jaZw,UCylqlpsh8ENNM1LqgQ1KbxA,1,@MariaaliciaColonmorales,@Jel.Awesh.M
UC9xr9QvIcDvoZNUX5f-jaZw,UCz3gu01bmjNv0DpRq-K3XYg,1,@MariaaliciaColonmorales,@eusebiovasquez4385
UC9xr9QvIcDvoZNUX5f-jaZw,UCzSfZlOVxBSs5ObD25ywxDQ,1,@MariaaliciaColonmorales,@GilmarMaldonado-q9m
UC9xr9QvIcDvoZNUX5f-jaZw,UCzoL2l5H5eVlorWGH8AZfAg,1,@MariaaliciaColonmorales,@jor77cas
UCA93ym2TXs_Ibyxb4Vcn-6Q,UCAlzM_N6xBlMYmM8EBzX86Q,1,@oswaldosolis8728,@carlossoto3252
UCA93ym2TXs_Ibyxb4Vcn-6Q,UCAmtbUiIrUIhikru0ZoTFig,1,@oswaldosolis8728,@Aura-vf6dm
UCA93ym2TXs_Ibyxb4Vcn-6Q,UCB5p8a5gklc80jJItP6xTHg,1,@oswaldosolis8728,@ernestogamboa8737
UCA93ym2TXs_Ibyxb4Vcn-6Q,UCCaYwkkbQGcvFoUmothVdQQ,1,@oswaldosolis8728,@OsvaldoAguirre-l3i
UCA93ym2TXs_Ibyxb4Vcn-6Q,UCDIMztpVm7G27qBuiWuT6oQ,1,@oswaldosolis8728,@lizardomorataya8274
UCA93ym2TXs_Ibyxb4Vcn-6Q,UCDPWkUX3sNNaCx-m1dV4glA,1,@oswaldosolis8728,@hectoroliva949
UCA93ym2TXs_Ibyxb4Vcn-6Q,UCDQaQv0hr2SS_PO-CMEwVHg,1,@oswaldosolis8728,@federicosaquimux1933
UCA93ym2TXs_Ibyxb4Vcn-6Q,UCDUffaruH6dyUnUGwsTKpgg,1,@oswaldosolis8728,@luisletona2842
UCA93ym2TXs_Ibyxb4Vcn-6Q,UCDftMWXQoJ6nONfY7GVOVjg,1,@oswaldosolis8728,@luisgpacheco5858
UCA93ym2TXs_Ibyxb4Vcn-6Q,UCDlr1VadSucIZgZ171pRBjQ,1,@oswaldosolis8728,@cuabatzjj5924
UCA93ym2TXs_Ibyxb4Vcn-6Q,UCEgEQmRbtL5fwr9_DqAC--g,1,@oswaldosolis8728,@ArielRodas-g5y
UCA93ym2TXs_Ibyxb4Vcn-6Q,UCErZPJpHmLCsXs8ZWkAUupQ,1,@oswaldosolis8728,@dorisl.garciaroche7763
UCA93ym2TXs_Ibyxb4Vcn-6Q,UCFUuDARXdmmIrLppEqf-rFg,1,@oswaldosolis8728,@allanmunoz7410
UCA93ym2TXs_Ibyxb4Vcn-6Q,UCFhxtoeARHPnXXPcDrOU3Xg,1,@oswaldosolis8728,@diegoalejandrolopezmendez205
UCA93ym2TXs_Ibyxb4Vcn-6Q,UCFjudnPLoaSL1BaRuLahyHg,1,@oswaldosolis8728,@HaroldoCastillo-rh9iw
UCA93ym2TXs_Ibyxb4Vcn-6Q,UCFoIAE8k82D6AV-8gjjKaNg,1,@oswaldosolis8728,@eddymunoz9789
UCA93ym2TXs_Ibyxb4Vcn-6Q,UCFxE8GbokBrBsPEKM1xrOjQ,1,@oswaldosolis8728,@JuanDavila-qd7qj
UCA93ym2TXs_Ibyxb4Vcn-6Q,UCGzXwyCzMzGmjmCbH3Hg01Q,1,@oswaldosolis8728,@FidelZacarias-ph7dy
UCA93ym2TXs_Ibyxb4Vcn-6Q,UCHTGCgY2l-DQJIvlA_cpa_Q,1,@oswaldosolis8728,@virgiliogarcia3039
UCA93ym2TXs_Ibyxb4Vcn-6Q,UCHhHUjaMAZ8SiXdCUCj9DkQ,1,@oswaldosolis8728,@fredymendez1786
UCA93ym2TXs_Ibyxb4Vcn-6Q,UCKDR0f2fu2UzWL8mBv5-BHw,1,@oswaldosolis8728,@mireyamorales6595
UCA93ym2TXs_Ibyxb4Vcn-6Q,UCL13XhnRzbGokEkCkEOb0-g,1,@oswaldosolis8728,@raquelprado3643
UCA93ym2TXs_Ibyxb4Vcn-6Q,UCL1MT278vSaQ83ZDkVWn1gw,1,@oswaldosolis8728,@elmorodriguez6978
UCA93ym2TXs_Ibyxb4Vcn-6Q,UCLFdHr9BEbXHkoJopbEPLZw,1,@oswaldosolis8728,@kanterra4584
UCA93ym2TXs_Ibyxb4Vcn-6Q,UCLggDc_a5HriXv7I1h02sOA,1,@oswaldosolis8728,@guillermogonzalez5153
UCA93ym2TXs_Ibyxb4Vcn-6Q,UCN6qbfPSzFtjhqUDZ3Cv3CQ,1,@oswaldosolis8728,@carlosmedranovelasquez6380
UCA93ym2TXs_Ibyxb4Vcn-6Q,UCNBnKqWf4d-rS4HwJRQljmQ,1,@oswaldosolis8728,@LE_A22
UCA93ym2TXs_Ibyxb4Vcn-6Q,UCNkcuy42zEwddwEcOd_HpnA,1,@oswaldosolis8728,@vanigomez492
UCA93ym2TXs_Ibyxb4Vcn-6Q,UCOLGv5Pf6BF2wFcwUzgcvHg,1,@oswaldosolis8728,@welfrealdana5559
UCA93ym2TXs_Ibyxb4Vcn-6Q,UCOS8ViEkccrTZx2w2ccxotA,1,@oswaldosolis8728,@OscarHernandez-q8y
UCA93ym2TXs_Ibyxb4Vcn-6Q,UCOh6DaZC_x9HASnlRylEMfw,1,@oswaldosolis8728,@AndresMedina-v1s
UCA93ym2TXs_Ibyxb4Vcn-6Q,UCQ_-LPP8JAbfkc-b1Q6NvWw,1,@oswaldosolis8728,@MegaKristenstewart
UCA93ym2TXs_Ibyxb4Vcn-6Q,UCQgYjVngJRfPHDLGB5X6ZjA,1,@oswaldosolis8728,@oscarnavas9996
UCA93ym2TXs_Ibyxb4Vcn-6Q,UCQqetiwzzmRNTM5OWuXarGQ,1,@oswaldosolis8728,@isaiaslopezvelasquez1539
UCA93ym2TXs_Ibyxb4Vcn-6Q,UCQtICyzWmhC5woCtbNgaSmg,1,@oswaldosolis8728,@nestormendez6216
UCA93ym2TXs_Ibyxb4Vcn-6Q,UCQtSFINs1h6GHkpg9o5kMvg,1,@oswaldosolis8728,@MacarioMartinezruiz
UCA93ym2TXs_Ibyxb4Vcn-6Q,UCRETAiYdh2dL5ZxB0_N1zDA,1,@oswaldosolis8728,@Joseroland21
UCA93ym2TXs_Ibyxb4Vcn-6Q,UCRelkU8JiZBytTzebJxaa-w,1,@oswaldosolis8728,@danyraymundo2942
UCA93ym2TXs_Ibyxb4Vcn-6Q,UCRlCV9zSn7avAWh-9_XFWqQ,1,@oswaldosolis8728,@ronyarana8849
UCA93ym2TXs_Ibyxb4Vcn-6Q,UCSou6a2OuYGSvPjm5psquyA,1,@oswaldosolis8728,@FranciscoRivera-sf7ne
UCA93ym2TXs_Ibyxb4Vcn-6Q,UCTD6q1nyIe3Y7HhqjaMj72w,1,@oswaldosolis8728,@JuanChang-r6k
UCA93ym2TXs_Ibyxb4Vcn-6Q,UCTP3O0rMnc8z8v8jaDQwL0w,1,@oswaldosolis8728,@RobertoZelaya-x1v
UCA93ym2TXs_Ibyxb4Vcn-6Q,UCThW2XNsAaBKme5PUt7n-Zg,1,@oswaldosolis8728,@thelmamoran8565
UCA93ym2TXs_Ibyxb4Vcn-6Q,UCTwSut16JyAg3mX6LVUNGqA,1,@oswaldosolis8728,@SuperVictor2005
UCA93ym2TXs_Ibyxb4Vcn-6Q,UCTylKrsqkrBKIqubMu_5N0Q,1,@oswaldosolis8728,@edwingeovanymarroquinmarro6684
UCA93ym2TXs_Ibyxb4Vcn-6Q,UCUIIIPTVDVHAXqhC_5V6lPA,1,@oswaldosolis8728,@gorrarota
UCA93ym2TXs_Ibyxb4Vcn-6Q,UCV0iizTBoOfdAFX_thfI9BA,1,@oswaldosolis8728,@BenjaminLarios-jd8nk
UCA93ym2TXs_Ibyxb4Vcn-6Q,UCWIZUtKJ636y-4TYrNvok0g,1,@oswaldosolis8728,@cesarandreas7824
UCA93ym2TXs_Ibyxb4Vcn-6Q,UCXSkL3ejZ8qWYyF_M7s_QKA,1,@oswaldosolis8728,@JacintaTzoy
UCA93ym2TXs_Ibyxb4Vcn-6Q,UCXXh7yg5KUFIWylTiKVEFKQ,1,@oswaldosolis8728,@MrDuenderojo
UCA93ym2TXs_Ibyxb4Vcn-6Q,UCXgr7vXlRrsaskPdo097kGA,1,@oswaldosolis8728,@Rogergh-nw4oj
UCA93ym2TXs_Ibyxb4Vcn-6Q,UCXr8_5WtGeipe4haOoQDgyQ,1,@oswaldosolis8728,@amyherrera7352
UCA93ym2TXs_Ibyxb4Vcn-6Q,UCYN4wSQ1Sx4_LurxLlW7MPg,1,@oswaldosolis8728,@belarminavillatoro6474
UCA93ym2TXs_Ibyxb4Vcn-6Q,UCYwpX26TrCxq8TvbKGRYLXA,1,@oswaldosolis8728,@beneficioelcaminovillacana8540
UCA93ym2TXs_Ibyxb4Vcn-6Q,UCZ51R_9Q9C0c8I3pAWhtmjQ,1,@oswaldosolis8728,@belvettzapeta1251
UCA93ym2TXs_Ibyxb4Vcn-6Q,UCZLG9qH0tUjNhEGFIUt0CYw,1,@oswaldosolis8728,@SoniaMarroquin-y6e
UCA93ym2TXs_Ibyxb4Vcn-6Q,UCcfdg8crmMJwEuLUsAhV7yg,1,@oswaldosolis8728,@RolandoRaguay
UCA93ym2TXs_Ibyxb4Vcn-6Q,UCfM3nrxtTQMY5jFx1v1J4Gg,1,@oswaldosolis8728,@edgarroldan5539
UCA93ym2TXs_Ibyxb4Vcn-6Q,UCgvw7xIdGFupzpt1Y_BFkEA,1,@oswaldosolis8728,@fredygarcia9151
UCA93ym2TXs_Ibyxb4Vcn-6Q,UCh5ESQvtzyHDhCA7XyekCFA,1,@oswaldosolis8728,@andyB5280
UCA93ym2TXs_Ibyxb4Vcn-6Q,UChZknRmJkeGeQk0-mQuhDOg,1,@oswaldosolis8728,@OdilioRodríguez-c5w
UCA93ym2TXs_Ibyxb4Vcn-6Q,UChep9kVb5gQmpodEEl10Xlg,1,@oswaldosolis8728,@carlosaguilar-kz7ml
UCA93ym2TXs_Ibyxb4Vcn-6Q,UChgkn5Jt5tWKYMoEOuCjz3Q,1,@oswaldosolis8728,@pablochitay46
UCA93ym2TXs_Ibyxb4Vcn-6Q,UChs3tU2BcKOT0CezykvAsGw,1,@oswaldosolis8728,@byronpontaza
UCA93ym2TXs_Ibyxb4Vcn-6Q,UCi1b_TRQfgO1Z9O2gNGGWNA,1,@oswaldosolis8728,@davidisraelesquitsaquil
UCA93ym2TXs_Ibyxb4Vcn-6Q,UCiGRBf2RNF0WRKhRVT7zFoA,1,@oswaldosolis8728,@edwinavila4876
UCA93ym2TXs_Ibyxb4Vcn-6Q,UCiMythXHsw7eQEMykCdmMUA,1,@oswaldosolis8728,@JavierBecerra-h6x
UCA93ym2TXs_Ibyxb4Vcn-6Q,UCipetjeiWj4CZB6EbyYziZg,1,@oswaldosolis8728,@OseasSamayoa-ol5rz
UCA93ym2TXs_Ibyxb4Vcn-6Q,UCj-LL25XJnjxepPKCc3NGog,1,@oswaldosolis8728,@anaaguirre8985
UCA93ym2TXs_Ibyxb4Vcn-6Q,UCjSKM9j0Q7HLDr1hD6D-TUw,1,@oswaldosolis8728,@josehidalgo4875
UCA93ym2TXs_Ibyxb4Vcn-6Q,UCjmPuazZJzscrwvk0QR9RVw,1,@oswaldosolis8728,@mynorrodas8591
UCA93ym2TXs_Ibyxb4Vcn-6Q,UCkd9W714-947dEE6ZOEBATA,1,@oswaldosolis8728,@ARGELIATELON
UCA93ym2TXs_Ibyxb4Vcn-6Q,UCl0ekS9Tt0jJGtOEM18S63w,1,@oswaldosolis8728,@monkchapin
UCA93ym2TXs_Ibyxb4Vcn-6Q,UCljDbleJul41G1TzOjOZAVA,1,@oswaldosolis8728,@hectorcarranza3777
UCA93ym2TXs_Ibyxb4Vcn-6Q,UCmjppp6ujz3SAnULvP3sZMw,1,@oswaldosolis8728,@marcomendez7509
UCA93ym2TXs_Ibyxb4Vcn-6Q,UCmvOgzmmXbjUthHy-WJ52hQ,1,@oswaldosolis8728,@mariorodas593
UCA93ym2TXs_Ibyxb4Vcn-6Q,UCp4iw5_5SmV9VGTFSNVGOmQ,1,@oswaldosolis8728,@CARLOSSTREMS51
UCA93ym2TXs_Ibyxb4Vcn-6Q,UCpIdtvoFHVLGASGB5ySqIEA,1,@oswaldosolis8728,@VidalVillatoro-p4w
UCA93ym2TXs_Ibyxb4Vcn-6Q,UCpl8rF8uv_8uui-QRvuJaRA,1,@oswaldosolis8728,@SergioGarcia-z9c
UCA93ym2TXs_Ibyxb4Vcn-6Q,UCplrIQtaPj6au60_f2-mOYw,1,@oswaldosolis8728,@romeolopezherrarte799
UCA93ym2TXs_Ibyxb4Vcn-6Q,UCpsKOkt5iWTbenzeuq7dsmQ,1,@oswaldosolis8728,@inge_vergueta
UCA93ym2TXs_Ibyxb4Vcn-6Q,UCr1emrogPKkKTs_WTtx71xg,1,@oswaldosolis8728,@domingopeneleu6457
UCA93ym2TXs_Ibyxb4Vcn-6Q,UCrJn_rbo_ENAdeqneS-RmRw,1,@oswaldosolis8728,@josecarrera9623
UCA93ym2TXs_Ibyxb4Vcn-6Q,UCsJJAvrVGupdmhOqgtDp8dg,1,@oswaldosolis8728,@nestorlorenzana1168
UCA93ym2TXs_Ibyxb4Vcn-6Q,UCsSXdJct-nsS8DsABoEsaYA,1,@oswaldosolis8728,@IvánPérez-j4j
UCA93ym2TXs_Ibyxb4Vcn-6Q,UCsUCN0Yq_UyTvKjOJLmNrnQ,1,@oswaldosolis8728,@moisesvaldez4043
UCA93ym2TXs_Ibyxb4Vcn-6Q,UCsjs5Hp_r86x1xbK6FAeqaA,1,@oswaldosolis8728,@alvaroesquivel563
UCA93ym2TXs_Ibyxb4Vcn-6Q,UCtNfIBnc5S5DbbQj_yxgJTw,1,@oswaldosolis8728,@JosueRamirez-ey3ih
UCA93ym2TXs_Ibyxb4Vcn-6Q,UCtUR3_CAiE7fCoZHM6cMfyQ,1,@oswaldosolis8728,@mdelcid01
UCA93ym2TXs_Ibyxb4Vcn-6Q,UCueV9cTyTDwgQSec1x2dYgA,1,@oswaldosolis8728,@fredydomingo7062
UCA93ym2TXs_Ibyxb4Vcn-6Q,UCujPF2nBgsTD62nWE3lcpIg,1,@oswaldosolis8728,@victorarturoruanobautista7588
UCA93ym2TXs_Ibyxb4Vcn-6Q,UCut6b9S98nv84cVX89PmKzA,1,@oswaldosolis8728,@yeniferaguirre4498
UCA93ym2TXs_Ibyxb4Vcn-6Q,UCvApqeCbLod-wejtT4CcVuA,1,@oswaldosolis8728,@davidgaher9550
UCA93ym2TXs_Ibyxb4Vcn-6Q,UCwO2SXr0ggzwg6QWWrr01nQ,1,@oswaldosolis8728,@ricardofigueroa5720
UCA93ym2TXs_Ibyxb4Vcn-6Q,UCwW2OFy95P7ZBkOPxWkpvYg,1,@oswaldosolis8728,@TeresaLucero-b5o
UCA93ym2TXs_Ibyxb4Vcn-6Q,UCwha8rxULYMVtNwZWeSkE1A,1,@oswaldosolis8728,@mariasamo8637
UCA93ym2TXs_Ibyxb4Vcn-6Q,UCxff05WuyvwELNITi7bj7UA,1,@oswaldosolis8728,@markoherrera
UCA93ym2TXs_Ibyxb4Vcn-6Q,UCySYJU5kUh7X8gVt9la2ISA,1,@oswaldosolis8728,@dantesarti4351
UCA93ym2TXs_Ibyxb4Vcn-6Q,UCylqlpsh8ENNM1LqgQ1KbxA,1,@oswaldosolis8728,@Jel.Awesh.M
UCA93ym2TXs_Ibyxb4Vcn-6Q,UCz3gu01bmjNv0DpRq-K3XYg,1,@oswaldosolis8728,@eusebiovasquez4385
UCA93ym2TXs_Ibyxb4Vcn-6Q,UCzSfZlOVxBSs5ObD25ywxDQ,1,@oswaldosolis8728,@GilmarMaldonado-q9m
UCA93ym2TXs_Ibyxb4Vcn-6Q,UCzoL2l5H5eVlorWGH8AZfAg,1,@oswaldosolis8728,@jor77cas
UCAKuKvcbfnBD3kF5njNu-IA,UCCBYcToQ2dwkd6TJh0FSyDg,1,@melvinlopez7096,@lidiarodriguez3493
UCAKuKvcbfnBD3kF5njNu-IA,UCDrmf9y9nLgFY5wnA2hTuGA,1,@melvinlopez7096,@laboratorio5528
UCAKuKvcbfnBD3kF5njNu-IA,UCGGHbtfbbe0o68etrOf0qxw,1,@melvinlopez7096,@karensussetteleonvargas9794
UCAKuKvcbfnBD3kF5njNu-IA,UCHbwIx9pmQuf7i-4_xO2EpA,1,@melvinlopez7096,@caminoseternos752
UCAKuKvcbfnBD3kF5njNu-IA,UCNpt5CQlTzNjlAKY6CJtClQ,1,@melvinlopez7096,@eustaquiogomez9975
UCAKuKvcbfnBD3kF5njNu-IA,UCOcUI5XkTYNMSFhZNMIPpGg,1,@melvinlopez7096,@hendersonlopez3864
UCAKuKvcbfnBD3kF5njNu-IA,UCQqlPPUGqAfWjd-FSh_qn7Q,1,@melvinlopez7096,@estuardoargueta137
UCAKuKvcbfnBD3kF5njNu-IA,UCQyOePccUP-fIJYzchAgZYw,1,@melvinlopez7096,@aguilar4254
UCAKuKvcbfnBD3kF5njNu-IA,UCRAquv8el-tQ30bN7MlmySQ,1,@melvinlopez7096,@iamjimalesssa
UCAKuKvcbfnBD3kF5njNu-IA,UCRvPToDkkumha7WJAfCDk1A,1,@melvinlopez7096,@ligiaguerra3057
UCAKuKvcbfnBD3kF5njNu-IA,UCUoYsrx1oZnCZ0usbBJn4fA,1,@melvinlopez7096,@AnaDiaz-re9sq
UCAKuKvcbfnBD3kF5njNu-IA,UCV0lM03g5fg5pbPj97-sAtA,1,@melvinlopez7096,@genarodelgado3929
UCAKuKvcbfnBD3kF5njNu-IA,UCW-JC6lebVmf2P1dmY_L94g,1,@melvinlopez7096,@dinoraoroxon5771
UCAKuKvcbfnBD3kF5njNu-IA,UCW80DaMjQlEUibC98Cot-Dg,1,@melvinlopez7096,@rogeraldana4289
UCAKuKvcbfnBD3kF5njNu-IA,UCWoAVGVqCn4xtINCMOTM4jg,1,@melvinlopez7096,@OmarMartinez-vv8re
UCAKuKvcbfnBD3kF5njNu-IA,UCZeIIQrGAedW8tCbKWmGY-A,1,@melvinlopez7096,@mariocordon8873
UCAKuKvcbfnBD3kF5njNu-IA,UC_LYoGs5C3mbZKZuKuqYCvw,1,@melvinlopez7096,@javiercifuentesarchila6041
UCAKuKvcbfnBD3kF5njNu-IA,UCaKAjTW9MVub_clgr4DRYjQ,1,@melvinlopez7096,@josecastillo4390
UCAKuKvcbfnBD3kF5njNu-IA,UCdFlugHJJa4l3YqWuNRmvXw,1,@melvinlopez7096,@MarcosCarillo-b1r
UCAKuKvcbfnBD3kF5njNu-IA,UCe8JZoYkX5oKUZyivHYdXhw,1,@melvinlopez7096,@FernandoGarcia-jg1fj
UCAKuKvcbfnBD3kF5njNu-IA,UCeDNEtI8_a42bZ47wJiJMwQ,1,@melvinlopez7096,@EdgarcalderonCalderong
UCAKuKvcbfnBD3kF5njNu-IA,UCgJNFj5dnxXpcMvmuhZDPxA,1,@melvinlopez7096,@NataliaRodriguez-rx5mr
UCAKuKvcbfnBD3kF5njNu-IA,UCgQw_Sbq3ugruDUKsq1e0-A,1,@melvinlopez7096,@marlenareano-h4t
UCAKuKvcbfnBD3kF5njNu-IA,UCiC-Jn7wdgyQV4_Urk0DkWQ,1,@melvinlopez7096,@pedroros6358
UCAKuKvcbfnBD3kF5njNu-IA,UCkVtmkK07b2zaVVNssX4lOg,1,@melvinlopez7096,@HectorElias-u2l
UCAKuKvcbfnBD3kF5njNu-IA,UCkbsS_3D-pvg1iHOld9uvIg,1,@melvinlopez7096,@gonzalo6075
UCAKuKvcbfnBD3kF5njNu-IA,UClhMWQ7XKWywYvbRnuf8QsA,1,@melvinlopez7096,@EcPerez-zz9oh
UCAKuKvcbfnBD3kF5njNu-IA,UClqA491Xa5fQcXcJJa-vTWw,1,@melvinlopez7096,@AndresLemus-k2d
UCAKuKvcbfnBD3kF5njNu-IA,UColMq7LmaoY3MT6aIDGrGvA,1,@melvinlopez7096,@quijotachapina1
UCAKuKvcbfnBD3kF5njNu-IA,UCpe5jW3MIqkgTJ-PgkzvM6Q,1,@melvinlopez7096,@carloslam5333
UCAKuKvcbfnBD3kF5njNu-IA,UCpsKOkt5iWTbenzeuq7dsmQ,1,@melvinlopez7096,@inge_vergueta
UCAKuKvcbfnBD3kF5njNu-IA,UCqCrvuoJpC-aVb0f4logQRQ,1,@melvinlopez7096,@Lyrics_GT
UCAKuKvcbfnBD3kF5njNu-IA,UCsGoJEvb-cFPZ2rWoJcXzEQ,1,@melvinlopez7096,@sergiohinestroza9709
UCAKuKvcbfnBD3kF5njNu-IA,UCu8_3-Wg-YzNyvHYQDEscfw,1,@melvinlopez7096,@RolandoCastroPérez-d7y
UCAKuKvcbfnBD3kF5njNu-IA,UCuXmOjxC-htcprLgeVXz6Tg,1,@melvinlopez7096,@jorgeaguilar-bq3uj
UCAKuKvcbfnBD3kF5njNu-IA,UCwgCc9Jd_gG-uLE_SY-FfPg,1,@melvinlopez7096,@armindapenados2841
UCAKuKvcbfnBD3kF5njNu-IA,UCwjUvRseNtJoItylIyIez7Q,1,@melvinlopez7096,@Silviazea
UCAKuKvcbfnBD3kF5njNu-IA,UCylqlpsh8ENNM1LqgQ1KbxA,1,@melvinlopez7096,@Jel.Awesh.M
UCAV7QIjYhbDJaycQycM_0eQ,UCGX_UbAQOXGZknv5iqklwTA,1,@mariavail8998,@ronaldgarcia8522
UCAV7QIjYhbDJaycQycM_0eQ,UCHTGCgY2l-DQJIvlA_cpa_Q,1,@mariavail8998,@virgiliogarcia3039
UCAV7QIjYhbDJaycQycM_0eQ,UCN2N_wYOw6fMwCeSzdXLPIw,1,@mariavail8998,@danielantoniogonzalezflore4901
UCAV7QIjYhbDJaycQycM_0eQ,UCNIeXbV_mEwpa412h1aqUWw,1,@mariavail8998,@juandeleon9060
UCAV7QIjYhbDJaycQycM_0eQ,UCPZueDLrCS4BmTBRMA4q0fA,1,@mariavail8998,@kevinochoa3695
UCAV7QIjYhbDJaycQycM_0eQ,UCVQf0tzL7xRzFJsABVVULpg,1,@mariavail8998,@DennisseLopetegi
UCAV7QIjYhbDJaycQycM_0eQ,UCbYoNG5J3Au5BqtbXogfEFw,1,@mariavail8998,@Luis-gn3fj
UCAV7QIjYhbDJaycQycM_0eQ,UCf5lnNZF7Qrtli9v4N_23WQ,1,@mariavail8998,@CarlosCortez-v5r
UCAV7QIjYhbDJaycQycM_0eQ,UCg3eIfd7BrsLEqS0BLkftHA,1,@mariavail8998,@ErmePérez-q4s
UCAV7QIjYhbDJaycQycM_0eQ,UCgQJgI9vu1FI2dnC9mrFthw,1,@mariavail8998,@srms70
UCAV7QIjYhbDJaycQycM_0eQ,UClsrFGJKWPxxw7MiaEdKLXw,1,@mariavail8998,@ericapaz5406
UCAV7QIjYhbDJaycQycM_0eQ,UCtNyHmRZtvGF2hSvI2dUBWw,1,@mariavail8998,@aureliomaldonado4793
UCAV7QIjYhbDJaycQycM_0eQ,UCuP4UK33HKtJE_S39ksmaTw,1,@mariavail8998,@herbertaguilar1387
UCAV7QIjYhbDJaycQycM_0eQ,UCusjriFsDHEc2AOjqk-p5ig,1,@mariavail8998,@pablobarrios7931
UCAV7QIjYhbDJaycQycM_0eQ,UCzZ6dDCEsLMXbc5pCFXIprw,1,@mariavail8998,@josegil3813
UCAlzM_N6xBlMYmM8EBzX86Q,UCAmtbUiIrUIhikru0ZoTFig,1,@carlossoto3252,@Aura-vf6dm
UCAlzM_N6xBlMYmM8EBzX86Q,UCB5p8a5gklc80jJItP6xTHg,1,@carlossoto3252,@ernestogamboa8737
UCAlzM_N6xBlMYmM8EBzX86Q,UCCaYwkkbQGcvFoUmothVdQQ,1,@carlossoto3252,@OsvaldoAguirre-l3i
UCAlzM_N6xBlMYmM8EBzX86Q,UCDIMztpVm7G27qBuiWuT6oQ,1,@carlossoto3252,@lizardomorataya8274
UCAlzM_N6xBlMYmM8EBzX86Q,UCDPWkUX3sNNaCx-m1dV4glA,1,@carlossoto3252,@hectoroliva949
UCAlzM_N6xBlMYmM8EBzX86Q,UCDQaQv0hr2SS_PO-CMEwVHg,1,@carlossoto3252,@federicosaquimux1933
UCAlzM_N6xBlMYmM8EBzX86Q,UCDUffaruH6dyUnUGwsTKpgg,1,@carlossoto3252,@luisletona2842
UCAlzM_N6xBlMYmM8EBzX86Q,UCDftMWXQoJ6nONfY7GVOVjg,1,@carlossoto3252,@luisgpacheco5858
UCAlzM_N6xBlMYmM8EBzX86Q,UCDlr1VadSucIZgZ171pRBjQ,1,@carlossoto3252,@cuabatzjj5924
UCAlzM_N6xBlMYmM8EBzX86Q,UCEgEQmRbtL5fwr9_DqAC--g,1,@carlossoto3252,@ArielRodas-g5y
UCAlzM_N6xBlMYmM8EBzX86Q,UCErZPJpHmLCsXs8ZWkAUupQ,1,@carlossoto3252,@dorisl.garciaroche7763
UCAlzM_N6xBlMYmM8EBzX86Q,UCFUuDARXdmmIrLppEqf-rFg,1,@carlossoto3252,@allanmunoz7410
UCAlzM_N6xBlMYmM8EBzX86Q,UCFhxtoeARHPnXXPcDrOU3Xg,1,@carlossoto3252,@diegoalejandrolopezmendez205
UCAlzM_N6xBlMYmM8EBzX86Q,UCFjudnPLoaSL1BaRuLahyHg,1,@carlossoto3252,@HaroldoCastillo-rh9iw
UCAlzM_N6xBlMYmM8EBzX86Q,UCFoIAE8k82D6AV-8gjjKaNg,1,@carlossoto3252,@eddymunoz9789
UCAlzM_N6xBlMYmM8EBzX86Q,UCFxE8GbokBrBsPEKM1xrOjQ,1,@carlossoto3252,@JuanDavila-qd7qj
UCAlzM_N6xBlMYmM8EBzX86Q,UCGzXwyCzMzGmjmCbH3Hg01Q,1,@carlossoto3252,@FidelZacarias-ph7dy
UCAlzM_N6xBlMYmM8EBzX86Q,UCHTGCgY2l-DQJIvlA_cpa_Q,1,@carlossoto3252,@virgiliogarcia3039
UCAlzM_N6xBlMYmM8EBzX86Q,UCHhHUjaMAZ8SiXdCUCj9DkQ,1,@carlossoto3252,@fredymendez1786
UCAlzM_N6xBlMYmM8EBzX86Q,UCKDR0f2fu2UzWL8mBv5-BHw,1,@carlossoto3252,@mireyamorales6595
UCAlzM_N6xBlMYmM8EBzX86Q,UCL13XhnRzbGokEkCkEOb0-g,1,@carlossoto3252,@raquelprado3643
UCAlzM_N6xBlMYmM8EBzX86Q,UCL1MT278vSaQ83ZDkVWn1gw,1,@carlossoto3252,@elmorodriguez6978
UCAlzM_N6xBlMYmM8EBzX86Q,UCLFdHr9BEbXHkoJopbEPLZw,1,@carlossoto3252,@kanterra4584
UCAlzM_N6xBlMYmM8EBzX86Q,UCLggDc_a5HriXv7I1h02sOA,1,@carlossoto3252,@guillermogonzalez5153
UCAlzM_N6xBlMYmM8EBzX86Q,UCN6qbfPSzFtjhqUDZ3Cv3CQ,1,@carlossoto3252,@carlosmedranovelasquez6380
UCAlzM_N6xBlMYmM8EBzX86Q,UCNBnKqWf4d-rS4HwJRQljmQ,1,@carlossoto3252,@LE_A22
UCAlzM_N6xBlMYmM8EBzX86Q,UCNkcuy42zEwddwEcOd_HpnA,1,@carlossoto3252,@vanigomez492
UCAlzM_N6xBlMYmM8EBzX86Q,UCOLGv5Pf6BF2wFcwUzgcvHg,1,@carlossoto3252,@welfrealdana5559
UCAlzM_N6xBlMYmM8EBzX86Q,UCOS8ViEkccrTZx2w2ccxotA,1,@carlossoto3252,@OscarHernandez-q8y
UCAlzM_N6xBlMYmM8EBzX86Q,UCOh6DaZC_x9HASnlRylEMfw,1,@carlossoto3252,@AndresMedina-v1s
UCAlzM_N6xBlMYmM8EBzX86Q,UCQ_-LPP8JAbfkc-b1Q6NvWw,1,@carlossoto3252,@MegaKristenstewart
UCAlzM_N6xBlMYmM8EBzX86Q,UCQgYjVngJRfPHDLGB5X6ZjA,1,@carlossoto3252,@oscarnavas9996
UCAlzM_N6xBlMYmM8EBzX86Q,UCQqetiwzzmRNTM5OWuXarGQ,1,@carlossoto3252,@isaiaslopezvelasquez1539
UCAlzM_N6xBlMYmM8EBzX86Q,UCQtICyzWmhC5woCtbNgaSmg,1,@carlossoto3252,@nestormendez6216
UCAlzM_N6xBlMYmM8EBzX86Q,UCQtSFINs1h6GHkpg9o5kMvg,1,@carlossoto3252,@MacarioMartinezruiz
UCAlzM_N6xBlMYmM8EBzX86Q,UCRETAiYdh2dL5ZxB0_N1zDA,1,@carlossoto3252,@Joseroland21
UCAlzM_N6xBlMYmM8EBzX86Q,UCRelkU8JiZBytTzebJxaa-w,1,@carlossoto3252,@danyraymundo2942
UCAlzM_N6xBlMYmM8EBzX86Q,UCRlCV9zSn7avAWh-9_XFWqQ,1,@carlossoto3252,@ronyarana8849
UCAlzM_N6xBlMYmM8EBzX86Q,UCSou6a2OuYGSvPjm5psquyA,1,@carlossoto3252,@FranciscoRivera-sf7ne
UCAlzM_N6xBlMYmM8EBzX86Q,UCTD6q1nyIe3Y7HhqjaMj72w,1,@carlossoto3252,@JuanChang-r6k
UCAlzM_N6xBlMYmM8EBzX86Q,UCTP3O0rMnc8z8v8jaDQwL0w,1,@carlossoto3252,@RobertoZelaya-x1v
UCAlzM_N6xBlMYmM8EBzX86Q,UCThW2XNsAaBKme5PUt7n-Zg,1,@carlossoto3252,@thelmamoran8565
UCAlzM_N6xBlMYmM8EBzX86Q,UCTwSut16JyAg3mX6LVUNGqA,1,@carlossoto3252,@SuperVictor2005
UCAlzM_N6xBlMYmM8EBzX86Q,UCTylKrsqkrBKIqubMu_5N0Q,1,@carlossoto3252,@edwingeovanymarroquinmarro6684
UCAlzM_N6xBlMYmM8EBzX86Q,UCUIIIPTVDVHAXqhC_5V6lPA,1,@carlossoto3252,@gorrarota
UCAlzM_N6xBlMYmM8EBzX86Q,UCV0iizTBoOfdAFX_thfI9BA,1,@carlossoto3252,@BenjaminLarios-jd8nk
UCAlzM_N6xBlMYmM8EBzX86Q,UCWIZUtKJ636y-4TYrNvok0g,1,@carlossoto3252,@cesarandreas7824
UCAlzM_N6xBlMYmM8EBzX86Q,UCXSkL3ejZ8qWYyF_M7s_QKA,1,@carlossoto3252,@JacintaTzoy
UCAlzM_N6xBlMYmM8EBzX86Q,UCXXh7yg5KUFIWylTiKVEFKQ,1,@carlossoto3252,@MrDuenderojo
UCAlzM_N6xBlMYmM8EBzX86Q,UCXgr7vXlRrsaskPdo097kGA,1,@carlossoto3252,@Rogergh-nw4oj
UCAlzM_N6xBlMYmM8EBzX86Q,UCXr8_5WtGeipe4haOoQDgyQ,1,@carlossoto3252,@amyherrera7352
UCAlzM_N6xBlMYmM8EBzX86Q,UCYN4wSQ1Sx4_LurxLlW7MPg,1,@carlossoto3252,@belarminavillatoro6474
UCAlzM_N6xBlMYmM8EBzX86Q,UCYwpX26TrCxq8TvbKGRYLXA,1,@carlossoto3252,@beneficioelcaminovillacana8540
UCAlzM_N6xBlMYmM8EBzX86Q,UCZ51R_9Q9C0c8I3pAWhtmjQ,1,@carlossoto3252,@belvettzapeta1251
UCAlzM_N6xBlMYmM8EBzX86Q,UCZLG9qH0tUjNhEGFIUt0CYw,1,@carlossoto3252,@SoniaMarroquin-y6e
UCAlzM_N6xBlMYmM8EBzX86Q,UCcfdg8crmMJwEuLUsAhV7yg,1,@carlossoto3252,@RolandoRaguay
UCAlzM_N6xBlMYmM8EBzX86Q,UCfM3nrxtTQMY5jFx1v1J4Gg,1,@carlossoto3252,@edgarroldan5539
UCAlzM_N6xBlMYmM8EBzX86Q,UCgvw7xIdGFupzpt1Y_BFkEA,1,@carlossoto3252,@fredygarcia9151
UCAlzM_N6xBlMYmM8EBzX86Q,UCh5ESQvtzyHDhCA7XyekCFA,1,@carlossoto3252,@andyB5280
UCAlzM_N6xBlMYmM8EBzX86Q,UChZknRmJkeGeQk0-mQuhDOg,1,@carlossoto3252,@OdilioRodríguez-c5w
UCAlzM_N6xBlMYmM8EBzX86Q,UChep9kVb5gQmpodEEl10Xlg,1,@carlossoto3252,@carlosaguilar-kz7ml
UCAlzM_N6xBlMYmM8EBzX86Q,UChgkn5Jt5tWKYMoEOuCjz3Q,1,@carlossoto3252,@pablochitay46
UCAlzM_N6xBlMYmM8EBzX86Q,UChs3tU2BcKOT0CezykvAsGw,1,@carlossoto3252,@byronpontaza
UCAlzM_N6xBlMYmM8EBzX86Q,UCi1b_TRQfgO1Z9O2gNGGWNA,1,@carlossoto3252,@davidisraelesquitsaquil
UCAlzM_N6xBlMYmM8EBzX86Q,UCiGRBf2RNF0WRKhRVT7zFoA,1,@carlossoto3252,@edwinavila4876
UCAlzM_N6xBlMYmM8EBzX86Q,UCiMythXHsw7eQEMykCdmMUA,1,@carlossoto3252,@JavierBecerra-h6x
UCAlzM_N6xBlMYmM8EBzX86Q,UCipetjeiWj4CZB6EbyYziZg,1,@carlossoto3252,@OseasSamayoa-ol5rz
UCAlzM_N6xBlMYmM8EBzX86Q,UCj-LL25XJnjxepPKCc3NGog,1,@carlossoto3252,@anaaguirre8985
UCAlzM_N6xBlMYmM8EBzX86Q,UCjSKM9j0Q7HLDr1hD6D-TUw,1,@carlossoto3252,@josehidalgo4875
UCAlzM_N6xBlMYmM8EBzX86Q,UCjmPuazZJzscrwvk0QR9RVw,1,@carlossoto3252,@mynorrodas8591
UCAlzM_N6xBlMYmM8EBzX86Q,UCkd9W714-947dEE6ZOEBATA,1,@carlossoto3252,@ARGELIATELON
UCAlzM_N6xBlMYmM8EBzX86Q,UCl0ekS9Tt0jJGtOEM18S63w,1,@carlossoto3252,@monkchapin
UCAlzM_N6xBlMYmM8EBzX86Q,UCljDbleJul41G1TzOjOZAVA,1,@carlossoto3252,@hectorcarranza3777
UCAlzM_N6xBlMYmM8EBzX86Q,UCmjppp6ujz3SAnULvP3sZMw,1,@carlossoto3252,@marcomendez7509
UCAlzM_N6xBlMYmM8EBzX86Q,UCmvOgzmmXbjUthHy-WJ52hQ,1,@carlossoto3252,@mariorodas593
UCAlzM_N6xBlMYmM8EBzX86Q,UCp4iw5_5SmV9VGTFSNVGOmQ,1,@carlossoto3252,@CARLOSSTREMS51
UCAlzM_N6xBlMYmM8EBzX86Q,UCpIdtvoFHVLGASGB5ySqIEA,1,@carlossoto3252,@VidalVillatoro-p4w
UCAlzM_N6xBlMYmM8EBzX86Q,UCpl8rF8uv_8uui-QRvuJaRA,1,@carlossoto3252,@SergioGarcia-z9c
UCAlzM_N6xBlMYmM8EBzX86Q,UCplrIQtaPj6au60_f2-mOYw,1,@carlossoto3252,@romeolopezherrarte799
UCAlzM_N6xBlMYmM8EBzX86Q,UCpsKOkt5iWTbenzeuq7dsmQ,1,@carlossoto3252,@inge_vergueta
UCAlzM_N6xBlMYmM8EBzX86Q,UCr1emrogPKkKTs_WTtx71xg,1,@carlossoto3252,@domingopeneleu6457
UCAlzM_N6xBlMYmM8EBzX86Q,UCrJn_rbo_ENAdeqneS-RmRw,1,@carlossoto3252,@josecarrera9623
UCAlzM_N6xBlMYmM8EBzX86Q,UCsJJAvrVGupdmhOqgtDp8dg,1,@carlossoto3252,@nestorlorenzana1168
UCAlzM_N6xBlMYmM8EBzX86Q,UCsSXdJct-nsS8DsABoEsaYA,1,@carlossoto3252,@IvánPérez-j4j
UCAlzM_N6xBlMYmM8EBzX86Q,UCsUCN0Yq_UyTvKjOJLmNrnQ,1,@carlossoto3252,@moisesvaldez4043
UCAlzM_N6xBlMYmM8EBzX86Q,UCsjs5Hp_r86x1xbK6FAeqaA,1,@carlossoto3252,@alvaroesquivel563
UCAlzM_N6xBlMYmM8EBzX86Q,UCtNfIBnc5S5DbbQj_yxgJTw,1,@carlossoto3252,@JosueRamirez-ey3ih
UCAlzM_N6xBlMYmM8EBzX86Q,UCtUR3_CAiE7fCoZHM6cMfyQ,1,@carlossoto3252,@mdelcid01
UCAlzM_N6xBlMYmM8EBzX86Q,UCueV9cTyTDwgQSec1x2dYgA,1,@carlossoto3252,@fredydomingo7062
UCAlzM_N6xBlMYmM8EBzX86Q,UCujPF2nBgsTD62nWE3lcpIg,1,@carlossoto3252,@victorarturoruanobautista7588
UCAlzM_N6xBlMYmM8EBzX86Q,UCut6b9S98nv84cVX89PmKzA,1,@carlossoto3252,@yeniferaguirre4498
UCAlzM_N6xBlMYmM8EBzX86Q,UCvApqeCbLod-wejtT4CcVuA,1,@carlossoto3252,@davidgaher9550
UCAlzM_N6xBlMYmM8EBzX86Q,UCwO2SXr0ggzwg6QWWrr01nQ,1,@carlossoto3252,@ricardofigueroa5720
UCAlzM_N6xBlMYmM8EBzX86Q,UCwW2OFy95P7ZBkOPxWkpvYg,1,@carlossoto3252,@TeresaLucero-b5o
UCAlzM_N6xBlMYmM8EBzX86Q,UCwha8rxULYMVtNwZWeSkE1A,1,@carlossoto3252,@mariasamo8637
UCAlzM_N6xBlMYmM8EBzX86Q,UCxff05WuyvwELNITi7bj7UA,1,@carlossoto3252,@markoherrera
UCAlzM_N6xBlMYmM8EBzX86Q,UCySYJU5kUh7X8gVt9la2ISA,1,@carlossoto3252,@dantesarti4351
UCAlzM_N6xBlMYmM8EBzX86Q,UCylqlpsh8ENNM1LqgQ1KbxA,1,@carlossoto3252,@Jel.Awesh.M
UCAlzM_N6xBlMYmM8EBzX86Q,UCz3gu01bmjNv0DpRq-K3XYg,1,@carlossoto3252,@eusebiovasquez4385
UCAlzM_N6xBlMYmM8EBzX86Q,UCzSfZlOVxBSs5ObD25ywxDQ,1,@carlossoto3252,@GilmarMaldonado-q9m
UCAlzM_N6xBlMYmM8EBzX86Q,UCzoL2l5H5eVlorWGH8AZfAg,1,@carlossoto3252,@jor77cas
UCAmtbUiIrUIhikru0ZoTFig,UCB5p8a5gklc80jJItP6xTHg,1,@Aura-vf6dm,@ernestogamboa8737
UCAmtbUiIrUIhikru0ZoTFig,UCCaYwkkbQGcvFoUmothVdQQ,1,@Aura-vf6dm,@OsvaldoAguirre-l3i
UCAmtbUiIrUIhikru0ZoTFig,UCDIMztpVm7G27qBuiWuT6oQ,1,@Aura-vf6dm,@lizardomorataya8274
UCAmtbUiIrUIhikru0ZoTFig,UCDPWkUX3sNNaCx-m1dV4glA,1,@Aura-vf6dm,@hectoroliva949
UCAmtbUiIrUIhikru0ZoTFig,UCDQaQv0hr2SS_PO-CMEwVHg,1,@Aura-vf6dm,@federicosaquimux1933
UCAmtbUiIrUIhikru0ZoTFig,UCDUffaruH6dyUnUGwsTKpgg,1,@Aura-vf6dm,@luisletona2842
UCAmtbUiIrUIhikru0ZoTFig,UCDftMWXQoJ6nONfY7GVOVjg,1,@Aura-vf6dm,@luisgpacheco5858
UCAmtbUiIrUIhikru0ZoTFig,UCDlr1VadSucIZgZ171pRBjQ,1,@Aura-vf6dm,@cuabatzjj5924
UCAmtbUiIrUIhikru0ZoTFig,UCEgEQmRbtL5fwr9_DqAC--g,1,@Aura-vf6dm,@ArielRodas-g5y
UCAmtbUiIrUIhikru0ZoTFig,UCErZPJpHmLCsXs8ZWkAUupQ,1,@Aura-vf6dm,@dorisl.garciaroche7763
UCAmtbUiIrUIhikru0ZoTFig,UCFUuDARXdmmIrLppEqf-rFg,1,@Aura-vf6dm,@allanmunoz7410
UCAmtbUiIrUIhikru0ZoTFig,UCFhxtoeARHPnXXPcDrOU3Xg,1,@Aura-vf6dm,@diegoalejandrolopezmendez205
UCAmtbUiIrUIhikru0ZoTFig,UCFjudnPLoaSL1BaRuLahyHg,1,@Aura-vf6dm,@HaroldoCastillo-rh9iw
UCAmtbUiIrUIhikru0ZoTFig,UCFoIAE8k82D6AV-8gjjKaNg,1,@Aura-vf6dm,@eddymunoz9789
UCAmtbUiIrUIhikru0ZoTFig,UCFxE8GbokBrBsPEKM1xrOjQ,1,@Aura-vf6dm,@JuanDavila-qd7qj
UCAmtbUiIrUIhikru0ZoTFig,UCGzXwyCzMzGmjmCbH3Hg01Q,1,@Aura-vf6dm,@FidelZacarias-ph7dy
UCAmtbUiIrUIhikru0ZoTFig,UCHTGCgY2l-DQJIvlA_cpa_Q,1,@Aura-vf6dm,@virgiliogarcia3039
UCAmtbUiIrUIhikru0ZoTFig,UCHhHUjaMAZ8SiXdCUCj9DkQ,1,@Aura-vf6dm,@fredymendez1786
UCAmtbUiIrUIhikru0ZoTFig,UCKDR0f2fu2UzWL8mBv5-BHw,1,@Aura-vf6dm,@mireyamorales6595
UCAmtbUiIrUIhikru0ZoTFig,UCL13XhnRzbGokEkCkEOb0-g,1,@Aura-vf6dm,@raquelprado3643
UCAmtbUiIrUIhikru0ZoTFig,UCL1MT278vSaQ83ZDkVWn1gw,1,@Aura-vf6dm,@elmorodriguez6978
UCAmtbUiIrUIhikru0ZoTFig,UCLFdHr9BEbXHkoJopbEPLZw,1,@Aura-vf6dm,@kanterra4584
UCAmtbUiIrUIhikru0ZoTFig,UCLggDc_a5HriXv7I1h02sOA,1,@Aura-vf6dm,@guillermogonzalez5153
UCAmtbUiIrUIhikru0ZoTFig,UCN6qbfPSzFtjhqUDZ3Cv3CQ,1,@Aura-vf6dm,@carlosmedranovelasquez6380
UCAmtbUiIrUIhikru0ZoTFig,UCNBnKqWf4d-rS4HwJRQljmQ,1,@Aura-vf6dm,@LE_A22
UCAmtbUiIrUIhikru0ZoTFig,UCNkcuy42zEwddwEcOd_HpnA,1,@Aura-vf6dm,@vanigomez492
UCAmtbUiIrUIhikru0ZoTFig,UCOLGv5Pf6BF2wFcwUzgcvHg,1,@Aura-vf6dm,@welfrealdana5559
UCAmtbUiIrUIhikru0ZoTFig,UCOS8ViEkccrTZx2w2ccxotA,1,@Aura-vf6dm,@OscarHernandez-q8y
UCAmtbUiIrUIhikru0ZoTFig,UCOh6DaZC_x9HASnlRylEMfw,1,@Aura-vf6dm,@AndresMedina-v1s
UCAmtbUiIrUIhikru0ZoTFig,UCQ_-LPP8JAbfkc-b1Q6NvWw,1,@Aura-vf6dm,@MegaKristenstewart
UCAmtbUiIrUIhikru0ZoTFig,UCQgYjVngJRfPHDLGB5X6ZjA,1,@Aura-vf6dm,@oscarnavas9996
UCAmtbUiIrUIhikru0ZoTFig,UCQqetiwzzmRNTM5OWuXarGQ,1,@Aura-vf6dm,@isaiaslopezvelasquez1539
UCAmtbUiIrUIhikru0ZoTFig,UCQtICyzWmhC5woCtbNgaSmg,1,@Aura-vf6dm,@nestormendez6216
UCAmtbUiIrUIhikru0ZoTFig,UCQtSFINs1h6GHkpg9o5kMvg,1,@Aura-vf6dm,@MacarioMartinezruiz
UCAmtbUiIrUIhikru0ZoTFig,UCRETAiYdh2dL5ZxB0_N1zDA,1,@Aura-vf6dm,@Joseroland21
UCAmtbUiIrUIhikru0ZoTFig,UCRelkU8JiZBytTzebJxaa-w,1,@Aura-vf6dm,@danyraymundo2942
UCAmtbUiIrUIhikru0ZoTFig,UCRlCV9zSn7avAWh-9_XFWqQ,1,@Aura-vf6dm,@ronyarana8849
UCAmtbUiIrUIhikru0ZoTFig,UCSou6a2OuYGSvPjm5psquyA,1,@Aura-vf6dm,@FranciscoRivera-sf7ne
UCAmtbUiIrUIhikru0ZoTFig,UCTD6q1nyIe3Y7HhqjaMj72w,1,@Aura-vf6dm,@JuanChang-r6k
UCAmtbUiIrUIhikru0ZoTFig,UCTP3O0rMnc8z8v8jaDQwL0w,1,@Aura-vf6dm,@RobertoZelaya-x1v
UCAmtbUiIrUIhikru0ZoTFig,UCThW2XNsAaBKme5PUt7n-Zg,1,@Aura-vf6dm,@thelmamoran8565
UCAmtbUiIrUIhikru0ZoTFig,UCTwSut16JyAg3mX6LVUNGqA,1,@Aura-vf6dm,@SuperVictor2005
UCAmtbUiIrUIhikru0ZoTFig,UCTylKrsqkrBKIqubMu_5N0Q,1,@Aura-vf6dm,@edwingeovanymarroquinmarro6684
UCAmtbUiIrUIhikru0ZoTFig,UCUIIIPTVDVHAXqhC_5V6lPA,1,@Aura-vf6dm,@gorrarota
UCAmtbUiIrUIhikru0ZoTFig,UCV0iizTBoOfdAFX_thfI9BA,1,@Aura-vf6dm,@BenjaminLarios-jd8nk
UCAmtbUiIrUIhikru0ZoTFig,UCWIZUtKJ636y-4TYrNvok0g,1,@Aura-vf6dm,@cesarandreas7824
UCAmtbUiIrUIhikru0ZoTFig,UCXSkL3ejZ8qWYyF_M7s_QKA,1,@Aura-vf6dm,@JacintaTzoy
UCAmtbUiIrUIhikru0ZoTFig,UCXXh7yg5KUFIWylTiKVEFKQ,1,@Aura-vf6dm,@MrDuenderojo
UCAmtbUiIrUIhikru0ZoTFig,UCXgr7vXlRrsaskPdo097kGA,1,@Aura-vf6dm,@Rogergh-nw4oj
UCAmtbUiIrUIhikru0ZoTFig,UCXr8_5WtGeipe4haOoQDgyQ,1,@Aura-vf6dm,@amyherrera7352
UCAmtbUiIrUIhikru0ZoTFig,UCYN4wSQ1Sx4_LurxLlW7MPg,1,@Aura-vf6dm,@belarminavillatoro6474
UCAmtbUiIrUIhikru0ZoTFig,UCYwpX26TrCxq8TvbKGRYLXA,1,@Aura-vf6dm,@beneficioelcaminovillacana8540
UCAmtbUiIrUIhikru0ZoTFig,UCZ51R_9Q9C0c8I3pAWhtmjQ,1,@Aura-vf6dm,@belvettzapeta1251
UCAmtbUiIrUIhikru0ZoTFig,UCZLG9qH0tUjNhEGFIUt0CYw,1,@Aura-vf6dm,@SoniaMarroquin-y6e
UCAmtbUiIrUIhikru0ZoTFig,UCcfdg8crmMJwEuLUsAhV7yg,1,@Aura-vf6dm,@RolandoRaguay
UCAmtbUiIrUIhikru0ZoTFig,UCfM3nrxtTQMY5jFx1v1J4Gg,1,@Aura-vf6dm,@edgarroldan5539
UCAmtbUiIrUIhikru0ZoTFig,UCgvw7xIdGFupzpt1Y_BFkEA,1,@Aura-vf6dm,@fredygarcia9151
UCAmtbUiIrUIhikru0ZoTFig,UCh5ESQvtzyHDhCA7XyekCFA,1,@Aura-vf6dm,@andyB5280
UCAmtbUiIrUIhikru0ZoTFig,UChZknRmJkeGeQk0-mQuhDOg,1,@Aura-vf6dm,@OdilioRodríguez-c5w
UCAmtbUiIrUIhikru0ZoTFig,UChep9kVb5gQmpodEEl10Xlg,1,@Aura-vf6dm,@carlosaguilar-kz7ml
UCAmtbUiIrUIhikru0ZoTFig,UChgkn5Jt5tWKYMoEOuCjz3Q,1,@Aura-vf6dm,@pablochitay46
UCAmtbUiIrUIhikru0ZoTFig,UChs3tU2BcKOT0CezykvAsGw,1,@Aura-vf6dm,@byronpontaza
UCAmtbUiIrUIhikru0ZoTFig,UCi1b_TRQfgO1Z9O2gNGGWNA,1,@Aura-vf6dm,@davidisraelesquitsaquil
UCAmtbUiIrUIhikru0ZoTFig,UCiGRBf2RNF0WRKhRVT7zFoA,1,@Aura-vf6dm,@edwinavila4876
UCAmtbUiIrUIhikru0ZoTFig,UCiMythXHsw7eQEMykCdmMUA,1,@Aura-vf6dm,@JavierBecerra-h6x
UCAmtbUiIrUIhikru0ZoTFig,UCipetjeiWj4CZB6EbyYziZg,1,@Aura-vf6dm,@OseasSamayoa-ol5rz
UCAmtbUiIrUIhikru0ZoTFig,UCj-LL25XJnjxepPKCc3NGog,1,@Aura-vf6dm,@anaaguirre8985
UCAmtbUiIrUIhikru0ZoTFig,UCjSKM9j0Q7HLDr1hD6D-TUw,1,@Aura-vf6dm,@josehidalgo4875
UCAmtbUiIrUIhikru0ZoTFig,UCjmPuazZJzscrwvk0QR9RVw,1,@Aura-vf6dm,@mynorrodas8591
UCAmtbUiIrUIhikru0ZoTFig,UCkd9W714-947dEE6ZOEBATA,1,@Aura-vf6dm,@ARGELIATELON
UCAmtbUiIrUIhikru0ZoTFig,UCl0ekS9Tt0jJGtOEM18S63w,1,@Aura-vf6dm,@monkchapin
UCAmtbUiIrUIhikru0ZoTFig,UCljDbleJul41G1TzOjOZAVA,1,@Aura-vf6dm,@hectorcarranza3777
UCAmtbUiIrUIhikru0ZoTFig,UCmjppp6ujz3SAnULvP3sZMw,1,@Aura-vf6dm,@marcomendez7509
UCAmtbUiIrUIhikru0ZoTFig,UCmvOgzmmXbjUthHy-WJ52hQ,1,@Aura-vf6dm,@mariorodas593
UCAmtbUiIrUIhikru0ZoTFig,UCp4iw5_5SmV9VGTFSNVGOmQ,1,@Aura-vf6dm,@CARLOSSTREMS51
UCAmtbUiIrUIhikru0ZoTFig,UCpIdtvoFHVLGASGB5ySqIEA,1,@Aura-vf6dm,@VidalVillatoro-p4w
UCAmtbUiIrUIhikru0ZoTFig,UCpl8rF8uv_8uui-QRvuJaRA,1,@Aura-vf6dm,@SergioGarcia-z9c
UCAmtbUiIrUIhikru0ZoTFig,UCplrIQtaPj6au60_f2-mOYw,1,@Aura-vf6dm,@romeolopezherrarte799
UCAmtbUiIrUIhikru0ZoTFig,UCpsKOkt5iWTbenzeuq7dsmQ,1,@Aura-vf6dm,@inge_vergueta
UCAmtbUiIrUIhikru0ZoTFig,UCr1emrogPKkKTs_WTtx71xg,1,@Aura-vf6dm,@domingopeneleu6457
UCAmtbUiIrUIhikru0ZoTFig,UCrJn_rbo_ENAdeqneS-RmRw,1,@Aura-vf6dm,@josecarrera9623
UCAmtbUiIrUIhikru0ZoTFig,UCsJJAvrVGupdmhOqgtDp8dg,1,@Aura-vf6dm,@nestorlorenzana1168
UCAmtbUiIrUIhikru0ZoTFig,UCsSXdJct-nsS8DsABoEsaYA,1,@Aura-vf6dm,@IvánPérez-j4j
UCAmtbUiIrUIhikru0ZoTFig,UCsUCN0Yq_UyTvKjOJLmNrnQ,1,@Aura-vf6dm,@moisesvaldez4043
UCAmtbUiIrUIhikru0ZoTFig,UCsjs5Hp_r86x1xbK6FAeqaA,1,@Aura-vf6dm,@alvaroesquivel563
UCAmtbUiIrUIhikru0ZoTFig,UCtNfIBnc5S5DbbQj_yxgJTw,1,@Aura-vf6dm,@JosueRamirez-ey3ih
UCAmtbUiIrUIhikru0ZoTFig,UCtUR3_CAiE7fCoZHM6cMfyQ,1,@Aura-vf6dm,@mdelcid01
UCAmtbUiIrUIhikru0ZoTFig,UCueV9cTyTDwgQSec1x2dYgA,1,@Aura-vf6dm,@fredydomingo7062
UCAmtbUiIrUIhikru0ZoTFig,UCujPF2nBgsTD62nWE3lcpIg,1,@Aura-vf6dm,@victorarturoruanobautista7588
UCAmtbUiIrUIhikru0ZoTFig,UCut6b9S98nv84cVX89PmKzA,1,@Aura-vf6dm,@yeniferaguirre4498
UCAmtbUiIrUIhikru0ZoTFig,UCvApqeCbLod-wejtT4CcVuA,1,@Aura-vf6dm,@davidgaher9550
UCAmtbUiIrUIhikru0ZoTFig,UCwO2SXr0ggzwg6QWWrr01nQ,1,@Aura-vf6dm,@ricardofigueroa5720
UCAmtbUiIrUIhikru0ZoTFig,UCwW2OFy95P7ZBkOPxWkpvYg,1,@Aura-vf6dm,@TeresaLucero-b5o
UCAmtbUiIrUIhikru0ZoTFig,UCwha8rxULYMVtNwZWeSkE1A,1,@Aura-vf6dm,@mariasamo8637
UCAmtbUiIrUIhikru0ZoTFig,UCxff05WuyvwELNITi7bj7UA,1,@Aura-vf6dm,@markoherrera
UCAmtbUiIrUIhikru0ZoTFig,UCySYJU5kUh7X8gVt9la2ISA,1,@Aura-vf6dm,@dantesarti4351
UCAmtbUiIrUIhikru0ZoTFig,UCylqlpsh8ENNM1LqgQ1KbxA,1,@Aura-vf6dm,@Jel.Awesh.M
UCAmtbUiIrUIhikru0ZoTFig,UCz3gu01bmjNv0DpRq-K3XYg,1,@Aura-vf6dm,@eusebiovasquez4385
UCAmtbUiIrUIhikru0ZoTFig,UCzSfZlOVxBSs5ObD25ywxDQ,1,@Aura-vf6dm,@GilmarMaldonado-q9m
UCAmtbUiIrUIhikru0ZoTFig,UCzoL2l5H5eVlorWGH8AZfAg,1,@Aura-vf6dm,@jor77cas
UCAxvOOHQk7dYPOajzFEVtbA,UCIXLDYqR_syskKRJy_x9W9Q,1,@ruddydepaz322,@carlitosramirez4739
UCAxvOOHQk7dYPOajzFEVtbA,UCLXYp1Cvc5DLtq5UQL5D9vw,1,@ruddydepaz322,@jorgecifuentes-m5g
UCAxvOOHQk7dYPOajzFEVtbA,UCO0zwwLWGyDgQmWPJ5Qrr1w,1,@ruddydepaz322,@elsalvador3605
UCAxvOOHQk7dYPOajzFEVtbA,UCXN2s7DwTJm33xO-pNkAdaA,1,@ruddydepaz322,@edithsan7688
UCAxvOOHQk7dYPOajzFEVtbA,UC_3xuTXvMIWU5MYP9HkJ3vQ,1,@ruddydepaz322,@Historia-wm4os
UCAxvOOHQk7dYPOajzFEVtbA,UCfXykdbSU97rj987LDUGfvg,1,@ruddydepaz322,@MariaSantos-c8y3h
UCAxvOOHQk7dYPOajzFEVtbA,UCfjhejO7LZy4doXURa7LZCQ,1,@ruddydepaz322,@HonwayLee-z5g
UCAxvOOHQk7dYPOajzFEVtbA,UCjZgFEowMBrsjodqfovzdKw,1,@ruddydepaz322,@franciscoflores3120
UCAxvOOHQk7dYPOajzFEVtbA,UCq3mDTTRZnUybct5M9OSXbg,1,@ruddydepaz322,@MacoMorales-i2i2d
UCAxvOOHQk7dYPOajzFEVtbA,UCvl1tzQeBeGy6efPTRJXSCw,1,@ruddydepaz322,@RaulPerez-cw2vi
UCAxvOOHQk7dYPOajzFEVtbA,UCwCfs-2zbD5k0lG-UVg_JBw,1,@ruddydepaz322,@JessicaHuaz-96
UCB5p8a5gklc80jJItP6xTHg,UCCaYwkkbQGcvFoUmothVdQQ,1,@ernestogamboa8737,@OsvaldoAguirre-l3i
UCB5p8a5gklc80jJItP6xTHg,UCDIMztpVm7G27qBuiWuT6oQ,1,@ernestogamboa8737,@lizardomorataya8274
UCB5p8a5gklc80jJItP6xTHg,UCDPWkUX3sNNaCx-m1dV4glA,1,@ernestogamboa8737,@hectoroliva949
UCB5p8a5gklc80jJItP6xTHg,UCDQaQv0hr2SS_PO-CMEwVHg,1,@ernestogamboa8737,@federicosaquimux1933
UCB5p8a5gklc80jJItP6xTHg,UCDUffaruH6dyUnUGwsTKpgg,1,@ernestogamboa8737,@luisletona2842
UCB5p8a5gklc80jJItP6xTHg,UCDftMWXQoJ6nONfY7GVOVjg,1,@ernestogamboa8737,@luisgpacheco5858
UCB5p8a5gklc80jJItP6xTHg,UCDlr1VadSucIZgZ171pRBjQ,1,@ernestogamboa8737,@cuabatzjj5924
UCB5p8a5gklc80jJItP6xTHg,UCEgEQmRbtL5fwr9_DqAC--g,1,@ernestogamboa8737,@ArielRodas-g5y
UCB5p8a5gklc80jJItP6xTHg,UCErZPJpHmLCsXs8ZWkAUupQ,1,@ernestogamboa8737,@dorisl.garciaroche7763
UCB5p8a5gklc80jJItP6xTHg,UCFUuDARXdmmIrLppEqf-rFg,1,@ernestogamboa8737,@allanmunoz7410
UCB5p8a5gklc80jJItP6xTHg,UCFhxtoeARHPnXXPcDrOU3Xg,1,@ernestogamboa8737,@diegoalejandrolopezmendez205
UCB5p8a5gklc80jJItP6xTHg,UCFjudnPLoaSL1BaRuLahyHg,1,@ernestogamboa8737,@HaroldoCastillo-rh9iw
UCB5p8a5gklc80jJItP6xTHg,UCFoIAE8k82D6AV-8gjjKaNg,1,@ernestogamboa8737,@eddymunoz9789
UCB5p8a5gklc80jJItP6xTHg,UCFxE8GbokBrBsPEKM1xrOjQ,1,@ernestogamboa8737,@JuanDavila-qd7qj
UCB5p8a5gklc80jJItP6xTHg,UCGzXwyCzMzGmjmCbH3Hg01Q,1,@ernestogamboa8737,@FidelZacarias-ph7dy
UCB5p8a5gklc80jJItP6xTHg,UCHTGCgY2l-DQJIvlA_cpa_Q,1,@ernestogamboa8737,@virgiliogarcia3039
UCB5p8a5gklc80jJItP6xTHg,UCHhHUjaMAZ8SiXdCUCj9DkQ,1,@ernestogamboa8737,@fredymendez1786
UCB5p8a5gklc80jJItP6xTHg,UCKDR0f2fu2UzWL8mBv5-BHw,1,@ernestogamboa8737,@mireyamorales6595
UCB5p8a5gklc80jJItP6xTHg,UCL13XhnRzbGokEkCkEOb0-g,1,@ernestogamboa8737,@raquelprado3643
UCB5p8a5gklc80jJItP6xTHg,UCL1MT278vSaQ83ZDkVWn1gw,1,@ernestogamboa8737,@elmorodriguez6978
UCB5p8a5gklc80jJItP6xTHg,UCLFdHr9BEbXHkoJopbEPLZw,1,@ernestogamboa8737,@kanterra4584
UCB5p8a5gklc80jJItP6xTHg,UCLggDc_a5HriXv7I1h02sOA,1,@ernestogamboa8737,@guillermogonzalez5153
UCB5p8a5gklc80jJItP6xTHg,UCN6qbfPSzFtjhqUDZ3Cv3CQ,1,@ernestogamboa8737,@carlosmedranovelasquez6380
UCB5p8a5gklc80jJItP6xTHg,UCNBnKqWf4d-rS4HwJRQljmQ,1,@ernestogamboa8737,@LE_A22
UCB5p8a5gklc80jJItP6xTHg,UCNkcuy42zEwddwEcOd_HpnA,1,@ernestogamboa8737,@vanigomez492
UCB5p8a5gklc80jJItP6xTHg,UCOLGv5Pf6BF2wFcwUzgcvHg,1,@ernestogamboa8737,@welfrealdana5559
UCB5p8a5gklc80jJItP6xTHg,UCOS8ViEkccrTZx2w2ccxotA,1,@ernestogamboa8737,@OscarHernandez-q8y
UCB5p8a5gklc80jJItP6xTHg,UCOh6DaZC_x9HASnlRylEMfw,1,@ernestogamboa8737,@AndresMedina-v1s
UCB5p8a5gklc80jJItP6xTHg,UCQ_-LPP8JAbfkc-b1Q6NvWw,1,@ernestogamboa8737,@MegaKristenstewart
UCB5p8a5gklc80jJItP6xTHg,UCQgYjVngJRfPHDLGB5X6ZjA,1,@ernestogamboa8737,@oscarnavas9996
UCB5p8a5gklc80jJItP6xTHg,UCQqetiwzzmRNTM5OWuXarGQ,1,@ernestogamboa8737,@isaiaslopezvelasquez1539
UCB5p8a5gklc80jJItP6xTHg,UCQtICyzWmhC5woCtbNgaSmg,1,@ernestogamboa8737,@nestormendez6216
UCB5p8a5gklc80jJItP6xTHg,UCQtSFINs1h6GHkpg9o5kMvg,1,@ernestogamboa8737,@MacarioMartinezruiz
UCB5p8a5gklc80jJItP6xTHg,UCRETAiYdh2dL5ZxB0_N1zDA,1,@ernestogamboa8737,@Joseroland21
UCB5p8a5gklc80jJItP6xTHg,UCRelkU8JiZBytTzebJxaa-w,1,@ernestogamboa8737,@danyraymundo2942
UCB5p8a5gklc80jJItP6xTHg,UCRlCV9zSn7avAWh-9_XFWqQ,1,@ernestogamboa8737,@ronyarana8849
UCB5p8a5gklc80jJItP6xTHg,UCSou6a2OuYGSvPjm5psquyA,1,@ernestogamboa8737,@FranciscoRivera-sf7ne
UCB5p8a5gklc80jJItP6xTHg,UCTD6q1nyIe3Y7HhqjaMj72w,1,@ernestogamboa8737,@JuanChang-r6k
UCB5p8a5gklc80jJItP6xTHg,UCTP3O0rMnc8z8v8jaDQwL0w,1,@ernestogamboa8737,@RobertoZelaya-x1v
UCB5p8a5gklc80jJItP6xTHg,UCThW2XNsAaBKme5PUt7n-Zg,1,@ernestogamboa8737,@thelmamoran8565
UCB5p8a5gklc80jJItP6xTHg,UCTwSut16JyAg3mX6LVUNGqA,1,@ernestogamboa8737,@SuperVictor2005
UCB5p8a5gklc80jJItP6xTHg,UCTylKrsqkrBKIqubMu_5N0Q,1,@ernestogamboa8737,@edwingeovanymarroquinmarro6684
UCB5p8a5gklc80jJItP6xTHg,UCUIIIPTVDVHAXqhC_5V6lPA,1,@ernestogamboa8737,@gorrarota
UCB5p8a5gklc80jJItP6xTHg,UCV0iizTBoOfdAFX_thfI9BA,1,@ernestogamboa8737,@BenjaminLarios-jd8nk
UCB5p8a5gklc80jJItP6xTHg,UCWIZUtKJ636y-4TYrNvok0g,1,@ernestogamboa8737,@cesarandreas7824
UCB5p8a5gklc80jJItP6xTHg,UCXSkL3ejZ8qWYyF_M7s_QKA,1,@ernestogamboa8737,@JacintaTzoy
UCB5p8a5gklc80jJItP6xTHg,UCXXh7yg5KUFIWylTiKVEFKQ,1,@ernestogamboa8737,@MrDuenderojo
UCB5p8a5gklc80jJItP6xTHg,UCXgr7vXlRrsaskPdo097kGA,1,@ernestogamboa8737,@Rogergh-nw4oj
UCB5p8a5gklc80jJItP6xTHg,UCXr8_5WtGeipe4haOoQDgyQ,1,@ernestogamboa8737,@amyherrera7352
UCB5p8a5gklc80jJItP6xTHg,UCYN4wSQ1Sx4_LurxLlW7MPg,1,@ernestogamboa8737,@belarminavillatoro6474
UCB5p8a5gklc80jJItP6xTHg,UCYwpX26TrCxq8TvbKGRYLXA,1,@ernestogamboa8737,@beneficioelcaminovillacana8540
UCB5p8a5gklc80jJItP6xTHg,UCZ51R_9Q9C0c8I3pAWhtmjQ,1,@ernestogamboa8737,@belvettzapeta1251
UCB5p8a5gklc80jJItP6xTHg,UCZLG9qH0tUjNhEGFIUt0CYw,1,@ernestogamboa8737,@SoniaMarroquin-y6e
UCB5p8a5gklc80jJItP6xTHg,UCcfdg8crmMJwEuLUsAhV7yg,1,@ernestogamboa8737,@RolandoRaguay
UCB5p8a5gklc80jJItP6xTHg,UCfM3nrxtTQMY5jFx1v1J4Gg,1,@ernestogamboa8737,@edgarroldan5539
UCB5p8a5gklc80jJItP6xTHg,UCgvw7xIdGFupzpt1Y_BFkEA,1,@ernestogamboa8737,@fredygarcia9151
UCB5p8a5gklc80jJItP6xTHg,UCh5ESQvtzyHDhCA7XyekCFA,1,@ernestogamboa8737,@andyB5280
UCB5p8a5gklc80jJItP6xTHg,UChZknRmJkeGeQk0-mQuhDOg,1,@ernestogamboa8737,@OdilioRodríguez-c5w
UCB5p8a5gklc80jJItP6xTHg,UChep9kVb5gQmpodEEl10Xlg,1,@ernestogamboa8737,@carlosaguilar-kz7ml
UCB5p8a5gklc80jJItP6xTHg,UChgkn5Jt5tWKYMoEOuCjz3Q,1,@ernestogamboa8737,@pablochitay46
UCB5p8a5gklc80jJItP6xTHg,UChs3tU2BcKOT0CezykvAsGw,1,@ernestogamboa8737,@byronpontaza
UCB5p8a5gklc80jJItP6xTHg,UCi1b_TRQfgO1Z9O2gNGGWNA,1,@ernestogamboa8737,@davidisraelesquitsaquil
UCB5p8a5gklc80jJItP6xTHg,UCiGRBf2RNF0WRKhRVT7zFoA,1,@ernestogamboa8737,@edwinavila4876
UCB5p8a5gklc80jJItP6xTHg,UCiMythXHsw7eQEMykCdmMUA,1,@ernestogamboa8737,@JavierBecerra-h6x
UCB5p8a5gklc80jJItP6xTHg,UCipetjeiWj4CZB6EbyYziZg,1,@ernestogamboa8737,@OseasSamayoa-ol5rz
UCB5p8a5gklc80jJItP6xTHg,UCj-LL25XJnjxepPKCc3NGog,1,@ernestogamboa8737,@anaaguirre8985
UCB5p8a5gklc80jJItP6xTHg,UCjSKM9j0Q7HLDr1hD6D-TUw,1,@ernestogamboa8737,@josehidalgo4875
UCB5p8a5gklc80jJItP6xTHg,UCjmPuazZJzscrwvk0QR9RVw,1,@ernestogamboa8737,@mynorrodas8591
UCB5p8a5gklc80jJItP6xTHg,UCkd9W714-947dEE6ZOEBATA,1,@ernestogamboa8737,@ARGELIATELON
UCB5p8a5gklc80jJItP6xTHg,UCl0ekS9Tt0jJGtOEM18S63w,1,@ernestogamboa8737,@monkchapin
UCB5p8a5gklc80jJItP6xTHg,UCljDbleJul41G1TzOjOZAVA,1,@ernestogamboa8737,@hectorcarranza3777
UCB5p8a5gklc80jJItP6xTHg,UCmjppp6ujz3SAnULvP3sZMw,1,@ernestogamboa8737,@marcomendez7509
UCB5p8a5gklc80jJItP6xTHg,UCmvOgzmmXbjUthHy-WJ52hQ,1,@ernestogamboa8737,@mariorodas593
UCB5p8a5gklc80jJItP6xTHg,UCp4iw5_5SmV9VGTFSNVGOmQ,1,@ernestogamboa8737,@CARLOSSTREMS51
UCB5p8a5gklc80jJItP6xTHg,UCpIdtvoFHVLGASGB5ySqIEA,1,@ernestogamboa8737,@VidalVillatoro-p4w
UCB5p8a5gklc80jJItP6xTHg,UCpl8rF8uv_8uui-QRvuJaRA,1,@ernestogamboa8737,@SergioGarcia-z9c
UCB5p8a5gklc80jJItP6xTHg,UCplrIQtaPj6au60_f2-mOYw,1,@ernestogamboa8737,@romeolopezherrarte799
UCB5p8a5gklc80jJItP6xTHg,UCpsKOkt5iWTbenzeuq7dsmQ,1,@ernestogamboa8737,@inge_vergueta
UCB5p8a5gklc80jJItP6xTHg,UCr1emrogPKkKTs_WTtx71xg,1,@ernestogamboa8737,@domingopeneleu6457
UCB5p8a5gklc80jJItP6xTHg,UCrJn_rbo_ENAdeqneS-RmRw,1,@ernestogamboa8737,@josecarrera9623
UCB5p8a5gklc80jJItP6xTHg,UCsJJAvrVGupdmhOqgtDp8dg,1,@ernestogamboa8737,@nestorlorenzana1168
UCB5p8a5gklc80jJItP6xTHg,UCsSXdJct-nsS8DsABoEsaYA,1,@ernestogamboa8737,@IvánPérez-j4j
UCB5p8a5gklc80jJItP6xTHg,UCsUCN0Yq_UyTvKjOJLmNrnQ,1,@ernestogamboa8737,@moisesvaldez4043
UCB5p8a5gklc80jJItP6xTHg,UCsjs5Hp_r86x1xbK6FAeqaA,1,@ernestogamboa8737,@alvaroesquivel563
UCB5p8a5gklc80jJItP6xTHg,UCtNfIBnc5S5DbbQj_yxgJTw,1,@ernestogamboa8737,@JosueRamirez-ey3ih
UCB5p8a5gklc80jJItP6xTHg,UCtUR3_CAiE7fCoZHM6cMfyQ,1,@ernestogamboa8737,@mdelcid01
UCB5p8a5gklc80jJItP6xTHg,UCueV9cTyTDwgQSec1x2dYgA,1,@ernestogamboa8737,@fredydomingo7062
UCB5p8a5gklc80jJItP6xTHg,UCujPF2nBgsTD62nWE3lcpIg,1,@ernestogamboa8737,@victorarturoruanobautista7588
UCB5p8a5gklc80jJItP6xTHg,UCut6b9S98nv84cVX89PmKzA,1,@ernestogamboa8737,@yeniferaguirre4498
UCB5p8a5gklc80jJItP6xTHg,UCvApqeCbLod-wejtT4CcVuA,1,@ernestogamboa8737,@davidgaher9550
UCB5p8a5gklc80jJItP6xTHg,UCwO2SXr0ggzwg6QWWrr01nQ,1,@ernestogamboa8737,@ricardofigueroa5720
UCB5p8a5gklc80jJItP6xTHg,UCwW2OFy95P7ZBkOPxWkpvYg,1,@ernestogamboa8737,@TeresaLucero-b5o
UCB5p8a5gklc80jJItP6xTHg,UCwha8rxULYMVtNwZWeSkE1A,1,@ernestogamboa8737,@mariasamo8637
UCB5p8a5gklc80jJItP6xTHg,UCxff05WuyvwELNITi7bj7UA,1,@ernestogamboa8737,@markoherrera
UCB5p8a5gklc80jJItP6xTHg,UCySYJU5kUh7X8gVt9la2ISA,1,@ernestogamboa8737,@dantesarti4351
UCB5p8a5gklc80jJItP6xTHg,UCylqlpsh8ENNM1LqgQ1KbxA,1,@ernestogamboa8737,@Jel.Awesh.M
UCB5p8a5gklc80jJItP6xTHg,UCz3gu01bmjNv0DpRq-K3XYg,1,@ernestogamboa8737,@eusebiovasquez4385
UCB5p8a5gklc80jJItP6xTHg,UCzSfZlOVxBSs5ObD25ywxDQ,1,@ernestogamboa8737,@GilmarMaldonado-q9m
UCB5p8a5gklc80jJItP6xTHg,UCzoL2l5H5eVlorWGH8AZfAg,1,@ernestogamboa8737,@jor77cas
UCBlm80VQ4YoV3bUJR_XhkaQ,UCGZMgmM92E3njyXNe9-kjAQ,1,@rosadiaz6945,@pasionpornada
UCBlm80VQ4YoV3bUJR_XhkaQ,UCIgoiXdIKJyUGmUoH2Lxdzg,1,@rosadiaz6945,@susievidal4134
UCBlm80VQ4YoV3bUJR_XhkaQ,UCOLHH4ZpMxPYF-Q6e6wvn5A,1,@rosadiaz6945,@luisroldan7374
UCBlm80VQ4YoV3bUJR_XhkaQ,UCPNXmbOBVeC4HS-xemvcPtQ,1,@rosadiaz6945,@BelkisRodriguezRamirez
UCBlm80VQ4YoV3bUJR_XhkaQ,UCQMMuADgqWUOcJpLwHOzC-g,1,@rosadiaz6945,@Ripped-Yoda
UCBlm80VQ4YoV3bUJR_XhkaQ,UCVdjCrh4tQoX3haNAZv-n5A,1,@rosadiaz6945,@aurahernandez5646
UCBlm80VQ4YoV3bUJR_XhkaQ,UCZjm6U576nX8WOiLhmMR3bw,1,@rosadiaz6945,@MariaNavarroYT
UCBlm80VQ4YoV3bUJR_XhkaQ,UCat2qkYvqmtDNEmo2PVuhXw,1,@rosadiaz6945,@DoraSalas-j5o
UCBlm80VQ4YoV3bUJR_XhkaQ,UCbNanjFI51cwGqMAb2rOrBw,1,@rosadiaz6945,@RosaMontesdeOca777
UCBlm80VQ4YoV3bUJR_XhkaQ,UCi2KiZq63sRq8Mfbcp-MelQ,1,@rosadiaz6945,@eugeneramirez4405
UCBlm80VQ4YoV3bUJR_XhkaQ,UCozFYHN0e_-vlQbX3wQGOug,1,@rosadiaz6945,@jesusguzman2321
UCBlm80VQ4YoV3bUJR_XhkaQ,UCp_dAUfv8i3LW3zWc24dLaQ,1,@rosadiaz6945,@MarioCortez-o6v
UCBlm80VQ4YoV3bUJR_XhkaQ,UCrqXyRsg-_hTosURZ-uvoKg,1,@rosadiaz6945,@flornolberto2425
UCBlm80VQ4YoV3bUJR_XhkaQ,UCtiHFjFu7d5v2XxHnKFUYig,1,@rosadiaz6945,@Paul-gf7ec
UCBlm80VQ4YoV3bUJR_XhkaQ,UCxhtlxPV8AYWaNNyU6S9H8Q,1,@rosadiaz6945,@WilR-s8r
UCBtB5dIyx-C16UN8ClUD2UA,UCFFrEmn6lPYiWyElpfzTy5Q,1,@alexmonzon4257,@denilsonlopez4083
UCBtB5dIyx-C16UN8ClUD2UA,UCLh1Kde4_vI1sTZBkTNP7RQ,1,@alexmonzon4257,@JoelReynoso-d4r
UCBtB5dIyx-C16UN8ClUD2UA,UCdFlugHJJa4l3YqWuNRmvXw,1,@alexmonzon4257,@MarcosCarillo-b1r
UCBtB5dIyx-C16UN8ClUD2UA,UCfRqgt2O-vjzUDMZY_tnxQw,1,@alexmonzon4257,@Williams-Garcia67E
UCBtB5dIyx-C16UN8ClUD2UA,UCk4O-J1BhoqPmig1KLGJePA,1,@alexmonzon4257,@lazarobarillas3575
UCCBYcToQ2dwkd6TJh0FSyDg,UCDrmf9y9nLgFY5wnA2hTuGA,1,@lidiarodriguez3493,@laboratorio5528
UCCBYcToQ2dwkd6TJh0FSyDg,UCGGHbtfbbe0o68etrOf0qxw,1,@lidiarodriguez3493,@karensussetteleonvargas9794
UCCBYcToQ2dwkd6TJh0FSyDg,UCHbwIx9pmQuf7i-4_xO2EpA,1,@lidiarodriguez3493,@caminoseternos752
UCCBYcToQ2dwkd6TJh0FSyDg,UCNpt5CQlTzNjlAKY6CJtClQ,1,@lidiarodriguez3493,@eustaquiogomez9975
UCCBYcToQ2dwkd6TJh0FSyDg,UCOcUI5XkTYNMSFhZNMIPpGg,1,@lidiarodriguez3493,@hendersonlopez3864
UCCBYcToQ2dwkd6TJh0FSyDg,UCQqlPPUGqAfWjd-FSh_qn7Q,1,@lidiarodriguez3493,@estuardoargueta137
UCCBYcToQ2dwkd6TJh0FSyDg,UCQyOePccUP-fIJYzchAgZYw,1,@lidiarodriguez3493,@aguilar4254
UCCBYcToQ2dwkd6TJh0FSyDg,UCRAquv8el-tQ30bN7MlmySQ,1,@lidiarodriguez3493,@iamjimalesssa
UCCBYcToQ2dwkd6TJh0FSyDg,UCRvPToDkkumha7WJAfCDk1A,1,@lidiarodriguez3493,@ligiaguerra3057
UCCBYcToQ2dwkd6TJh0FSyDg,UCUoYsrx1oZnCZ0usbBJn4fA,1,@lidiarodriguez3493,@AnaDiaz-re9sq
UCCBYcToQ2dwkd6TJh0FSyDg,UCV0lM03g5fg5pbPj97-sAtA,1,@lidiarodriguez3493,@genarodelgado3929
UCCBYcToQ2dwkd6TJh0FSyDg,UCW-JC6lebVmf2P1dmY_L94g,1,@lidiarodriguez3493,@dinoraoroxon5771
UCCBYcToQ2dwkd6TJh0FSyDg,UCW80DaMjQlEUibC98Cot-Dg,1,@lidiarodriguez3493,@rogeraldana4289
UCCBYcToQ2dwkd6TJh0FSyDg,UCWoAVGVqCn4xtINCMOTM4jg,1,@lidiarodriguez3493,@OmarMartinez-vv8re
UCCBYcToQ2dwkd6TJh0FSyDg,UCZeIIQrGAedW8tCbKWmGY-A,1,@lidiarodriguez3493,@mariocordon8873
UCCBYcToQ2dwkd6TJh0FSyDg,UC_LYoGs5C3mbZKZuKuqYCvw,1,@lidiarodriguez3493,@javiercifuentesarchila6041
UCCBYcToQ2dwkd6TJh0FSyDg,UCaKAjTW9MVub_clgr4DRYjQ,1,@lidiarodriguez3493,@josecastillo4390
UCCBYcToQ2dwkd6TJh0FSyDg,UCdFlugHJJa4l3YqWuNRmvXw,1,@lidiarodriguez3493,@MarcosCarillo-b1r
UCCBYcToQ2dwkd6TJh0FSyDg,UCe8JZoYkX5oKUZyivHYdXhw,1,@lidiarodriguez3493,@FernandoGarcia-jg1fj
UCCBYcToQ2dwkd6TJh0FSyDg,UCeDNEtI8_a42bZ47wJiJMwQ,1,@lidiarodriguez3493,@EdgarcalderonCalderong
UCCBYcToQ2dwkd6TJh0FSyDg,UCgJNFj5dnxXpcMvmuhZDPxA,1,@lidiarodriguez3493,@NataliaRodriguez-rx5mr
UCCBYcToQ2dwkd6TJh0FSyDg,UCgQw_Sbq3ugruDUKsq1e0-A,1,@lidiarodriguez3493,@marlenareano-h4t
UCCBYcToQ2dwkd6TJh0FSyDg,UCiC-Jn7wdgyQV4_Urk0DkWQ,1,@lidiarodriguez3493,@pedroros6358
UCCBYcToQ2dwkd6TJh0FSyDg,UCkVtmkK07b2zaVVNssX4lOg,1,@lidiarodriguez3493,@HectorElias-u2l
UCCBYcToQ2dwkd6TJh0FSyDg,UCkbsS_3D-pvg1iHOld9uvIg,1,@lidiarodriguez3493,@gonzalo6075
UCCBYcToQ2dwkd6TJh0FSyDg,UClhMWQ7XKWywYvbRnuf8QsA,1,@lidiarodriguez3493,@EcPerez-zz9oh
UCCBYcToQ2dwkd6TJh0FSyDg,UClqA491Xa5fQcXcJJa-vTWw,1,@lidiarodriguez3493,@AndresLemus-k2d
UCCBYcToQ2dwkd6TJh0FSyDg,UColMq7LmaoY3MT6aIDGrGvA,1,@lidiarodriguez3493,@quijotachapina1
UCCBYcToQ2dwkd6TJh0FSyDg,UCpe5jW3MIqkgTJ-PgkzvM6Q,1,@lidiarodriguez3493,@carloslam5333
UCCBYcToQ2dwkd6TJh0FSyDg,UCpsKOkt5iWTbenzeuq7dsmQ,1,@lidiarodriguez3493,@inge_vergueta
UCCBYcToQ2dwkd6TJh0FSyDg,UCqCrvuoJpC-aVb0f4logQRQ,1,@lidiarodriguez3493,@Lyrics_GT
UCCBYcToQ2dwkd6TJh0FSyDg,UCsGoJEvb-cFPZ2rWoJcXzEQ,1,@lidiarodriguez3493,@sergiohinestroza9709
UCCBYcToQ2dwkd6TJh0FSyDg,UCu8_3-Wg-YzNyvHYQDEscfw,1,@lidiarodriguez3493,@RolandoCastroPérez-d7y
UCCBYcToQ2dwkd6TJh0FSyDg,UCuXmOjxC-htcprLgeVXz6Tg,1,@lidiarodriguez3493,@jorgeaguilar-bq3uj
UCCBYcToQ2dwkd6TJh0FSyDg,UCwgCc9Jd_gG-uLE_SY-FfPg,1,@lidiarodriguez3493,@armindapenados2841
UCCBYcToQ2dwkd6TJh0FSyDg,UCwjUvRseNtJoItylIyIez7Q,1,@lidiarodriguez3493,@Silviazea
UCCBYcToQ2dwkd6TJh0FSyDg,UCylqlpsh8ENNM1LqgQ1KbxA,1,@lidiarodriguez3493,@Jel.Awesh.M
UCCUmP4PlbwgikVFpYwbtRTg,UCOY3XpD9qMCRSA8AA8c4CAw,1,@alhvi,@franciscorodas9686
UCCUmP4PlbwgikVFpYwbtRTg,UCTTILH6QCIxbTnEWxwRqs1g,1,@alhvi,@3762Jorge
UCCUmP4PlbwgikVFpYwbtRTg,UCXO1BBohNWXkK9SBDAG2ySg,1,@alhvi,@JBFlute92
UCCUmP4PlbwgikVFpYwbtRTg,UCXVLc8CmAO813ubM-fLvCDw,1,@alhvi,@herminiasaquimux7565
UCCUmP4PlbwgikVFpYwbtRTg,UCXl30Y_upRqbti52fmjK4YA,1,@alhvi,@capitanfrans
UCCUmP4PlbwgikVFpYwbtRTg,UCbrtvygfRT6QXqWDNrOf-cA,1,@alhvi,@Alejandro00710
UCCUmP4PlbwgikVFpYwbtRTg,UCcFIBN-rtC3d3hXeuN5TfWw,1,@alhvi,@DenisRMC
UCCUmP4PlbwgikVFpYwbtRTg,UCc_F88PzGWtA1OPNUEASulA,1,@alhvi,@rockyscarlet
UCCUmP4PlbwgikVFpYwbtRTg,UCdQAuWwyC99MB7Y02Umj26Q,1,@alhvi,@miguelbran1268
UCCUmP4PlbwgikVFpYwbtRTg,UCefAH1MbvADWUjE9WVcB9EQ,1,@alhvi,@jabriz8152
UCCUmP4PlbwgikVFpYwbtRTg,UChT7pzGytNd92Nmvi-zuWog,1,@alhvi,@sparkvalkov
UCCUmP4PlbwgikVFpYwbtRTg,UCkxdJ_yGN2gghOMo2ybQtXQ,1,@alhvi,@11223344An
UCCUmP4PlbwgikVFpYwbtRTg,UCvcu1kR8xMYy_I1Ty-2mV2Q,1,@alhvi,@hashojea7348
UCCUmP4PlbwgikVFpYwbtRTg,UCwEe1RKlEv1UpNWmWYfSh4w,1,@alhvi,@marioramirez299
UCCUmP4PlbwgikVFpYwbtRTg,UCxcoDvP-g2_KTZDmVZtvb3w,1,@alhvi,@angelmartinez9523
UCCaYwkkbQGcvFoUmothVdQQ,UCDIMztpVm7G27qBuiWuT6oQ,1,@OsvaldoAguirre-l3i,@lizardomorataya8274
UCCaYwkkbQGcvFoUmothVdQQ,UCDPWkUX3sNNaCx-m1dV4glA,1,@OsvaldoAguirre-l3i,@hectoroliva949
UCCaYwkkbQGcvFoUmothVdQQ,UCDQaQv0hr2SS_PO-CMEwVHg,1,@OsvaldoAguirre-l3i,@federicosaquimux1933
UCCaYwkkbQGcvFoUmothVdQQ,UCDUffaruH6dyUnUGwsTKpgg,1,@OsvaldoAguirre-l3i,@luisletona2842
UCCaYwkkbQGcvFoUmothVdQQ,UCDftMWXQoJ6nONfY7GVOVjg,1,@OsvaldoAguirre-l3i,@luisgpacheco5858
UCCaYwkkbQGcvFoUmothVdQQ,UCDlr1VadSucIZgZ171pRBjQ,1,@OsvaldoAguirre-l3i,@cuabatzjj5924
UCCaYwkkbQGcvFoUmothVdQQ,UCEgEQmRbtL5fwr9_DqAC--g,1,@OsvaldoAguirre-l3i,@ArielRodas-g5y
UCCaYwkkbQGcvFoUmothVdQQ,UCErZPJpHmLCsXs8ZWkAUupQ,1,@OsvaldoAguirre-l3i,@dorisl.garciaroche7763
UCCaYwkkbQGcvFoUmothVdQQ,UCFUuDARXdmmIrLppEqf-rFg,1,@OsvaldoAguirre-l3i,@allanmunoz7410
UCCaYwkkbQGcvFoUmothVdQQ,UCFhxtoeARHPnXXPcDrOU3Xg,1,@OsvaldoAguirre-l3i,@diegoalejandrolopezmendez205
UCCaYwkkbQGcvFoUmothVdQQ,UCFjudnPLoaSL1BaRuLahyHg,1,@OsvaldoAguirre-l3i,@HaroldoCastillo-rh9iw
UCCaYwkkbQGcvFoUmothVdQQ,UCFoIAE8k82D6AV-8gjjKaNg,1,@OsvaldoAguirre-l3i,@eddymunoz9789
UCCaYwkkbQGcvFoUmothVdQQ,UCFxE8GbokBrBsPEKM1xrOjQ,1,@OsvaldoAguirre-l3i,@JuanDavila-qd7qj
UCCaYwkkbQGcvFoUmothVdQQ,UCGzXwyCzMzGmjmCbH3Hg01Q,1,@OsvaldoAguirre-l3i,@FidelZacarias-ph7dy
UCCaYwkkbQGcvFoUmothVdQQ,UCHTGCgY2l-DQJIvlA_cpa_Q,1,@OsvaldoAguirre-l3i,@virgiliogarcia3039
UCCaYwkkbQGcvFoUmothVdQQ,UCHhHUjaMAZ8SiXdCUCj9DkQ,1,@OsvaldoAguirre-l3i,@fredymendez1786
UCCaYwkkbQGcvFoUmothVdQQ,UCKDR0f2fu2UzWL8mBv5-BHw,1,@OsvaldoAguirre-l3i,@mireyamorales6595
UCCaYwkkbQGcvFoUmothVdQQ,UCL13XhnRzbGokEkCkEOb0-g,1,@OsvaldoAguirre-l3i,@raquelprado3643
UCCaYwkkbQGcvFoUmothVdQQ,UCL1MT278vSaQ83ZDkVWn1gw,1,@OsvaldoAguirre-l3i,@elmorodriguez6978
UCCaYwkkbQGcvFoUmothVdQQ,UCLFdHr9BEbXHkoJopbEPLZw,1,@OsvaldoAguirre-l3i,@kanterra4584
UCCaYwkkbQGcvFoUmothVdQQ,UCLggDc_a5HriXv7I1h02sOA,1,@OsvaldoAguirre-l3i,@guillermogonzalez5153
UCCaYwkkbQGcvFoUmothVdQQ,UCN6qbfPSzFtjhqUDZ3Cv3CQ,1,@OsvaldoAguirre-l3i,@carlosmedranovelasquez6380
UCCaYwkkbQGcvFoUmothVdQQ,UCNBnKqWf4d-rS4HwJRQljmQ,1,@OsvaldoAguirre-l3i,@LE_A22
UCCaYwkkbQGcvFoUmothVdQQ,UCNkcuy42zEwddwEcOd_HpnA,1,@OsvaldoAguirre-l3i,@vanigomez492
UCCaYwkkbQGcvFoUmothVdQQ,UCOLGv5Pf6BF2wFcwUzgcvHg,1,@OsvaldoAguirre-l3i,@welfrealdana5559
UCCaYwkkbQGcvFoUmothVdQQ,UCOS8ViEkccrTZx2w2ccxotA,1,@OsvaldoAguirre-l3i,@OscarHernandez-q8y
UCCaYwkkbQGcvFoUmothVdQQ,UCOh6DaZC_x9HASnlRylEMfw,1,@OsvaldoAguirre-l3i,@AndresMedina-v1s
UCCaYwkkbQGcvFoUmothVdQQ,UCQ_-LPP8JAbfkc-b1Q6NvWw,1,@OsvaldoAguirre-l3i,@MegaKristenstewart
UCCaYwkkbQGcvFoUmothVdQQ,UCQgYjVngJRfPHDLGB5X6ZjA,1,@OsvaldoAguirre-l3i,@oscarnavas9996
UCCaYwkkbQGcvFoUmothVdQQ,UCQqetiwzzmRNTM5OWuXarGQ,1,@OsvaldoAguirre-l3i,@isaiaslopezvelasquez1539
UCCaYwkkbQGcvFoUmothVdQQ,UCQtICyzWmhC5woCtbNgaSmg,1,@OsvaldoAguirre-l3i,@nestormendez6216
UCCaYwkkbQGcvFoUmothVdQQ,UCQtSFINs1h6GHkpg9o5kMvg,1,@OsvaldoAguirre-l3i,@MacarioMartinezruiz
UCCaYwkkbQGcvFoUmothVdQQ,UCRETAiYdh2dL5ZxB0_N1zDA,1,@OsvaldoAguirre-l3i,@Joseroland21
UCCaYwkkbQGcvFoUmothVdQQ,UCRelkU8JiZBytTzebJxaa-w,1,@OsvaldoAguirre-l3i,@danyraymundo2942
UCCaYwkkbQGcvFoUmothVdQQ,UCRlCV9zSn7avAWh-9_XFWqQ,1,@OsvaldoAguirre-l3i,@ronyarana8849
UCCaYwkkbQGcvFoUmothVdQQ,UCSou6a2OuYGSvPjm5psquyA,1,@OsvaldoAguirre-l3i,@FranciscoRivera-sf7ne
UCCaYwkkbQGcvFoUmothVdQQ,UCTD6q1nyIe3Y7HhqjaMj72w,1,@OsvaldoAguirre-l3i,@JuanChang-r6k
UCCaYwkkbQGcvFoUmothVdQQ,UCTP3O0rMnc8z8v8jaDQwL0w,1,@OsvaldoAguirre-l3i,@RobertoZelaya-x1v
UCCaYwkkbQGcvFoUmothVdQQ,UCThW2XNsAaBKme5PUt7n-Zg,1,@OsvaldoAguirre-l3i,@thelmamoran8565
UCCaYwkkbQGcvFoUmothVdQQ,UCTwSut16JyAg3mX6LVUNGqA,1,@OsvaldoAguirre-l3i,@SuperVictor2005
UCCaYwkkbQGcvFoUmothVdQQ,UCTylKrsqkrBKIqubMu_5N0Q,1,@OsvaldoAguirre-l3i,@edwingeovanymarroquinmarro6684
UCCaYwkkbQGcvFoUmothVdQQ,UCUIIIPTVDVHAXqhC_5V6lPA,1,@OsvaldoAguirre-l3i,@gorrarota
UCCaYwkkbQGcvFoUmothVdQQ,UCV0iizTBoOfdAFX_thfI9BA,1,@OsvaldoAguirre-l3i,@BenjaminLarios-jd8nk
UCCaYwkkbQGcvFoUmothVdQQ,UCWIZUtKJ636y-4TYrNvok0g,1,@OsvaldoAguirre-l3i,@cesarandreas7824
UCCaYwkkbQGcvFoUmothVdQQ,UCXSkL3ejZ8qWYyF_M7s_QKA,1,@OsvaldoAguirre-l3i,@JacintaTzoy
UCCaYwkkbQGcvFoUmothVdQQ,UCXXh7yg5KUFIWylTiKVEFKQ,1,@OsvaldoAguirre-l3i,@MrDuenderojo
UCCaYwkkbQGcvFoUmothVdQQ,UCXgr7vXlRrsaskPdo097kGA,1,@OsvaldoAguirre-l3i,@Rogergh-nw4oj
UCCaYwkkbQGcvFoUmothVdQQ,UCXr8_5WtGeipe4haOoQDgyQ,1,@OsvaldoAguirre-l3i,@amyherrera7352
UCCaYwkkbQGcvFoUmothVdQQ,UCYN4wSQ1Sx4_LurxLlW7MPg,1,@OsvaldoAguirre-l3i,@belarminavillatoro6474
UCCaYwkkbQGcvFoUmothVdQQ,UCYwpX26TrCxq8TvbKGRYLXA,1,@OsvaldoAguirre-l3i,@beneficioelcaminovillacana8540
UCCaYwkkbQGcvFoUmothVdQQ,UCZ51R_9Q9C0c8I3pAWhtmjQ,1,@OsvaldoAguirre-l3i,@belvettzapeta1251
UCCaYwkkbQGcvFoUmothVdQQ,UCZLG9qH0tUjNhEGFIUt0CYw,1,@OsvaldoAguirre-l3i,@SoniaMarroquin-y6e
UCCaYwkkbQGcvFoUmothVdQQ,UCcfdg8crmMJwEuLUsAhV7yg,1,@OsvaldoAguirre-l3i,@RolandoRaguay
UCCaYwkkbQGcvFoUmothVdQQ,UCfM3nrxtTQMY5jFx1v1J4Gg,1,@OsvaldoAguirre-l3i,@edgarroldan5539
UCCaYwkkbQGcvFoUmothVdQQ,UCgvw7xIdGFupzpt1Y_BFkEA,1,@OsvaldoAguirre-l3i,@fredygarcia9151
UCCaYwkkbQGcvFoUmothVdQQ,UCh5ESQvtzyHDhCA7XyekCFA,1,@OsvaldoAguirre-l3i,@andyB5280
UCCaYwkkbQGcvFoUmothVdQQ,UChZknRmJkeGeQk0-mQuhDOg,1,@OsvaldoAguirre-l3i,@OdilioRodríguez-c5w
UCCaYwkkbQGcvFoUmothVdQQ,UChep9kVb5gQmpodEEl10Xlg,1,@OsvaldoAguirre-l3i,@carlosaguilar-kz7ml
UCCaYwkkbQGcvFoUmothVdQQ,UChgkn5Jt5tWKYMoEOuCjz3Q,1,@OsvaldoAguirre-l3i,@pablochitay46
UCCaYwkkbQGcvFoUmothVdQQ,UChs3tU2BcKOT0CezykvAsGw,1,@OsvaldoAguirre-l3i,@byronpontaza
UCCaYwkkbQGcvFoUmothVdQQ,UCi1b_TRQfgO1Z9O2gNGGWNA,1,@OsvaldoAguirre-l3i,@davidisraelesquitsaquil
UCCaYwkkbQGcvFoUmothVdQQ,UCiGRBf2RNF0WRKhRVT7zFoA,1,@OsvaldoAguirre-l3i,@edwinavila4876
UCCaYwkkbQGcvFoUmothVdQQ,UCiMythXHsw7eQEMykCdmMUA,1,@OsvaldoAguirre-l3i,@JavierBecerra-h6x
UCCaYwkkbQGcvFoUmothVdQQ,UCipetjeiWj4CZB6EbyYziZg,1,@OsvaldoAguirre-l3i,@OseasSamayoa-ol5rz
UCCaYwkkbQGcvFoUmothVdQQ,UCj-LL25XJnjxepPKCc3NGog,1,@OsvaldoAguirre-l3i,@anaaguirre8985
UCCaYwkkbQGcvFoUmothVdQQ,UCjSKM9j0Q7HLDr1hD6D-TUw,1,@OsvaldoAguirre-l3i,@josehidalgo4875
UCCaYwkkbQGcvFoUmothVdQQ,UCjmPuazZJzscrwvk0QR9RVw,1,@OsvaldoAguirre-l3i,@mynorrodas8591
UCCaYwkkbQGcvFoUmothVdQQ,UCkd9W714-947dEE6ZOEBATA,1,@OsvaldoAguirre-l3i,@ARGELIATELON
UCCaYwkkbQGcvFoUmothVdQQ,UCl0ekS9Tt0jJGtOEM18S63w,1,@OsvaldoAguirre-l3i,@monkchapin
UCCaYwkkbQGcvFoUmothVdQQ,UCljDbleJul41G1TzOjOZAVA,1,@OsvaldoAguirre-l3i,@hectorcarranza3777
UCCaYwkkbQGcvFoUmothVdQQ,UCmjppp6ujz3SAnULvP3sZMw,1,@OsvaldoAguirre-l3i,@marcomendez7509
UCCaYwkkbQGcvFoUmothVdQQ,UCmvOgzmmXbjUthHy-WJ52hQ,1,@OsvaldoAguirre-l3i,@mariorodas593
UCCaYwkkbQGcvFoUmothVdQQ,UCp4iw5_5SmV9VGTFSNVGOmQ,1,@OsvaldoAguirre-l3i,@CARLOSSTREMS51
UCCaYwkkbQGcvFoUmothVdQQ,UCpIdtvoFHVLGASGB5ySqIEA,1,@OsvaldoAguirre-l3i,@VidalVillatoro-p4w
UCCaYwkkbQGcvFoUmothVdQQ,UCpl8rF8uv_8uui-QRvuJaRA,1,@OsvaldoAguirre-l3i,@SergioGarcia-z9c
UCCaYwkkbQGcvFoUmothVdQQ,UCplrIQtaPj6au60_f2-mOYw,1,@OsvaldoAguirre-l3i,@romeolopezherrarte799
UCCaYwkkbQGcvFoUmothVdQQ,UCpsKOkt5iWTbenzeuq7dsmQ,1,@OsvaldoAguirre-l3i,@inge_vergueta
UCCaYwkkbQGcvFoUmothVdQQ,UCr1emrogPKkKTs_WTtx71xg,1,@OsvaldoAguirre-l3i,@domingopeneleu6457
UCCaYwkkbQGcvFoUmothVdQQ,UCrJn_rbo_ENAdeqneS-RmRw,1,@OsvaldoAguirre-l3i,@josecarrera9623
UCCaYwkkbQGcvFoUmothVdQQ,UCsJJAvrVGupdmhOqgtDp8dg,1,@OsvaldoAguirre-l3i,@nestorlorenzana1168
UCCaYwkkbQGcvFoUmothVdQQ,UCsSXdJct-nsS8DsABoEsaYA,1,@OsvaldoAguirre-l3i,@IvánPérez-j4j
UCCaYwkkbQGcvFoUmothVdQQ,UCsUCN0Yq_UyTvKjOJLmNrnQ,1,@OsvaldoAguirre-l3i,@moisesvaldez4043
UCCaYwkkbQGcvFoUmothVdQQ,UCsjs5Hp_r86x1xbK6FAeqaA,1,@OsvaldoAguirre-l3i,@alvaroesquivel563
UCCaYwkkbQGcvFoUmothVdQQ,UCtNfIBnc5S5DbbQj_yxgJTw,1,@OsvaldoAguirre-l3i,@JosueRamirez-ey3ih
UCCaYwkkbQGcvFoUmothVdQQ,UCtUR3_CAiE7fCoZHM6cMfyQ,1,@OsvaldoAguirre-l3i,@mdelcid01
UCCaYwkkbQGcvFoUmothVdQQ,UCueV9cTyTDwgQSec1x2dYgA,1,@OsvaldoAguirre-l3i,@fredydomingo7062
UCCaYwkkbQGcvFoUmothVdQQ,UCujPF2nBgsTD62nWE3lcpIg,1,@OsvaldoAguirre-l3i,@victorarturoruanobautista7588
UCCaYwkkbQGcvFoUmothVdQQ,UCut6b9S98nv84cVX89PmKzA,1,@OsvaldoAguirre-l3i,@yeniferaguirre4498
UCCaYwkkbQGcvFoUmothVdQQ,UCvApqeCbLod-wejtT4CcVuA,1,@OsvaldoAguirre-l3i,@davidgaher9550
UCCaYwkkbQGcvFoUmothVdQQ,UCwO2SXr0ggzwg6QWWrr01nQ,1,@OsvaldoAguirre-l3i,@ricardofigueroa5720
UCCaYwkkbQGcvFoUmothVdQQ,UCwW2OFy95P7ZBkOPxWkpvYg,1,@OsvaldoAguirre-l3i,@TeresaLucero-b5o
UCCaYwkkbQGcvFoUmothVdQQ,UCwha8rxULYMVtNwZWeSkE1A,1,@OsvaldoAguirre-l3i,@mariasamo8637
UCCaYwkkbQGcvFoUmothVdQQ,UCxff05WuyvwELNITi7bj7UA,1,@OsvaldoAguirre-l3i,@markoherrera
UCCaYwkkbQGcvFoUmothVdQQ,UCySYJU5kUh7X8gVt9la2ISA,1,@OsvaldoAguirre-l3i,@dantesarti4351
UCCaYwkkbQGcvFoUmothVdQQ,UCylqlpsh8ENNM1LqgQ1KbxA,1,@OsvaldoAguirre-l3i,@Jel.Awesh.M
UCCaYwkkbQGcvFoUmothVdQQ,UCz3gu01bmjNv0DpRq-K3XYg,1,@OsvaldoAguirre-l3i,@eusebiovasquez4385
UCCaYwkkbQGcvFoUmothVdQQ,UCzSfZlOVxBSs5ObD25ywxDQ,1,@OsvaldoAguirre-l3i,@GilmarMaldonado-q9m
UCCaYwkkbQGcvFoUmothVdQQ,UCzoL2l5H5eVlorWGH8AZfAg,1,@OsvaldoAguirre-l3i,@jor77cas
UCDIMztpVm7G27qBuiWuT6oQ,UCDPWkUX3sNNaCx-m1dV4glA,1,@lizardomorataya8274,@hectoroliva949
UCDIMztpVm7G27qBuiWuT6oQ,UCDQaQv0hr2SS_PO-CMEwVHg,1,@lizardomorataya8274,@federicosaquimux1933
UCDIMztpVm7G27qBuiWuT6oQ,UCDUffaruH6dyUnUGwsTKpgg,1,@lizardomorataya8274,@luisletona2842
UCDIMztpVm7G27qBuiWuT6oQ,UCDftMWXQoJ6nONfY7GVOVjg,1,@lizardomorataya8274,@luisgpacheco5858
UCDIMztpVm7G27qBuiWuT6oQ,UCDlr1VadSucIZgZ171pRBjQ,1,@lizardomorataya8274,@cuabatzjj5924
UCDIMztpVm7G27qBuiWuT6oQ,UCEgEQmRbtL5fwr9_DqAC--g,1,@lizardomorataya8274,@ArielRodas-g5y
UCDIMztpVm7G27qBuiWuT6oQ,UCErZPJpHmLCsXs8ZWkAUupQ,1,@lizardomorataya8274,@dorisl.garciaroche7763
UCDIMztpVm7G27qBuiWuT6oQ,UCFUuDARXdmmIrLppEqf-rFg,1,@lizardomorataya8274,@allanmunoz7410
UCDIMztpVm7G27qBuiWuT6oQ,UCFhxtoeARHPnXXPcDrOU3Xg,1,@lizardomorataya8274,@diegoalejandrolopezmendez205
UCDIMztpVm7G27qBuiWuT6oQ,UCFjudnPLoaSL1BaRuLahyHg,1,@lizardomorataya8274,@HaroldoCastillo-rh9iw
UCDIMztpVm7G27qBuiWuT6oQ,UCFoIAE8k82D6AV-8gjjKaNg,1,@lizardomorataya8274,@eddymunoz9789
UCDIMztpVm7G27qBuiWuT6oQ,UCFxE8GbokBrBsPEKM1xrOjQ,1,@lizardomorataya8274,@JuanDavila-qd7qj
UCDIMztpVm7G27qBuiWuT6oQ,UCGzXwyCzMzGmjmCbH3Hg01Q,1,@lizardomorataya8274,@FidelZacarias-ph7dy
UCDIMztpVm7G27qBuiWuT6oQ,UCHTGCgY2l-DQJIvlA_cpa_Q,1,@lizardomorataya8274,@virgiliogarcia3039
UCDIMztpVm7G27qBuiWuT6oQ,UCHhHUjaMAZ8SiXdCUCj9DkQ,1,@lizardomorataya8274,@fredymendez1786
UCDIMztpVm7G27qBuiWuT6oQ,UCKDR0f2fu2UzWL8mBv5-BHw,1,@lizardomorataya8274,@mireyamorales6595
UCDIMztpVm7G27qBuiWuT6oQ,UCL13XhnRzbGokEkCkEOb0-g,1,@lizardomorataya8274,@raquelprado3643
UCDIMztpVm7G27qBuiWuT6oQ,UCL1MT278vSaQ83ZDkVWn1gw,1,@lizardomorataya8274,@elmorodriguez6978
UCDIMztpVm7G27qBuiWuT6oQ,UCLFdHr9BEbXHkoJopbEPLZw,1,@lizardomorataya8274,@kanterra4584
UCDIMztpVm7G27qBuiWuT6oQ,UCLggDc_a5HriXv7I1h02sOA,1,@lizardomorataya8274,@guillermogonzalez5153
UCDIMztpVm7G27qBuiWuT6oQ,UCN6qbfPSzFtjhqUDZ3Cv3CQ,1,@lizardomorataya8274,@carlosmedranovelasquez6380
UCDIMztpVm7G27qBuiWuT6oQ,UCNBnKqWf4d-rS4HwJRQljmQ,1,@lizardomorataya8274,@LE_A22
UCDIMztpVm7G27qBuiWuT6oQ,UCNkcuy42zEwddwEcOd_HpnA,1,@lizardomorataya8274,@vanigomez492
UCDIMztpVm7G27qBuiWuT6oQ,UCOLGv5Pf6BF2wFcwUzgcvHg,1,@lizardomorataya8274,@welfrealdana5559
UCDIMztpVm7G27qBuiWuT6oQ,UCOS8ViEkccrTZx2w2ccxotA,1,@lizardomorataya8274,@OscarHernandez-q8y
UCDIMztpVm7G27qBuiWuT6oQ,UCOh6DaZC_x9HASnlRylEMfw,1,@lizardomorataya8274,@AndresMedina-v1s
UCDIMztpVm7G27qBuiWuT6oQ,UCQ_-LPP8JAbfkc-b1Q6NvWw,1,@lizardomorataya8274,@MegaKristenstewart
UCDIMztpVm7G27qBuiWuT6oQ,UCQgYjVngJRfPHDLGB5X6ZjA,1,@lizardomorataya8274,@oscarnavas9996
UCDIMztpVm7G27qBuiWuT6oQ,UCQqetiwzzmRNTM5OWuXarGQ,1,@lizardomorataya8274,@isaiaslopezvelasquez1539
UCDIMztpVm7G27qBuiWuT6oQ,UCQtICyzWmhC5woCtbNgaSmg,1,@lizardomorataya8274,@nestormendez6216
UCDIMztpVm7G27qBuiWuT6oQ,UCQtSFINs1h6GHkpg9o5kMvg,1,@lizardomorataya8274,@MacarioMartinezruiz
UCDIMztpVm7G27qBuiWuT6oQ,UCRETAiYdh2dL5ZxB0_N1zDA,1,@lizardomorataya8274,@Joseroland21
UCDIMztpVm7G27qBuiWuT6oQ,UCRelkU8JiZBytTzebJxaa-w,1,@lizardomorataya8274,@danyraymundo2942
UCDIMztpVm7G27qBuiWuT6oQ,UCRlCV9zSn7avAWh-9_XFWqQ,1,@lizardomorataya8274,@ronyarana8849
UCDIMztpVm7G27qBuiWuT6oQ,UCSou6a2OuYGSvPjm5psquyA,1,@lizardomorataya8274,@FranciscoRivera-sf7ne
UCDIMztpVm7G27qBuiWuT6oQ,UCTD6q1nyIe3Y7HhqjaMj72w,1,@lizardomorataya8274,@JuanChang-r6k
UCDIMztpVm7G27qBuiWuT6oQ,UCTP3O0rMnc8z8v8jaDQwL0w,1,@lizardomorataya8274,@RobertoZelaya-x1v
UCDIMztpVm7G27qBuiWuT6oQ,UCThW2XNsAaBKme5PUt7n-Zg,1,@lizardomorataya8274,@thelmamoran8565
UCDIMztpVm7G27qBuiWuT6oQ,UCTwSut16JyAg3mX6LVUNGqA,1,@lizardomorataya8274,@SuperVictor2005
UCDIMztpVm7G27qBuiWuT6oQ,UCTylKrsqkrBKIqubMu_5N0Q,1,@lizardomorataya8274,@edwingeovanymarroquinmarro6684
UCDIMztpVm7G27qBuiWuT6oQ,UCUIIIPTVDVHAXqhC_5V6lPA,1,@lizardomorataya8274,@gorrarota
UCDIMztpVm7G27qBuiWuT6oQ,UCV0iizTBoOfdAFX_thfI9BA,1,@lizardomorataya8274,@BenjaminLarios-jd8nk
UCDIMztpVm7G27qBuiWuT6oQ,UCWIZUtKJ636y-4TYrNvok0g,1,@lizardomorataya8274,@cesarandreas7824
UCDIMztpVm7G27qBuiWuT6oQ,UCXSkL3ejZ8qWYyF_M7s_QKA,1,@lizardomorataya8274,@JacintaTzoy
UCDIMztpVm7G27qBuiWuT6oQ,UCXXh7yg5KUFIWylTiKVEFKQ,1,@lizardomorataya8274,@MrDuenderojo
UCDIMztpVm7G27qBuiWuT6oQ,UCXgr7vXlRrsaskPdo097kGA,1,@lizardomorataya8274,@Rogergh-nw4oj
UCDIMztpVm7G27qBuiWuT6oQ,UCXr8_5WtGeipe4haOoQDgyQ,1,@lizardomorataya8274,@amyherrera7352
UCDIMztpVm7G27qBuiWuT6oQ,UCYN4wSQ1Sx4_LurxLlW7MPg,1,@lizardomorataya8274,@belarminavillatoro6474
UCDIMztpVm7G27qBuiWuT6oQ,UCYwpX26TrCxq8TvbKGRYLXA,1,@lizardomorataya8274,@beneficioelcaminovillacana8540
UCDIMztpVm7G27qBuiWuT6oQ,UCZ51R_9Q9C0c8I3pAWhtmjQ,1,@lizardomorataya8274,@belvettzapeta1251
UCDIMztpVm7G27qBuiWuT6oQ,UCZLG9qH0tUjNhEGFIUt0CYw,1,@lizardomorataya8274,@SoniaMarroquin-y6e
UCDIMztpVm7G27qBuiWuT6oQ,UCcfdg8crmMJwEuLUsAhV7yg,1,@lizardomorataya8274,@RolandoRaguay
UCDIMztpVm7G27qBuiWuT6oQ,UCfM3nrxtTQMY5jFx1v1J4Gg,1,@lizardomorataya8274,@edgarroldan5539
UCDIMztpVm7G27qBuiWuT6oQ,UCgvw7xIdGFupzpt1Y_BFkEA,1,@lizardomorataya8274,@fredygarcia9151
UCDIMztpVm7G27qBuiWuT6oQ,UCh5ESQvtzyHDhCA7XyekCFA,1,@lizardomorataya8274,@andyB5280
UCDIMztpVm7G27qBuiWuT6oQ,UChZknRmJkeGeQk0-mQuhDOg,1,@lizardomorataya8274,@OdilioRodríguez-c5w
UCDIMztpVm7G27qBuiWuT6oQ,UChep9kVb5gQmpodEEl10Xlg,1,@lizardomorataya8274,@carlosaguilar-kz7ml
UCDIMztpVm7G27qBuiWuT6oQ,UChgkn5Jt5tWKYMoEOuCjz3Q,1,@lizardomorataya8274,@pablochitay46
UCDIMztpVm7G27qBuiWuT6oQ,UChs3tU2BcKOT0CezykvAsGw,1,@lizardomorataya8274,@byronpontaza
UCDIMztpVm7G27qBuiWuT6oQ,UCi1b_TRQfgO1Z9O2gNGGWNA,1,@lizardomorataya8274,@davidisraelesquitsaquil
UCDIMztpVm7G27qBuiWuT6oQ,UCiGRBf2RNF0WRKhRVT7zFoA,1,@lizardomorataya8274,@edwinavila4876
UCDIMztpVm7G27qBuiWuT6oQ,UCiMythXHsw7eQEMykCdmMUA,1,@lizardomorataya8274,@JavierBecerra-h6x
UCDIMztpVm7G27qBuiWuT6oQ,UCipetjeiWj4CZB6EbyYziZg,1,@lizardomorataya8274,@OseasSamayoa-ol5rz
UCDIMztpVm7G27qBuiWuT6oQ,UCj-LL25XJnjxepPKCc3NGog,1,@lizardomorataya8274,@anaaguirre8985
UCDIMztpVm7G27qBuiWuT6oQ,UCjSKM9j0Q7HLDr1hD6D-TUw,1,@lizardomorataya8274,@josehidalgo4875
UCDIMztpVm7G27qBuiWuT6oQ,UCjmPuazZJzscrwvk0QR9RVw,1,@lizardomorataya8274,@mynorrodas8591
UCDIMztpVm7G27qBuiWuT6oQ,UCkd9W714-947dEE6ZOEBATA,1,@lizardomorataya8274,@ARGELIATELON
UCDIMztpVm7G27qBuiWuT6oQ,UCl0ekS9Tt0jJGtOEM18S63w,1,@lizardomorataya8274,@monkchapin
UCDIMztpVm7G27qBuiWuT6oQ,UCljDbleJul41G1TzOjOZAVA,1,@lizardomorataya8274,@hectorcarranza3777
UCDIMztpVm7G27qBuiWuT6oQ,UCmjppp6ujz3SAnULvP3sZMw,1,@lizardomorataya8274,@marcomendez7509
UCDIMztpVm7G27qBuiWuT6oQ,UCmvOgzmmXbjUthHy-WJ52hQ,1,@lizardomorataya8274,@mariorodas593
UCDIMztpVm7G27qBuiWuT6oQ,UCp4iw5_5SmV9VGTFSNVGOmQ,1,@lizardomorataya8274,@CARLOSSTREMS51
UCDIMztpVm7G27qBuiWuT6oQ,UCpIdtvoFHVLGASGB5ySqIEA,1,@lizardomorataya8274,@VidalVillatoro-p4w
UCDIMztpVm7G27qBuiWuT6oQ,UCpl8rF8uv_8uui-QRvuJaRA,1,@lizardomorataya8274,@SergioGarcia-z9c
UCDIMztpVm7G27qBuiWuT6oQ,UCplrIQtaPj6au60_f2-mOYw,1,@lizardomorataya8274,@romeolopezherrarte799
UCDIMztpVm7G27qBuiWuT6oQ,UCpsKOkt5iWTbenzeuq7dsmQ,1,@lizardomorataya8274,@inge_vergueta
UCDIMztpVm7G27qBuiWuT6oQ,UCr1emrogPKkKTs_WTtx71xg,1,@lizardomorataya8274,@domingopeneleu6457
UCDIMztpVm7G27qBuiWuT6oQ,UCrJn_rbo_ENAdeqneS-RmRw,1,@lizardomorataya8274,@josecarrera9623
UCDIMztpVm7G27qBuiWuT6oQ,UCsJJAvrVGupdmhOqgtDp8dg,1,@lizardomorataya8274,@nestorlorenzana1168
UCDIMztpVm7G27qBuiWuT6oQ,UCsSXdJct-nsS8DsABoEsaYA,1,@lizardomorataya8274,@IvánPérez-j4j
UCDIMztpVm7G27qBuiWuT6oQ,UCsUCN0Yq_UyTvKjOJLmNrnQ,1,@lizardomorataya8274,@moisesvaldez4043
UCDIMztpVm7G27qBuiWuT6oQ,UCsjs5Hp_r86x1xbK6FAeqaA,1,@lizardomorataya8274,@alvaroesquivel563
UCDIMztpVm7G27qBuiWuT6oQ,UCtNfIBnc5S5DbbQj_yxgJTw,1,@lizardomorataya8274,@JosueRamirez-ey3ih
UCDIMztpVm7G27qBuiWuT6oQ,UCtUR3_CAiE7fCoZHM6cMfyQ,1,@lizardomorataya8274,@mdelcid01
UCDIMztpVm7G27qBuiWuT6oQ,UCueV9cTyTDwgQSec1x2dYgA,1,@lizardomorataya8274,@fredydomingo7062
UCDIMztpVm7G27qBuiWuT6oQ,UCujPF2nBgsTD62nWE3lcpIg,1,@lizardomorataya8274,@victorarturoruanobautista7588
UCDIMztpVm7G27qBuiWuT6oQ,UCut6b9S98nv84cVX89PmKzA,1,@lizardomorataya8274,@yeniferaguirre4498
UCDIMztpVm7G27qBuiWuT6oQ,UCvApqeCbLod-wejtT4CcVuA,1,@lizardomorataya8274,@davidgaher9550
UCDIMztpVm7G27qBuiWuT6oQ,UCwO2SXr0ggzwg6QWWrr01nQ,1,@lizardomorataya8274,@ricardofigueroa5720
UCDIMztpVm7G27qBuiWuT6oQ,UCwW2OFy95P7ZBkOPxWkpvYg,1,@lizardomorataya8274,@TeresaLucero-b5o
UCDIMztpVm7G27qBuiWuT6oQ,UCwha8rxULYMVtNwZWeSkE1A,1,@lizardomorataya8274,@mariasamo8637
UCDIMztpVm7G27qBuiWuT6oQ,UCxff05WuyvwELNITi7bj7UA,1,@lizardomorataya8274,@markoherrera
UCDIMztpVm7G27qBuiWuT6oQ,UCySYJU5kUh7X8gVt9la2ISA,1,@lizardomorataya8274,@dantesarti4351
UCDIMztpVm7G27qBuiWuT6oQ,UCylqlpsh8ENNM1LqgQ1KbxA,1,@lizardomorataya8274,@Jel.Awesh.M
UCDIMztpVm7G27qBuiWuT6oQ,UCz3gu01bmjNv0DpRq-K3XYg,1,@lizardomorataya8274,@eusebiovasquez4385
UCDIMztpVm7G27qBuiWuT6oQ,UCzSfZlOVxBSs5ObD25ywxDQ,1,@lizardomorataya8274,@GilmarMaldonado-q9m
UCDIMztpVm7G27qBuiWuT6oQ,UCzoL2l5H5eVlorWGH8AZfAg,1,@lizardomorataya8274,@jor77cas
UCDPWkUX3sNNaCx-m1dV4glA,UCDQaQv0hr2SS_PO-CMEwVHg,1,@hectoroliva949,@federicosaquimux1933
UCDPWkUX3sNNaCx-m1dV4glA,UCDUffaruH6dyUnUGwsTKpgg,1,@hectoroliva949,@luisletona2842
UCDPWkUX3sNNaCx-m1dV4glA,UCDftMWXQoJ6nONfY7GVOVjg,1,@hectoroliva949,@luisgpacheco5858
UCDPWkUX3sNNaCx-m1dV4glA,UCDlr1VadSucIZgZ171pRBjQ,1,@hectoroliva949,@cuabatzjj5924
UCDPWkUX3sNNaCx-m1dV4glA,UCEgEQmRbtL5fwr9_DqAC--g,1,@hectoroliva949,@ArielRodas-g5y
UCDPWkUX3sNNaCx-m1dV4glA,UCErZPJpHmLCsXs8ZWkAUupQ,1,@hectoroliva949,@dorisl.garciaroche7763
UCDPWkUX3sNNaCx-m1dV4glA,UCFUuDARXdmmIrLppEqf-rFg,1,@hectoroliva949,@allanmunoz7410
UCDPWkUX3sNNaCx-m1dV4glA,UCFhxtoeARHPnXXPcDrOU3Xg,1,@hectoroliva949,@diegoalejandrolopezmendez205
UCDPWkUX3sNNaCx-m1dV4glA,UCFjudnPLoaSL1BaRuLahyHg,1,@hectoroliva949,@HaroldoCastillo-rh9iw
UCDPWkUX3sNNaCx-m1dV4glA,UCFoIAE8k82D6AV-8gjjKaNg,1,@hectoroliva949,@eddymunoz9789
UCDPWkUX3sNNaCx-m1dV4glA,UCFxE8GbokBrBsPEKM1xrOjQ,1,@hectoroliva949,@JuanDavila-qd7qj
UCDPWkUX3sNNaCx-m1dV4glA,UCGzXwyCzMzGmjmCbH3Hg01Q,1,@hectoroliva949,@FidelZacarias-ph7dy
UCDPWkUX3sNNaCx-m1dV4glA,UCHTGCgY2l-DQJIvlA_cpa_Q,1,@hectoroliva949,@virgiliogarcia3039
UCDPWkUX3sNNaCx-m1dV4glA,UCHhHUjaMAZ8SiXdCUCj9DkQ,1,@hectoroliva949,@fredymendez1786
UCDPWkUX3sNNaCx-m1dV4glA,UCKDR0f2fu2UzWL8mBv5-BHw,1,@hectoroliva949,@mireyamorales6595
UCDPWkUX3sNNaCx-m1dV4glA,UCL13XhnRzbGokEkCkEOb0-g,1,@hectoroliva949,@raquelprado3643
UCDPWkUX3sNNaCx-m1dV4glA,UCL1MT278vSaQ83ZDkVWn1gw,1,@hectoroliva949,@elmorodriguez6978
UCDPWkUX3sNNaCx-m1dV4glA,UCLFdHr9BEbXHkoJopbEPLZw,1,@hectoroliva949,@kanterra4584
UCDPWkUX3sNNaCx-m1dV4glA,UCLggDc_a5HriXv7I1h02sOA,1,@hectoroliva949,@guillermogonzalez5153
UCDPWkUX3sNNaCx-m1dV4glA,UCN6qbfPSzFtjhqUDZ3Cv3CQ,1,@hectoroliva949,@carlosmedranovelasquez6380
UCDPWkUX3sNNaCx-m1dV4glA,UCNBnKqWf4d-rS4HwJRQljmQ,1,@hectoroliva949,@LE_A22
UCDPWkUX3sNNaCx-m1dV4glA,UCNkcuy42zEwddwEcOd_HpnA,1,@hectoroliva949,@vanigomez492
UCDPWkUX3sNNaCx-m1dV4glA,UCOLGv5Pf6BF2wFcwUzgcvHg,1,@hectoroliva949,@welfrealdana5559
UCDPWkUX3sNNaCx-m1dV4glA,UCOS8ViEkccrTZx2w2ccxotA,1,@hectoroliva949,@OscarHernandez-q8y
UCDPWkUX3sNNaCx-m1dV4glA,UCOh6DaZC_x9HASnlRylEMfw,1,@hectoroliva949,@AndresMedina-v1s
UCDPWkUX3sNNaCx-m1dV4glA,UCQ_-LPP8JAbfkc-b1Q6NvWw,1,@hectoroliva949,@MegaKristenstewart
UCDPWkUX3sNNaCx-m1dV4glA,UCQgYjVngJRfPHDLGB5X6ZjA,1,@hectoroliva949,@oscarnavas9996
UCDPWkUX3sNNaCx-m1dV4glA,UCQqetiwzzmRNTM5OWuXarGQ,1,@hectoroliva949,@isaiaslopezvelasquez1539
UCDPWkUX3sNNaCx-m1dV4glA,UCQtICyzWmhC5woCtbNgaSmg,1,@hectoroliva949,@nestormendez6216
UCDPWkUX3sNNaCx-m1dV4glA,UCQtSFINs1h6GHkpg9o5kMvg,1,@hectoroliva949,@MacarioMartinezruiz
UCDPWkUX3sNNaCx-m1dV4glA,UCRETAiYdh2dL5ZxB0_N1zDA,1,@hectoroliva949,@Joseroland21
UCDPWkUX3sNNaCx-m1dV4glA,UCRelkU8JiZBytTzebJxaa-w,1,@hectoroliva949,@danyraymundo2942
UCDPWkUX3sNNaCx-m1dV4glA,UCRlCV9zSn7avAWh-9_XFWqQ,1,@hectoroliva949,@ronyarana8849
UCDPWkUX3sNNaCx-m1dV4glA,UCSou6a2OuYGSvPjm5psquyA,1,@hectoroliva949,@FranciscoRivera-sf7ne
UCDPWkUX3sNNaCx-m1dV4glA,UCTD6q1nyIe3Y7HhqjaMj72w,1,@hectoroliva949,@JuanChang-r6k
UCDPWkUX3sNNaCx-m1dV4glA,UCTP3O0rMnc8z8v8jaDQwL0w,1,@hectoroliva949,@RobertoZelaya-x1v
UCDPWkUX3sNNaCx-m1dV4glA,UCThW2XNsAaBKme5PUt7n-Zg,1,@hectoroliva949,@thelmamoran8565
UCDPWkUX3sNNaCx-m1dV4glA,UCTwSut16JyAg3mX6LVUNGqA,1,@hectoroliva949,@SuperVictor2005
UCDPWkUX3sNNaCx-m1dV4glA,UCTylKrsqkrBKIqubMu_5N0Q,1,@hectoroliva949,@edwingeovanymarroquinmarro6684
UCDPWkUX3sNNaCx-m1dV4glA,UCUIIIPTVDVHAXqhC_5V6lPA,1,@hectoroliva949,@gorrarota
UCDPWkUX3sNNaCx-m1dV4glA,UCV0iizTBoOfdAFX_thfI9BA,1,@hectoroliva949,@BenjaminLarios-jd8nk
UCDPWkUX3sNNaCx-m1dV4glA,UCWIZUtKJ636y-4TYrNvok0g,1,@hectoroliva949,@cesarandreas7824
UCDPWkUX3sNNaCx-m1dV4glA,UCXSkL3ejZ8qWYyF_M7s_QKA,1,@hectoroliva949,@JacintaTzoy
UCDPWkUX3sNNaCx-m1dV4glA,UCXXh7yg5KUFIWylTiKVEFKQ,1,@hectoroliva949,@MrDuenderojo
UCDPWkUX3sNNaCx-m1dV4glA,UCXgr7vXlRrsaskPdo097kGA,1,@hectoroliva949,@Rogergh-nw4oj
UCDPWkUX3sNNaCx-m1dV4glA,UCXr8_5WtGeipe4haOoQDgyQ,1,@hectoroliva949,@amyherrera7352
UCDPWkUX3sNNaCx-m1dV4glA,UCYN4wSQ1Sx4_LurxLlW7MPg,1,@hectoroliva949,@belarminavillatoro6474
UCDPWkUX3sNNaCx-m1dV4glA,UCYwpX26TrCxq8TvbKGRYLXA,1,@hectoroliva949,@beneficioelcaminovillacana8540
UCDPWkUX3sNNaCx-m1dV4glA,UCZ51R_9Q9C0c8I3pAWhtmjQ,1,@hectoroliva949,@belvettzapeta1251
UCDPWkUX3sNNaCx-m1dV4glA,UCZLG9qH0tUjNhEGFIUt0CYw,1,@hectoroliva949,@SoniaMarroquin-y6e
UCDPWkUX3sNNaCx-m1dV4glA,UCcfdg8crmMJwEuLUsAhV7yg,1,@hectoroliva949,@RolandoRaguay
UCDPWkUX3sNNaCx-m1dV4glA,UCfM3nrxtTQMY5jFx1v1J4Gg,1,@hectoroliva949,@edgarroldan5539
UCDPWkUX3sNNaCx-m1dV4glA,UCgvw7xIdGFupzpt1Y_BFkEA,1,@hectoroliva949,@fredygarcia9151
UCDPWkUX3sNNaCx-m1dV4glA,UCh5ESQvtzyHDhCA7XyekCFA,1,@hectoroliva949,@andyB5280
UCDPWkUX3sNNaCx-m1dV4glA,UChZknRmJkeGeQk0-mQuhDOg,1,@hectoroliva949,@OdilioRodríguez-c5w
UCDPWkUX3sNNaCx-m1dV4glA,UChep9kVb5gQmpodEEl10Xlg,1,@hectoroliva949,@carlosaguilar-kz7ml
UCDPWkUX3sNNaCx-m1dV4glA,UChgkn5Jt5tWKYMoEOuCjz3Q,1,@hectoroliva949,@pablochitay46
UCDPWkUX3sNNaCx-m1dV4glA,UChs3tU2BcKOT0CezykvAsGw,1,@hectoroliva949,@byronpontaza
UCDPWkUX3sNNaCx-m1dV4glA,UCi1b_TRQfgO1Z9O2gNGGWNA,1,@hectoroliva949,@davidisraelesquitsaquil
UCDPWkUX3sNNaCx-m1dV4glA,UCiGRBf2RNF0WRKhRVT7zFoA,1,@hectoroliva949,@edwinavila4876
UCDPWkUX3sNNaCx-m1dV4glA,UCiMythXHsw7eQEMykCdmMUA,1,@hectoroliva949,@JavierBecerra-h6x
UCDPWkUX3sNNaCx-m1dV4glA,UCipetjeiWj4CZB6EbyYziZg,1,@hectoroliva949,@OseasSamayoa-ol5rz
UCDPWkUX3sNNaCx-m1dV4glA,UCj-LL25XJnjxepPKCc3NGog,1,@hectoroliva949,@anaaguirre8985
UCDPWkUX3sNNaCx-m1dV4glA,UCjSKM9j0Q7HLDr1hD6D-TUw,1,@hectoroliva949,@josehidalgo4875
UCDPWkUX3sNNaCx-m1dV4glA,UCjmPuazZJzscrwvk0QR9RVw,1,@hectoroliva949,@mynorrodas8591
UCDPWkUX3sNNaCx-m1dV4glA,UCkd9W714-947dEE6ZOEBATA,1,@hectoroliva949,@ARGELIATELON
UCDPWkUX3sNNaCx-m1dV4glA,UCl0ekS9Tt0jJGtOEM18S63w,1,@hectoroliva949,@monkchapin
UCDPWkUX3sNNaCx-m1dV4glA,UCljDbleJul41G1TzOjOZAVA,1,@hectoroliva949,@hectorcarranza3777
UCDPWkUX3sNNaCx-m1dV4glA,UCmjppp6ujz3SAnULvP3sZMw,1,@hectoroliva949,@marcomendez7509
UCDPWkUX3sNNaCx-m1dV4glA,UCmvOgzmmXbjUthHy-WJ52hQ,1,@hectoroliva949,@mariorodas593
UCDPWkUX3sNNaCx-m1dV4glA,UCp4iw5_5SmV9VGTFSNVGOmQ,1,@hectoroliva949,@CARLOSSTREMS51
UCDPWkUX3sNNaCx-m1dV4glA,UCpIdtvoFHVLGASGB5ySqIEA,1,@hectoroliva949,@VidalVillatoro-p4w
UCDPWkUX3sNNaCx-m1dV4glA,UCpl8rF8uv_8uui-QRvuJaRA,1,@hectoroliva949,@SergioGarcia-z9c
UCDPWkUX3sNNaCx-m1dV4glA,UCplrIQtaPj6au60_f2-mOYw,1,@hectoroliva949,@romeolopezherrarte799
UCDPWkUX3sNNaCx-m1dV4glA,UCpsKOkt5iWTbenzeuq7dsmQ,1,@hectoroliva949,@inge_vergueta
UCDPWkUX3sNNaCx-m1dV4glA,UCr1emrogPKkKTs_WTtx71xg,1,@hectoroliva949,@domingopeneleu6457
UCDPWkUX3sNNaCx-m1dV4glA,UCrJn_rbo_ENAdeqneS-RmRw,1,@hectoroliva949,@josecarrera9623
UCDPWkUX3sNNaCx-m1dV4glA,UCsJJAvrVGupdmhOqgtDp8dg,1,@hectoroliva949,@nestorlorenzana1168
UCDPWkUX3sNNaCx-m1dV4glA,UCsSXdJct-nsS8DsABoEsaYA,1,@hectoroliva949,@IvánPérez-j4j
UCDPWkUX3sNNaCx-m1dV4glA,UCsUCN0Yq_UyTvKjOJLmNrnQ,1,@hectoroliva949,@moisesvaldez4043
UCDPWkUX3sNNaCx-m1dV4glA,UCsjs5Hp_r86x1xbK6FAeqaA,1,@hectoroliva949,@alvaroesquivel563
UCDPWkUX3sNNaCx-m1dV4glA,UCtNfIBnc5S5DbbQj_yxgJTw,1,@hectoroliva949,@JosueRamirez-ey3ih
UCDPWkUX3sNNaCx-m1dV4glA,UCtUR3_CAiE7fCoZHM6cMfyQ,1,@hectoroliva949,@mdelcid01
UCDPWkUX3sNNaCx-m1dV4glA,UCueV9cTyTDwgQSec1x2dYgA,1,@hectoroliva949,@fredydomingo7062
UCDPWkUX3sNNaCx-m1dV4glA,UCujPF2nBgsTD62nWE3lcpIg,1,@hectoroliva949,@victorarturoruanobautista7588
UCDPWkUX3sNNaCx-m1dV4glA,UCut6b9S98nv84cVX89PmKzA,1,@hectoroliva949,@yeniferaguirre4498
UCDPWkUX3sNNaCx-m1dV4glA,UCvApqeCbLod-wejtT4CcVuA,1,@hectoroliva949,@davidgaher9550
UCDPWkUX3sNNaCx-m1dV4glA,UCwO2SXr0ggzwg6QWWrr01nQ,1,@hectoroliva949,@ricardofigueroa5720
UCDPWkUX3sNNaCx-m1dV4glA,UCwW2OFy95P7ZBkOPxWkpvYg,1,@hectoroliva949,@TeresaLucero-b5o
UCDPWkUX3sNNaCx-m1dV4glA,UCwha8rxULYMVtNwZWeSkE1A,1,@hectoroliva949,@mariasamo8637
UCDPWkUX3sNNaCx-m1dV4glA,UCxff05WuyvwELNITi7bj7UA,1,@hectoroliva949,@markoherrera
UCDPWkUX3sNNaCx-m1dV4glA,UCySYJU5kUh7X8gVt9la2ISA,1,@hectoroliva949,@dantesarti4351
UCDPWkUX3sNNaCx-m1dV4glA,UCylqlpsh8ENNM1LqgQ1KbxA,1,@hectoroliva949,@Jel.Awesh.M
UCDPWkUX3sNNaCx-m1dV4glA,UCz3gu01bmjNv0DpRq-K3XYg,1,@hectoroliva949,@eusebiovasquez4385
UCDPWkUX3sNNaCx-m1dV4glA,UCzSfZlOVxBSs5ObD25ywxDQ,1,@hectoroliva949,@GilmarMaldonado-q9m
UCDPWkUX3sNNaCx-m1dV4glA,UCzoL2l5H5eVlorWGH8AZfAg,1,@hectoroliva949,@jor77cas
UCDQaQv0hr2SS_PO-CMEwVHg,UCDUffaruH6dyUnUGwsTKpgg,1,@federicosaquimux1933,@luisletona2842
UCDQaQv0hr2SS_PO-CMEwVHg,UCDftMWXQoJ6nONfY7GVOVjg,1,@federicosaquimux1933,@luisgpacheco5858
UCDQaQv0hr2SS_PO-CMEwVHg,UCDlr1VadSucIZgZ171pRBjQ,1,@federicosaquimux1933,@cuabatzjj5924
UCDQaQv0hr2SS_PO-CMEwVHg,UCEgEQmRbtL5fwr9_DqAC--g,1,@federicosaquimux1933,@ArielRodas-g5y
UCDQaQv0hr2SS_PO-CMEwVHg,UCErZPJpHmLCsXs8ZWkAUupQ,1,@federicosaquimux1933,@dorisl.garciaroche7763
UCDQaQv0hr2SS_PO-CMEwVHg,UCFUuDARXdmmIrLppEqf-rFg,1,@federicosaquimux1933,@allanmunoz7410
UCDQaQv0hr2SS_PO-CMEwVHg,UCFhxtoeARHPnXXPcDrOU3Xg,1,@federicosaquimux1933,@diegoalejandrolopezmendez205
UCDQaQv0hr2SS_PO-CMEwVHg,UCFjudnPLoaSL1BaRuLahyHg,1,@federicosaquimux1933,@HaroldoCastillo-rh9iw
UCDQaQv0hr2SS_PO-CMEwVHg,UCFoIAE8k82D6AV-8gjjKaNg,1,@federicosaquimux1933,@eddymunoz9789
UCDQaQv0hr2SS_PO-CMEwVHg,UCFxE8GbokBrBsPEKM1xrOjQ,1,@federicosaquimux1933,@JuanDavila-qd7qj
UCDQaQv0hr2SS_PO-CMEwVHg,UCGzXwyCzMzGmjmCbH3Hg01Q,1,@federicosaquimux1933,@FidelZacarias-ph7dy
UCDQaQv0hr2SS_PO-CMEwVHg,UCHTGCgY2l-DQJIvlA_cpa_Q,1,@federicosaquimux1933,@virgiliogarcia3039
UCDQaQv0hr2SS_PO-CMEwVHg,UCHhHUjaMAZ8SiXdCUCj9DkQ,1,@federicosaquimux1933,@fredymendez1786
UCDQaQv0hr2SS_PO-CMEwVHg,UCKDR0f2fu2UzWL8mBv5-BHw,1,@federicosaquimux1933,@mireyamorales6595
UCDQaQv0hr2SS_PO-CMEwVHg,UCL13XhnRzbGokEkCkEOb0-g,1,@federicosaquimux1933,@raquelprado3643
UCDQaQv0hr2SS_PO-CMEwVHg,UCL1MT278vSaQ83ZDkVWn1gw,1,@federicosaquimux1933,@elmorodriguez6978
UCDQaQv0hr2SS_PO-CMEwVHg,UCLFdHr9BEbXHkoJopbEPLZw,1,@federicosaquimux1933,@kanterra4584
UCDQaQv0hr2SS_PO-CMEwVHg,UCLggDc_a5HriXv7I1h02sOA,1,@federicosaquimux1933,@guillermogonzalez5153
UCDQaQv0hr2SS_PO-CMEwVHg,UCN6qbfPSzFtjhqUDZ3Cv3CQ,1,@federicosaquimux1933,@carlosmedranovelasquez6380
UCDQaQv0hr2SS_PO-CMEwVHg,UCNBnKqWf4d-rS4HwJRQljmQ,1,@federicosaquimux1933,@LE_A22
UCDQaQv0hr2SS_PO-CMEwVHg,UCNkcuy42zEwddwEcOd_HpnA,1,@federicosaquimux1933,@vanigomez492
UCDQaQv0hr2SS_PO-CMEwVHg,UCOLGv5Pf6BF2wFcwUzgcvHg,1,@federicosaquimux1933,@welfrealdana5559
UCDQaQv0hr2SS_PO-CMEwVHg,UCOS8ViEkccrTZx2w2ccxotA,1,@federicosaquimux1933,@OscarHernandez-q8y
UCDQaQv0hr2SS_PO-CMEwVHg,UCOh6DaZC_x9HASnlRylEMfw,1,@federicosaquimux1933,@AndresMedina-v1s
UCDQaQv0hr2SS_PO-CMEwVHg,UCQ_-LPP8JAbfkc-b1Q6NvWw,1,@federicosaquimux1933,@MegaKristenstewart
UCDQaQv0hr2SS_PO-CMEwVHg,UCQgYjVngJRfPHDLGB5X6ZjA,1,@federicosaquimux1933,@oscarnavas9996
UCDQaQv0hr2SS_PO-CMEwVHg,UCQqetiwzzmRNTM5OWuXarGQ,1,@federicosaquimux1933,@isaiaslopezvelasquez1539
UCDQaQv0hr2SS_PO-CMEwVHg,UCQtICyzWmhC5woCtbNgaSmg,1,@federicosaquimux1933,@nestormendez6216
UCDQaQv0hr2SS_PO-CMEwVHg,UCQtSFINs1h6GHkpg9o5kMvg,1,@federicosaquimux1933,@MacarioMartinezruiz
UCDQaQv0hr2SS_PO-CMEwVHg,UCRETAiYdh2dL5ZxB0_N1zDA,1,@federicosaquimux1933,@Joseroland21
UCDQaQv0hr2SS_PO-CMEwVHg,UCRelkU8JiZBytTzebJxaa-w,1,@federicosaquimux1933,@danyraymundo2942
UCDQaQv0hr2SS_PO-CMEwVHg,UCRlCV9zSn7avAWh-9_XFWqQ,1,@federicosaquimux1933,@ronyarana8849
UCDQaQv0hr2SS_PO-CMEwVHg,UCSou6a2OuYGSvPjm5psquyA,1,@federicosaquimux1933,@FranciscoRivera-sf7ne
UCDQaQv0hr2SS_PO-CMEwVHg,UCTD6q1nyIe3Y7HhqjaMj72w,1,@federicosaquimux1933,@JuanChang-r6k
UCDQaQv0hr2SS_PO-CMEwVHg,UCTP3O0rMnc8z8v8jaDQwL0w,1,@federicosaquimux1933,@RobertoZelaya-x1v
UCDQaQv0hr2SS_PO-CMEwVHg,UCThW2XNsAaBKme5PUt7n-Zg,1,@federicosaquimux1933,@thelmamoran8565
UCDQaQv0hr2SS_PO-CMEwVHg,UCTwSut16JyAg3mX6LVUNGqA,1,@federicosaquimux1933,@SuperVictor2005
UCDQaQv0hr2SS_PO-CMEwVHg,UCTylKrsqkrBKIqubMu_5N0Q,1,@federicosaquimux1933,@edwingeovanymarroquinmarro6684
UCDQaQv0hr2SS_PO-CMEwVHg,UCUIIIPTVDVHAXqhC_5V6lPA,1,@federicosaquimux1933,@gorrarota
UCDQaQv0hr2SS_PO-CMEwVHg,UCV0iizTBoOfdAFX_thfI9BA,1,@federicosaquimux1933,@BenjaminLarios-jd8nk
UCDQaQv0hr2SS_PO-CMEwVHg,UCWIZUtKJ636y-4TYrNvok0g,1,@federicosaquimux1933,@cesarandreas7824
UCDQaQv0hr2SS_PO-CMEwVHg,UCXSkL3ejZ8qWYyF_M7s_QKA,1,@federicosaquimux1933,@JacintaTzoy
UCDQaQv0hr2SS_PO-CMEwVHg,UCXXh7yg5KUFIWylTiKVEFKQ,1,@federicosaquimux1933,@MrDuenderojo
UCDQaQv0hr2SS_PO-CMEwVHg,UCXgr7vXlRrsaskPdo097kGA,1,@federicosaquimux1933,@Rogergh-nw4oj
UCDQaQv0hr2SS_PO-CMEwVHg,UCXr8_5WtGeipe4haOoQDgyQ,1,@federicosaquimux1933,@amyherrera7352
UCDQaQv0hr2SS_PO-CMEwVHg,UCYN4wSQ1Sx4_LurxLlW7MPg,1,@federicosaquimux1933,@belarminavillatoro6474
UCDQaQv0hr2SS_PO-CMEwVHg,UCYwpX26TrCxq8TvbKGRYLXA,1,@federicosaquimux1933,@beneficioelcaminovillacana8540
UCDQaQv0hr2SS_PO-CMEwVHg,UCZ51R_9Q9C0c8I3pAWhtmjQ,1,@federicosaquimux1933,@belvettzapeta1251
UCDQaQv0hr2SS_PO-CMEwVHg,UCZLG9qH0tUjNhEGFIUt0CYw,1,@federicosaquimux1933,@SoniaMarroquin-y6e
UCDQaQv0hr2SS_PO-CMEwVHg,UCcfdg8crmMJwEuLUsAhV7yg,1,@federicosaquimux1933,@RolandoRaguay
UCDQaQv0hr2SS_PO-CMEwVHg,UCfM3nrxtTQMY5jFx1v1J4Gg,1,@federicosaquimux1933,@edgarroldan5539
UCDQaQv0hr2SS_PO-CMEwVHg,UCgvw7xIdGFupzpt1Y_BFkEA,1,@federicosaquimux1933,@fredygarcia9151
UCDQaQv0hr2SS_PO-CMEwVHg,UCh5ESQvtzyHDhCA7XyekCFA,1,@federicosaquimux1933,@andyB5280
UCDQaQv0hr2SS_PO-CMEwVHg,UChZknRmJkeGeQk0-mQuhDOg,1,@federicosaquimux1933,@OdilioRodríguez-c5w
UCDQaQv0hr2SS_PO-CMEwVHg,UChep9kVb5gQmpodEEl10Xlg,1,@federicosaquimux1933,@carlosaguilar-kz7ml
UCDQaQv0hr2SS_PO-CMEwVHg,UChgkn5Jt5tWKYMoEOuCjz3Q,1,@federicosaquimux1933,@pablochitay46
UCDQaQv0hr2SS_PO-CMEwVHg,UChs3tU2BcKOT0CezykvAsGw,1,@federicosaquimux1933,@byronpontaza
UCDQaQv0hr2SS_PO-CMEwVHg,UCi1b_TRQfgO1Z9O2gNGGWNA,1,@federicosaquimux1933,@davidisraelesquitsaquil
UCDQaQv0hr2SS_PO-CMEwVHg,UCiGRBf2RNF0WRKhRVT7zFoA,1,@federicosaquimux1933,@edwinavila4876
UCDQaQv0hr2SS_PO-CMEwVHg,UCiMythXHsw7eQEMykCdmMUA,1,@federicosaquimux1933,@JavierBecerra-h6x
UCDQaQv0hr2SS_PO-CMEwVHg,UCipetjeiWj4CZB6EbyYziZg,1,@federicosaquimux1933,@OseasSamayoa-ol5rz
UCDQaQv0hr2SS_PO-CMEwVHg,UCj-LL25XJnjxepPKCc3NGog,1,@federicosaquimux1933,@anaaguirre8985
UCDQaQv0hr2SS_PO-CMEwVHg,UCjSKM9j0Q7HLDr1hD6D-TUw,1,@federicosaquimux1933,@josehidalgo4875
UCDQaQv0hr2SS_PO-CMEwVHg,UCjmPuazZJzscrwvk0QR9RVw,1,@federicosaquimux1933,@mynorrodas8591
UCDQaQv0hr2SS_PO-CMEwVHg,UCkd9W714-947dEE6ZOEBATA,1,@federicosaquimux1933,@ARGELIATELON
UCDQaQv0hr2SS_PO-CMEwVHg,UCl0ekS9Tt0jJGtOEM18S63w,1,@federicosaquimux1933,@monkchapin
UCDQaQv0hr2SS_PO-CMEwVHg,UCljDbleJul41G1TzOjOZAVA,1,@federicosaquimux1933,@hectorcarranza3777
UCDQaQv0hr2SS_PO-CMEwVHg,UCmjppp6ujz3SAnULvP3sZMw,1,@federicosaquimux1933,@marcomendez7509
UCDQaQv0hr2SS_PO-CMEwVHg,UCmvOgzmmXbjUthHy-WJ52hQ,1,@federicosaquimux1933,@mariorodas593
UCDQaQv0hr2SS_PO-CMEwVHg,UCp4iw5_5SmV9VGTFSNVGOmQ,1,@federicosaquimux1933,@CARLOSSTREMS51
UCDQaQv0hr2SS_PO-CMEwVHg,UCpIdtvoFHVLGASGB5ySqIEA,1,@federicosaquimux1933,@VidalVillatoro-p4w
UCDQaQv0hr2SS_PO-CMEwVHg,UCpl8rF8uv_8uui-QRvuJaRA,1,@federicosaquimux1933,@SergioGarcia-z9c
UCDQaQv0hr2SS_PO-CMEwVHg,UCplrIQtaPj6au60_f2-mOYw,1,@federicosaquimux1933,@romeolopezherrarte799
UCDQaQv0hr2SS_PO-CMEwVHg,UCpsKOkt5iWTbenzeuq7dsmQ,1,@federicosaquimux1933,@inge_vergueta
UCDQaQv0hr2SS_PO-CMEwVHg,UCr1emrogPKkKTs_WTtx71xg,1,@federicosaquimux1933,@domingopeneleu6457
UCDQaQv0hr2SS_PO-CMEwVHg,UCrJn_rbo_ENAdeqneS-RmRw,1,@federicosaquimux1933,@josecarrera9623
UCDQaQv0hr2SS_PO-CMEwVHg,UCsJJAvrVGupdmhOqgtDp8dg,1,@federicosaquimux1933,@nestorlorenzana1168
UCDQaQv0hr2SS_PO-CMEwVHg,UCsSXdJct-nsS8DsABoEsaYA,1,@federicosaquimux1933,@IvánPérez-j4j
UCDQaQv0hr2SS_PO-CMEwVHg,UCsUCN0Yq_UyTvKjOJLmNrnQ,1,@federicosaquimux1933,@moisesvaldez4043
UCDQaQv0hr2SS_PO-CMEwVHg,UCsjs5Hp_r86x1xbK6FAeqaA,1,@federicosaquimux1933,@alvaroesquivel563
UCDQaQv0hr2SS_PO-CMEwVHg,UCtNfIBnc5S5DbbQj_yxgJTw,1,@federicosaquimux1933,@JosueRamirez-ey3ih
UCDQaQv0hr2SS_PO-CMEwVHg,UCtUR3_CAiE7fCoZHM6cMfyQ,1,@federicosaquimux1933,@mdelcid01
UCDQaQv0hr2SS_PO-CMEwVHg,UCueV9cTyTDwgQSec1x2dYgA,1,@federicosaquimux1933,@fredydomingo7062
UCDQaQv0hr2SS_PO-CMEwVHg,UCujPF2nBgsTD62nWE3lcpIg,1,@federicosaquimux1933,@victorarturoruanobautista7588
UCDQaQv0hr2SS_PO-CMEwVHg,UCut6b9S98nv84cVX89PmKzA,1,@federicosaquimux1933,@yeniferaguirre4498
UCDQaQv0hr2SS_PO-CMEwVHg,UCvApqeCbLod-wejtT4CcVuA,1,@federicosaquimux1933,@davidgaher9550
UCDQaQv0hr2SS_PO-CMEwVHg,UCwO2SXr0ggzwg6QWWrr01nQ,1,@federicosaquimux1933,@ricardofigueroa5720
UCDQaQv0hr2SS_PO-CMEwVHg,UCwW2OFy95P7ZBkOPxWkpvYg,1,@federicosaquimux1933,@TeresaLucero-b5o
UCDQaQv0hr2SS_PO-CMEwVHg,UCwha8rxULYMVtNwZWeSkE1A,1,@federicosaquimux1933,@mariasamo8637
UCDQaQv0hr2SS_PO-CMEwVHg,UCxff05WuyvwELNITi7bj7UA,1,@federicosaquimux1933,@markoherrera
UCDQaQv0hr2SS_PO-CMEwVHg,UCySYJU5kUh7X8gVt9la2ISA,1,@federicosaquimux1933,@dantesarti4351
UCDQaQv0hr2SS_PO-CMEwVHg,UCylqlpsh8ENNM1LqgQ1KbxA,1,@federicosaquimux1933,@Jel.Awesh.M
UCDQaQv0hr2SS_PO-CMEwVHg,UCz3gu01bmjNv0DpRq-K3XYg,1,@federicosaquimux1933,@eusebiovasquez4385
UCDQaQv0hr2SS_PO-CMEwVHg,UCzSfZlOVxBSs5ObD25ywxDQ,1,@federicosaquimux1933,@GilmarMaldonado-q9m
UCDQaQv0hr2SS_PO-CMEwVHg,UCzoL2l5H5eVlorWGH8AZfAg,1,@federicosaquimux1933,@jor77cas
UCDUffaruH6dyUnUGwsTKpgg,UCDftMWXQoJ6nONfY7GVOVjg,1,@luisletona2842,@luisgpacheco5858
UCDUffaruH6dyUnUGwsTKpgg,UCDlr1VadSucIZgZ171pRBjQ,1,@luisletona2842,@cuabatzjj5924
UCDUffaruH6dyUnUGwsTKpgg,UCEgEQmRbtL5fwr9_DqAC--g,1,@luisletona2842,@ArielRodas-g5y
UCDUffaruH6dyUnUGwsTKpgg,UCErZPJpHmLCsXs8ZWkAUupQ,1,@luisletona2842,@dorisl.garciaroche7763
UCDUffaruH6dyUnUGwsTKpgg,UCFUuDARXdmmIrLppEqf-rFg,1,@luisletona2842,@allanmunoz7410
UCDUffaruH6dyUnUGwsTKpgg,UCFhxtoeARHPnXXPcDrOU3Xg,1,@luisletona2842,@diegoalejandrolopezmendez205
UCDUffaruH6dyUnUGwsTKpgg,UCFjudnPLoaSL1BaRuLahyHg,1,@luisletona2842,@HaroldoCastillo-rh9iw
UCDUffaruH6dyUnUGwsTKpgg,UCFoIAE8k82D6AV-8gjjKaNg,1,@luisletona2842,@eddymunoz9789
UCDUffaruH6dyUnUGwsTKpgg,UCFxE8GbokBrBsPEKM1xrOjQ,1,@luisletona2842,@JuanDavila-qd7qj
UCDUffaruH6dyUnUGwsTKpgg,UCGzXwyCzMzGmjmCbH3Hg01Q,1,@luisletona2842,@FidelZacarias-ph7dy
UCDUffaruH6dyUnUGwsTKpgg,UCHTGCgY2l-DQJIvlA_cpa_Q,1,@luisletona2842,@virgiliogarcia3039
UCDUffaruH6dyUnUGwsTKpgg,UCHhHUjaMAZ8SiXdCUCj9DkQ,1,@luisletona2842,@fredymendez1786
UCDUffaruH6dyUnUGwsTKpgg,UCKDR0f2fu2UzWL8mBv5-BHw,1,@luisletona2842,@mireyamorales6595
UCDUffaruH6dyUnUGwsTKpgg,UCL13XhnRzbGokEkCkEOb0-g,1,@luisletona2842,@raquelprado3643
UCDUffaruH6dyUnUGwsTKpgg,UCL1MT278vSaQ83ZDkVWn1gw,1,@luisletona2842,@elmorodriguez6978
UCDUffaruH6dyUnUGwsTKpgg,UCLFdHr9BEbXHkoJopbEPLZw,1,@luisletona2842,@kanterra4584
UCDUffaruH6dyUnUGwsTKpgg,UCLggDc_a5HriXv7I1h02sOA,1,@luisletona2842,@guillermogonzalez5153
UCDUffaruH6dyUnUGwsTKpgg,UCN6qbfPSzFtjhqUDZ3Cv3CQ,1,@luisletona2842,@carlosmedranovelasquez6380
UCDUffaruH6dyUnUGwsTKpgg,UCNBnKqWf4d-rS4HwJRQljmQ,1,@luisletona2842,@LE_A22
UCDUffaruH6dyUnUGwsTKpgg,UCNkcuy42zEwddwEcOd_HpnA,1,@luisletona2842,@vanigomez492
UCDUffaruH6dyUnUGwsTKpgg,UCOLGv5Pf6BF2wFcwUzgcvHg,1,@luisletona2842,@welfrealdana5559
UCDUffaruH6dyUnUGwsTKpgg,UCOS8ViEkccrTZx2w2ccxotA,1,@luisletona2842,@OscarHernandez-q8y
UCDUffaruH6dyUnUGwsTKpgg,UCOh6DaZC_x9HASnlRylEMfw,1,@luisletona2842,@AndresMedina-v1s
UCDUffaruH6dyUnUGwsTKpgg,UCQ_-LPP8JAbfkc-b1Q6NvWw,1,@luisletona2842,@MegaKristenstewart
UCDUffaruH6dyUnUGwsTKpgg,UCQgYjVngJRfPHDLGB5X6ZjA,1,@luisletona2842,@oscarnavas9996
UCDUffaruH6dyUnUGwsTKpgg,UCQqetiwzzmRNTM5OWuXarGQ,1,@luisletona2842,@isaiaslopezvelasquez1539
UCDUffaruH6dyUnUGwsTKpgg,UCQtICyzWmhC5woCtbNgaSmg,1,@luisletona2842,@nestormendez6216
UCDUffaruH6dyUnUGwsTKpgg,UCQtSFINs1h6GHkpg9o5kMvg,1,@luisletona2842,@MacarioMartinezruiz
UCDUffaruH6dyUnUGwsTKpgg,UCRETAiYdh2dL5ZxB0_N1zDA,1,@luisletona2842,@Joseroland21
UCDUffaruH6dyUnUGwsTKpgg,UCRelkU8JiZBytTzebJxaa-w,1,@luisletona2842,@danyraymundo2942
UCDUffaruH6dyUnUGwsTKpgg,UCRlCV9zSn7avAWh-9_XFWqQ,1,@luisletona2842,@ronyarana8849
UCDUffaruH6dyUnUGwsTKpgg,UCSou6a2OuYGSvPjm5psquyA,1,@luisletona2842,@FranciscoRivera-sf7ne
UCDUffaruH6dyUnUGwsTKpgg,UCTD6q1nyIe3Y7HhqjaMj72w,1,@luisletona2842,@JuanChang-r6k
UCDUffaruH6dyUnUGwsTKpgg,UCTP3O0rMnc8z8v8jaDQwL0w,1,@luisletona2842,@RobertoZelaya-x1v
UCDUffaruH6dyUnUGwsTKpgg,UCThW2XNsAaBKme5PUt7n-Zg,1,@luisletona2842,@thelmamoran8565
UCDUffaruH6dyUnUGwsTKpgg,UCTwSut16JyAg3mX6LVUNGqA,1,@luisletona2842,@SuperVictor2005
UCDUffaruH6dyUnUGwsTKpgg,UCTylKrsqkrBKIqubMu_5N0Q,1,@luisletona2842,@edwingeovanymarroquinmarro6684
UCDUffaruH6dyUnUGwsTKpgg,UCUIIIPTVDVHAXqhC_5V6lPA,1,@luisletona2842,@gorrarota
UCDUffaruH6dyUnUGwsTKpgg,UCV0iizTBoOfdAFX_thfI9BA,1,@luisletona2842,@BenjaminLarios-jd8nk
UCDUffaruH6dyUnUGwsTKpgg,UCWIZUtKJ636y-4TYrNvok0g,1,@luisletona2842,@cesarandreas7824
UCDUffaruH6dyUnUGwsTKpgg,UCXSkL3ejZ8qWYyF_M7s_QKA,1,@luisletona2842,@JacintaTzoy
UCDUffaruH6dyUnUGwsTKpgg,UCXXh7yg5KUFIWylTiKVEFKQ,1,@luisletona2842,@MrDuenderojo
UCDUffaruH6dyUnUGwsTKpgg,UCXgr7vXlRrsaskPdo097kGA,1,@luisletona2842,@Rogergh-nw4oj
UCDUffaruH6dyUnUGwsTKpgg,UCXr8_5WtGeipe4haOoQDgyQ,1,@luisletona2842,@amyherrera7352
UCDUffaruH6dyUnUGwsTKpgg,UCYN4wSQ1Sx4_LurxLlW7MPg,1,@luisletona2842,@belarminavillatoro6474
UCDUffaruH6dyUnUGwsTKpgg,UCYwpX26TrCxq8TvbKGRYLXA,1,@luisletona2842,@beneficioelcaminovillacana8540
UCDUffaruH6dyUnUGwsTKpgg,UCZ51R_9Q9C0c8I3pAWhtmjQ,1,@luisletona2842,@belvettzapeta1251
UCDUffaruH6dyUnUGwsTKpgg,UCZLG9qH0tUjNhEGFIUt0CYw,1,@luisletona2842,@SoniaMarroquin-y6e
UCDUffaruH6dyUnUGwsTKpgg,UCcfdg8crmMJwEuLUsAhV7yg,1,@luisletona2842,@RolandoRaguay
UCDUffaruH6dyUnUGwsTKpgg,UCfM3nrxtTQMY5jFx1v1J4Gg,1,@luisletona2842,@edgarroldan5539
UCDUffaruH6dyUnUGwsTKpgg,UCgvw7xIdGFupzpt1Y_BFkEA,1,@luisletona2842,@fredygarcia9151
UCDUffaruH6dyUnUGwsTKpgg,UCh5ESQvtzyHDhCA7XyekCFA,1,@luisletona2842,@andyB5280
UCDUffaruH6dyUnUGwsTKpgg,UChZknRmJkeGeQk0-mQuhDOg,1,@luisletona2842,@OdilioRodríguez-c5w
UCDUffaruH6dyUnUGwsTKpgg,UChep9kVb5gQmpodEEl10Xlg,1,@luisletona2842,@carlosaguilar-kz7ml
UCDUffaruH6dyUnUGwsTKpgg,UChgkn5Jt5tWKYMoEOuCjz3Q,1,@luisletona2842,@pablochitay46
UCDUffaruH6dyUnUGwsTKpgg,UChs3tU2BcKOT0CezykvAsGw,1,@luisletona2842,@byronpontaza
UCDUffaruH6dyUnUGwsTKpgg,UCi1b_TRQfgO1Z9O2gNGGWNA,1,@luisletona2842,@davidisraelesquitsaquil
UCDUffaruH6dyUnUGwsTKpgg,UCiGRBf2RNF0WRKhRVT7zFoA,1,@luisletona2842,@edwinavila4876
UCDUffaruH6dyUnUGwsTKpgg,UCiMythXHsw7eQEMykCdmMUA,1,@luisletona2842,@JavierBecerra-h6x
UCDUffaruH6dyUnUGwsTKpgg,UCipetjeiWj4CZB6EbyYziZg,1,@luisletona2842,@OseasSamayoa-ol5rz
UCDUffaruH6dyUnUGwsTKpgg,UCj-LL25XJnjxepPKCc3NGog,1,@luisletona2842,@anaaguirre8985
UCDUffaruH6dyUnUGwsTKpgg,UCjSKM9j0Q7HLDr1hD6D-TUw,1,@luisletona2842,@josehidalgo4875
UCDUffaruH6dyUnUGwsTKpgg,UCjmPuazZJzscrwvk0QR9RVw,1,@luisletona2842,@mynorrodas8591
UCDUffaruH6dyUnUGwsTKpgg,UCkd9W714-947dEE6ZOEBATA,1,@luisletona2842,@ARGELIATELON
UCDUffaruH6dyUnUGwsTKpgg,UCl0ekS9Tt0jJGtOEM18S63w,1,@luisletona2842,@monkchapin
UCDUffaruH6dyUnUGwsTKpgg,UCljDbleJul41G1TzOjOZAVA,1,@luisletona2842,@hectorcarranza3777
UCDUffaruH6dyUnUGwsTKpgg,UCmjppp6ujz3SAnULvP3sZMw,1,@luisletona2842,@marcomendez7509
UCDUffaruH6dyUnUGwsTKpgg,UCmvOgzmmXbjUthHy-WJ52hQ,1,@luisletona2842,@mariorodas593
UCDUffaruH6dyUnUGwsTKpgg,UCp4iw5_5SmV9VGTFSNVGOmQ,1,@luisletona2842,@CARLOSSTREMS51
UCDUffaruH6dyUnUGwsTKpgg,UCpIdtvoFHVLGASGB5ySqIEA,1,@luisletona2842,@VidalVillatoro-p4w
UCDUffaruH6dyUnUGwsTKpgg,UCpl8rF8uv_8uui-QRvuJaRA,1,@luisletona2842,@SergioGarcia-z9c
UCDUffaruH6dyUnUGwsTKpgg,UCplrIQtaPj6au60_f2-mOYw,1,@luisletona2842,@romeolopezherrarte799
UCDUffaruH6dyUnUGwsTKpgg,UCpsKOkt5iWTbenzeuq7dsmQ,1,@luisletona2842,@inge_vergueta
UCDUffaruH6dyUnUGwsTKpgg,UCr1emrogPKkKTs_WTtx71xg,1,@luisletona2842,@domingopeneleu6457
UCDUffaruH6dyUnUGwsTKpgg,UCrJn_rbo_ENAdeqneS-RmRw,1,@luisletona2842,@josecarrera9623
UCDUffaruH6dyUnUGwsTKpgg,UCsJJAvrVGupdmhOqgtDp8dg,1,@luisletona2842,@nestorlorenzana1168
UCDUffaruH6dyUnUGwsTKpgg,UCsSXdJct-nsS8DsABoEsaYA,1,@luisletona2842,@IvánPérez-j4j
UCDUffaruH6dyUnUGwsTKpgg,UCsUCN0Yq_UyTvKjOJLmNrnQ,1,@luisletona2842,@moisesvaldez4043
UCDUffaruH6dyUnUGwsTKpgg,UCsjs5Hp_r86x1xbK6FAeqaA,1,@luisletona2842,@alvaroesquivel563
UCDUffaruH6dyUnUGwsTKpgg,UCtNfIBnc5S5DbbQj_yxgJTw,1,@luisletona2842,@JosueRamirez-ey3ih
UCDUffaruH6dyUnUGwsTKpgg,UCtUR3_CAiE7fCoZHM6cMfyQ,1,@luisletona2842,@mdelcid01
UCDUffaruH6dyUnUGwsTKpgg,UCueV9cTyTDwgQSec1x2dYgA,1,@luisletona2842,@fredydomingo7062
UCDUffaruH6dyUnUGwsTKpgg,UCujPF2nBgsTD62nWE3lcpIg,1,@luisletona2842,@victorarturoruanobautista7588
UCDUffaruH6dyUnUGwsTKpgg,UCut6b9S98nv84cVX89PmKzA,1,@luisletona2842,@yeniferaguirre4498
UCDUffaruH6dyUnUGwsTKpgg,UCvApqeCbLod-wejtT4CcVuA,1,@luisletona2842,@davidgaher9550
UCDUffaruH6dyUnUGwsTKpgg,UCwO2SXr0ggzwg6QWWrr01nQ,1,@luisletona2842,@ricardofigueroa5720
UCDUffaruH6dyUnUGwsTKpgg,UCwW2OFy95P7ZBkOPxWkpvYg,1,@luisletona2842,@TeresaLucero-b5o
UCDUffaruH6dyUnUGwsTKpgg,UCwha8rxULYMVtNwZWeSkE1A,1,@luisletona2842,@mariasamo8637
UCDUffaruH6dyUnUGwsTKpgg,UCxff05WuyvwELNITi7bj7UA,1,@luisletona2842,@markoherrera
UCDUffaruH6dyUnUGwsTKpgg,UCySYJU5kUh7X8gVt9la2ISA,1,@luisletona2842,@dantesarti4351
UCDUffaruH6dyUnUGwsTKpgg,UCylqlpsh8ENNM1LqgQ1KbxA,1,@luisletona2842,@Jel.Awesh.M
UCDUffaruH6dyUnUGwsTKpgg,UCz3gu01bmjNv0DpRq-K3XYg,1,@luisletona2842,@eusebiovasquez4385
UCDUffaruH6dyUnUGwsTKpgg,UCzSfZlOVxBSs5ObD25ywxDQ,1,@luisletona2842,@GilmarMaldonado-q9m
UCDUffaruH6dyUnUGwsTKpgg,UCzoL2l5H5eVlorWGH8AZfAg,1,@luisletona2842,@jor77cas
UCDftMWXQoJ6nONfY7GVOVjg,UCDlr1VadSucIZgZ171pRBjQ,1,@luisgpacheco5858,@cuabatzjj5924
UCDftMWXQoJ6nONfY7GVOVjg,UCEgEQmRbtL5fwr9_DqAC--g,1,@luisgpacheco5858,@ArielRodas-g5y
UCDftMWXQoJ6nONfY7GVOVjg,UCErZPJpHmLCsXs8ZWkAUupQ,1,@luisgpacheco5858,@dorisl.garciaroche7763
UCDftMWXQoJ6nONfY7GVOVjg,UCFUuDARXdmmIrLppEqf-rFg,1,@luisgpacheco5858,@allanmunoz7410
UCDftMWXQoJ6nONfY7GVOVjg,UCFhxtoeARHPnXXPcDrOU3Xg,1,@luisgpacheco5858,@diegoalejandrolopezmendez205
UCDftMWXQoJ6nONfY7GVOVjg,UCFjudnPLoaSL1BaRuLahyHg,1,@luisgpacheco5858,@HaroldoCastillo-rh9iw
UCDftMWXQoJ6nONfY7GVOVjg,UCFoIAE8k82D6AV-8gjjKaNg,1,@luisgpacheco5858,@eddymunoz9789
UCDftMWXQoJ6nONfY7GVOVjg,UCFxE8GbokBrBsPEKM1xrOjQ,1,@luisgpacheco5858,@JuanDavila-qd7qj
UCDftMWXQoJ6nONfY7GVOVjg,UCGzXwyCzMzGmjmCbH3Hg01Q,1,@luisgpacheco5858,@FidelZacarias-ph7dy
UCDftMWXQoJ6nONfY7GVOVjg,UCHTGCgY2l-DQJIvlA_cpa_Q,1,@luisgpacheco5858,@virgiliogarcia3039
UCDftMWXQoJ6nONfY7GVOVjg,UCHhHUjaMAZ8SiXdCUCj9DkQ,1,@luisgpacheco5858,@fredymendez1786
UCDftMWXQoJ6nONfY7GVOVjg,UCKDR0f2fu2UzWL8mBv5-BHw,1,@luisgpacheco5858,@mireyamorales6595
UCDftMWXQoJ6nONfY7GVOVjg,UCL13XhnRzbGokEkCkEOb0-g,1,@luisgpacheco5858,@raquelprado3643
UCDftMWXQoJ6nONfY7GVOVjg,UCL1MT278vSaQ83ZDkVWn1gw,1,@luisgpacheco5858,@elmorodriguez6978
UCDftMWXQoJ6nONfY7GVOVjg,UCLFdHr9BEbXHkoJopbEPLZw,1,@luisgpacheco5858,@kanterra4584
UCDftMWXQoJ6nONfY7GVOVjg,UCLggDc_a5HriXv7I1h02sOA,1,@luisgpacheco5858,@guillermogonzalez5153
UCDftMWXQoJ6nONfY7GVOVjg,UCN6qbfPSzFtjhqUDZ3Cv3CQ,1,@luisgpacheco5858,@carlosmedranovelasquez6380
UCDftMWXQoJ6nONfY7GVOVjg,UCNBnKqWf4d-rS4HwJRQljmQ,1,@luisgpacheco5858,@LE_A22
UCDftMWXQoJ6nONfY7GVOVjg,UCNkcuy42zEwddwEcOd_HpnA,1,@luisgpacheco5858,@vanigomez492
UCDftMWXQoJ6nONfY7GVOVjg,UCOLGv5Pf6BF2wFcwUzgcvHg,1,@luisgpacheco5858,@welfrealdana5559
UCDftMWXQoJ6nONfY7GVOVjg,UCOS8ViEkccrTZx2w2ccxotA,1,@luisgpacheco5858,@OscarHernandez-q8y
UCDftMWXQoJ6nONfY7GVOVjg,UCOh6DaZC_x9HASnlRylEMfw,1,@luisgpacheco5858,@AndresMedina-v1s
UCDftMWXQoJ6nONfY7GVOVjg,UCQ_-LPP8JAbfkc-b1Q6NvWw,1,@luisgpacheco5858,@MegaKristenstewart
UCDftMWXQoJ6nONfY7GVOVjg,UCQgYjVngJRfPHDLGB5X6ZjA,1,@luisgpacheco5858,@oscarnavas9996
UCDftMWXQoJ6nONfY7GVOVjg,UCQqetiwzzmRNTM5OWuXarGQ,1,@luisgpacheco5858,@isaiaslopezvelasquez1539
UCDftMWXQoJ6nONfY7GVOVjg,UCQtICyzWmhC5woCtbNgaSmg,1,@luisgpacheco5858,@nestormendez6216
UCDftMWXQoJ6nONfY7GVOVjg,UCQtSFINs1h6GHkpg9o5kMvg,1,@luisgpacheco5858,@MacarioMartinezruiz
UCDftMWXQoJ6nONfY7GVOVjg,UCRETAiYdh2dL5ZxB0_N1zDA,1,@luisgpacheco5858,@Joseroland21
UCDftMWXQoJ6nONfY7GVOVjg,UCRelkU8JiZBytTzebJxaa-w,1,@luisgpacheco5858,@danyraymundo2942
UCDftMWXQoJ6nONfY7GVOVjg,UCRlCV9zSn7avAWh-9_XFWqQ,1,@luisgpacheco5858,@ronyarana8849
UCDftMWXQoJ6nONfY7GVOVjg,UCSou6a2OuYGSvPjm5psquyA,1,@luisgpacheco5858,@FranciscoRivera-sf7ne
UCDftMWXQoJ6nONfY7GVOVjg,UCTD6q1nyIe3Y7HhqjaMj72w,1,@luisgpacheco5858,@JuanChang-r6k
UCDftMWXQoJ6nONfY7GVOVjg,UCTP3O0rMnc8z8v8jaDQwL0w,1,@luisgpacheco5858,@RobertoZelaya-x1v
UCDftMWXQoJ6nONfY7GVOVjg,UCThW2XNsAaBKme5PUt7n-Zg,1,@luisgpacheco5858,@thelmamoran8565
UCDftMWXQoJ6nONfY7GVOVjg,UCTwSut16JyAg3mX6LVUNGqA,1,@luisgpacheco5858,@SuperVictor2005
UCDftMWXQoJ6nONfY7GVOVjg,UCTylKrsqkrBKIqubMu_5N0Q,1,@luisgpacheco5858,@edwingeovanymarroquinmarro6684
UCDftMWXQoJ6nONfY7GVOVjg,UCUIIIPTVDVHAXqhC_5V6lPA,1,@luisgpacheco5858,@gorrarota
UCDftMWXQoJ6nONfY7GVOVjg,UCV0iizTBoOfdAFX_thfI9BA,1,@luisgpacheco5858,@BenjaminLarios-jd8nk
UCDftMWXQoJ6nONfY7GVOVjg,UCWIZUtKJ636y-4TYrNvok0g,1,@luisgpacheco5858,@cesarandreas7824
UCDftMWXQoJ6nONfY7GVOVjg,UCXSkL3ejZ8qWYyF_M7s_QKA,1,@luisgpacheco5858,@JacintaTzoy
UCDftMWXQoJ6nONfY7GVOVjg,UCXXh7yg5KUFIWylTiKVEFKQ,1,@luisgpacheco5858,@MrDuenderojo
UCDftMWXQoJ6nONfY7GVOVjg,UCXgr7vXlRrsaskPdo097kGA,1,@luisgpacheco5858,@Rogergh-nw4oj
UCDftMWXQoJ6nONfY7GVOVjg,UCXr8_5WtGeipe4haOoQDgyQ,1,@luisgpacheco5858,@amyherrera7352
UCDftMWXQoJ6nONfY7GVOVjg,UCYN4wSQ1Sx4_LurxLlW7MPg,1,@luisgpacheco5858,@belarminavillatoro6474
UCDftMWXQoJ6nONfY7GVOVjg,UCYwpX26TrCxq8TvbKGRYLXA,1,@luisgpacheco5858,@beneficioelcaminovillacana8540
UCDftMWXQoJ6nONfY7GVOVjg,UCZ51R_9Q9C0c8I3pAWhtmjQ,1,@luisgpacheco5858,@belvettzapeta1251
UCDftMWXQoJ6nONfY7GVOVjg,UCZLG9qH0tUjNhEGFIUt0CYw,1,@luisgpacheco5858,@SoniaMarroquin-y6e
UCDftMWXQoJ6nONfY7GVOVjg,UCcfdg8crmMJwEuLUsAhV7yg,1,@luisgpacheco5858,@RolandoRaguay
UCDftMWXQoJ6nONfY7GVOVjg,UCfM3nrxtTQMY5jFx1v1J4Gg,1,@luisgpacheco5858,@edgarroldan5539
UCDftMWXQoJ6nONfY7GVOVjg,UCgvw7xIdGFupzpt1Y_BFkEA,1,@luisgpacheco5858,@fredygarcia9151
UCDftMWXQoJ6nONfY7GVOVjg,UCh5ESQvtzyHDhCA7XyekCFA,1,@luisgpacheco5858,@andyB5280
UCDftMWXQoJ6nONfY7GVOVjg,UChZknRmJkeGeQk0-mQuhDOg,1,@luisgpacheco5858,@OdilioRodríguez-c5w
UCDftMWXQoJ6nONfY7GVOVjg,UChep9kVb5gQmpodEEl10Xlg,1,@luisgpacheco5858,@carlosaguilar-kz7ml
UCDftMWXQoJ6nONfY7GVOVjg,UChgkn5Jt5tWKYMoEOuCjz3Q,1,@luisgpacheco5858,@pablochitay46
UCDftMWXQoJ6nONfY7GVOVjg,UChs3tU2BcKOT0CezykvAsGw,1,@luisgpacheco5858,@byronpontaza
UCDftMWXQoJ6nONfY7GVOVjg,UCi1b_TRQfgO1Z9O2gNGGWNA,1,@luisgpacheco5858,@davidisraelesquitsaquil
UCDftMWXQoJ6nONfY7GVOVjg,UCiGRBf2RNF0WRKhRVT7zFoA,1,@luisgpacheco5858,@edwinavila4876
UCDftMWXQoJ6nONfY7GVOVjg,UCiMythXHsw7eQEMykCdmMUA,1,@luisgpacheco5858,@JavierBecerra-h6x
UCDftMWXQoJ6nONfY7GVOVjg,UCipetjeiWj4CZB6EbyYziZg,1,@luisgpacheco5858,@OseasSamayoa-ol5rz
UCDftMWXQoJ6nONfY7GVOVjg,UCj-LL25XJnjxepPKCc3NGog,1,@luisgpacheco5858,@anaaguirre8985
UCDftMWXQoJ6nONfY7GVOVjg,UCjSKM9j0Q7HLDr1hD6D-TUw,1,@luisgpacheco5858,@josehidalgo4875
UCDftMWXQoJ6nONfY7GVOVjg,UCjmPuazZJzscrwvk0QR9RVw,1,@luisgpacheco5858,@mynorrodas8591
UCDftMWXQoJ6nONfY7GVOVjg,UCkd9W714-947dEE6ZOEBATA,1,@luisgpacheco5858,@ARGELIATELON
UCDftMWXQoJ6nONfY7GVOVjg,UCl0ekS9Tt0jJGtOEM18S63w,1,@luisgpacheco5858,@monkchapin
UCDftMWXQoJ6nONfY7GVOVjg,UCljDbleJul41G1TzOjOZAVA,1,@luisgpacheco5858,@hectorcarranza3777
UCDftMWXQoJ6nONfY7GVOVjg,UCmjppp6ujz3SAnULvP3sZMw,1,@luisgpacheco5858,@marcomendez7509
UCDftMWXQoJ6nONfY7GVOVjg,UCmvOgzmmXbjUthHy-WJ52hQ,1,@luisgpacheco5858,@mariorodas593
UCDftMWXQoJ6nONfY7GVOVjg,UCp4iw5_5SmV9VGTFSNVGOmQ,1,@luisgpacheco5858,@CARLOSSTREMS51
UCDftMWXQoJ6nONfY7GVOVjg,UCpIdtvoFHVLGASGB5ySqIEA,1,@luisgpacheco5858,@VidalVillatoro-p4w
UCDftMWXQoJ6nONfY7GVOVjg,UCpl8rF8uv_8uui-QRvuJaRA,1,@luisgpacheco5858,@SergioGarcia-z9c
UCDftMWXQoJ6nONfY7GVOVjg,UCplrIQtaPj6au60_f2-mOYw,1,@luisgpacheco5858,@romeolopezherrarte799
UCDftMWXQoJ6nONfY7GVOVjg,UCpsKOkt5iWTbenzeuq7dsmQ,1,@luisgpacheco5858,@inge_vergueta
UCDftMWXQoJ6nONfY7GVOVjg,UCr1emrogPKkKTs_WTtx71xg,1,@luisgpacheco5858,@domingopeneleu6457
UCDftMWXQoJ6nONfY7GVOVjg,UCrJn_rbo_ENAdeqneS-RmRw,1,@luisgpacheco5858,@josecarrera9623
UCDftMWXQoJ6nONfY7GVOVjg,UCsJJAvrVGupdmhOqgtDp8dg,1,@luisgpacheco5858,@nestorlorenzana1168
UCDftMWXQoJ6nONfY7GVOVjg,UCsSXdJct-nsS8DsABoEsaYA,1,@luisgpacheco5858,@IvánPérez-j4j
UCDftMWXQoJ6nONfY7GVOVjg,UCsUCN0Yq_UyTvKjOJLmNrnQ,1,@luisgpacheco5858,@moisesvaldez4043
UCDftMWXQoJ6nONfY7GVOVjg,UCsjs5Hp_r86x1xbK6FAeqaA,1,@luisgpacheco5858,@alvaroesquivel563
UCDftMWXQoJ6nONfY7GVOVjg,UCtNfIBnc5S5DbbQj_yxgJTw,1,@luisgpacheco5858,@JosueRamirez-ey3ih
UCDftMWXQoJ6nONfY7GVOVjg,UCtUR3_CAiE7fCoZHM6cMfyQ,1,@luisgpacheco5858,@mdelcid01
UCDftMWXQoJ6nONfY7GVOVjg,UCueV9cTyTDwgQSec1x2dYgA,1,@luisgpacheco5858,@fredydomingo7062
UCDftMWXQoJ6nONfY7GVOVjg,UCujPF2nBgsTD62nWE3lcpIg,1,@luisgpacheco5858,@victorarturoruanobautista7588
UCDftMWXQoJ6nONfY7GVOVjg,UCut6b9S98nv84cVX89PmKzA,1,@luisgpacheco5858,@yeniferaguirre4498
UCDftMWXQoJ6nONfY7GVOVjg,UCvApqeCbLod-wejtT4CcVuA,1,@luisgpacheco5858,@davidgaher9550
UCDftMWXQoJ6nONfY7GVOVjg,UCwO2SXr0ggzwg6QWWrr01nQ,1,@luisgpacheco5858,@ricardofigueroa5720
UCDftMWXQoJ6nONfY7GVOVjg,UCwW2OFy95P7ZBkOPxWkpvYg,1,@luisgpacheco5858,@TeresaLucero-b5o
UCDftMWXQoJ6nONfY7GVOVjg,UCwha8rxULYMVtNwZWeSkE1A,1,@luisgpacheco5858,@mariasamo8637
UCDftMWXQoJ6nONfY7GVOVjg,UCxff05WuyvwELNITi7bj7UA,1,@luisgpacheco5858,@markoherrera
UCDftMWXQoJ6nONfY7GVOVjg,UCySYJU5kUh7X8gVt9la2ISA,1,@luisgpacheco5858,@dantesarti4351
UCDftMWXQoJ6nONfY7GVOVjg,UCylqlpsh8ENNM1LqgQ1KbxA,1,@luisgpacheco5858,@Jel.Awesh.M
UCDftMWXQoJ6nONfY7GVOVjg,UCz3gu01bmjNv0DpRq-K3XYg,1,@luisgpacheco5858,@eusebiovasquez4385
UCDftMWXQoJ6nONfY7GVOVjg,UCzSfZlOVxBSs5ObD25ywxDQ,1,@luisgpacheco5858,@GilmarMaldonado-q9m
UCDftMWXQoJ6nONfY7GVOVjg,UCzoL2l5H5eVlorWGH8AZfAg,1,@luisgpacheco5858,@jor77cas
UCDlr1VadSucIZgZ171pRBjQ,UCEgEQmRbtL5fwr9_DqAC--g,1,@cuabatzjj5924,@ArielRodas-g5y
UCDlr1VadSucIZgZ171pRBjQ,UCErZPJpHmLCsXs8ZWkAUupQ,1,@cuabatzjj5924,@dorisl.garciaroche7763
UCDlr1VadSucIZgZ171pRBjQ,UCFUuDARXdmmIrLppEqf-rFg,1,@cuabatzjj5924,@allanmunoz7410
UCDlr1VadSucIZgZ171pRBjQ,UCFhxtoeARHPnXXPcDrOU3Xg,1,@cuabatzjj5924,@diegoalejandrolopezmendez205
UCDlr1VadSucIZgZ171pRBjQ,UCFjudnPLoaSL1BaRuLahyHg,1,@cuabatzjj5924,@HaroldoCastillo-rh9iw
UCDlr1VadSucIZgZ171pRBjQ,UCFoIAE8k82D6AV-8gjjKaNg,1,@cuabatzjj5924,@eddymunoz9789
UCDlr1VadSucIZgZ171pRBjQ,UCFxE8GbokBrBsPEKM1xrOjQ,1,@cuabatzjj5924,@JuanDavila-qd7qj
UCDlr1VadSucIZgZ171pRBjQ,UCGzXwyCzMzGmjmCbH3Hg01Q,1,@cuabatzjj5924,@FidelZacarias-ph7dy
UCDlr1VadSucIZgZ171pRBjQ,UCHTGCgY2l-DQJIvlA_cpa_Q,1,@cuabatzjj5924,@virgiliogarcia3039
UCDlr1VadSucIZgZ171pRBjQ,UCHhHUjaMAZ8SiXdCUCj9DkQ,1,@cuabatzjj5924,@fredymendez1786
UCDlr1VadSucIZgZ171pRBjQ,UCKDR0f2fu2UzWL8mBv5-BHw,1,@cuabatzjj5924,@mireyamorales6595
UCDlr1VadSucIZgZ171pRBjQ,UCL13XhnRzbGokEkCkEOb0-g,1,@cuabatzjj5924,@raquelprado3643
UCDlr1VadSucIZgZ171pRBjQ,UCL1MT278vSaQ83ZDkVWn1gw,1,@cuabatzjj5924,@elmorodriguez6978
UCDlr1VadSucIZgZ171pRBjQ,UCLFdHr9BEbXHkoJopbEPLZw,1,@cuabatzjj5924,@kanterra4584
UCDlr1VadSucIZgZ171pRBjQ,UCLggDc_a5HriXv7I1h02sOA,1,@cuabatzjj5924,@guillermogonzalez5153
UCDlr1VadSucIZgZ171pRBjQ,UCN6qbfPSzFtjhqUDZ3Cv3CQ,1,@cuabatzjj5924,@carlosmedranovelasquez6380
UCDlr1VadSucIZgZ171pRBjQ,UCNBnKqWf4d-rS4HwJRQljmQ,1,@cuabatzjj5924,@LE_A22
UCDlr1VadSucIZgZ171pRBjQ,UCNkcuy42zEwddwEcOd_HpnA,1,@cuabatzjj5924,@vanigomez492
UCDlr1VadSucIZgZ171pRBjQ,UCOLGv5Pf6BF2wFcwUzgcvHg,1,@cuabatzjj5924,@welfrealdana5559
UCDlr1VadSucIZgZ171pRBjQ,UCOS8ViEkccrTZx2w2ccxotA,1,@cuabatzjj5924,@OscarHernandez-q8y
UCDlr1VadSucIZgZ171pRBjQ,UCOh6DaZC_x9HASnlRylEMfw,1,@cuabatzjj5924,@AndresMedina-v1s
UCDlr1VadSucIZgZ171pRBjQ,UCQ_-LPP8JAbfkc-b1Q6NvWw,1,@cuabatzjj5924,@MegaKristenstewart
UCDlr1VadSucIZgZ171pRBjQ,UCQgYjVngJRfPHDLGB5X6ZjA,1,@cuabatzjj5924,@oscarnavas9996
UCDlr1VadSucIZgZ171pRBjQ,UCQqetiwzzmRNTM5OWuXarGQ,1,@cuabatzjj5924,@isaiaslopezvelasquez1539
UCDlr1VadSucIZgZ171pRBjQ,UCQtICyzWmhC5woCtbNgaSmg,1,@cuabatzjj5924,@nestormendez6216
UCDlr1VadSucIZgZ171pRBjQ,UCQtSFINs1h6GHkpg9o5kMvg,1,@cuabatzjj5924,@MacarioMartinezruiz
UCDlr1VadSucIZgZ171pRBjQ,UCRETAiYdh2dL5ZxB0_N1zDA,1,@cuabatzjj5924,@Joseroland21
UCDlr1VadSucIZgZ171pRBjQ,UCRelkU8JiZBytTzebJxaa-w,1,@cuabatzjj5924,@danyraymundo2942
UCDlr1VadSucIZgZ171pRBjQ,UCRlCV9zSn7avAWh-9_XFWqQ,1,@cuabatzjj5924,@ronyarana8849
UCDlr1VadSucIZgZ171pRBjQ,UCSou6a2OuYGSvPjm5psquyA,1,@cuabatzjj5924,@FranciscoRivera-sf7ne
UCDlr1VadSucIZgZ171pRBjQ,UCTD6q1nyIe3Y7HhqjaMj72w,1,@cuabatzjj5924,@JuanChang-r6k
UCDlr1VadSucIZgZ171pRBjQ,UCTP3O0rMnc8z8v8jaDQwL0w,1,@cuabatzjj5924,@RobertoZelaya-x1v
UCDlr1VadSucIZgZ171pRBjQ,UCThW2XNsAaBKme5PUt7n-Zg,1,@cuabatzjj5924,@thelmamoran8565
UCDlr1VadSucIZgZ171pRBjQ,UCTwSut16JyAg3mX6LVUNGqA,1,@cuabatzjj5924,@SuperVictor2005
UCDlr1VadSucIZgZ171pRBjQ,UCTylKrsqkrBKIqubMu_5N0Q,1,@cuabatzjj5924,@edwingeovanymarroquinmarro6684
UCDlr1VadSucIZgZ171pRBjQ,UCUIIIPTVDVHAXqhC_5V6lPA,1,@cuabatzjj5924,@gorrarota
UCDlr1VadSucIZgZ171pRBjQ,UCV0iizTBoOfdAFX_thfI9BA,1,@cuabatzjj5924,@BenjaminLarios-jd8nk
UCDlr1VadSucIZgZ171pRBjQ,UCWIZUtKJ636y-4TYrNvok0g,1,@cuabatzjj5924,@cesarandreas7824
UCDlr1VadSucIZgZ171pRBjQ,UCXSkL3ejZ8qWYyF_M7s_QKA,1,@cuabatzjj5924,@JacintaTzoy
UCDlr1VadSucIZgZ171pRBjQ,UCXXh7yg5KUFIWylTiKVEFKQ,1,@cuabatzjj5924,@MrDuenderojo
UCDlr1VadSucIZgZ171pRBjQ,UCXgr7vXlRrsaskPdo097kGA,1,@cuabatzjj5924,@Rogergh-nw4oj
UCDlr1VadSucIZgZ171pRBjQ,UCXr8_5WtGeipe4haOoQDgyQ,1,@cuabatzjj5924,@amyherrera7352
UCDlr1VadSucIZgZ171pRBjQ,UCYN4wSQ1Sx4_LurxLlW7MPg,1,@cuabatzjj5924,@belarminavillatoro6474
UCDlr1VadSucIZgZ171pRBjQ,UCYwpX26TrCxq8TvbKGRYLXA,1,@cuabatzjj5924,@beneficioelcaminovillacana8540
UCDlr1VadSucIZgZ171pRBjQ,UCZ51R_9Q9C0c8I3pAWhtmjQ,1,@cuabatzjj5924,@belvettzapeta1251
UCDlr1VadSucIZgZ171pRBjQ,UCZLG9qH0tUjNhEGFIUt0CYw,1,@cuabatzjj5924,@SoniaMarroquin-y6e
UCDlr1VadSucIZgZ171pRBjQ,UCcfdg8crmMJwEuLUsAhV7yg,1,@cuabatzjj5924,@RolandoRaguay
UCDlr1VadSucIZgZ171pRBjQ,UCfM3nrxtTQMY5jFx1v1J4Gg,1,@cuabatzjj5924,@edgarroldan5539
UCDlr1VadSucIZgZ171pRBjQ,UCgvw7xIdGFupzpt1Y_BFkEA,1,@cuabatzjj5924,@fredygarcia9151
UCDlr1VadSucIZgZ171pRBjQ,UCh5ESQvtzyHDhCA7XyekCFA,1,@cuabatzjj5924,@andyB5280
UCDlr1VadSucIZgZ171pRBjQ,UChZknRmJkeGeQk0-mQuhDOg,1,@cuabatzjj5924,@OdilioRodríguez-c5w
UCDlr1VadSucIZgZ171pRBjQ,UChep9kVb5gQmpodEEl10Xlg,1,@cuabatzjj5924,@carlosaguilar-kz7ml
UCDlr1VadSucIZgZ171pRBjQ,UChgkn5Jt5tWKYMoEOuCjz3Q,1,@cuabatzjj5924,@pablochitay46
UCDlr1VadSucIZgZ171pRBjQ,UChs3tU2BcKOT0CezykvAsGw,1,@cuabatzjj5924,@byronpontaza
UCDlr1VadSucIZgZ171pRBjQ,UCi1b_TRQfgO1Z9O2gNGGWNA,1,@cuabatzjj5924,@davidisraelesquitsaquil
UCDlr1VadSucIZgZ171pRBjQ,UCiGRBf2RNF0WRKhRVT7zFoA,1,@cuabatzjj5924,@edwinavila4876
UCDlr1VadSucIZgZ171pRBjQ,UCiMythXHsw7eQEMykCdmMUA,1,@cuabatzjj5924,@JavierBecerra-h6x
UCDlr1VadSucIZgZ171pRBjQ,UCipetjeiWj4CZB6EbyYziZg,1,@cuabatzjj5924,@OseasSamayoa-ol5rz
UCDlr1VadSucIZgZ171pRBjQ,UCj-LL25XJnjxepPKCc3NGog,1,@cuabatzjj5924,@anaaguirre8985
UCDlr1VadSucIZgZ171pRBjQ,UCjSKM9j0Q7HLDr1hD6D-TUw,1,@cuabatzjj5924,@josehidalgo4875
UCDlr1VadSucIZgZ171pRBjQ,UCjmPuazZJzscrwvk0QR9RVw,1,@cuabatzjj5924,@mynorrodas8591
UCDlr1VadSucIZgZ171pRBjQ,UCkd9W714-947dEE6ZOEBATA,1,@cuabatzjj5924,@ARGELIATELON
UCDlr1VadSucIZgZ171pRBjQ,UCl0ekS9Tt0jJGtOEM18S63w,1,@cuabatzjj5924,@monkchapin
UCDlr1VadSucIZgZ171pRBjQ,UCljDbleJul41G1TzOjOZAVA,1,@cuabatzjj5924,@hectorcarranza3777
UCDlr1VadSucIZgZ171pRBjQ,UCmjppp6ujz3SAnULvP3sZMw,1,@cuabatzjj5924,@marcomendez7509
UCDlr1VadSucIZgZ171pRBjQ,UCmvOgzmmXbjUthHy-WJ52hQ,1,@cuabatzjj5924,@mariorodas593
UCDlr1VadSucIZgZ171pRBjQ,UCp4iw5_5SmV9VGTFSNVGOmQ,1,@cuabatzjj5924,@CARLOSSTREMS51
UCDlr1VadSucIZgZ171pRBjQ,UCpIdtvoFHVLGASGB5ySqIEA,1,@cuabatzjj5924,@VidalVillatoro-p4w
UCDlr1VadSucIZgZ171pRBjQ,UCpl8rF8uv_8uui-QRvuJaRA,1,@cuabatzjj5924,@SergioGarcia-z9c
UCDlr1VadSucIZgZ171pRBjQ,UCplrIQtaPj6au60_f2-mOYw,1,@cuabatzjj5924,@romeolopezherrarte799
UCDlr1VadSucIZgZ171pRBjQ,UCpsKOkt5iWTbenzeuq7dsmQ,1,@cuabatzjj5924,@inge_vergueta
UCDlr1VadSucIZgZ171pRBjQ,UCr1emrogPKkKTs_WTtx71xg,1,@cuabatzjj5924,@domingopeneleu6457
UCDlr1VadSucIZgZ171pRBjQ,UCrJn_rbo_ENAdeqneS-RmRw,1,@cuabatzjj5924,@josecarrera9623
UCDlr1VadSucIZgZ171pRBjQ,UCsJJAvrVGupdmhOqgtDp8dg,1,@cuabatzjj5924,@nestorlorenzana1168
UCDlr1VadSucIZgZ171pRBjQ,UCsSXdJct-nsS8DsABoEsaYA,1,@cuabatzjj5924,@IvánPérez-j4j
UCDlr1VadSucIZgZ171pRBjQ,UCsUCN0Yq_UyTvKjOJLmNrnQ,1,@cuabatzjj5924,@moisesvaldez4043
UCDlr1VadSucIZgZ171pRBjQ,UCsjs5Hp_r86x1xbK6FAeqaA,1,@cuabatzjj5924,@alvaroesquivel563
UCDlr1VadSucIZgZ171pRBjQ,UCtNfIBnc5S5DbbQj_yxgJTw,1,@cuabatzjj5924,@JosueRamirez-ey3ih
UCDlr1VadSucIZgZ171pRBjQ,UCtUR3_CAiE7fCoZHM6cMfyQ,1,@cuabatzjj5924,@mdelcid01
UCDlr1VadSucIZgZ171pRBjQ,UCueV9cTyTDwgQSec1x2dYgA,1,@cuabatzjj5924,@fredydomingo7062
UCDlr1VadSucIZgZ171pRBjQ,UCujPF2nBgsTD62nWE3lcpIg,1,@cuabatzjj5924,@victorarturoruanobautista7588
UCDlr1VadSucIZgZ171pRBjQ,UCut6b9S98nv84cVX89PmKzA,1,@cuabatzjj5924,@yeniferaguirre4498
UCDlr1VadSucIZgZ171pRBjQ,UCvApqeCbLod-wejtT4CcVuA,1,@cuabatzjj5924,@davidgaher9550
UCDlr1VadSucIZgZ171pRBjQ,UCwO2SXr0ggzwg6QWWrr01nQ,1,@cuabatzjj5924,@ricardofigueroa5720
UCDlr1VadSucIZgZ171pRBjQ,UCwW2OFy95P7ZBkOPxWkpvYg,1,@cuabatzjj5924,@TeresaLucero-b5o
UCDlr1VadSucIZgZ171pRBjQ,UCwha8rxULYMVtNwZWeSkE1A,1,@cuabatzjj5924,@mariasamo8637
UCDlr1VadSucIZgZ171pRBjQ,UCxff05WuyvwELNITi7bj7UA,1,@cuabatzjj5924,@markoherrera
UCDlr1VadSucIZgZ171pRBjQ,UCySYJU5kUh7X8gVt9la2ISA,1,@cuabatzjj5924,@dantesarti4351
UCDlr1VadSucIZgZ171pRBjQ,UCylqlpsh8ENNM1LqgQ1KbxA,1,@cuabatzjj5924,@Jel.Awesh.M
UCDlr1VadSucIZgZ171pRBjQ,UCz3gu01bmjNv0DpRq-K3XYg,1,@cuabatzjj5924,@eusebiovasquez4385
UCDlr1VadSucIZgZ171pRBjQ,UCzSfZlOVxBSs5ObD25ywxDQ,1,@cuabatzjj5924,@GilmarMaldonado-q9m
UCDlr1VadSucIZgZ171pRBjQ,UCzoL2l5H5eVlorWGH8AZfAg,1,@cuabatzjj5924,@jor77cas
UCDrmf9y9nLgFY5wnA2hTuGA,UCGGHbtfbbe0o68etrOf0qxw,1,@laboratorio5528,@karensussetteleonvargas9794
UCDrmf9y9nLgFY5wnA2hTuGA,UCHbwIx9pmQuf7i-4_xO2EpA,1,@laboratorio5528,@caminoseternos752
UCDrmf9y9nLgFY5wnA2hTuGA,UCNpt5CQlTzNjlAKY6CJtClQ,1,@laboratorio5528,@eustaquiogomez9975
UCDrmf9y9nLgFY5wnA2hTuGA,UCOcUI5XkTYNMSFhZNMIPpGg,1,@laboratorio5528,@hendersonlopez3864
UCDrmf9y9nLgFY5wnA2hTuGA,UCQqlPPUGqAfWjd-FSh_qn7Q,1,@laboratorio5528,@estuardoargueta137
UCDrmf9y9nLgFY5wnA2hTuGA,UCQyOePccUP-fIJYzchAgZYw,1,@laboratorio5528,@aguilar4254
UCDrmf9y9nLgFY5wnA2hTuGA,UCRAquv8el-tQ30bN7MlmySQ,1,@laboratorio5528,@iamjimalesssa
UCDrmf9y9nLgFY5wnA2hTuGA,UCRvPToDkkumha7WJAfCDk1A,1,@laboratorio5528,@ligiaguerra3057
UCDrmf9y9nLgFY5wnA2hTuGA,UCUoYsrx1oZnCZ0usbBJn4fA,1,@laboratorio5528,@AnaDiaz-re9sq
UCDrmf9y9nLgFY5wnA2hTuGA,UCV0lM03g5fg5pbPj97-sAtA,1,@laboratorio5528,@genarodelgado3929
UCDrmf9y9nLgFY5wnA2hTuGA,UCW-JC6lebVmf2P1dmY_L94g,1,@laboratorio5528,@dinoraoroxon5771
UCDrmf9y9nLgFY5wnA2hTuGA,UCW80DaMjQlEUibC98Cot-Dg,1,@laboratorio5528,@rogeraldana4289
UCDrmf9y9nLgFY5wnA2hTuGA,UCWoAVGVqCn4xtINCMOTM4jg,1,@laboratorio5528,@OmarMartinez-vv8re
UCDrmf9y9nLgFY5wnA2hTuGA,UCZeIIQrGAedW8tCbKWmGY-A,1,@laboratorio5528,@mariocordon8873
UCDrmf9y9nLgFY5wnA2hTuGA,UC_LYoGs5C3mbZKZuKuqYCvw,1,@laboratorio5528,@javiercifuentesarchila6041
UCDrmf9y9nLgFY5wnA2hTuGA,UCaKAjTW9MVub_clgr4DRYjQ,1,@laboratorio5528,@josecastillo4390
UCDrmf9y9nLgFY5wnA2hTuGA,UCdFlugHJJa4l3YqWuNRmvXw,1,@laboratorio5528,@MarcosCarillo-b1r
UCDrmf9y9nLgFY5wnA2hTuGA,UCe8JZoYkX5oKUZyivHYdXhw,1,@laboratorio5528,@FernandoGarcia-jg1fj
UCDrmf9y9nLgFY5wnA2hTuGA,UCeDNEtI8_a42bZ47wJiJMwQ,1,@laboratorio5528,@EdgarcalderonCalderong
UCDrmf9y9nLgFY5wnA2hTuGA,UCgJNFj5dnxXpcMvmuhZDPxA,1,@laboratorio5528,@NataliaRodriguez-rx5mr
UCDrmf9y9nLgFY5wnA2hTuGA,UCgQw_Sbq3ugruDUKsq1e0-A,1,@laboratorio5528,@marlenareano-h4t
UCDrmf9y9nLgFY5wnA2hTuGA,UCiC-Jn7wdgyQV4_Urk0DkWQ,1,@laboratorio5528,@pedroros6358
UCDrmf9y9nLgFY5wnA2hTuGA,UCkVtmkK07b2zaVVNssX4lOg,1,@laboratorio5528,@HectorElias-u2l
UCDrmf9y9nLgFY5wnA2hTuGA,UCkbsS_3D-pvg1iHOld9uvIg,1,@laboratorio5528,@gonzalo6075
UCDrmf9y9nLgFY5wnA2hTuGA,UClhMWQ7XKWywYvbRnuf8QsA,1,@laboratorio5528,@EcPerez-zz9oh
UCDrmf9y9nLgFY5wnA2hTuGA,UClqA491Xa5fQcXcJJa-vTWw,1,@laboratorio5528,@AndresLemus-k2d
UCDrmf9y9nLgFY5wnA2hTuGA,UColMq7LmaoY3MT6aIDGrGvA,1,@laboratorio5528,@quijotachapina1
UCDrmf9y9nLgFY5wnA2hTuGA,UCpe5jW3MIqkgTJ-PgkzvM6Q,1,@laboratorio5528,@carloslam5333
UCDrmf9y9nLgFY5wnA2hTuGA,UCpsKOkt5iWTbenzeuq7dsmQ,1,@laboratorio5528,@inge_vergueta
UCDrmf9y9nLgFY5wnA2hTuGA,UCqCrvuoJpC-aVb0f4logQRQ,1,@laboratorio5528,@Lyrics_GT
UCDrmf9y9nLgFY5wnA2hTuGA,UCsGoJEvb-cFPZ2rWoJcXzEQ,1,@laboratorio5528,@sergiohinestroza9709
UCDrmf9y9nLgFY5wnA2hTuGA,UCu8_3-Wg-YzNyvHYQDEscfw,1,@laboratorio5528,@RolandoCastroPérez-d7y
UCDrmf9y9nLgFY5wnA2hTuGA,UCuXmOjxC-htcprLgeVXz6Tg,1,@laboratorio5528,@jorgeaguilar-bq3uj
UCDrmf9y9nLgFY5wnA2hTuGA,UCwgCc9Jd_gG-uLE_SY-FfPg,1,@laboratorio5528,@armindapenados2841
UCDrmf9y9nLgFY5wnA2hTuGA,UCwjUvRseNtJoItylIyIez7Q,1,@laboratorio5528,@Silviazea
UCDrmf9y9nLgFY5wnA2hTuGA,UCylqlpsh8ENNM1LqgQ1KbxA,1,@laboratorio5528,@Jel.Awesh.M
UCEHXl4VvvVpq-_4xC5tsbhg,UCFybmWapGvBKcQod7cPPH9w,1,@anibalg47,@vitalianochavez8382
UCEHXl4VvvVpq-_4xC5tsbhg,UCRfkkatKrNtAARnXMMYBGlA,1,@anibalg47,@BernerSoza-mg3vx
UCEHXl4VvvVpq-_4xC5tsbhg,UCV3fr-YOixFKCZBbJP1-X4w,1,@anibalg47,@albertoshernandez5251
UCEHXl4VvvVpq-_4xC5tsbhg,UCWaRixDdpgllTBf4V0jPnKQ,1,@anibalg47,@hectormaaz5523
UCEHXl4VvvVpq-_4xC5tsbhg,UCWvntqPQx99k_Z_skWKqNSA,1,@anibalg47,@AntonioChiyal-x5s
UCEHXl4VvvVpq-_4xC5tsbhg,UCZFQwqh90apuL8eFhvRBkUg,1,@anibalg47,@luisricardo9671
UCEHXl4VvvVpq-_4xC5tsbhg,UCa36MjQLoPAmgJo-R3G8WQA,1,@anibalg47,@elsasalguero6914
UCEHXl4VvvVpq-_4xC5tsbhg,UCaT4saRcyqCLE657Rq2hhZQ,1,@anibalg47,@elmilenial4064
UCEHXl4VvvVpq-_4xC5tsbhg,UCeQk-WfEA-cJRq4EKeE7TOw,1,@anibalg47,@franciscojuarez9223
UCEHXl4VvvVpq-_4xC5tsbhg,UCfo_yUPzy1f1POwwZxhZ06Q,1,@anibalg47,@lara11roberto
UCEHXl4VvvVpq-_4xC5tsbhg,UCgGqw4aqMdMVSGkKiMgrJRQ,1,@anibalg47,@pattyfigueroa5609
UCEHXl4VvvVpq-_4xC5tsbhg,UCheEJ5GZuIvV0fj-nXyVwXw,1,@anibalg47,@rosaoliva9389
UCEHXl4VvvVpq-_4xC5tsbhg,UChyps3dqY-VY1_wLeq-2lhw,1,@anibalg47,@maydamorales4395
UCEHXl4VvvVpq-_4xC5tsbhg,UCiOZX__1gahg1ypIj0_XG_w,1,@anibalg47,@mariogonzalezorellana8956
UCEHXl4VvvVpq-_4xC5tsbhg,UCjZgFEowMBrsjodqfovzdKw,1,@anibalg47,@franciscoflores3120
UCEHXl4VvvVpq-_4xC5tsbhg,UCoGdCoJg2Lh0OX_jv6cG16g,1,@anibalg47,@Israel-u5i7i
UCEHXl4VvvVpq-_4xC5tsbhg,UCp29O_C7cchZV8IxV7Crdag,1,@anibalg47,@robertoescobar5507
UCEHXl4VvvVpq-_4xC5tsbhg,UCql1n3Ey6ULMSOACjMe-fxQ,1,@anibalg47,@RolandoGonzalez-o7g
UCEHXl4VvvVpq-_4xC5tsbhg,UCtCtts20bW6F9CSohau51Iw,1,@anibalg47,@carlosgranados9875
UCEHXl4VvvVpq-_4xC5tsbhg,UCtsxPYw8VUsH_FfnKg-0lmw,1,@anibalg47,@AlejandroPérez-b6r
UCEHXl4VvvVpq-_4xC5tsbhg,UCvDwJBBY1mHK70aTEYl6rsA,1,@anibalg47,@cristianescobedo8296
UCEHXl4VvvVpq-_4xC5tsbhg,UCwxoKK59nGCeBqB2sXfDBIw,1,@anibalg47,@vic-bonivideos
UCEHXl4VvvVpq-_4xC5tsbhg,UCyJhqmMbsvjpoarBBStA2kg,1,@anibalg47,@Murmullodelbarrio
UCEHXl4VvvVpq-_4xC5tsbhg,UCzZ6dDCEsLMXbc5pCFXIprw,1,@anibalg47,@josegil3813
UCEgEQmRbtL5fwr9_DqAC--g,UCErZPJpHmLCsXs8ZWkAUupQ,1,@ArielRodas-g5y,@dorisl.garciaroche7763
UCEgEQmRbtL5fwr9_DqAC--g,UCFUuDARXdmmIrLppEqf-rFg,1,@ArielRodas-g5y,@allanmunoz7410
UCEgEQmRbtL5fwr9_DqAC--g,UCFhxtoeARHPnXXPcDrOU3Xg,1,@ArielRodas-g5y,@diegoalejandrolopezmendez205
UCEgEQmRbtL5fwr9_DqAC--g,UCFjudnPLoaSL1BaRuLahyHg,1,@ArielRodas-g5y,@HaroldoCastillo-rh9iw
UCEgEQmRbtL5fwr9_DqAC--g,UCFoIAE8k82D6AV-8gjjKaNg,1,@ArielRodas-g5y,@eddymunoz9789
UCEgEQmRbtL5fwr9_DqAC--g,UCFxE8GbokBrBsPEKM1xrOjQ,1,@ArielRodas-g5y,@JuanDavila-qd7qj
UCEgEQmRbtL5fwr9_DqAC--g,UCGzXwyCzMzGmjmCbH3Hg01Q,1,@ArielRodas-g5y,@FidelZacarias-ph7dy
UCEgEQmRbtL5fwr9_DqAC--g,UCHTGCgY2l-DQJIvlA_cpa_Q,1,@ArielRodas-g5y,@virgiliogarcia3039
UCEgEQmRbtL5fwr9_DqAC--g,UCHhHUjaMAZ8SiXdCUCj9DkQ,1,@ArielRodas-g5y,@fredymendez1786
UCEgEQmRbtL5fwr9_DqAC--g,UCKDR0f2fu2UzWL8mBv5-BHw,1,@ArielRodas-g5y,@mireyamorales6595
UCEgEQmRbtL5fwr9_DqAC--g,UCL13XhnRzbGokEkCkEOb0-g,1,@ArielRodas-g5y,@raquelprado3643
UCEgEQmRbtL5fwr9_DqAC--g,UCL1MT278vSaQ83ZDkVWn1gw,1,@ArielRodas-g5y,@elmorodriguez6978
UCEgEQmRbtL5fwr9_DqAC--g,UCLFdHr9BEbXHkoJopbEPLZw,1,@ArielRodas-g5y,@kanterra4584
UCEgEQmRbtL5fwr9_DqAC--g,UCLggDc_a5HriXv7I1h02sOA,1,@ArielRodas-g5y,@guillermogonzalez5153
UCEgEQmRbtL5fwr9_DqAC--g,UCN6qbfPSzFtjhqUDZ3Cv3CQ,1,@ArielRodas-g5y,@carlosmedranovelasquez6380
UCEgEQmRbtL5fwr9_DqAC--g,UCNBnKqWf4d-rS4HwJRQljmQ,1,@ArielRodas-g5y,@LE_A22
UCEgEQmRbtL5fwr9_DqAC--g,UCNkcuy42zEwddwEcOd_HpnA,1,@ArielRodas-g5y,@vanigomez492
UCEgEQmRbtL5fwr9_DqAC--g,UCOLGv5Pf6BF2wFcwUzgcvHg,1,@ArielRodas-g5y,@welfrealdana5559
UCEgEQmRbtL5fwr9_DqAC--g,UCOS8ViEkccrTZx2w2ccxotA,1,@ArielRodas-g5y,@OscarHernandez-q8y
UCEgEQmRbtL5fwr9_DqAC--g,UCOh6DaZC_x9HASnlRylEMfw,1,@ArielRodas-g5y,@AndresMedina-v1s
UCEgEQmRbtL5fwr9_DqAC--g,UCQ_-LPP8JAbfkc-b1Q6NvWw,1,@ArielRodas-g5y,@MegaKristenstewart
UCEgEQmRbtL5fwr9_DqAC--g,UCQgYjVngJRfPHDLGB5X6ZjA,1,@ArielRodas-g5y,@oscarnavas9996
UCEgEQmRbtL5fwr9_DqAC--g,UCQqetiwzzmRNTM5OWuXarGQ,1,@ArielRodas-g5y,@isaiaslopezvelasquez1539
UCEgEQmRbtL5fwr9_DqAC--g,UCQtICyzWmhC5woCtbNgaSmg,1,@ArielRodas-g5y,@nestormendez6216
UCEgEQmRbtL5fwr9_DqAC--g,UCQtSFINs1h6GHkpg9o5kMvg,1,@ArielRodas-g5y,@MacarioMartinezruiz
UCEgEQmRbtL5fwr9_DqAC--g,UCRETAiYdh2dL5ZxB0_N1zDA,1,@ArielRodas-g5y,@Joseroland21
UCEgEQmRbtL5fwr9_DqAC--g,UCRelkU8JiZBytTzebJxaa-w,1,@ArielRodas-g5y,@danyraymundo2942
UCEgEQmRbtL5fwr9_DqAC--g,UCRlCV9zSn7avAWh-9_XFWqQ,1,@ArielRodas-g5y,@ronyarana8849
UCEgEQmRbtL5fwr9_DqAC--g,UCSou6a2OuYGSvPjm5psquyA,1,@ArielRodas-g5y,@FranciscoRivera-sf7ne
UCEgEQmRbtL5fwr9_DqAC--g,UCTD6q1nyIe3Y7HhqjaMj72w,1,@ArielRodas-g5y,@JuanChang-r6k
UCEgEQmRbtL5fwr9_DqAC--g,UCTP3O0rMnc8z8v8jaDQwL0w,1,@ArielRodas-g5y,@RobertoZelaya-x1v
UCEgEQmRbtL5fwr9_DqAC--g,UCThW2XNsAaBKme5PUt7n-Zg,1,@ArielRodas-g5y,@thelmamoran8565
UCEgEQmRbtL5fwr9_DqAC--g,UCTwSut16JyAg3mX6LVUNGqA,1,@ArielRodas-g5y,@SuperVictor2005
UCEgEQmRbtL5fwr9_DqAC--g,UCTylKrsqkrBKIqubMu_5N0Q,1,@ArielRodas-g5y,@edwingeovanymarroquinmarro6684
UCEgEQmRbtL5fwr9_DqAC--g,UCUIIIPTVDVHAXqhC_5V6lPA,1,@ArielRodas-g5y,@gorrarota
UCEgEQmRbtL5fwr9_DqAC--g,UCV0iizTBoOfdAFX_thfI9BA,1,@ArielRodas-g5y,@BenjaminLarios-jd8nk
UCEgEQmRbtL5fwr9_DqAC--g,UCWIZUtKJ636y-4TYrNvok0g,1,@ArielRodas-g5y,@cesarandreas7824
UCEgEQmRbtL5fwr9_DqAC--g,UCXSkL3ejZ8qWYyF_M7s_QKA,1,@ArielRodas-g5y,@JacintaTzoy
UCEgEQmRbtL5fwr9_DqAC--g,UCXXh7yg5KUFIWylTiKVEFKQ,1,@ArielRodas-g5y,@MrDuenderojo
UCEgEQmRbtL5fwr9_DqAC--g,UCXgr7vXlRrsaskPdo097kGA,1,@ArielRodas-g5y,@Rogergh-nw4oj
UCEgEQmRbtL5fwr9_DqAC--g,UCXr8_5WtGeipe4haOoQDgyQ,1,@ArielRodas-g5y,@amyherrera7352
UCEgEQmRbtL5fwr9_DqAC--g,UCYN4wSQ1Sx4_LurxLlW7MPg,1,@ArielRodas-g5y,@belarminavillatoro6474
UCEgEQmRbtL5fwr9_DqAC--g,UCYwpX26TrCxq8TvbKGRYLXA,1,@ArielRodas-g5y,@beneficioelcaminovillacana8540
UCEgEQmRbtL5fwr9_DqAC--g,UCZ51R_9Q9C0c8I3pAWhtmjQ,1,@ArielRodas-g5y,@belvettzapeta1251
UCEgEQmRbtL5fwr9_DqAC--g,UCZLG9qH0tUjNhEGFIUt0CYw,1,@ArielRodas-g5y,@SoniaMarroquin-y6e
UCEgEQmRbtL5fwr9_DqAC--g,UCcfdg8crmMJwEuLUsAhV7yg,1,@ArielRodas-g5y,@RolandoRaguay
UCEgEQmRbtL5fwr9_DqAC--g,UCfM3nrxtTQMY5jFx1v1J4Gg,1,@ArielRodas-g5y,@edgarroldan5539
UCEgEQmRbtL5fwr9_DqAC--g,UCgvw7xIdGFupzpt1Y_BFkEA,1,@ArielRodas-g5y,@fredygarcia9151
UCEgEQmRbtL5fwr9_DqAC--g,UCh5ESQvtzyHDhCA7XyekCFA,1,@ArielRodas-g5y,@andyB5280
UCEgEQmRbtL5fwr9_DqAC--g,UChZknRmJkeGeQk0-mQuhDOg,1,@ArielRodas-g5y,@OdilioRodríguez-c5w
UCEgEQmRbtL5fwr9_DqAC--g,UChep9kVb5gQmpodEEl10Xlg,1,@ArielRodas-g5y,@carlosaguilar-kz7ml
UCEgEQmRbtL5fwr9_DqAC--g,UChgkn5Jt5tWKYMoEOuCjz3Q,1,@ArielRodas-g5y,@pablochitay46
UCEgEQmRbtL5fwr9_DqAC--g,UChs3tU2BcKOT0CezykvAsGw,1,@ArielRodas-g5y,@byronpontaza
UCEgEQmRbtL5fwr9_DqAC--g,UCi1b_TRQfgO1Z9O2gNGGWNA,1,@ArielRodas-g5y,@davidisraelesquitsaquil
UCEgEQmRbtL5fwr9_DqAC--g,UCiGRBf2RNF0WRKhRVT7zFoA,1,@ArielRodas-g5y,@edwinavila4876
UCEgEQmRbtL5fwr9_DqAC--g,UCiMythXHsw7eQEMykCdmMUA,1,@ArielRodas-g5y,@JavierBecerra-h6x
UCEgEQmRbtL5fwr9_DqAC--g,UCipetjeiWj4CZB6EbyYziZg,1,@ArielRodas-g5y,@OseasSamayoa-ol5rz
UCEgEQmRbtL5fwr9_DqAC--g,UCj-LL25XJnjxepPKCc3NGog,1,@ArielRodas-g5y,@anaaguirre8985
UCEgEQmRbtL5fwr9_DqAC--g,UCjSKM9j0Q7HLDr1hD6D-TUw,1,@ArielRodas-g5y,@josehidalgo4875
UCEgEQmRbtL5fwr9_DqAC--g,UCjmPuazZJzscrwvk0QR9RVw,1,@ArielRodas-g5y,@mynorrodas8591
UCEgEQmRbtL5fwr9_DqAC--g,UCkd9W714-947dEE6ZOEBATA,1,@ArielRodas-g5y,@ARGELIATELON
UCEgEQmRbtL5fwr9_DqAC--g,UCl0ekS9Tt0jJGtOEM18S63w,1,@ArielRodas-g5y,@monkchapin
UCEgEQmRbtL5fwr9_DqAC--g,UCljDbleJul41G1TzOjOZAVA,1,@ArielRodas-g5y,@hectorcarranza3777
UCEgEQmRbtL5fwr9_DqAC--g,UCmjppp6ujz3SAnULvP3sZMw,1,@ArielRodas-g5y,@marcomendez7509
UCEgEQmRbtL5fwr9_DqAC--g,UCmvOgzmmXbjUthHy-WJ52hQ,1,@ArielRodas-g5y,@mariorodas593
UCEgEQmRbtL5fwr9_DqAC--g,UCp4iw5_5SmV9VGTFSNVGOmQ,1,@ArielRodas-g5y,@CARLOSSTREMS51
UCEgEQmRbtL5fwr9_DqAC--g,UCpIdtvoFHVLGASGB5ySqIEA,1,@ArielRodas-g5y,@VidalVillatoro-p4w
UCEgEQmRbtL5fwr9_DqAC--g,UCpl8rF8uv_8uui-QRvuJaRA,1,@ArielRodas-g5y,@SergioGarcia-z9c
UCEgEQmRbtL5fwr9_DqAC--g,UCplrIQtaPj6au60_f2-mOYw,1,@ArielRodas-g5y,@romeolopezherrarte799
UCEgEQmRbtL5fwr9_DqAC--g,UCpsKOkt5iWTbenzeuq7dsmQ,1,@ArielRodas-g5y,@inge_vergueta
UCEgEQmRbtL5fwr9_DqAC--g,UCr1emrogPKkKTs_WTtx71xg,1,@ArielRodas-g5y,@domingopeneleu6457
UCEgEQmRbtL5fwr9_DqAC--g,UCrJn_rbo_ENAdeqneS-RmRw,1,@ArielRodas-g5y,@josecarrera9623
UCEgEQmRbtL5fwr9_DqAC--g,UCsJJAvrVGupdmhOqgtDp8dg,1,@ArielRodas-g5y,@nestorlorenzana1168
UCEgEQmRbtL5fwr9_DqAC--g,UCsSXdJct-nsS8DsABoEsaYA,1,@ArielRodas-g5y,@IvánPérez-j4j
UCEgEQmRbtL5fwr9_DqAC--g,UCsUCN0Yq_UyTvKjOJLmNrnQ,1,@ArielRodas-g5y,@moisesvaldez4043
UCEgEQmRbtL5fwr9_DqAC--g,UCsjs5Hp_r86x1xbK6FAeqaA,1,@ArielRodas-g5y,@alvaroesquivel563
UCEgEQmRbtL5fwr9_DqAC--g,UCtNfIBnc5S5DbbQj_yxgJTw,1,@ArielRodas-g5y,@JosueRamirez-ey3ih
UCEgEQmRbtL5fwr9_DqAC--g,UCtUR3_CAiE7fCoZHM6cMfyQ,1,@ArielRodas-g5y,@mdelcid01
UCEgEQmRbtL5fwr9_DqAC--g,UCueV9cTyTDwgQSec1x2dYgA,1,@ArielRodas-g5y,@fredydomingo7062
UCEgEQmRbtL5fwr9_DqAC--g,UCujPF2nBgsTD62nWE3lcpIg,1,@ArielRodas-g5y,@victorarturoruanobautista7588
UCEgEQmRbtL5fwr9_DqAC--g,UCut6b9S98nv84cVX89PmKzA,1,@ArielRodas-g5y,@yeniferaguirre4498
UCEgEQmRbtL5fwr9_DqAC--g,UCvApqeCbLod-wejtT4CcVuA,1,@ArielRodas-g5y,@davidgaher9550
UCEgEQmRbtL5fwr9_DqAC--g,UCwO2SXr0ggzwg6QWWrr01nQ,1,@ArielRodas-g5y,@ricardofigueroa5720
UCEgEQmRbtL5fwr9_DqAC--g,UCwW2OFy95P7ZBkOPxWkpvYg,1,@ArielRodas-g5y,@TeresaLucero-b5o
UCEgEQmRbtL5fwr9_DqAC--g,UCwha8rxULYMVtNwZWeSkE1A,1,@ArielRodas-g5y,@mariasamo8637
UCEgEQmRbtL5fwr9_DqAC--g,UCxff05WuyvwELNITi7bj7UA,1,@ArielRodas-g5y,@markoherrera
UCEgEQmRbtL5fwr9_DqAC--g,UCySYJU5kUh7X8gVt9la2ISA,1,@ArielRodas-g5y,@dantesarti4351
UCEgEQmRbtL5fwr9_DqAC--g,UCylqlpsh8ENNM1LqgQ1KbxA,1,@ArielRodas-g5y,@Jel.Awesh.M
UCEgEQmRbtL5fwr9_DqAC--g,UCz3gu01bmjNv0DpRq-K3XYg,1,@ArielRodas-g5y,@eusebiovasquez4385
UCEgEQmRbtL5fwr9_DqAC--g,UCzSfZlOVxBSs5ObD25ywxDQ,1,@ArielRodas-g5y,@GilmarMaldonado-q9m
UCEgEQmRbtL5fwr9_DqAC--g,UCzoL2l5H5eVlorWGH8AZfAg,1,@ArielRodas-g5y,@jor77cas
UCErZPJpHmLCsXs8ZWkAUupQ,UCFUuDARXdmmIrLppEqf-rFg,1,@dorisl.garciaroche7763,@allanmunoz7410
UCErZPJpHmLCsXs8ZWkAUupQ,UCFhxtoeARHPnXXPcDrOU3Xg,1,@dorisl.garciaroche7763,@diegoalejandrolopezmendez205
UCErZPJpHmLCsXs8ZWkAUupQ,UCFjudnPLoaSL1BaRuLahyHg,1,@dorisl.garciaroche7763,@HaroldoCastillo-rh9iw
UCErZPJpHmLCsXs8ZWkAUupQ,UCFoIAE8k82D6AV-8gjjKaNg,1,@dorisl.garciaroche7763,@eddymunoz9789
UCErZPJpHmLCsXs8ZWkAUupQ,UCFxE8GbokBrBsPEKM1xrOjQ,1,@dorisl.garciaroche7763,@JuanDavila-qd7qj
UCErZPJpHmLCsXs8ZWkAUupQ,UCGzXwyCzMzGmjmCbH3Hg01Q,1,@dorisl.garciaroche7763,@FidelZacarias-ph7dy
UCErZPJpHmLCsXs8ZWkAUupQ,UCHTGCgY2l-DQJIvlA_cpa_Q,1,@dorisl.garciaroche7763,@virgiliogarcia3039
UCErZPJpHmLCsXs8ZWkAUupQ,UCHhHUjaMAZ8SiXdCUCj9DkQ,1,@dorisl.garciaroche7763,@fredymendez1786
UCErZPJpHmLCsXs8ZWkAUupQ,UCKDR0f2fu2UzWL8mBv5-BHw,1,@dorisl.garciaroche7763,@mireyamorales6595
UCErZPJpHmLCsXs8ZWkAUupQ,UCL13XhnRzbGokEkCkEOb0-g,1,@dorisl.garciaroche7763,@raquelprado3643
UCErZPJpHmLCsXs8ZWkAUupQ,UCL1MT278vSaQ83ZDkVWn1gw,1,@dorisl.garciaroche7763,@elmorodriguez6978
UCErZPJpHmLCsXs8ZWkAUupQ,UCLFdHr9BEbXHkoJopbEPLZw,1,@dorisl.garciaroche7763,@kanterra4584
UCErZPJpHmLCsXs8ZWkAUupQ,UCLggDc_a5HriXv7I1h02sOA,1,@dorisl.garciaroche7763,@guillermogonzalez5153
UCErZPJpHmLCsXs8ZWkAUupQ,UCN6qbfPSzFtjhqUDZ3Cv3CQ,1,@dorisl.garciaroche7763,@carlosmedranovelasquez6380
UCErZPJpHmLCsXs8ZWkAUupQ,UCNBnKqWf4d-rS4HwJRQljmQ,1,@dorisl.garciaroche7763,@LE_A22
UCErZPJpHmLCsXs8ZWkAUupQ,UCNkcuy42zEwddwEcOd_HpnA,1,@dorisl.garciaroche7763,@vanigomez492
UCErZPJpHmLCsXs8ZWkAUupQ,UCOLGv5Pf6BF2wFcwUzgcvHg,1,@dorisl.garciaroche7763,@welfrealdana5559
UCErZPJpHmLCsXs8ZWkAUupQ,UCOS8ViEkccrTZx2w2ccxotA,1,@dorisl.garciaroche7763,@OscarHernandez-q8y
UCErZPJpHmLCsXs8ZWkAUupQ,UCOh6DaZC_x9HASnlRylEMfw,1,@dorisl.garciaroche7763,@AndresMedina-v1s
UCErZPJpHmLCsXs8ZWkAUupQ,UCQ_-LPP8JAbfkc-b1Q6NvWw,1,@dorisl.garciaroche7763,@MegaKristenstewart
UCErZPJpHmLCsXs8ZWkAUupQ,UCQgYjVngJRfPHDLGB5X6ZjA,1,@dorisl.garciaroche7763,@oscarnavas9996
UCErZPJpHmLCsXs8ZWkAUupQ,UCQqetiwzzmRNTM5OWuXarGQ,1,@dorisl.garciaroche7763,@isaiaslopezvelasquez1539
UCErZPJpHmLCsXs8ZWkAUupQ,UCQtICyzWmhC5woCtbNgaSmg,1,@dorisl.garciaroche7763,@nestormendez6216
UCErZPJpHmLCsXs8ZWkAUupQ,UCQtSFINs1h6GHkpg9o5kMvg,1,@dorisl.garciaroche7763,@MacarioMartinezruiz
UCErZPJpHmLCsXs8ZWkAUupQ,UCRETAiYdh2dL5ZxB0_N1zDA,1,@dorisl.garciaroche7763,@Joseroland21
UCErZPJpHmLCsXs8ZWkAUupQ,UCRelkU8JiZBytTzebJxaa-w,1,@dorisl.garciaroche7763,@danyraymundo2942
UCErZPJpHmLCsXs8ZWkAUupQ,UCRlCV9zSn7avAWh-9_XFWqQ,1,@dorisl.garciaroche7763,@ronyarana8849
UCErZPJpHmLCsXs8ZWkAUupQ,UCSou6a2OuYGSvPjm5psquyA,1,@dorisl.garciaroche7763,@FranciscoRivera-sf7ne
UCErZPJpHmLCsXs8ZWkAUupQ,UCTD6q1nyIe3Y7HhqjaMj72w,1,@dorisl.garciaroche7763,@JuanChang-r6k
UCErZPJpHmLCsXs8ZWkAUupQ,UCTP3O0rMnc8z8v8jaDQwL0w,1,@dorisl.garciaroche7763,@RobertoZelaya-x1v
UCErZPJpHmLCsXs8ZWkAUupQ,UCThW2XNsAaBKme5PUt7n-Zg,1,@dorisl.garciaroche7763,@thelmamoran8565
UCErZPJpHmLCsXs8ZWkAUupQ,UCTwSut16JyAg3mX6LVUNGqA,1,@dorisl.garciaroche7763,@SuperVictor2005
UCErZPJpHmLCsXs8ZWkAUupQ,UCTylKrsqkrBKIqubMu_5N0Q,1,@dorisl.garciaroche7763,@edwingeovanymarroquinmarro6684
UCErZPJpHmLCsXs8ZWkAUupQ,UCUIIIPTVDVHAXqhC_5V6lPA,1,@dorisl.garciaroche7763,@gorrarota
UCErZPJpHmLCsXs8ZWkAUupQ,UCV0iizTBoOfdAFX_thfI9BA,1,@dorisl.garciaroche7763,@BenjaminLarios-jd8nk
UCErZPJpHmLCsXs8ZWkAUupQ,UCWIZUtKJ636y-4TYrNvok0g,1,@dorisl.garciaroche7763,@cesarandreas7824
UCErZPJpHmLCsXs8ZWkAUupQ,UCXSkL3ejZ8qWYyF_M7s_QKA,1,@dorisl.garciaroche7763,@JacintaTzoy
UCErZPJpHmLCsXs8ZWkAUupQ,UCXXh7yg5KUFIWylTiKVEFKQ,1,@dorisl.garciaroche7763,@MrDuenderojo
UCErZPJpHmLCsXs8ZWkAUupQ,UCXgr7vXlRrsaskPdo097kGA,1,@dorisl.garciaroche7763,@Rogergh-nw4oj
UCErZPJpHmLCsXs8ZWkAUupQ,UCXr8_5WtGeipe4haOoQDgyQ,1,@dorisl.garciaroche7763,@amyherrera7352
UCErZPJpHmLCsXs8ZWkAUupQ,UCYN4wSQ1Sx4_LurxLlW7MPg,1,@dorisl.garciaroche7763,@belarminavillatoro6474
UCErZPJpHmLCsXs8ZWkAUupQ,UCYwpX26TrCxq8TvbKGRYLXA,1,@dorisl.garciaroche7763,@beneficioelcaminovillacana8540
UCErZPJpHmLCsXs8ZWkAUupQ,UCZ51R_9Q9C0c8I3pAWhtmjQ,1,@dorisl.garciaroche7763,@belvettzapeta1251
UCErZPJpHmLCsXs8ZWkAUupQ,UCZLG9qH0tUjNhEGFIUt0CYw,1,@dorisl.garciaroche7763,@SoniaMarroquin-y6e
UCErZPJpHmLCsXs8ZWkAUupQ,UCcfdg8crmMJwEuLUsAhV7yg,1,@dorisl.garciaroche7763,@RolandoRaguay
UCErZPJpHmLCsXs8ZWkAUupQ,UCfM3nrxtTQMY5jFx1v1J4Gg,1,@dorisl.garciaroche7763,@edgarroldan5539
UCErZPJpHmLCsXs8ZWkAUupQ,UCgvw7xIdGFupzpt1Y_BFkEA,1,@dorisl.garciaroche7763,@fredygarcia9151
UCErZPJpHmLCsXs8ZWkAUupQ,UCh5ESQvtzyHDhCA7XyekCFA,1,@dorisl.garciaroche7763,@andyB5280
UCErZPJpHmLCsXs8ZWkAUupQ,UChZknRmJkeGeQk0-mQuhDOg,1,@dorisl.garciaroche7763,@OdilioRodríguez-c5w
UCErZPJpHmLCsXs8ZWkAUupQ,UChep9kVb5gQmpodEEl10Xlg,1,@dorisl.garciaroche7763,@carlosaguilar-kz7ml
UCErZPJpHmLCsXs8ZWkAUupQ,UChgkn5Jt5tWKYMoEOuCjz3Q,1,@dorisl.garciaroche7763,@pablochitay46
UCErZPJpHmLCsXs8ZWkAUupQ,UChs3tU2BcKOT0CezykvAsGw,1,@dorisl.garciaroche7763,@byronpontaza
UCErZPJpHmLCsXs8ZWkAUupQ,UCi1b_TRQfgO1Z9O2gNGGWNA,1,@dorisl.garciaroche7763,@davidisraelesquitsaquil
UCErZPJpHmLCsXs8ZWkAUupQ,UCiGRBf2RNF0WRKhRVT7zFoA,1,@dorisl.garciaroche7763,@edwinavila4876
UCErZPJpHmLCsXs8ZWkAUupQ,UCiMythXHsw7eQEMykCdmMUA,1,@dorisl.garciaroche7763,@JavierBecerra-h6x
UCErZPJpHmLCsXs8ZWkAUupQ,UCipetjeiWj4CZB6EbyYziZg,1,@dorisl.garciaroche7763,@OseasSamayoa-ol5rz
UCErZPJpHmLCsXs8ZWkAUupQ,UCj-LL25XJnjxepPKCc3NGog,1,@dorisl.garciaroche7763,@anaaguirre8985
UCErZPJpHmLCsXs8ZWkAUupQ,UCjSKM9j0Q7HLDr1hD6D-TUw,1,@dorisl.garciaroche7763,@josehidalgo4875
UCErZPJpHmLCsXs8ZWkAUupQ,UCjmPuazZJzscrwvk0QR9RVw,1,@dorisl.garciaroche7763,@mynorrodas8591
UCErZPJpHmLCsXs8ZWkAUupQ,UCkd9W714-947dEE6ZOEBATA,1,@dorisl.garciaroche7763,@ARGELIATELON
UCErZPJpHmLCsXs8ZWkAUupQ,UCl0ekS9Tt0jJGtOEM18S63w,1,@dorisl.garciaroche7763,@monkchapin
UCErZPJpHmLCsXs8ZWkAUupQ,UCljDbleJul41G1TzOjOZAVA,1,@dorisl.garciaroche7763,@hectorcarranza3777
UCErZPJpHmLCsXs8ZWkAUupQ,UCmjppp6ujz3SAnULvP3sZMw,1,@dorisl.garciaroche7763,@marcomendez7509
UCErZPJpHmLCsXs8ZWkAUupQ,UCmvOgzmmXbjUthHy-WJ52hQ,1,@dorisl.garciaroche7763,@mariorodas593
UCErZPJpHmLCsXs8ZWkAUupQ,UCp4iw5_5SmV9VGTFSNVGOmQ,1,@dorisl.garciaroche7763,@CARLOSSTREMS51
UCErZPJpHmLCsXs8ZWkAUupQ,UCpIdtvoFHVLGASGB5ySqIEA,1,@dorisl.garciaroche7763,@VidalVillatoro-p4w
UCErZPJpHmLCsXs8ZWkAUupQ,UCpl8rF8uv_8uui-QRvuJaRA,1,@dorisl.garciaroche7763,@SergioGarcia-z9c
UCErZPJpHmLCsXs8ZWkAUupQ,UCplrIQtaPj6au60_f2-mOYw,1,@dorisl.garciaroche7763,@romeolopezherrarte799
UCErZPJpHmLCsXs8ZWkAUupQ,UCpsKOkt5iWTbenzeuq7dsmQ,1,@dorisl.garciaroche7763,@inge_vergueta
UCErZPJpHmLCsXs8ZWkAUupQ,UCr1emrogPKkKTs_WTtx71xg,1,@dorisl.garciaroche7763,@domingopeneleu6457
UCErZPJpHmLCsXs8ZWkAUupQ,UCrJn_rbo_ENAdeqneS-RmRw,1,@dorisl.garciaroche7763,@josecarrera9623
UCErZPJpHmLCsXs8ZWkAUupQ,UCsJJAvrVGupdmhOqgtDp8dg,1,@dorisl.garciaroche7763,@nestorlorenzana1168
UCErZPJpHmLCsXs8ZWkAUupQ,UCsSXdJct-nsS8DsABoEsaYA,1,@dorisl.garciaroche7763,@IvánPérez-j4j
UCErZPJpHmLCsXs8ZWkAUupQ,UCsUCN0Yq_UyTvKjOJLmNrnQ,1,@dorisl.garciaroche7763,@moisesvaldez4043
UCErZPJpHmLCsXs8ZWkAUupQ,UCsjs5Hp_r86x1xbK6FAeqaA,1,@dorisl.garciaroche7763,@alvaroesquivel563
UCErZPJpHmLCsXs8ZWkAUupQ,UCtNfIBnc5S5DbbQj_yxgJTw,1,@dorisl.garciaroche7763,@JosueRamirez-ey3ih
UCErZPJpHmLCsXs8ZWkAUupQ,UCtUR3_CAiE7fCoZHM6cMfyQ,1,@dorisl.garciaroche7763,@mdelcid01
UCErZPJpHmLCsXs8ZWkAUupQ,UCueV9cTyTDwgQSec1x2dYgA,1,@dorisl.garciaroche7763,@fredydomingo7062
UCErZPJpHmLCsXs8ZWkAUupQ,UCujPF2nBgsTD62nWE3lcpIg,1,@dorisl.garciaroche7763,@victorarturoruanobautista7588
UCErZPJpHmLCsXs8ZWkAUupQ,UCut6b9S98nv84cVX89PmKzA,1,@dorisl.garciaroche7763,@yeniferaguirre4498
UCErZPJpHmLCsXs8ZWkAUupQ,UCvApqeCbLod-wejtT4CcVuA,1,@dorisl.garciaroche7763,@davidgaher9550
UCErZPJpHmLCsXs8ZWkAUupQ,UCwO2SXr0ggzwg6QWWrr01nQ,1,@dorisl.garciaroche7763,@ricardofigueroa5720
UCErZPJpHmLCsXs8ZWkAUupQ,UCwW2OFy95P7ZBkOPxWkpvYg,1,@dorisl.garciaroche7763,@TeresaLucero-b5o
UCErZPJpHmLCsXs8ZWkAUupQ,UCwha8rxULYMVtNwZWeSkE1A,1,@dorisl.garciaroche7763,@mariasamo8637
UCErZPJpHmLCsXs8ZWkAUupQ,UCxff05WuyvwELNITi7bj7UA,1,@dorisl.garciaroche7763,@markoherrera
UCErZPJpHmLCsXs8ZWkAUupQ,UCySYJU5kUh7X8gVt9la2ISA,1,@dorisl.garciaroche7763,@dantesarti4351
UCErZPJpHmLCsXs8ZWkAUupQ,UCylqlpsh8ENNM1LqgQ1KbxA,1,@dorisl.garciaroche7763,@Jel.Awesh.M
UCErZPJpHmLCsXs8ZWkAUupQ,UCz3gu01bmjNv0DpRq-K3XYg,1,@dorisl.garciaroche7763,@eusebiovasquez4385
UCErZPJpHmLCsXs8ZWkAUupQ,UCzSfZlOVxBSs5ObD25ywxDQ,1,@dorisl.garciaroche7763,@GilmarMaldonado-q9m
UCErZPJpHmLCsXs8ZWkAUupQ,UCzoL2l5H5eVlorWGH8AZfAg,1,@dorisl.garciaroche7763,@jor77cas
UCFFrEmn6lPYiWyElpfzTy5Q,UCLh1Kde4_vI1sTZBkTNP7RQ,1,@denilsonlopez4083,@JoelReynoso-d4r
UCFFrEmn6lPYiWyElpfzTy5Q,UCdFlugHJJa4l3YqWuNRmvXw,1,@denilsonlopez4083,@MarcosCarillo-b1r
UCFFrEmn6lPYiWyElpfzTy5Q,UCfRqgt2O-vjzUDMZY_tnxQw,1,@denilsonlopez4083,@Williams-Garcia67E
UCFFrEmn6lPYiWyElpfzTy5Q,UCk4O-J1BhoqPmig1KLGJePA,1,@denilsonlopez4083,@lazarobarillas3575
UCFOxCyF926Y9eHhMeVoWLzw,UCGqKxQS-z3NZzZF-2w338AA,1,@arielsarc09,@samuelaguilar529
UCFOxCyF926Y9eHhMeVoWLzw,UCHMQ_lDhibZ-XZ_3fo6oxwg,1,@arielsarc09,@crislexrubi4387
UCFOxCyF926Y9eHhMeVoWLzw,UCIUhbSCy3-SGRe5UtqM4fzQ,1,@arielsarc09,@jeanmorales1677
UCFOxCyF926Y9eHhMeVoWLzw,UCIp19h9igblA2YKfSLPDAug,1,@arielsarc09,@JoseReyes-rn6sh
UCFOxCyF926Y9eHhMeVoWLzw,UCRcSR3Lvn9DZAmJpVPANfZQ,1,@arielsarc09,@WalksandSuch
UCFOxCyF926Y9eHhMeVoWLzw,UCRznz9-N3Qc1w-qNdLSIY2Q,1,@arielsarc09,@jimmygomez724
UCFOxCyF926Y9eHhMeVoWLzw,UCSTAUWVc1_82DHYeqOsqEFA,1,@arielsarc09,@TheAlexX_C
UCFOxCyF926Y9eHhMeVoWLzw,UCXmrpc6Li0spcKxtS0Q_ptg,1,@arielsarc09,@melvinperez6710
UCFOxCyF926Y9eHhMeVoWLzw,UCY7Hq7F9Lnucf-Yr6JkHZNw,1,@arielsarc09,@maynorcalel1442
UCFOxCyF926Y9eHhMeVoWLzw,UC_ljZ1hZXR9pzexFz87P5ZA,1,@arielsarc09,@ChRiStOpHeR7969
UCFOxCyF926Y9eHhMeVoWLzw,UCaT6M2zp7X6r6Whd8Vv3kHQ,1,@arielsarc09,@alexarcos8349
UCFOxCyF926Y9eHhMeVoWLzw,UCgLrWFdYitoP-b7-PxtUr-w,1,@arielsarc09,@zetag
UCFOxCyF926Y9eHhMeVoWLzw,UCgLurCo-e019HGODcjXHWCw,1,@arielsarc09,@perritojuega1
UCFOxCyF926Y9eHhMeVoWLzw,UCi-vPdnpQreC7BkFs40mJGA,1,@arielsarc09,@bryansicasales4280
UCFOxCyF926Y9eHhMeVoWLzw,UCqilIa8r7iek5sGYg_q6ofA,1,@arielsarc09,@rolandojuchuna484
UCFOxCyF926Y9eHhMeVoWLzw,UCs_5qeqdku9tGAq22y3OcuQ,1,@arielsarc09,@alexandrevasquez4135
UCFOxCyF926Y9eHhMeVoWLzw,UCtMBF_1O2jY2INlb_luuB_A,1,@arielsarc09,@mynorgudiel8646
UCFOxCyF926Y9eHhMeVoWLzw,UCwUAv3_LpWVtTIi7lkmTL7A,1,@arielsarc09,@kingr4706
UCFOxCyF926Y9eHhMeVoWLzw,UCxKR3RA8T-kxMgq_2WWhRcQ,1,@arielsarc09,@elenaluarca9377
UCFOxCyF926Y9eHhMeVoWLzw,UCyzf29IYjNw67gGIfsjgtxA,1,@arielsarc09,@carlosoliva9249
UCFUuDARXdmmIrLppEqf-rFg,UCFhxtoeARHPnXXPcDrOU3Xg,1,@allanmunoz7410,@diegoalejandrolopezmendez205
UCFUuDARXdmmIrLppEqf-rFg,UCFjudnPLoaSL1BaRuLahyHg,1,@allanmunoz7410,@HaroldoCastillo-rh9iw
UCFUuDARXdmmIrLppEqf-rFg,UCFoIAE8k82D6AV-8gjjKaNg,1,@allanmunoz7410,@eddymunoz9789
UCFUuDARXdmmIrLppEqf-rFg,UCFxE8GbokBrBsPEKM1xrOjQ,1,@allanmunoz7410,@JuanDavila-qd7qj
UCFUuDARXdmmIrLppEqf-rFg,UCGzXwyCzMzGmjmCbH3Hg01Q,1,@allanmunoz7410,@FidelZacarias-ph7dy
UCFUuDARXdmmIrLppEqf-rFg,UCHTGCgY2l-DQJIvlA_cpa_Q,1,@allanmunoz7410,@virgiliogarcia3039
UCFUuDARXdmmIrLppEqf-rFg,UCHhHUjaMAZ8SiXdCUCj9DkQ,1,@allanmunoz7410,@fredymendez1786
UCFUuDARXdmmIrLppEqf-rFg,UCKDR0f2fu2UzWL8mBv5-BHw,1,@allanmunoz7410,@mireyamorales6595
UCFUuDARXdmmIrLppEqf-rFg,UCL13XhnRzbGokEkCkEOb0-g,1,@allanmunoz7410,@raquelprado3643
UCFUuDARXdmmIrLppEqf-rFg,UCL1MT278vSaQ83ZDkVWn1gw,1,@allanmunoz7410,@elmorodriguez6978
UCFUuDARXdmmIrLppEqf-rFg,UCLFdHr9BEbXHkoJopbEPLZw,1,@allanmunoz7410,@kanterra4584
UCFUuDARXdmmIrLppEqf-rFg,UCLggDc_a5HriXv7I1h02sOA,1,@allanmunoz7410,@guillermogonzalez5153
UCFUuDARXdmmIrLppEqf-rFg,UCN6qbfPSzFtjhqUDZ3Cv3CQ,1,@allanmunoz7410,@carlosmedranovelasquez6380
UCFUuDARXdmmIrLppEqf-rFg,UCNBnKqWf4d-rS4HwJRQljmQ,1,@allanmunoz7410,@LE_A22
UCFUuDARXdmmIrLppEqf-rFg,UCNkcuy42zEwddwEcOd_HpnA,1,@allanmunoz7410,@vanigomez492
UCFUuDARXdmmIrLppEqf-rFg,UCOLGv5Pf6BF2wFcwUzgcvHg,1,@allanmunoz7410,@welfrealdana5559
UCFUuDARXdmmIrLppEqf-rFg,UCOS8ViEkccrTZx2w2ccxotA,1,@allanmunoz7410,@OscarHernandez-q8y
UCFUuDARXdmmIrLppEqf-rFg,UCOh6DaZC_x9HASnlRylEMfw,1,@allanmunoz7410,@AndresMedina-v1s
UCFUuDARXdmmIrLppEqf-rFg,UCQ_-LPP8JAbfkc-b1Q6NvWw,1,@allanmunoz7410,@MegaKristenstewart
UCFUuDARXdmmIrLppEqf-rFg,UCQgYjVngJRfPHDLGB5X6ZjA,1,@allanmunoz7410,@oscarnavas9996
UCFUuDARXdmmIrLppEqf-rFg,UCQqetiwzzmRNTM5OWuXarGQ,1,@allanmunoz7410,@isaiaslopezvelasquez1539
UCFUuDARXdmmIrLppEqf-rFg,UCQtICyzWmhC5woCtbNgaSmg,1,@allanmunoz7410,@nestormendez6216
UCFUuDARXdmmIrLppEqf-rFg,UCQtSFINs1h6GHkpg9o5kMvg,1,@allanmunoz7410,@MacarioMartinezruiz
UCFUuDARXdmmIrLppEqf-rFg,UCRETAiYdh2dL5ZxB0_N1zDA,1,@allanmunoz7410,@Joseroland21
UCFUuDARXdmmIrLppEqf-rFg,UCRelkU8JiZBytTzebJxaa-w,1,@allanmunoz7410,@danyraymundo2942
UCFUuDARXdmmIrLppEqf-rFg,UCRlCV9zSn7avAWh-9_XFWqQ,1,@allanmunoz7410,@ronyarana8849
UCFUuDARXdmmIrLppEqf-rFg,UCSou6a2OuYGSvPjm5psquyA,1,@allanmunoz7410,@FranciscoRivera-sf7ne
UCFUuDARXdmmIrLppEqf-rFg,UCTD6q1nyIe3Y7HhqjaMj72w,1,@allanmunoz7410,@JuanChang-r6k
UCFUuDARXdmmIrLppEqf-rFg,UCTP3O0rMnc8z8v8jaDQwL0w,1,@allanmunoz7410,@RobertoZelaya-x1v
UCFUuDARXdmmIrLppEqf-rFg,UCThW2XNsAaBKme5PUt7n-Zg,1,@allanmunoz7410,@thelmamoran8565
UCFUuDARXdmmIrLppEqf-rFg,UCTwSut16JyAg3mX6LVUNGqA,1,@allanmunoz7410,@SuperVictor2005
UCFUuDARXdmmIrLppEqf-rFg,UCTylKrsqkrBKIqubMu_5N0Q,1,@allanmunoz7410,@edwingeovanymarroquinmarro6684
UCFUuDARXdmmIrLppEqf-rFg,UCUIIIPTVDVHAXqhC_5V6lPA,1,@allanmunoz7410,@gorrarota
UCFUuDARXdmmIrLppEqf-rFg,UCV0iizTBoOfdAFX_thfI9BA,1,@allanmunoz7410,@BenjaminLarios-jd8nk
UCFUuDARXdmmIrLppEqf-rFg,UCWIZUtKJ636y-4TYrNvok0g,1,@allanmunoz7410,@cesarandreas7824
UCFUuDARXdmmIrLppEqf-rFg,UCXSkL3ejZ8qWYyF_M7s_QKA,1,@allanmunoz7410,@JacintaTzoy
UCFUuDARXdmmIrLppEqf-rFg,UCXXh7yg5KUFIWylTiKVEFKQ,1,@allanmunoz7410,@MrDuenderojo
UCFUuDARXdmmIrLppEqf-rFg,UCXgr7vXlRrsaskPdo097kGA,1,@allanmunoz7410,@Rogergh-nw4oj
UCFUuDARXdmmIrLppEqf-rFg,UCXr8_5WtGeipe4haOoQDgyQ,1,@allanmunoz7410,@amyherrera7352
UCFUuDARXdmmIrLppEqf-rFg,UCYN4wSQ1Sx4_LurxLlW7MPg,1,@allanmunoz7410,@belarminavillatoro6474
UCFUuDARXdmmIrLppEqf-rFg,UCYwpX26TrCxq8TvbKGRYLXA,1,@allanmunoz7410,@beneficioelcaminovillacana8540
UCFUuDARXdmmIrLppEqf-rFg,UCZ51R_9Q9C0c8I3pAWhtmjQ,1,@allanmunoz7410,@belvettzapeta1251
UCFUuDARXdmmIrLppEqf-rFg,UCZLG9qH0tUjNhEGFIUt0CYw,1,@allanmunoz7410,@SoniaMarroquin-y6e
UCFUuDARXdmmIrLppEqf-rFg,UCcfdg8crmMJwEuLUsAhV7yg,1,@allanmunoz7410,@RolandoRaguay
UCFUuDARXdmmIrLppEqf-rFg,UCfM3nrxtTQMY5jFx1v1J4Gg,1,@allanmunoz7410,@edgarroldan5539
UCFUuDARXdmmIrLppEqf-rFg,UCgvw7xIdGFupzpt1Y_BFkEA,1,@allanmunoz7410,@fredygarcia9151
UCFUuDARXdmmIrLppEqf-rFg,UCh5ESQvtzyHDhCA7XyekCFA,1,@allanmunoz7410,@andyB5280
UCFUuDARXdmmIrLppEqf-rFg,UChZknRmJkeGeQk0-mQuhDOg,1,@allanmunoz7410,@OdilioRodríguez-c5w
UCFUuDARXdmmIrLppEqf-rFg,UChep9kVb5gQmpodEEl10Xlg,1,@allanmunoz7410,@carlosaguilar-kz7ml
UCFUuDARXdmmIrLppEqf-rFg,UChgkn5Jt5tWKYMoEOuCjz3Q,1,@allanmunoz7410,@pablochitay46
UCFUuDARXdmmIrLppEqf-rFg,UChs3tU2BcKOT0CezykvAsGw,1,@allanmunoz7410,@byronpontaza
UCFUuDARXdmmIrLppEqf-rFg,UCi1b_TRQfgO1Z9O2gNGGWNA,1,@allanmunoz7410,@davidisraelesquitsaquil
UCFUuDARXdmmIrLppEqf-rFg,UCiGRBf2RNF0WRKhRVT7zFoA,1,@allanmunoz7410,@edwinavila4876
UCFUuDARXdmmIrLppEqf-rFg,UCiMythXHsw7eQEMykCdmMUA,1,@allanmunoz7410,@JavierBecerra-h6x
UCFUuDARXdmmIrLppEqf-rFg,UCipetjeiWj4CZB6EbyYziZg,1,@allanmunoz7410,@OseasSamayoa-ol5rz
UCFUuDARXdmmIrLppEqf-rFg,UCj-LL25XJnjxepPKCc3NGog,1,@allanmunoz7410,@anaaguirre8985
UCFUuDARXdmmIrLppEqf-rFg,UCjSKM9j0Q7HLDr1hD6D-TUw,1,@allanmunoz7410,@josehidalgo4875
UCFUuDARXdmmIrLppEqf-rFg,UCjmPuazZJzscrwvk0QR9RVw,1,@allanmunoz7410,@mynorrodas8591
UCFUuDARXdmmIrLppEqf-rFg,UCkd9W714-947dEE6ZOEBATA,1,@allanmunoz7410,@ARGELIATELON
UCFUuDARXdmmIrLppEqf-rFg,UCl0ekS9Tt0jJGtOEM18S63w,1,@allanmunoz7410,@monkchapin
UCFUuDARXdmmIrLppEqf-rFg,UCljDbleJul41G1TzOjOZAVA,1,@allanmunoz7410,@hectorcarranza3777
UCFUuDARXdmmIrLppEqf-rFg,UCmjppp6ujz3SAnULvP3sZMw,1,@allanmunoz7410,@marcomendez7509
UCFUuDARXdmmIrLppEqf-rFg,UCmvOgzmmXbjUthHy-WJ52hQ,1,@allanmunoz7410,@mariorodas593
UCFUuDARXdmmIrLppEqf-rFg,UCp4iw5_5SmV9VGTFSNVGOmQ,1,@allanmunoz7410,@CARLOSSTREMS51
UCFUuDARXdmmIrLppEqf-rFg,UCpIdtvoFHVLGASGB5ySqIEA,1,@allanmunoz7410,@VidalVillatoro-p4w
UCFUuDARXdmmIrLppEqf-rFg,UCpl8rF8uv_8uui-QRvuJaRA,1,@allanmunoz7410,@SergioGarcia-z9c
UCFUuDARXdmmIrLppEqf-rFg,UCplrIQtaPj6au60_f2-mOYw,1,@allanmunoz7410,@romeolopezherrarte799
UCFUuDARXdmmIrLppEqf-rFg,UCpsKOkt5iWTbenzeuq7dsmQ,1,@allanmunoz7410,@inge_vergueta
UCFUuDARXdmmIrLppEqf-rFg,UCr1emrogPKkKTs_WTtx71xg,1,@allanmunoz7410,@domingopeneleu6457
UCFUuDARXdmmIrLppEqf-rFg,UCrJn_rbo_ENAdeqneS-RmRw,1,@allanmunoz7410,@josecarrera9623
UCFUuDARXdmmIrLppEqf-rFg,UCsJJAvrVGupdmhOqgtDp8dg,1,@allanmunoz7410,@nestorlorenzana1168
UCFUuDARXdmmIrLppEqf-rFg,UCsSXdJct-nsS8DsABoEsaYA,1,@allanmunoz7410,@IvánPérez-j4j
UCFUuDARXdmmIrLppEqf-rFg,UCsUCN0Yq_UyTvKjOJLmNrnQ,1,@allanmunoz7410,@moisesvaldez4043
UCFUuDARXdmmIrLppEqf-rFg,UCsjs5Hp_r86x1xbK6FAeqaA,1,@allanmunoz7410,@alvaroesquivel563
UCFUuDARXdmmIrLppEqf-rFg,UCtNfIBnc5S5DbbQj_yxgJTw,1,@allanmunoz7410,@JosueRamirez-ey3ih
UCFUuDARXdmmIrLppEqf-rFg,UCtUR3_CAiE7fCoZHM6cMfyQ,1,@allanmunoz7410,@mdelcid01
UCFUuDARXdmmIrLppEqf-rFg,UCueV9cTyTDwgQSec1x2dYgA,1,@allanmunoz7410,@fredydomingo7062
UCFUuDARXdmmIrLppEqf-rFg,UCujPF2nBgsTD62nWE3lcpIg,1,@allanmunoz7410,@victorarturoruanobautista7588
UCFUuDARXdmmIrLppEqf-rFg,UCut6b9S98nv84cVX89PmKzA,1,@allanmunoz7410,@yeniferaguirre4498
UCFUuDARXdmmIrLppEqf-rFg,UCvApqeCbLod-wejtT4CcVuA,1,@allanmunoz7410,@davidgaher9550
UCFUuDARXdmmIrLppEqf-rFg,UCwO2SXr0ggzwg6QWWrr01nQ,1,@allanmunoz7410,@ricardofigueroa5720
UCFUuDARXdmmIrLppEqf-rFg,UCwW2OFy95P7ZBkOPxWkpvYg,1,@allanmunoz7410,@TeresaLucero-b5o
UCFUuDARXdmmIrLppEqf-rFg,UCwha8rxULYMVtNwZWeSkE1A,1,@allanmunoz7410,@mariasamo8637
UCFUuDARXdmmIrLppEqf-rFg,UCxff05WuyvwELNITi7bj7UA,1,@allanmunoz7410,@markoherrera
UCFUuDARXdmmIrLppEqf-rFg,UCySYJU5kUh7X8gVt9la2ISA,1,@allanmunoz7410,@dantesarti4351
UCFUuDARXdmmIrLppEqf-rFg,UCylqlpsh8ENNM1LqgQ1KbxA,1,@allanmunoz7410,@Jel.Awesh.M
UCFUuDARXdmmIrLppEqf-rFg,UCz3gu01bmjNv0DpRq-K3XYg,1,@allanmunoz7410,@eusebiovasquez4385
UCFUuDARXdmmIrLppEqf-rFg,UCzSfZlOVxBSs5ObD25ywxDQ,1,@allanmunoz7410,@GilmarMaldonado-q9m
UCFUuDARXdmmIrLppEqf-rFg,UCzoL2l5H5eVlorWGH8AZfAg,1,@allanmunoz7410,@jor77cas
UCFhxtoeARHPnXXPcDrOU3Xg,UCFjudnPLoaSL1BaRuLahyHg,1,@diegoalejandrolopezmendez205,@HaroldoCastillo-rh9iw
UCFhxtoeARHPnXXPcDrOU3Xg,UCFoIAE8k82D6AV-8gjjKaNg,1,@diegoalejandrolopezmendez205,@eddymunoz9789
UCFhxtoeARHPnXXPcDrOU3Xg,UCFxE8GbokBrBsPEKM1xrOjQ,1,@diegoalejandrolopezmendez205,@JuanDavila-qd7qj
UCFhxtoeARHPnXXPcDrOU3Xg,UCGzXwyCzMzGmjmCbH3Hg01Q,1,@diegoalejandrolopezmendez205,@FidelZacarias-ph7dy
UCFhxtoeARHPnXXPcDrOU3Xg,UCHTGCgY2l-DQJIvlA_cpa_Q,1,@diegoalejandrolopezmendez205,@virgiliogarcia3039
UCFhxtoeARHPnXXPcDrOU3Xg,UCHhHUjaMAZ8SiXdCUCj9DkQ,1,@diegoalejandrolopezmendez205,@fredymendez1786
UCFhxtoeARHPnXXPcDrOU3Xg,UCKDR0f2fu2UzWL8mBv5-BHw,1,@diegoalejandrolopezmendez205,@mireyamorales6595
UCFhxtoeARHPnXXPcDrOU3Xg,UCL13XhnRzbGokEkCkEOb0-g,1,@diegoalejandrolopezmendez205,@raquelprado3643
UCFhxtoeARHPnXXPcDrOU3Xg,UCL1MT278vSaQ83ZDkVWn1gw,1,@diegoalejandrolopezmendez205,@elmorodriguez6978
UCFhxtoeARHPnXXPcDrOU3Xg,UCLFdHr9BEbXHkoJopbEPLZw,1,@diegoalejandrolopezmendez205,@kanterra4584
UCFhxtoeARHPnXXPcDrOU3Xg,UCLggDc_a5HriXv7I1h02sOA,1,@diegoalejandrolopezmendez205,@guillermogonzalez5153
UCFhxtoeARHPnXXPcDrOU3Xg,UCN6qbfPSzFtjhqUDZ3Cv3CQ,1,@diegoalejandrolopezmendez205,@carlosmedranovelasquez6380
UCFhxtoeARHPnXXPcDrOU3Xg,UCNBnKqWf4d-rS4HwJRQljmQ,1,@diegoalejandrolopezmendez205,@LE_A22
UCFhxtoeARHPnXXPcDrOU3Xg,UCNkcuy42zEwddwEcOd_HpnA,1,@diegoalejandrolopezmendez205,@vanigomez492
UCFhxtoeARHPnXXPcDrOU3Xg,UCOLGv5Pf6BF2wFcwUzgcvHg,1,@diegoalejandrolopezmendez205,@welfrealdana5559
UCFhxtoeARHPnXXPcDrOU3Xg,UCOS8ViEkccrTZx2w2ccxotA,1,@diegoalejandrolopezmendez205,@OscarHernandez-q8y
UCFhxtoeARHPnXXPcDrOU3Xg,UCOh6DaZC_x9HASnlRylEMfw,1,@diegoalejandrolopezmendez205,@AndresMedina-v1s
UCFhxtoeARHPnXXPcDrOU3Xg,UCQ_-LPP8JAbfkc-b1Q6NvWw,1,@diegoalejandrolopezmendez205,@MegaKristenstewart
UCFhxtoeARHPnXXPcDrOU3Xg,UCQgYjVngJRfPHDLGB5X6ZjA,1,@diegoalejandrolopezmendez205,@oscarnavas9996
UCFhxtoeARHPnXXPcDrOU3Xg,UCQqetiwzzmRNTM5OWuXarGQ,1,@diegoalejandrolopezmendez205,@isaiaslopezvelasquez1539
UCFhxtoeARHPnXXPcDrOU3Xg,UCQtICyzWmhC5woCtbNgaSmg,1,@diegoalejandrolopezmendez205,@nestormendez6216
UCFhxtoeARHPnXXPcDrOU3Xg,UCQtSFINs1h6GHkpg9o5kMvg,1,@diegoalejandrolopezmendez205,@MacarioMartinezruiz
UCFhxtoeARHPnXXPcDrOU3Xg,UCRETAiYdh2dL5ZxB0_N1zDA,1,@diegoalejandrolopezmendez205,@Joseroland21
UCFhxtoeARHPnXXPcDrOU3Xg,UCRelkU8JiZBytTzebJxaa-w,1,@diegoalejandrolopezmendez205,@danyraymundo2942
UCFhxtoeARHPnXXPcDrOU3Xg,UCRlCV9zSn7avAWh-9_XFWqQ,1,@diegoalejandrolopezmendez205,@ronyarana8849
UCFhxtoeARHPnXXPcDrOU3Xg,UCSou6a2OuYGSvPjm5psquyA,1,@diegoalejandrolopezmendez205,@FranciscoRivera-sf7ne
UCFhxtoeARHPnXXPcDrOU3Xg,UCTD6q1nyIe3Y7HhqjaMj72w,1,@diegoalejandrolopezmendez205,@JuanChang-r6k
UCFhxtoeARHPnXXPcDrOU3Xg,UCTP3O0rMnc8z8v8jaDQwL0w,1,@diegoalejandrolopezmendez205,@RobertoZelaya-x1v
UCFhxtoeARHPnXXPcDrOU3Xg,UCThW2XNsAaBKme5PUt7n-Zg,1,@diegoalejandrolopezmendez205,@thelmamoran8565
UCFhxtoeARHPnXXPcDrOU3Xg,UCTwSut16JyAg3mX6LVUNGqA,1,@diegoalejandrolopezmendez205,@SuperVictor2005
UCFhxtoeARHPnXXPcDrOU3Xg,UCTylKrsqkrBKIqubMu_5N0Q,1,@diegoalejandrolopezmendez205,@edwingeovanymarroquinmarro6684
UCFhxtoeARHPnXXPcDrOU3Xg,UCUIIIPTVDVHAXqhC_5V6lPA,1,@diegoalejandrolopezmendez205,@gorrarota
UCFhxtoeARHPnXXPcDrOU3Xg,UCV0iizTBoOfdAFX_thfI9BA,1,@diegoalejandrolopezmendez205,@BenjaminLarios-jd8nk
UCFhxtoeARHPnXXPcDrOU3Xg,UCWIZUtKJ636y-4TYrNvok0g,1,@diegoalejandrolopezmendez205,@cesarandreas7824
UCFhxtoeARHPnXXPcDrOU3Xg,UCXSkL3ejZ8qWYyF_M7s_QKA,1,@diegoalejandrolopezmendez205,@JacintaTzoy
UCFhxtoeARHPnXXPcDrOU3Xg,UCXXh7yg5KUFIWylTiKVEFKQ,1,@diegoalejandrolopezmendez205,@MrDuenderojo
UCFhxtoeARHPnXXPcDrOU3Xg,UCXgr7vXlRrsaskPdo097kGA,1,@diegoalejandrolopezmendez205,@Rogergh-nw4oj
UCFhxtoeARHPnXXPcDrOU3Xg,UCXr8_5WtGeipe4haOoQDgyQ,1,@diegoalejandrolopezmendez205,@amyherrera7352
UCFhxtoeARHPnXXPcDrOU3Xg,UCYN4wSQ1Sx4_LurxLlW7MPg,1,@diegoalejandrolopezmendez205,@belarminavillatoro6474
UCFhxtoeARHPnXXPcDrOU3Xg,UCYwpX26TrCxq8TvbKGRYLXA,1,@diegoalejandrolopezmendez205,@beneficioelcaminovillacana8540
UCFhxtoeARHPnXXPcDrOU3Xg,UCZ51R_9Q9C0c8I3pAWhtmjQ,1,@diegoalejandrolopezmendez205,@belvettzapeta1251
UCFhxtoeARHPnXXPcDrOU3Xg,UCZLG9qH0tUjNhEGFIUt0CYw,1,@diegoalejandrolopezmendez205,@SoniaMarroquin-y6e
UCFhxtoeARHPnXXPcDrOU3Xg,UCcfdg8crmMJwEuLUsAhV7yg,1,@diegoalejandrolopezmendez205,@RolandoRaguay
UCFhxtoeARHPnXXPcDrOU3Xg,UCfM3nrxtTQMY5jFx1v1J4Gg,1,@diegoalejandrolopezmendez205,@edgarroldan5539
UCFhxtoeARHPnXXPcDrOU3Xg,UCgvw7xIdGFupzpt1Y_BFkEA,1,@diegoalejandrolopezmendez205,@fredygarcia9151
UCFhxtoeARHPnXXPcDrOU3Xg,UCh5ESQvtzyHDhCA7XyekCFA,1,@diegoalejandrolopezmendez205,@andyB5280
UCFhxtoeARHPnXXPcDrOU3Xg,UChZknRmJkeGeQk0-mQuhDOg,1,@diegoalejandrolopezmendez205,@OdilioRodríguez-c5w
UCFhxtoeARHPnXXPcDrOU3Xg,UChep9kVb5gQmpodEEl10Xlg,1,@diegoalejandrolopezmendez205,@carlosaguilar-kz7ml
UCFhxtoeARHPnXXPcDrOU3Xg,UChgkn5Jt5tWKYMoEOuCjz3Q,1,@diegoalejandrolopezmendez205,@pablochitay46
UCFhxtoeARHPnXXPcDrOU3Xg,UChs3tU2BcKOT0CezykvAsGw,1,@diegoalejandrolopezmendez205,@byronpontaza
UCFhxtoeARHPnXXPcDrOU3Xg,UCi1b_TRQfgO1Z9O2gNGGWNA,1,@diegoalejandrolopezmendez205,@davidisraelesquitsaquil
UCFhxtoeARHPnXXPcDrOU3Xg,UCiGRBf2RNF0WRKhRVT7zFoA,1,@diegoalejandrolopezmendez205,@edwinavila4876
UCFhxtoeARHPnXXPcDrOU3Xg,UCiMythXHsw7eQEMykCdmMUA,1,@diegoalejandrolopezmendez205,@JavierBecerra-h6x
UCFhxtoeARHPnXXPcDrOU3Xg,UCipetjeiWj4CZB6EbyYziZg,1,@diegoalejandrolopezmendez205,@OseasSamayoa-ol5rz
UCFhxtoeARHPnXXPcDrOU3Xg,UCj-LL25XJnjxepPKCc3NGog,1,@diegoalejandrolopezmendez205,@anaaguirre8985
UCFhxtoeARHPnXXPcDrOU3Xg,UCjSKM9j0Q7HLDr1hD6D-TUw,1,@diegoalejandrolopezmendez205,@josehidalgo4875
UCFhxtoeARHPnXXPcDrOU3Xg,UCjmPuazZJzscrwvk0QR9RVw,1,@diegoalejandrolopezmendez205,@mynorrodas8591
UCFhxtoeARHPnXXPcDrOU3Xg,UCkd9W714-947dEE6ZOEBATA,1,@diegoalejandrolopezmendez205,@ARGELIATELON
UCFhxtoeARHPnXXPcDrOU3Xg,UCl0ekS9Tt0jJGtOEM18S63w,1,@diegoalejandrolopezmendez205,@monkchapin
UCFhxtoeARHPnXXPcDrOU3Xg,UCljDbleJul41G1TzOjOZAVA,1,@diegoalejandrolopezmendez205,@hectorcarranza3777
UCFhxtoeARHPnXXPcDrOU3Xg,UCmjppp6ujz3SAnULvP3sZMw,1,@diegoalejandrolopezmendez205,@marcomendez7509
UCFhxtoeARHPnXXPcDrOU3Xg,UCmvOgzmmXbjUthHy-WJ52hQ,1,@diegoalejandrolopezmendez205,@mariorodas593
UCFhxtoeARHPnXXPcDrOU3Xg,UCp4iw5_5SmV9VGTFSNVGOmQ,1,@diegoalejandrolopezmendez205,@CARLOSSTREMS51
UCFhxtoeARHPnXXPcDrOU3Xg,UCpIdtvoFHVLGASGB5ySqIEA,1,@diegoalejandrolopezmendez205,@VidalVillatoro-p4w
UCFhxtoeARHPnXXPcDrOU3Xg,UCpl8rF8uv_8uui-QRvuJaRA,1,@diegoalejandrolopezmendez205,@SergioGarcia-z9c
UCFhxtoeARHPnXXPcDrOU3Xg,UCplrIQtaPj6au60_f2-mOYw,1,@diegoalejandrolopezmendez205,@romeolopezherrarte799
UCFhxtoeARHPnXXPcDrOU3Xg,UCpsKOkt5iWTbenzeuq7dsmQ,1,@diegoalejandrolopezmendez205,@inge_vergueta
UCFhxtoeARHPnXXPcDrOU3Xg,UCr1emrogPKkKTs_WTtx71xg,1,@diegoalejandrolopezmendez205,@domingopeneleu6457
UCFhxtoeARHPnXXPcDrOU3Xg,UCrJn_rbo_ENAdeqneS-RmRw,1,@diegoalejandrolopezmendez205,@josecarrera9623
UCFhxtoeARHPnXXPcDrOU3Xg,UCsJJAvrVGupdmhOqgtDp8dg,1,@diegoalejandrolopezmendez205,@nestorlorenzana1168
UCFhxtoeARHPnXXPcDrOU3Xg,UCsSXdJct-nsS8DsABoEsaYA,1,@diegoalejandrolopezmendez205,@IvánPérez-j4j
UCFhxtoeARHPnXXPcDrOU3Xg,UCsUCN0Yq_UyTvKjOJLmNrnQ,1,@diegoalejandrolopezmendez205,@moisesvaldez4043
UCFhxtoeARHPnXXPcDrOU3Xg,UCsjs5Hp_r86x1xbK6FAeqaA,1,@diegoalejandrolopezmendez205,@alvaroesquivel563
UCFhxtoeARHPnXXPcDrOU3Xg,UCtNfIBnc5S5DbbQj_yxgJTw,1,@diegoalejandrolopezmendez205,@JosueRamirez-ey3ih
UCFhxtoeARHPnXXPcDrOU3Xg,UCtUR3_CAiE7fCoZHM6cMfyQ,1,@diegoalejandrolopezmendez205,@mdelcid01
UCFhxtoeARHPnXXPcDrOU3Xg,UCueV9cTyTDwgQSec1x2dYgA,1,@diegoalejandrolopezmendez205,@fredydomingo7062
UCFhxtoeARHPnXXPcDrOU3Xg,UCujPF2nBgsTD62nWE3lcpIg,1,@diegoalejandrolopezmendez205,@victorarturoruanobautista7588
UCFhxtoeARHPnXXPcDrOU3Xg,UCut6b9S98nv84cVX89PmKzA,1,@diegoalejandrolopezmendez205,@yeniferaguirre4498
UCFhxtoeARHPnXXPcDrOU3Xg,UCvApqeCbLod-wejtT4CcVuA,1,@diegoalejandrolopezmendez205,@davidgaher9550
UCFhxtoeARHPnXXPcDrOU3Xg,UCwO2SXr0ggzwg6QWWrr01nQ,1,@diegoalejandrolopezmendez205,@ricardofigueroa5720
UCFhxtoeARHPnXXPcDrOU3Xg,UCwW2OFy95P7ZBkOPxWkpvYg,1,@diegoalejandrolopezmendez205,@TeresaLucero-b5o
UCFhxtoeARHPnXXPcDrOU3Xg,UCwha8rxULYMVtNwZWeSkE1A,1,@diegoalejandrolopezmendez205,@mariasamo8637
UCFhxtoeARHPnXXPcDrOU3Xg,UCxff05WuyvwELNITi7bj7UA,1,@diegoalejandrolopezmendez205,@markoherrera
UCFhxtoeARHPnXXPcDrOU3Xg,UCySYJU5kUh7X8gVt9la2ISA,1,@diegoalejandrolopezmendez205,@dantesarti4351
UCFhxtoeARHPnXXPcDrOU3Xg,UCylqlpsh8ENNM1LqgQ1KbxA,1,@diegoalejandrolopezmendez205,@Jel.Awesh.M
UCFhxtoeARHPnXXPcDrOU3Xg,UCz3gu01bmjNv0DpRq-K3XYg,1,@diegoalejandrolopezmendez205,@eusebiovasquez4385
UCFhxtoeARHPnXXPcDrOU3Xg,UCzSfZlOVxBSs5ObD25ywxDQ,1,@diegoalejandrolopezmendez205,@GilmarMaldonado-q9m
UCFhxtoeARHPnXXPcDrOU3Xg,UCzoL2l5H5eVlorWGH8AZfAg,1,@diegoalejandrolopezmendez205,@jor77cas
UCFjudnPLoaSL1BaRuLahyHg,UCFoIAE8k82D6AV-8gjjKaNg,1,@HaroldoCastillo-rh9iw,@eddymunoz9789
UCFjudnPLoaSL1BaRuLahyHg,UCFxE8GbokBrBsPEKM1xrOjQ,1,@HaroldoCastillo-rh9iw,@JuanDavila-qd7qj
UCFjudnPLoaSL1BaRuLahyHg,UCGzXwyCzMzGmjmCbH3Hg01Q,1,@HaroldoCastillo-rh9iw,@FidelZacarias-ph7dy
UCFjudnPLoaSL1BaRuLahyHg,UCHTGCgY2l-DQJIvlA_cpa_Q,1,@HaroldoCastillo-rh9iw,@virgiliogarcia3039
UCFjudnPLoaSL1BaRuLahyHg,UCHhHUjaMAZ8SiXdCUCj9DkQ,1,@HaroldoCastillo-rh9iw,@fredymendez1786
UCFjudnPLoaSL1BaRuLahyHg,UCKDR0f2fu2UzWL8mBv5-BHw,1,@HaroldoCastillo-rh9iw,@mireyamorales6595
UCFjudnPLoaSL1BaRuLahyHg,UCL13XhnRzbGokEkCkEOb0-g,1,@HaroldoCastillo-rh9iw,@raquelprado3643
UCFjudnPLoaSL1BaRuLahyHg,UCL1MT278vSaQ83ZDkVWn1gw,1,@HaroldoCastillo-rh9iw,@elmorodriguez6978
UCFjudnPLoaSL1BaRuLahyHg,UCLFdHr9BEbXHkoJopbEPLZw,1,@HaroldoCastillo-rh9iw,@kanterra4584
UCFjudnPLoaSL1BaRuLahyHg,UCLggDc_a5HriXv7I1h02sOA,1,@HaroldoCastillo-rh9iw,@guillermogonzalez5153
UCFjudnPLoaSL1BaRuLahyHg,UCN6qbfPSzFtjhqUDZ3Cv3CQ,1,@HaroldoCastillo-rh9iw,@carlosmedranovelasquez6380
UCFjudnPLoaSL1BaRuLahyHg,UCNBnKqWf4d-rS4HwJRQljmQ,1,@HaroldoCastillo-rh9iw,@LE_A22
UCFjudnPLoaSL1BaRuLahyHg,UCNkcuy42zEwddwEcOd_HpnA,1,@HaroldoCastillo-rh9iw,@vanigomez492
UCFjudnPLoaSL1BaRuLahyHg,UCOLGv5Pf6BF2wFcwUzgcvHg,1,@HaroldoCastillo-rh9iw,@welfrealdana5559
UCFjudnPLoaSL1BaRuLahyHg,UCOS8ViEkccrTZx2w2ccxotA,1,@HaroldoCastillo-rh9iw,@OscarHernandez-q8y
UCFjudnPLoaSL1BaRuLahyHg,UCOh6DaZC_x9HASnlRylEMfw,1,@HaroldoCastillo-rh9iw,@AndresMedina-v1s
UCFjudnPLoaSL1BaRuLahyHg,UCQ_-LPP8JAbfkc-b1Q6NvWw,1,@HaroldoCastillo-rh9iw,@MegaKristenstewart
UCFjudnPLoaSL1BaRuLahyHg,UCQgYjVngJRfPHDLGB5X6ZjA,1,@HaroldoCastillo-rh9iw,@oscarnavas9996
UCFjudnPLoaSL1BaRuLahyHg,UCQqetiwzzmRNTM5OWuXarGQ,1,@HaroldoCastillo-rh9iw,@isaiaslopezvelasquez1539
UCFjudnPLoaSL1BaRuLahyHg,UCQtICyzWmhC5woCtbNgaSmg,1,@HaroldoCastillo-rh9iw,@nestormendez6216
UCFjudnPLoaSL1BaRuLahyHg,UCQtSFINs1h6GHkpg9o5kMvg,1,@HaroldoCastillo-rh9iw,@MacarioMartinezruiz
UCFjudnPLoaSL1BaRuLahyHg,UCRETAiYdh2dL5ZxB0_N1zDA,1,@HaroldoCastillo-rh9iw,@Joseroland21
UCFjudnPLoaSL1BaRuLahyHg,UCRelkU8JiZBytTzebJxaa-w,1,@HaroldoCastillo-rh9iw,@danyraymundo2942
UCFjudnPLoaSL1BaRuLahyHg,UCRlCV9zSn7avAWh-9_XFWqQ,1,@HaroldoCastillo-rh9iw,@ronyarana8849
UCFjudnPLoaSL1BaRuLahyHg,UCSou6a2OuYGSvPjm5psquyA,1,@HaroldoCastillo-rh9iw,@FranciscoRivera-sf7ne
UCFjudnPLoaSL1BaRuLahyHg,UCTD6q1nyIe3Y7HhqjaMj72w,1,@HaroldoCastillo-rh9iw,@JuanChang-r6k
UCFjudnPLoaSL1BaRuLahyHg,UCTP3O0rMnc8z8v8jaDQwL0w,1,@HaroldoCastillo-rh9iw,@RobertoZelaya-x1v
UCFjudnPLoaSL1BaRuLahyHg,UCThW2XNsAaBKme5PUt7n-Zg,1,@HaroldoCastillo-rh9iw,@thelmamoran8565
UCFjudnPLoaSL1BaRuLahyHg,UCTwSut16JyAg3mX6LVUNGqA,1,@HaroldoCastillo-rh9iw,@SuperVictor2005
UCFjudnPLoaSL1BaRuLahyHg,UCTylKrsqkrBKIqubMu_5N0Q,1,@HaroldoCastillo-rh9iw,@edwingeovanymarroquinmarro6684
UCFjudnPLoaSL1BaRuLahyHg,UCUIIIPTVDVHAXqhC_5V6lPA,1,@HaroldoCastillo-rh9iw,@gorrarota
UCFjudnPLoaSL1BaRuLahyHg,UCV0iizTBoOfdAFX_thfI9BA,1,@HaroldoCastillo-rh9iw,@BenjaminLarios-jd8nk
UCFjudnPLoaSL1BaRuLahyHg,UCWIZUtKJ636y-4TYrNvok0g,1,@HaroldoCastillo-rh9iw,@cesarandreas7824
UCFjudnPLoaSL1BaRuLahyHg,UCXSkL3ejZ8qWYyF_M7s_QKA,1,@HaroldoCastillo-rh9iw,@JacintaTzoy
UCFjudnPLoaSL1BaRuLahyHg,UCXXh7yg5KUFIWylTiKVEFKQ,1,@HaroldoCastillo-rh9iw,@MrDuenderojo
UCFjudnPLoaSL1BaRuLahyHg,UCXgr7vXlRrsaskPdo097kGA,1,@HaroldoCastillo-rh9iw,@Rogergh-nw4oj
UCFjudnPLoaSL1BaRuLahyHg,UCXr8_5WtGeipe4haOoQDgyQ,1,@HaroldoCastillo-rh9iw,@amyherrera7352
UCFjudnPLoaSL1BaRuLahyHg,UCYN4wSQ1Sx4_LurxLlW7MPg,1,@HaroldoCastillo-rh9iw,@belarminavillatoro6474
UCFjudnPLoaSL1BaRuLahyHg,UCYwpX26TrCxq8TvbKGRYLXA,1,@HaroldoCastillo-rh9iw,@beneficioelcaminovillacana8540
UCFjudnPLoaSL1BaRuLahyHg,UCZ51R_9Q9C0c8I3pAWhtmjQ,1,@HaroldoCastillo-rh9iw,@belvettzapeta1251
UCFjudnPLoaSL1BaRuLahyHg,UCZLG9qH0tUjNhEGFIUt0CYw,1,@HaroldoCastillo-rh9iw,@SoniaMarroquin-y6e
UCFjudnPLoaSL1BaRuLahyHg,UCcfdg8crmMJwEuLUsAhV7yg,1,@HaroldoCastillo-rh9iw,@RolandoRaguay
UCFjudnPLoaSL1BaRuLahyHg,UCfM3nrxtTQMY5jFx1v1J4Gg,1,@HaroldoCastillo-rh9iw,@edgarroldan5539
UCFjudnPLoaSL1BaRuLahyHg,UCgvw7xIdGFupzpt1Y_BFkEA,1,@HaroldoCastillo-rh9iw,@fredygarcia9151
UCFjudnPLoaSL1BaRuLahyHg,UCh5ESQvtzyHDhCA7XyekCFA,1,@HaroldoCastillo-rh9iw,@andyB5280
UCFjudnPLoaSL1BaRuLahyHg,UChZknRmJkeGeQk0-mQuhDOg,1,@HaroldoCastillo-rh9iw,@OdilioRodríguez-c5w
UCFjudnPLoaSL1BaRuLahyHg,UChep9kVb5gQmpodEEl10Xlg,1,@HaroldoCastillo-rh9iw,@carlosaguilar-kz7ml
UCFjudnPLoaSL1BaRuLahyHg,UChgkn5Jt5tWKYMoEOuCjz3Q,1,@HaroldoCastillo-rh9iw,@pablochitay46
UCFjudnPLoaSL1BaRuLahyHg,UChs3tU2BcKOT0CezykvAsGw,1,@HaroldoCastillo-rh9iw,@byronpontaza
UCFjudnPLoaSL1BaRuLahyHg,UCi1b_TRQfgO1Z9O2gNGGWNA,1,@HaroldoCastillo-rh9iw,@davidisraelesquitsaquil
UCFjudnPLoaSL1BaRuLahyHg,UCiGRBf2RNF0WRKhRVT7zFoA,1,@HaroldoCastillo-rh9iw,@edwinavila4876
UCFjudnPLoaSL1BaRuLahyHg,UCiMythXHsw7eQEMykCdmMUA,1,@HaroldoCastillo-rh9iw,@JavierBecerra-h6x
UCFjudnPLoaSL1BaRuLahyHg,UCipetjeiWj4CZB6EbyYziZg,1,@HaroldoCastillo-rh9iw,@OseasSamayoa-ol5rz
UCFjudnPLoaSL1BaRuLahyHg,UCj-LL25XJnjxepPKCc3NGog,1,@HaroldoCastillo-rh9iw,@anaaguirre8985
UCFjudnPLoaSL1BaRuLahyHg,UCjSKM9j0Q7HLDr1hD6D-TUw,1,@HaroldoCastillo-rh9iw,@josehidalgo4875
UCFjudnPLoaSL1BaRuLahyHg,UCjmPuazZJzscrwvk0QR9RVw,1,@HaroldoCastillo-rh9iw,@mynorrodas8591
UCFjudnPLoaSL1BaRuLahyHg,UCkd9W714-947dEE6ZOEBATA,1,@HaroldoCastillo-rh9iw,@ARGELIATELON
UCFjudnPLoaSL1BaRuLahyHg,UCl0ekS9Tt0jJGtOEM18S63w,1,@HaroldoCastillo-rh9iw,@monkchapin
UCFjudnPLoaSL1BaRuLahyHg,UCljDbleJul41G1TzOjOZAVA,1,@HaroldoCastillo-rh9iw,@hectorcarranza3777
UCFjudnPLoaSL1BaRuLahyHg,UCmjppp6ujz3SAnULvP3sZMw,1,@HaroldoCastillo-rh9iw,@marcomendez7509
UCFjudnPLoaSL1BaRuLahyHg,UCmvOgzmmXbjUthHy-WJ52hQ,1,@HaroldoCastillo-rh9iw,@mariorodas593
UCFjudnPLoaSL1BaRuLahyHg,UCp4iw5_5SmV9VGTFSNVGOmQ,1,@HaroldoCastillo-rh9iw,@CARLOSSTREMS51
UCFjudnPLoaSL1BaRuLahyHg,UCpIdtvoFHVLGASGB5ySqIEA,1,@HaroldoCastillo-rh9iw,@VidalVillatoro-p4w
UCFjudnPLoaSL1BaRuLahyHg,UCpl8rF8uv_8uui-QRvuJaRA,1,@HaroldoCastillo-rh9iw,@SergioGarcia-z9c
UCFjudnPLoaSL1BaRuLahyHg,UCplrIQtaPj6au60_f2-mOYw,1,@HaroldoCastillo-rh9iw,@romeolopezherrarte799
UCFjudnPLoaSL1BaRuLahyHg,UCpsKOkt5iWTbenzeuq7dsmQ,1,@HaroldoCastillo-rh9iw,@inge_vergueta
UCFjudnPLoaSL1BaRuLahyHg,UCr1emrogPKkKTs_WTtx71xg,1,@HaroldoCastillo-rh9iw,@domingopeneleu6457
UCFjudnPLoaSL1BaRuLahyHg,UCrJn_rbo_ENAdeqneS-RmRw,1,@HaroldoCastillo-rh9iw,@josecarrera9623
UCFjudnPLoaSL1BaRuLahyHg,UCsJJAvrVGupdmhOqgtDp8dg,1,@HaroldoCastillo-rh9iw,@nestorlorenzana1168
UCFjudnPLoaSL1BaRuLahyHg,UCsSXdJct-nsS8DsABoEsaYA,1,@HaroldoCastillo-rh9iw,@IvánPérez-j4j
UCFjudnPLoaSL1BaRuLahyHg,UCsUCN0Yq_UyTvKjOJLmNrnQ,1,@HaroldoCastillo-rh9iw,@moisesvaldez4043
UCFjudnPLoaSL1BaRuLahyHg,UCsjs5Hp_r86x1xbK6FAeqaA,1,@HaroldoCastillo-rh9iw,@alvaroesquivel563
UCFjudnPLoaSL1BaRuLahyHg,UCtNfIBnc5S5DbbQj_yxgJTw,1,@HaroldoCastillo-rh9iw,@JosueRamirez-ey3ih
UCFjudnPLoaSL1BaRuLahyHg,UCtUR3_CAiE7fCoZHM6cMfyQ,1,@HaroldoCastillo-rh9iw,@mdelcid01
UCFjudnPLoaSL1BaRuLahyHg,UCueV9cTyTDwgQSec1x2dYgA,1,@HaroldoCastillo-rh9iw,@fredydomingo7062
UCFjudnPLoaSL1BaRuLahyHg,UCujPF2nBgsTD62nWE3lcpIg,1,@HaroldoCastillo-rh9iw,@victorarturoruanobautista7588
UCFjudnPLoaSL1BaRuLahyHg,UCut6b9S98nv84cVX89PmKzA,1,@HaroldoCastillo-rh9iw,@yeniferaguirre4498
UCFjudnPLoaSL1BaRuLahyHg,UCvApqeCbLod-wejtT4CcVuA,1,@HaroldoCastillo-rh9iw,@davidgaher9550
UCFjudnPLoaSL1BaRuLahyHg,UCwO2SXr0ggzwg6QWWrr01nQ,1,@HaroldoCastillo-rh9iw,@ricardofigueroa5720
UCFjudnPLoaSL1BaRuLahyHg,UCwW2OFy95P7ZBkOPxWkpvYg,1,@HaroldoCastillo-rh9iw,@TeresaLucero-b5o
UCFjudnPLoaSL1BaRuLahyHg,UCwha8rxULYMVtNwZWeSkE1A,1,@HaroldoCastillo-rh9iw,@mariasamo8637
UCFjudnPLoaSL1BaRuLahyHg,UCxff05WuyvwELNITi7bj7UA,1,@HaroldoCastillo-rh9iw,@markoherrera
UCFjudnPLoaSL1BaRuLahyHg,UCySYJU5kUh7X8gVt9la2ISA,1,@HaroldoCastillo-rh9iw,@dantesarti4351
UCFjudnPLoaSL1BaRuLahyHg,UCylqlpsh8ENNM1LqgQ1KbxA,1,@HaroldoCastillo-rh9iw,@Jel.Awesh.M
UCFjudnPLoaSL1BaRuLahyHg,UCz3gu01bmjNv0DpRq-K3XYg,1,@HaroldoCastillo-rh9iw,@eusebiovasquez4385
UCFjudnPLoaSL1BaRuLahyHg,UCzSfZlOVxBSs5ObD25ywxDQ,1,@HaroldoCastillo-rh9iw,@GilmarMaldonado-q9m
UCFjudnPLoaSL1BaRuLahyHg,UCzoL2l5H5eVlorWGH8AZfAg,1,@HaroldoCastillo-rh9iw,@jor77cas
UCFoIAE8k82D6AV-8gjjKaNg,UCFxE8GbokBrBsPEKM1xrOjQ,1,@eddymunoz9789,@JuanDavila-qd7qj
UCFoIAE8k82D6AV-8gjjKaNg,UCGzXwyCzMzGmjmCbH3Hg01Q,1,@eddymunoz9789,@FidelZacarias-ph7dy
UCFoIAE8k82D6AV-8gjjKaNg,UCHTGCgY2l-DQJIvlA_cpa_Q,1,@eddymunoz9789,@virgiliogarcia3039
UCFoIAE8k82D6AV-8gjjKaNg,UCHhHUjaMAZ8SiXdCUCj9DkQ,1,@eddymunoz9789,@fredymendez1786
UCFoIAE8k82D6AV-8gjjKaNg,UCKDR0f2fu2UzWL8mBv5-BHw,1,@eddymunoz9789,@mireyamorales6595
UCFoIAE8k82D6AV-8gjjKaNg,UCL13XhnRzbGokEkCkEOb0-g,1,@eddymunoz9789,@raquelprado3643
UCFoIAE8k82D6AV-8gjjKaNg,UCL1MT278vSaQ83ZDkVWn1gw,1,@eddymunoz9789,@elmorodriguez6978
UCFoIAE8k82D6AV-8gjjKaNg,UCLFdHr9BEbXHkoJopbEPLZw,1,@eddymunoz9789,@kanterra4584
UCFoIAE8k82D6AV-8gjjKaNg,UCLggDc_a5HriXv7I1h02sOA,1,@eddymunoz9789,@guillermogonzalez5153
UCFoIAE8k82D6AV-8gjjKaNg,UCN6qbfPSzFtjhqUDZ3Cv3CQ,1,@eddymunoz9789,@carlosmedranovelasquez6380
UCFoIAE8k82D6AV-8gjjKaNg,UCNBnKqWf4d-rS4HwJRQljmQ,1,@eddymunoz9789,@LE_A22
UCFoIAE8k82D6AV-8gjjKaNg,UCNkcuy42zEwddwEcOd_HpnA,1,@eddymunoz9789,@vanigomez492
UCFoIAE8k82D6AV-8gjjKaNg,UCOLGv5Pf6BF2wFcwUzgcvHg,1,@eddymunoz9789,@welfrealdana5559
UCFoIAE8k82D6AV-8gjjKaNg,UCOS8ViEkccrTZx2w2ccxotA,1,@eddymunoz9789,@OscarHernandez-q8y
UCFoIAE8k82D6AV-8gjjKaNg,UCOh6DaZC_x9HASnlRylEMfw,1,@eddymunoz9789,@AndresMedina-v1s
UCFoIAE8k82D6AV-8gjjKaNg,UCQ_-LPP8JAbfkc-b1Q6NvWw,1,@eddymunoz9789,@MegaKristenstewart
UCFoIAE8k82D6AV-8gjjKaNg,UCQgYjVngJRfPHDLGB5X6ZjA,1,@eddymunoz9789,@oscarnavas9996
UCFoIAE8k82D6AV-8gjjKaNg,UCQqetiwzzmRNTM5OWuXarGQ,1,@eddymunoz9789,@isaiaslopezvelasquez1539
UCFoIAE8k82D6AV-8gjjKaNg,UCQtICyzWmhC5woCtbNgaSmg,1,@eddymunoz9789,@nestormendez6216
UCFoIAE8k82D6AV-8gjjKaNg,UCQtSFINs1h6GHkpg9o5kMvg,1,@eddymunoz9789,@MacarioMartinezruiz
UCFoIAE8k82D6AV-8gjjKaNg,UCRETAiYdh2dL5ZxB0_N1zDA,1,@eddymunoz9789,@Joseroland21
UCFoIAE8k82D6AV-8gjjKaNg,UCRelkU8JiZBytTzebJxaa-w,1,@eddymunoz9789,@danyraymundo2942
UCFoIAE8k82D6AV-8gjjKaNg,UCRlCV9zSn7avAWh-9_XFWqQ,1,@eddymunoz9789,@ronyarana8849
UCFoIAE8k82D6AV-8gjjKaNg,UCSou6a2OuYGSvPjm5psquyA,1,@eddymunoz9789,@FranciscoRivera-sf7ne
UCFoIAE8k82D6AV-8gjjKaNg,UCTD6q1nyIe3Y7HhqjaMj72w,1,@eddymunoz9789,@JuanChang-r6k
UCFoIAE8k82D6AV-8gjjKaNg,UCTP3O0rMnc8z8v8jaDQwL0w,1,@eddymunoz9789,@RobertoZelaya-x1v
UCFoIAE8k82D6AV-8gjjKaNg,UCThW2XNsAaBKme5PUt7n-Zg,1,@eddymunoz9789,@thelmamoran8565
UCFoIAE8k82D6AV-8gjjKaNg,UCTwSut16JyAg3mX6LVUNGqA,1,@eddymunoz9789,@SuperVictor2005
UCFoIAE8k82D6AV-8gjjKaNg,UCTylKrsqkrBKIqubMu_5N0Q,1,@eddymunoz9789,@edwingeovanymarroquinmarro6684
UCFoIAE8k82D6AV-8gjjKaNg,UCUIIIPTVDVHAXqhC_5V6lPA,1,@eddymunoz9789,@gorrarota
UCFoIAE8k82D6AV-8gjjKaNg,UCV0iizTBoOfdAFX_thfI9BA,1,@eddymunoz9789,@BenjaminLarios-jd8nk
UCFoIAE8k82D6AV-8gjjKaNg,UCWIZUtKJ636y-4TYrNvok0g,1,@eddymunoz9789,@cesarandreas7824
UCFoIAE8k82D6AV-8gjjKaNg,UCXSkL3ejZ8qWYyF_M7s_QKA,1,@eddymunoz9789,@JacintaTzoy
UCFoIAE8k82D6AV-8gjjKaNg,UCXXh7yg5KUFIWylTiKVEFKQ,1,@eddymunoz9789,@MrDuenderojo
UCFoIAE8k82D6AV-8gjjKaNg,UCXgr7vXlRrsaskPdo097kGA,1,@eddymunoz9789,@Rogergh-nw4oj
UCFoIAE8k82D6AV-8gjjKaNg,UCXr8_5WtGeipe4haOoQDgyQ,1,@eddymunoz9789,@amyherrera7352
UCFoIAE8k82D6AV-8gjjKaNg,UCYN4wSQ1Sx4_LurxLlW7MPg,1,@eddymunoz9789,@belarminavillatoro6474
UCFoIAE8k82D6AV-8gjjKaNg,UCYwpX26TrCxq8TvbKGRYLXA,1,@eddymunoz9789,@beneficioelcaminovillacana8540
UCFoIAE8k82D6AV-8gjjKaNg,UCZ51R_9Q9C0c8I3pAWhtmjQ,1,@eddymunoz9789,@belvettzapeta1251
UCFoIAE8k82D6AV-8gjjKaNg,UCZLG9qH0tUjNhEGFIUt0CYw,1,@eddymunoz9789,@SoniaMarroquin-y6e
UCFoIAE8k82D6AV-8gjjKaNg,UCcfdg8crmMJwEuLUsAhV7yg,1,@eddymunoz9789,@RolandoRaguay
UCFoIAE8k82D6AV-8gjjKaNg,UCfM3nrxtTQMY5jFx1v1J4Gg,1,@eddymunoz9789,@edgarroldan5539
UCFoIAE8k82D6AV-8gjjKaNg,UCgvw7xIdGFupzpt1Y_BFkEA,1,@eddymunoz9789,@fredygarcia9151
UCFoIAE8k82D6AV-8gjjKaNg,UCh5ESQvtzyHDhCA7XyekCFA,1,@eddymunoz9789,@andyB5280
UCFoIAE8k82D6AV-8gjjKaNg,UChZknRmJkeGeQk0-mQuhDOg,1,@eddymunoz9789,@OdilioRodríguez-c5w
UCFoIAE8k82D6AV-8gjjKaNg,UChep9kVb5gQmpodEEl10Xlg,1,@eddymunoz9789,@carlosaguilar-kz7ml
UCFoIAE8k82D6AV-8gjjKaNg,UChgkn5Jt5tWKYMoEOuCjz3Q,1,@eddymunoz9789,@pablochitay46
UCFoIAE8k82D6AV-8gjjKaNg,UChs3tU2BcKOT0CezykvAsGw,1,@eddymunoz9789,@byronpontaza
UCFoIAE8k82D6AV-8gjjKaNg,UCi1b_TRQfgO1Z9O2gNGGWNA,1,@eddymunoz9789,@davidisraelesquitsaquil
UCFoIAE8k82D6AV-8gjjKaNg,UCiGRBf2RNF0WRKhRVT7zFoA,1,@eddymunoz9789,@edwinavila4876
UCFoIAE8k82D6AV-8gjjKaNg,UCiMythXHsw7eQEMykCdmMUA,1,@eddymunoz9789,@JavierBecerra-h6x
UCFoIAE8k82D6AV-8gjjKaNg,UCipetjeiWj4CZB6EbyYziZg,1,@eddymunoz9789,@OseasSamayoa-ol5rz
UCFoIAE8k82D6AV-8gjjKaNg,UCj-LL25XJnjxepPKCc3NGog,1,@eddymunoz9789,@anaaguirre8985
UCFoIAE8k82D6AV-8gjjKaNg,UCjSKM9j0Q7HLDr1hD6D-TUw,1,@eddymunoz9789,@josehidalgo4875
UCFoIAE8k82D6AV-8gjjKaNg,UCjmPuazZJzscrwvk0QR9RVw,1,@eddymunoz9789,@mynorrodas8591
UCFoIAE8k82D6AV-8gjjKaNg,UCkd9W714-947dEE6ZOEBATA,1,@eddymunoz9789,@ARGELIATELON
UCFoIAE8k82D6AV-8gjjKaNg,UCl0ekS9Tt0jJGtOEM18S63w,1,@eddymunoz9789,@monkchapin
UCFoIAE8k82D6AV-8gjjKaNg,UCljDbleJul41G1TzOjOZAVA,1,@eddymunoz9789,@hectorcarranza3777
UCFoIAE8k82D6AV-8gjjKaNg,UCmjppp6ujz3SAnULvP3sZMw,1,@eddymunoz9789,@marcomendez7509
UCFoIAE8k82D6AV-8gjjKaNg,UCmvOgzmmXbjUthHy-WJ52hQ,1,@eddymunoz9789,@mariorodas593
UCFoIAE8k82D6AV-8gjjKaNg,UCp4iw5_5SmV9VGTFSNVGOmQ,1,@eddymunoz9789,@CARLOSSTREMS51
UCFoIAE8k82D6AV-8gjjKaNg,UCpIdtvoFHVLGASGB5ySqIEA,1,@eddymunoz9789,@VidalVillatoro-p4w
UCFoIAE8k82D6AV-8gjjKaNg,UCpl8rF8uv_8uui-QRvuJaRA,1,@eddymunoz9789,@SergioGarcia-z9c
UCFoIAE8k82D6AV-8gjjKaNg,UCplrIQtaPj6au60_f2-mOYw,1,@eddymunoz9789,@romeolopezherrarte799
UCFoIAE8k82D6AV-8gjjKaNg,UCpsKOkt5iWTbenzeuq7dsmQ,1,@eddymunoz9789,@inge_vergueta
UCFoIAE8k82D6AV-8gjjKaNg,UCr1emrogPKkKTs_WTtx71xg,1,@eddymunoz9789,@domingopeneleu6457
UCFoIAE8k82D6AV-8gjjKaNg,UCrJn_rbo_ENAdeqneS-RmRw,1,@eddymunoz9789,@josecarrera9623
UCFoIAE8k82D6AV-8gjjKaNg,UCsJJAvrVGupdmhOqgtDp8dg,1,@eddymunoz9789,@nestorlorenzana1168
UCFoIAE8k82D6AV-8gjjKaNg,UCsSXdJct-nsS8DsABoEsaYA,1,@eddymunoz9789,@IvánPérez-j4j
UCFoIAE8k82D6AV-8gjjKaNg,UCsUCN0Yq_UyTvKjOJLmNrnQ,1,@eddymunoz9789,@moisesvaldez4043
UCFoIAE8k82D6AV-8gjjKaNg,UCsjs5Hp_r86x1xbK6FAeqaA,1,@eddymunoz9789,@alvaroesquivel563
UCFoIAE8k82D6AV-8gjjKaNg,UCtNfIBnc5S5DbbQj_yxgJTw,1,@eddymunoz9789,@JosueRamirez-ey3ih
UCFoIAE8k82D6AV-8gjjKaNg,UCtUR3_CAiE7fCoZHM6cMfyQ,1,@eddymunoz9789,@mdelcid01
UCFoIAE8k82D6AV-8gjjKaNg,UCueV9cTyTDwgQSec1x2dYgA,1,@eddymunoz9789,@fredydomingo7062
UCFoIAE8k82D6AV-8gjjKaNg,UCujPF2nBgsTD62nWE3lcpIg,1,@eddymunoz9789,@victorarturoruanobautista7588
UCFoIAE8k82D6AV-8gjjKaNg,UCut6b9S98nv84cVX89PmKzA,1,@eddymunoz9789,@yeniferaguirre4498
UCFoIAE8k82D6AV-8gjjKaNg,UCvApqeCbLod-wejtT4CcVuA,1,@eddymunoz9789,@davidgaher9550
UCFoIAE8k82D6AV-8gjjKaNg,UCwO2SXr0ggzwg6QWWrr01nQ,1,@eddymunoz9789,@ricardofigueroa5720
UCFoIAE8k82D6AV-8gjjKaNg,UCwW2OFy95P7ZBkOPxWkpvYg,1,@eddymunoz9789,@TeresaLucero-b5o
UCFoIAE8k82D6AV-8gjjKaNg,UCwha8rxULYMVtNwZWeSkE1A,1,@eddymunoz9789,@mariasamo8637
UCFoIAE8k82D6AV-8gjjKaNg,UCxff05WuyvwELNITi7bj7UA,1,@eddymunoz9789,@markoherrera
UCFoIAE8k82D6AV-8gjjKaNg,UCySYJU5kUh7X8gVt9la2ISA,1,@eddymunoz9789,@dantesarti4351
UCFoIAE8k82D6AV-8gjjKaNg,UCylqlpsh8ENNM1LqgQ1KbxA,1,@eddymunoz9789,@Jel.Awesh.M
UCFoIAE8k82D6AV-8gjjKaNg,UCz3gu01bmjNv0DpRq-K3XYg,1,@eddymunoz9789,@eusebiovasquez4385
UCFoIAE8k82D6AV-8gjjKaNg,UCzSfZlOVxBSs5ObD25ywxDQ,1,@eddymunoz9789,@GilmarMaldonado-q9m
UCFoIAE8k82D6AV-8gjjKaNg,UCzoL2l5H5eVlorWGH8AZfAg,1,@eddymunoz9789,@jor77cas
UCFxE8GbokBrBsPEKM1xrOjQ,UCGzXwyCzMzGmjmCbH3Hg01Q,1,@JuanDavila-qd7qj,@FidelZacarias-ph7dy
UCFxE8GbokBrBsPEKM1xrOjQ,UCHTGCgY2l-DQJIvlA_cpa_Q,1,@JuanDavila-qd7qj,@virgiliogarcia3039
UCFxE8GbokBrBsPEKM1xrOjQ,UCHhHUjaMAZ8SiXdCUCj9DkQ,1,@JuanDavila-qd7qj,@fredymendez1786
UCFxE8GbokBrBsPEKM1xrOjQ,UCKDR0f2fu2UzWL8mBv5-BHw,1,@JuanDavila-qd7qj,@mireyamorales6595
UCFxE8GbokBrBsPEKM1xrOjQ,UCL13XhnRzbGokEkCkEOb0-g,1,@JuanDavila-qd7qj,@raquelprado3643
UCFxE8GbokBrBsPEKM1xrOjQ,UCL1MT278vSaQ83ZDkVWn1gw,1,@JuanDavila-qd7qj,@elmorodriguez6978
UCFxE8GbokBrBsPEKM1xrOjQ,UCLFdHr9BEbXHkoJopbEPLZw,1,@JuanDavila-qd7qj,@kanterra4584
UCFxE8GbokBrBsPEKM1xrOjQ,UCLggDc_a5HriXv7I1h02sOA,1,@JuanDavila-qd7qj,@guillermogonzalez5153
UCFxE8GbokBrBsPEKM1xrOjQ,UCN6qbfPSzFtjhqUDZ3Cv3CQ,1,@JuanDavila-qd7qj,@carlosmedranovelasquez6380
UCFxE8GbokBrBsPEKM1xrOjQ,UCNBnKqWf4d-rS4HwJRQljmQ,1,@JuanDavila-qd7qj,@LE_A22
UCFxE8GbokBrBsPEKM1xrOjQ,UCNkcuy42zEwddwEcOd_HpnA,1,@JuanDavila-qd7qj,@vanigomez492
UCFxE8GbokBrBsPEKM1xrOjQ,UCOLGv5Pf6BF2wFcwUzgcvHg,1,@JuanDavila-qd7qj,@welfrealdana5559
UCFxE8GbokBrBsPEKM1xrOjQ,UCOS8ViEkccrTZx2w2ccxotA,1,@JuanDavila-qd7qj,@OscarHernandez-q8y
UCFxE8GbokBrBsPEKM1xrOjQ,UCOh6DaZC_x9HASnlRylEMfw,1,@JuanDavila-qd7qj,@AndresMedina-v1s
UCFxE8GbokBrBsPEKM1xrOjQ,UCQ_-LPP8JAbfkc-b1Q6NvWw,1,@JuanDavila-qd7qj,@MegaKristenstewart
UCFxE8GbokBrBsPEKM1xrOjQ,UCQgYjVngJRfPHDLGB5X6ZjA,1,@JuanDavila-qd7qj,@oscarnavas9996
UCFxE8GbokBrBsPEKM1xrOjQ,UCQqetiwzzmRNTM5OWuXarGQ,1,@JuanDavila-qd7qj,@isaiaslopezvelasquez1539
UCFxE8GbokBrBsPEKM1xrOjQ,UCQtICyzWmhC5woCtbNgaSmg,1,@JuanDavila-qd7qj,@nestormendez6216
UCFxE8GbokBrBsPEKM1xrOjQ,UCQtSFINs1h6GHkpg9o5kMvg,1,@JuanDavila-qd7qj,@MacarioMartinezruiz
UCFxE8GbokBrBsPEKM1xrOjQ,UCRETAiYdh2dL5ZxB0_N1zDA,1,@JuanDavila-qd7qj,@Joseroland21
UCFxE8GbokBrBsPEKM1xrOjQ,UCRelkU8JiZBytTzebJxaa-w,1,@JuanDavila-qd7qj,@danyraymundo2942
UCFxE8GbokBrBsPEKM1xrOjQ,UCRlCV9zSn7avAWh-9_XFWqQ,1,@JuanDavila-qd7qj,@ronyarana8849
UCFxE8GbokBrBsPEKM1xrOjQ,UCSou6a2OuYGSvPjm5psquyA,1,@JuanDavila-qd7qj,@FranciscoRivera-sf7ne
UCFxE8GbokBrBsPEKM1xrOjQ,UCTD6q1nyIe3Y7HhqjaMj72w,1,@JuanDavila-qd7qj,@JuanChang-r6k
UCFxE8GbokBrBsPEKM1xrOjQ,UCTP3O0rMnc8z8v8jaDQwL0w,1,@JuanDavila-qd7qj,@RobertoZelaya-x1v
UCFxE8GbokBrBsPEKM1xrOjQ,UCThW2XNsAaBKme5PUt7n-Zg,1,@JuanDavila-qd7qj,@thelmamoran8565
UCFxE8GbokBrBsPEKM1xrOjQ,UCTwSut16JyAg3mX6LVUNGqA,1,@JuanDavila-qd7qj,@SuperVictor2005
UCFxE8GbokBrBsPEKM1xrOjQ,UCTylKrsqkrBKIqubMu_5N0Q,1,@JuanDavila-qd7qj,@edwingeovanymarroquinmarro6684
UCFxE8GbokBrBsPEKM1xrOjQ,UCUIIIPTVDVHAXqhC_5V6lPA,1,@JuanDavila-qd7qj,@gorrarota
UCFxE8GbokBrBsPEKM1xrOjQ,UCV0iizTBoOfdAFX_thfI9BA,1,@JuanDavila-qd7qj,@BenjaminLarios-jd8nk
UCFxE8GbokBrBsPEKM1xrOjQ,UCWIZUtKJ636y-4TYrNvok0g,1,@JuanDavila-qd7qj,@cesarandreas7824
UCFxE8GbokBrBsPEKM1xrOjQ,UCXSkL3ejZ8qWYyF_M7s_QKA,1,@JuanDavila-qd7qj,@JacintaTzoy
UCFxE8GbokBrBsPEKM1xrOjQ,UCXXh7yg5KUFIWylTiKVEFKQ,1,@JuanDavila-qd7qj,@MrDuenderojo
UCFxE8GbokBrBsPEKM1xrOjQ,UCXgr7vXlRrsaskPdo097kGA,1,@JuanDavila-qd7qj,@Rogergh-nw4oj
UCFxE8GbokBrBsPEKM1xrOjQ,UCXr8_5WtGeipe4haOoQDgyQ,1,@JuanDavila-qd7qj,@amyherrera7352
UCFxE8GbokBrBsPEKM1xrOjQ,UCYN4wSQ1Sx4_LurxLlW7MPg,1,@JuanDavila-qd7qj,@belarminavillatoro6474
UCFxE8GbokBrBsPEKM1xrOjQ,UCYwpX26TrCxq8TvbKGRYLXA,1,@JuanDavila-qd7qj,@beneficioelcaminovillacana8540
UCFxE8GbokBrBsPEKM1xrOjQ,UCZ51R_9Q9C0c8I3pAWhtmjQ,1,@JuanDavila-qd7qj,@belvettzapeta1251
UCFxE8GbokBrBsPEKM1xrOjQ,UCZLG9qH0tUjNhEGFIUt0CYw,1,@JuanDavila-qd7qj,@SoniaMarroquin-y6e
UCFxE8GbokBrBsPEKM1xrOjQ,UCcfdg8crmMJwEuLUsAhV7yg,1,@JuanDavila-qd7qj,@RolandoRaguay
UCFxE8GbokBrBsPEKM1xrOjQ,UCfM3nrxtTQMY5jFx1v1J4Gg,1,@JuanDavila-qd7qj,@edgarroldan5539
UCFxE8GbokBrBsPEKM1xrOjQ,UCgvw7xIdGFupzpt1Y_BFkEA,1,@JuanDavila-qd7qj,@fredygarcia9151
UCFxE8GbokBrBsPEKM1xrOjQ,UCh5ESQvtzyHDhCA7XyekCFA,1,@JuanDavila-qd7qj,@andyB5280
UCFxE8GbokBrBsPEKM1xrOjQ,UChZknRmJkeGeQk0-mQuhDOg,1,@JuanDavila-qd7qj,@OdilioRodríguez-c5w
UCFxE8GbokBrBsPEKM1xrOjQ,UChep9kVb5gQmpodEEl10Xlg,1,@JuanDavila-qd7qj,@carlosaguilar-kz7ml
UCFxE8GbokBrBsPEKM1xrOjQ,UChgkn5Jt5tWKYMoEOuCjz3Q,1,@JuanDavila-qd7qj,@pablochitay46
UCFxE8GbokBrBsPEKM1xrOjQ,UChs3tU2BcKOT0CezykvAsGw,1,@JuanDavila-qd7qj,@byronpontaza
UCFxE8GbokBrBsPEKM1xrOjQ,UCi1b_TRQfgO1Z9O2gNGGWNA,1,@JuanDavila-qd7qj,@davidisraelesquitsaquil
UCFxE8GbokBrBsPEKM1xrOjQ,UCiGRBf2RNF0WRKhRVT7zFoA,1,@JuanDavila-qd7qj,@edwinavila4876
UCFxE8GbokBrBsPEKM1xrOjQ,UCiMythXHsw7eQEMykCdmMUA,1,@JuanDavila-qd7qj,@JavierBecerra-h6x
UCFxE8GbokBrBsPEKM1xrOjQ,UCipetjeiWj4CZB6EbyYziZg,1,@JuanDavila-qd7qj,@OseasSamayoa-ol5rz
UCFxE8GbokBrBsPEKM1xrOjQ,UCj-LL25XJnjxepPKCc3NGog,1,@JuanDavila-qd7qj,@anaaguirre8985
UCFxE8GbokBrBsPEKM1xrOjQ,UCjSKM9j0Q7HLDr1hD6D-TUw,1,@JuanDavila-qd7qj,@josehidalgo4875
UCFxE8GbokBrBsPEKM1xrOjQ,UCjmPuazZJzscrwvk0QR9RVw,1,@JuanDavila-qd7qj,@mynorrodas8591
UCFxE8GbokBrBsPEKM1xrOjQ,UCkd9W714-947dEE6ZOEBATA,1,@JuanDavila-qd7qj,@ARGELIATELON
UCFxE8GbokBrBsPEKM1xrOjQ,UCl0ekS9Tt0jJGtOEM18S63w,1,@JuanDavila-qd7qj,@monkchapin
UCFxE8GbokBrBsPEKM1xrOjQ,UCljDbleJul41G1TzOjOZAVA,1,@JuanDavila-qd7qj,@hectorcarranza3777
UCFxE8GbokBrBsPEKM1xrOjQ,UCmjppp6ujz3SAnULvP3sZMw,1,@JuanDavila-qd7qj,@marcomendez7509
UCFxE8GbokBrBsPEKM1xrOjQ,UCmvOgzmmXbjUthHy-WJ52hQ,1,@JuanDavila-qd7qj,@mariorodas593
UCFxE8GbokBrBsPEKM1xrOjQ,UCp4iw5_5SmV9VGTFSNVGOmQ,1,@JuanDavila-qd7qj,@CARLOSSTREMS51
UCFxE8GbokBrBsPEKM1xrOjQ,UCpIdtvoFHVLGASGB5ySqIEA,1,@JuanDavila-qd7qj,@VidalVillatoro-p4w
UCFxE8GbokBrBsPEKM1xrOjQ,UCpl8rF8uv_8uui-QRvuJaRA,1,@JuanDavila-qd7qj,@SergioGarcia-z9c
UCFxE8GbokBrBsPEKM1xrOjQ,UCplrIQtaPj6au60_f2-mOYw,1,@JuanDavila-qd7qj,@romeolopezherrarte799
UCFxE8GbokBrBsPEKM1xrOjQ,UCpsKOkt5iWTbenzeuq7dsmQ,1,@JuanDavila-qd7qj,@inge_vergueta
UCFxE8GbokBrBsPEKM1xrOjQ,UCr1emrogPKkKTs_WTtx71xg,1,@JuanDavila-qd7qj,@domingopeneleu6457
UCFxE8GbokBrBsPEKM1xrOjQ,UCrJn_rbo_ENAdeqneS-RmRw,1,@JuanDavila-qd7qj,@josecarrera9623
UCFxE8GbokBrBsPEKM1xrOjQ,UCsJJAvrVGupdmhOqgtDp8dg,1,@JuanDavila-qd7qj,@nestorlorenzana1168
UCFxE8GbokBrBsPEKM1xrOjQ,UCsSXdJct-nsS8DsABoEsaYA,1,@JuanDavila-qd7qj,@IvánPérez-j4j
UCFxE8GbokBrBsPEKM1xrOjQ,UCsUCN0Yq_UyTvKjOJLmNrnQ,1,@JuanDavila-qd7qj,@moisesvaldez4043
UCFxE8GbokBrBsPEKM1xrOjQ,UCsjs5Hp_r86x1xbK6FAeqaA,1,@JuanDavila-qd7qj,@alvaroesquivel563
UCFxE8GbokBrBsPEKM1xrOjQ,UCtNfIBnc5S5DbbQj_yxgJTw,1,@JuanDavila-qd7qj,@JosueRamirez-ey3ih
UCFxE8GbokBrBsPEKM1xrOjQ,UCtUR3_CAiE7fCoZHM6cMfyQ,1,@JuanDavila-qd7qj,@mdelcid01
UCFxE8GbokBrBsPEKM1xrOjQ,UCueV9cTyTDwgQSec1x2dYgA,1,@JuanDavila-qd7qj,@fredydomingo7062
UCFxE8GbokBrBsPEKM1xrOjQ,UCujPF2nBgsTD62nWE3lcpIg,1,@JuanDavila-qd7qj,@victorarturoruanobautista7588
UCFxE8GbokBrBsPEKM1xrOjQ,UCut6b9S98nv84cVX89PmKzA,1,@JuanDavila-qd7qj,@yeniferaguirre4498
UCFxE8GbokBrBsPEKM1xrOjQ,UCvApqeCbLod-wejtT4CcVuA,1,@JuanDavila-qd7qj,@davidgaher9550
UCFxE8GbokBrBsPEKM1xrOjQ,UCwO2SXr0ggzwg6QWWrr01nQ,1,@JuanDavila-qd7qj,@ricardofigueroa5720
UCFxE8GbokBrBsPEKM1xrOjQ,UCwW2OFy95P7ZBkOPxWkpvYg,1,@JuanDavila-qd7qj,@TeresaLucero-b5o
UCFxE8GbokBrBsPEKM1xrOjQ,UCwha8rxULYMVtNwZWeSkE1A,1,@JuanDavila-qd7qj,@mariasamo8637
UCFxE8GbokBrBsPEKM1xrOjQ,UCxff05WuyvwELNITi7bj7UA,1,@JuanDavila-qd7qj,@markoherrera
UCFxE8GbokBrBsPEKM1xrOjQ,UCySYJU5kUh7X8gVt9la2ISA,1,@JuanDavila-qd7qj,@dantesarti4351
UCFxE8GbokBrBsPEKM1xrOjQ,UCylqlpsh8ENNM1LqgQ1KbxA,1,@JuanDavila-qd7qj,@Jel.Awesh.M
UCFxE8GbokBrBsPEKM1xrOjQ,UCz3gu01bmjNv0DpRq-K3XYg,1,@JuanDavila-qd7qj,@eusebiovasquez4385
UCFxE8GbokBrBsPEKM1xrOjQ,UCzSfZlOVxBSs5ObD25ywxDQ,1,@JuanDavila-qd7qj,@GilmarMaldonado-q9m
UCFxE8GbokBrBsPEKM1xrOjQ,UCzoL2l5H5eVlorWGH8AZfAg,1,@JuanDavila-qd7qj,@jor77cas
UCFybmWapGvBKcQod7cPPH9w,UCRfkkatKrNtAARnXMMYBGlA,1,@vitalianochavez8382,@BernerSoza-mg3vx
UCFybmWapGvBKcQod7cPPH9w,UCV3fr-YOixFKCZBbJP1-X4w,1,@vitalianochavez8382,@albertoshernandez5251
UCFybmWapGvBKcQod7cPPH9w,UCWaRixDdpgllTBf4V0jPnKQ,1,@vitalianochavez8382,@hectormaaz5523
UCFybmWapGvBKcQod7cPPH9w,UCWvntqPQx99k_Z_skWKqNSA,1,@vitalianochavez8382,@AntonioChiyal-x5s
UCFybmWapGvBKcQod7cPPH9w,UCZFQwqh90apuL8eFhvRBkUg,1,@vitalianochavez8382,@luisricardo9671
UCFybmWapGvBKcQod7cPPH9w,UCa36MjQLoPAmgJo-R3G8WQA,1,@vitalianochavez8382,@elsasalguero6914
UCFybmWapGvBKcQod7cPPH9w,UCaT4saRcyqCLE657Rq2hhZQ,1,@vitalianochavez8382,@elmilenial4064
UCFybmWapGvBKcQod7cPPH9w,UCeQk-WfEA-cJRq4EKeE7TOw,1,@vitalianochavez8382,@franciscojuarez9223
UCFybmWapGvBKcQod7cPPH9w,UCfo_yUPzy1f1POwwZxhZ06Q,1,@vitalianochavez8382,@lara11roberto
UCFybmWapGvBKcQod7cPPH9w,UCgGqw4aqMdMVSGkKiMgrJRQ,1,@vitalianochavez8382,@pattyfigueroa5609
UCFybmWapGvBKcQod7cPPH9w,UCheEJ5GZuIvV0fj-nXyVwXw,1,@vitalianochavez8382,@rosaoliva9389
UCFybmWapGvBKcQod7cPPH9w,UChyps3dqY-VY1_wLeq-2lhw,1,@vitalianochavez8382,@maydamorales4395
UCFybmWapGvBKcQod7cPPH9w,UCiOZX__1gahg1ypIj0_XG_w,1,@vitalianochavez8382,@mariogonzalezorellana8956
UCFybmWapGvBKcQod7cPPH9w,UCjZgFEowMBrsjodqfovzdKw,1,@vitalianochavez8382,@franciscoflores3120
UCFybmWapGvBKcQod7cPPH9w,UCoGdCoJg2Lh0OX_jv6cG16g,1,@vitalianochavez8382,@Israel-u5i7i
UCFybmWapGvBKcQod7cPPH9w,UCp29O_C7cchZV8IxV7Crdag,1,@vitalianochavez8382,@robertoescobar5507
UCFybmWapGvBKcQod7cPPH9w,UCql1n3Ey6ULMSOACjMe-fxQ,1,@vitalianochavez8382,@RolandoGonzalez-o7g
UCFybmWapGvBKcQod7cPPH9w,UCtCtts20bW6F9CSohau51Iw,1,@vitalianochavez8382,@carlosgranados9875
UCFybmWapGvBKcQod7cPPH9w,UCtsxPYw8VUsH_FfnKg-0lmw,1,@vitalianochavez8382,@AlejandroPérez-b6r
UCFybmWapGvBKcQod7cPPH9w,UCvDwJBBY1mHK70aTEYl6rsA,1,@vitalianochavez8382,@cristianescobedo8296
UCFybmWapGvBKcQod7cPPH9w,UCwxoKK59nGCeBqB2sXfDBIw,1,@vitalianochavez8382,@vic-bonivideos
UCFybmWapGvBKcQod7cPPH9w,UCyJhqmMbsvjpoarBBStA2kg,1,@vitalianochavez8382,@Murmullodelbarrio
UCFybmWapGvBKcQod7cPPH9w,UCzZ6dDCEsLMXbc5pCFXIprw,1,@vitalianochavez8382,@josegil3813
UCGGHbtfbbe0o68etrOf0qxw,UCHbwIx9pmQuf7i-4_xO2EpA,1,@karensussetteleonvargas9794,@caminoseternos752
UCGGHbtfbbe0o68etrOf0qxw,UCNpt5CQlTzNjlAKY6CJtClQ,1,@karensussetteleonvargas9794,@eustaquiogomez9975
UCGGHbtfbbe0o68etrOf0qxw,UCOcUI5XkTYNMSFhZNMIPpGg,1,@karensussetteleonvargas9794,@hendersonlopez3864
UCGGHbtfbbe0o68etrOf0qxw,UCQqlPPUGqAfWjd-FSh_qn7Q,1,@karensussetteleonvargas9794,@estuardoargueta137
UCGGHbtfbbe0o68etrOf0qxw,UCQyOePccUP-fIJYzchAgZYw,1,@karensussetteleonvargas9794,@aguilar4254
UCGGHbtfbbe0o68etrOf0qxw,UCRAquv8el-tQ30bN7MlmySQ,1,@karensussetteleonvargas9794,@iamjimalesssa
UCGGHbtfbbe0o68etrOf0qxw,UCRvPToDkkumha7WJAfCDk1A,1,@karensussetteleonvargas9794,@ligiaguerra3057
UCGGHbtfbbe0o68etrOf0qxw,UCUoYsrx1oZnCZ0usbBJn4fA,1,@karensussetteleonvargas9794,@AnaDiaz-re9sq
UCGGHbtfbbe0o68etrOf0qxw,UCV0lM03g5fg5pbPj97-sAtA,1,@karensussetteleonvargas9794,@genarodelgado3929
UCGGHbtfbbe0o68etrOf0qxw,UCW-JC6lebVmf2P1dmY_L94g,1,@karensussetteleonvargas9794,@dinoraoroxon5771
UCGGHbtfbbe0o68etrOf0qxw,UCW80DaMjQlEUibC98Cot-Dg,1,@karensussetteleonvargas9794,@rogeraldana4289
UCGGHbtfbbe0o68etrOf0qxw,UCWoAVGVqCn4xtINCMOTM4jg,1,@karensussetteleonvargas9794,@OmarMartinez-vv8re
UCGGHbtfbbe0o68etrOf0qxw,UCZeIIQrGAedW8tCbKWmGY-A,1,@karensussetteleonvargas9794,@mariocordon8873
UCGGHbtfbbe0o68etrOf0qxw,UC_LYoGs5C3mbZKZuKuqYCvw,1,@karensussetteleonvargas9794,@javiercifuentesarchila6041
UCGGHbtfbbe0o68etrOf0qxw,UCaKAjTW9MVub_clgr4DRYjQ,1,@karensussetteleonvargas9794,@josecastillo4390
UCGGHbtfbbe0o68etrOf0qxw,UCdFlugHJJa4l3YqWuNRmvXw,1,@karensussetteleonvargas9794,@MarcosCarillo-b1r
UCGGHbtfbbe0o68etrOf0qxw,UCe8JZoYkX5oKUZyivHYdXhw,1,@karensussetteleonvargas9794,@FernandoGarcia-jg1fj
UCGGHbtfbbe0o68etrOf0qxw,UCeDNEtI8_a42bZ47wJiJMwQ,1,@karensussetteleonvargas9794,@EdgarcalderonCalderong
UCGGHbtfbbe0o68etrOf0qxw,UCgJNFj5dnxXpcMvmuhZDPxA,1,@karensussetteleonvargas9794,@NataliaRodriguez-rx5mr
UCGGHbtfbbe0o68etrOf0qxw,UCgQw_Sbq3ugruDUKsq1e0-A,1,@karensussetteleonvargas9794,@marlenareano-h4t
UCGGHbtfbbe0o68etrOf0qxw,UCiC-Jn7wdgyQV4_Urk0DkWQ,1,@karensussetteleonvargas9794,@pedroros6358
UCGGHbtfbbe0o68etrOf0qxw,UCkVtmkK07b2zaVVNssX4lOg,1,@karensussetteleonvargas9794,@HectorElias-u2l
UCGGHbtfbbe0o68etrOf0qxw,UCkbsS_3D-pvg1iHOld9uvIg,1,@karensussetteleonvargas9794,@gonzalo6075
UCGGHbtfbbe0o68etrOf0qxw,UClhMWQ7XKWywYvbRnuf8QsA,1,@karensussetteleonvargas9794,@EcPerez-zz9oh
UCGGHbtfbbe0o68etrOf0qxw,UClqA491Xa5fQcXcJJa-vTWw,1,@karensussetteleonvargas9794,@AndresLemus-k2d
UCGGHbtfbbe0o68etrOf0qxw,UColMq7LmaoY3MT6aIDGrGvA,1,@karensussetteleonvargas9794,@quijotachapina1
UCGGHbtfbbe0o68etrOf0qxw,UCpe5jW3MIqkgTJ-PgkzvM6Q,1,@karensussetteleonvargas9794,@carloslam5333
UCGGHbtfbbe0o68etrOf0qxw,UCpsKOkt5iWTbenzeuq7dsmQ,1,@karensussetteleonvargas9794,@inge_vergueta
UCGGHbtfbbe0o68etrOf0qxw,UCqCrvuoJpC-aVb0f4logQRQ,1,@karensussetteleonvargas9794,@Lyrics_GT
UCGGHbtfbbe0o68etrOf0qxw,UCsGoJEvb-cFPZ2rWoJcXzEQ,1,@karensussetteleonvargas9794,@sergiohinestroza9709
UCGGHbtfbbe0o68etrOf0qxw,UCu8_3-Wg-YzNyvHYQDEscfw,1,@karensussetteleonvargas9794,@RolandoCastroPérez-d7y
UCGGHbtfbbe0o68etrOf0qxw,UCuXmOjxC-htcprLgeVXz6Tg,1,@karensussetteleonvargas9794,@jorgeaguilar-bq3uj
UCGGHbtfbbe0o68etrOf0qxw,UCwgCc9Jd_gG-uLE_SY-FfPg,1,@karensussetteleonvargas9794,@armindapenados2841
UCGGHbtfbbe0o68etrOf0qxw,UCwjUvRseNtJoItylIyIez7Q,1,@karensussetteleonvargas9794,@Silviazea
UCGGHbtfbbe0o68etrOf0qxw,UCylqlpsh8ENNM1LqgQ1KbxA,1,@karensussetteleonvargas9794,@Jel.Awesh.M
UCGX_UbAQOXGZknv5iqklwTA,UCHTGCgY2l-DQJIvlA_cpa_Q,1,@ronaldgarcia8522,@virgiliogarcia3039
UCGX_UbAQOXGZknv5iqklwTA,UCN2N_wYOw6fMwCeSzdXLPIw,1,@ronaldgarcia8522,@danielantoniogonzalezflore4901
UCGX_UbAQOXGZknv5iqklwTA,UCNIeXbV_mEwpa412h1aqUWw,1,@ronaldgarcia8522,@juandeleon9060
UCGX_UbAQOXGZknv5iqklwTA,UCPZueDLrCS4BmTBRMA4q0fA,1,@ronaldgarcia8522,@kevinochoa3695
UCGX_UbAQOXGZknv5iqklwTA,UCVQf0tzL7xRzFJsABVVULpg,1,@ronaldgarcia8522,@DennisseLopetegi
UCGX_UbAQOXGZknv5iqklwTA,UCbYoNG5J3Au5BqtbXogfEFw,1,@ronaldgarcia8522,@Luis-gn3fj
UCGX_UbAQOXGZknv5iqklwTA,UCf5lnNZF7Qrtli9v4N_23WQ,1,@ronaldgarcia8522,@CarlosCortez-v5r
UCGX_UbAQOXGZknv5iqklwTA,UCg3eIfd7BrsLEqS0BLkftHA,1,@ronaldgarcia8522,@ErmePérez-q4s
UCGX_UbAQOXGZknv5iqklwTA,UCgQJgI9vu1FI2dnC9mrFthw,1,@ronaldgarcia8522,@srms70
UCGX_UbAQOXGZknv5iqklwTA,UClsrFGJKWPxxw7MiaEdKLXw,1,@ronaldgarcia8522,@ericapaz5406
UCGX_UbAQOXGZknv5iqklwTA,UCtNyHmRZtvGF2hSvI2dUBWw,1,@ronaldgarcia8522,@aureliomaldonado4793
UCGX_UbAQOXGZknv5iqklwTA,UCuP4UK33HKtJE_S39ksmaTw,1,@ronaldgarcia8522,@herbertaguilar1387
UCGX_UbAQOXGZknv5iqklwTA,UCusjriFsDHEc2AOjqk-p5ig,1,@ronaldgarcia8522,@pablobarrios7931
UCGX_UbAQOXGZknv5iqklwTA,UCzZ6dDCEsLMXbc5pCFXIprw,1,@ronaldgarcia8522,@josegil3813
UCGZMgmM92E3njyXNe9-kjAQ,UCIgoiXdIKJyUGmUoH2Lxdzg,1,@pasionpornada,@susievidal4134
UCGZMgmM92E3njyXNe9-kjAQ,UCOLHH4ZpMxPYF-Q6e6wvn5A,1,@pasionpornada,@luisroldan7374
UCGZMgmM92E3njyXNe9-kjAQ,UCPNXmbOBVeC4HS-xemvcPtQ,1,@pasionpornada,@BelkisRodriguezRamirez
UCGZMgmM92E3njyXNe9-kjAQ,UCQMMuADgqWUOcJpLwHOzC-g,1,@pasionpornada,@Ripped-Yoda
UCGZMgmM92E3njyXNe9-kjAQ,UCVdjCrh4tQoX3haNAZv-n5A,1,@pasionpornada,@aurahernandez5646
UCGZMgmM92E3njyXNe9-kjAQ,UCZjm6U576nX8WOiLhmMR3bw,1,@pasionpornada,@MariaNavarroYT
UCGZMgmM92E3njyXNe9-kjAQ,UCat2qkYvqmtDNEmo2PVuhXw,1,@pasionpornada,@DoraSalas-j5o
UCGZMgmM92E3njyXNe9-kjAQ,UCbNanjFI51cwGqMAb2rOrBw,1,@pasionpornada,@RosaMontesdeOca777
UCGZMgmM92E3njyXNe9-kjAQ,UCi2KiZq63sRq8Mfbcp-MelQ,1,@pasionpornada,@eugeneramirez4405
UCGZMgmM92E3njyXNe9-kjAQ,UCozFYHN0e_-vlQbX3wQGOug,1,@pasionpornada,@jesusguzman2321
UCGZMgmM92E3njyXNe9-kjAQ,UCp_dAUfv8i3LW3zWc24dLaQ,1,@pasionpornada,@MarioCortez-o6v
UCGZMgmM92E3njyXNe9-kjAQ,UCrqXyRsg-_hTosURZ-uvoKg,1,@pasionpornada,@flornolberto2425
UCGZMgmM92E3njyXNe9-kjAQ,UCtiHFjFu7d5v2XxHnKFUYig,1,@pasionpornada,@Paul-gf7ec
UCGZMgmM92E3njyXNe9-kjAQ,UCxhtlxPV8AYWaNNyU6S9H8Q,1,@pasionpornada,@WilR-s8r
UCGj2v6Gl5bN8NSrzJMXS-CA,UCOARn3hnfkB7-_Rwa8Hoqcw,1,@juliogutierrez492,@nicelol5241
UCGj2v6Gl5bN8NSrzJMXS-CA,UCVhif9eV0f8plICen2DnpKA,1,@juliogutierrez492,@blogarteplus
UCGj2v6Gl5bN8NSrzJMXS-CA,UCZIQnb1fkwe39Iw2TAu-bGA,1,@juliogutierrez492,@jorgegomez2237
UCGj2v6Gl5bN8NSrzJMXS-CA,UCvcu1kR8xMYy_I1Ty-2mV2Q,1,@juliogutierrez492,@hashojea7348
UCGj2v6Gl5bN8NSrzJMXS-CA,UCyW68EGZey4ao_Vf2cR5Ztg,1,@juliogutierrez492,@ZabalaXabier
UCGm3gRBEHGRJYmtCryZLtDw,UCHu8x4MVkayU6VgwVKd--MQ,1,@JoséLopez-g6k,@Hernandez-i1o
UCGm3gRBEHGRJYmtCryZLtDw,UCsUCN0Yq_UyTvKjOJLmNrnQ,1,@JoséLopez-g6k,@moisesvaldez4043
UCGqKxQS-z3NZzZF-2w338AA,UCHMQ_lDhibZ-XZ_3fo6oxwg,1,@samuelaguilar529,@crislexrubi4387
UCGqKxQS-z3NZzZF-2w338AA,UCIUhbSCy3-SGRe5UtqM4fzQ,1,@samuelaguilar529,@jeanmorales1677
UCGqKxQS-z3NZzZF-2w338AA,UCIp19h9igblA2YKfSLPDAug,1,@samuelaguilar529,@JoseReyes-rn6sh
UCGqKxQS-z3NZzZF-2w338AA,UCRcSR3Lvn9DZAmJpVPANfZQ,1,@samuelaguilar529,@WalksandSuch
UCGqKxQS-z3NZzZF-2w338AA,UCRznz9-N3Qc1w-qNdLSIY2Q,1,@samuelaguilar529,@jimmygomez724
UCGqKxQS-z3NZzZF-2w338AA,UCSTAUWVc1_82DHYeqOsqEFA,1,@samuelaguilar529,@TheAlexX_C
UCGqKxQS-z3NZzZF-2w338AA,UCXmrpc6Li0spcKxtS0Q_ptg,1,@samuelaguilar529,@melvinperez6710
UCGqKxQS-z3NZzZF-2w338AA,UCY7Hq7F9Lnucf-Yr6JkHZNw,1,@samuelaguilar529,@maynorcalel1442
UCGqKxQS-z3NZzZF-2w338AA,UC_ljZ1hZXR9pzexFz87P5ZA,1,@samuelaguilar529,@ChRiStOpHeR7969
UCGqKxQS-z3NZzZF-2w338AA,UCaT6M2zp7X6r6Whd8Vv3kHQ,1,@samuelaguilar529,@alexarcos8349
UCGqKxQS-z3NZzZF-2w338AA,UCgLrWFdYitoP-b7-PxtUr-w,1,@samuelaguilar529,@zetag
UCGqKxQS-z3NZzZF-2w338AA,UCgLurCo-e019HGODcjXHWCw,1,@samuelaguilar529,@perritojuega1
UCGqKxQS-z3NZzZF-2w338AA,UCi-vPdnpQreC7BkFs40mJGA,1,@samuelaguilar529,@bryansicasales4280
UCGqKxQS-z3NZzZF-2w338AA,UCqilIa8r7iek5sGYg_q6ofA,1,@samuelaguilar529,@rolandojuchuna484
UCGqKxQS-z3NZzZF-2w338AA,UCs_5qeqdku9tGAq22y3OcuQ,1,@samuelaguilar529,@alexandrevasquez4135
UCGqKxQS-z3NZzZF-2w338AA,UCtMBF_1O2jY2INlb_luuB_A,1,@samuelaguilar529,@mynorgudiel8646
UCGqKxQS-z3NZzZF-2w338AA,UCwUAv3_LpWVtTIi7lkmTL7A,1,@samuelaguilar529,@kingr4706
UCGqKxQS-z3NZzZF-2w338AA,UCxKR3RA8T-kxMgq_2WWhRcQ,1,@samuelaguilar529,@elenaluarca9377
UCGqKxQS-z3NZzZF-2w338AA,UCyzf29IYjNw67gGIfsjgtxA,1,@samuelaguilar529,@carlosoliva9249
UCGzXwyCzMzGmjmCbH3Hg01Q,UCHTGCgY2l-DQJIvlA_cpa_Q,1,@FidelZacarias-ph7dy,@virgiliogarcia3039
UCGzXwyCzMzGmjmCbH3Hg01Q,UCHhHUjaMAZ8SiXdCUCj9DkQ,1,@FidelZacarias-ph7dy,@fredymendez1786
UCGzXwyCzMzGmjmCbH3Hg01Q,UCKDR0f2fu2UzWL8mBv5-BHw,1,@FidelZacarias-ph7dy,@mireyamorales6595
UCGzXwyCzMzGmjmCbH3Hg01Q,UCL13XhnRzbGokEkCkEOb0-g,1,@FidelZacarias-ph7dy,@raquelprado3643
UCGzXwyCzMzGmjmCbH3Hg01Q,UCL1MT278vSaQ83ZDkVWn1gw,1,@FidelZacarias-ph7dy,@elmorodriguez6978
UCGzXwyCzMzGmjmCbH3Hg01Q,UCLFdHr9BEbXHkoJopbEPLZw,1,@FidelZacarias-ph7dy,@kanterra4584
UCGzXwyCzMzGmjmCbH3Hg01Q,UCLggDc_a5HriXv7I1h02sOA,1,@FidelZacarias-ph7dy,@guillermogonzalez5153
UCGzXwyCzMzGmjmCbH3Hg01Q,UCN6qbfPSzFtjhqUDZ3Cv3CQ,1,@FidelZacarias-ph7dy,@carlosmedranovelasquez6380
UCGzXwyCzMzGmjmCbH3Hg01Q,UCNBnKqWf4d-rS4HwJRQljmQ,1,@FidelZacarias-ph7dy,@LE_A22
UCGzXwyCzMzGmjmCbH3Hg01Q,UCNkcuy42zEwddwEcOd_HpnA,1,@FidelZacarias-ph7dy,@vanigomez492
UCGzXwyCzMzGmjmCbH3Hg01Q,UCOLGv5Pf6BF2wFcwUzgcvHg,1,@FidelZacarias-ph7dy,@welfrealdana5559
UCGzXwyCzMzGmjmCbH3Hg01Q,UCOS8ViEkccrTZx2w2ccxotA,1,@FidelZacarias-ph7dy,@OscarHernandez-q8y
UCGzXwyCzMzGmjmCbH3Hg01Q,UCOh6DaZC_x9HASnlRylEMfw,1,@FidelZacarias-ph7dy,@AndresMedina-v1s
UCGzXwyCzMzGmjmCbH3Hg01Q,UCQ_-LPP8JAbfkc-b1Q6NvWw,1,@FidelZacarias-ph7dy,@MegaKristenstewart
UCGzXwyCzMzGmjmCbH3Hg01Q,UCQgYjVngJRfPHDLGB5X6ZjA,1,@FidelZacarias-ph7dy,@oscarnavas9996
UCGzXwyCzMzGmjmCbH3Hg01Q,UCQqetiwzzmRNTM5OWuXarGQ,1,@FidelZacarias-ph7dy,@isaiaslopezvelasquez1539
UCGzXwyCzMzGmjmCbH3Hg01Q,UCQtICyzWmhC5woCtbNgaSmg,1,@FidelZacarias-ph7dy,@nestormendez6216
UCGzXwyCzMzGmjmCbH3Hg01Q,UCQtSFINs1h6GHkpg9o5kMvg,1,@FidelZacarias-ph7dy,@MacarioMartinezruiz
UCGzXwyCzMzGmjmCbH3Hg01Q,UCRETAiYdh2dL5ZxB0_N1zDA,1,@FidelZacarias-ph7dy,@Joseroland21
UCGzXwyCzMzGmjmCbH3Hg01Q,UCRelkU8JiZBytTzebJxaa-w,1,@FidelZacarias-ph7dy,@danyraymundo2942
UCGzXwyCzMzGmjmCbH3Hg01Q,UCRlCV9zSn7avAWh-9_XFWqQ,1,@FidelZacarias-ph7dy,@ronyarana8849
UCGzXwyCzMzGmjmCbH3Hg01Q,UCSou6a2OuYGSvPjm5psquyA,1,@FidelZacarias-ph7dy,@FranciscoRivera-sf7ne
UCGzXwyCzMzGmjmCbH3Hg01Q,UCTD6q1nyIe3Y7HhqjaMj72w,1,@FidelZacarias-ph7dy,@JuanChang-r6k
UCGzXwyCzMzGmjmCbH3Hg01Q,UCTP3O0rMnc8z8v8jaDQwL0w,1,@FidelZacarias-ph7dy,@RobertoZelaya-x1v
UCGzXwyCzMzGmjmCbH3Hg01Q,UCThW2XNsAaBKme5PUt7n-Zg,1,@FidelZacarias-ph7dy,@thelmamoran8565
UCGzXwyCzMzGmjmCbH3Hg01Q,UCTwSut16JyAg3mX6LVUNGqA,1,@FidelZacarias-ph7dy,@SuperVictor2005
UCGzXwyCzMzGmjmCbH3Hg01Q,UCTylKrsqkrBKIqubMu_5N0Q,1,@FidelZacarias-ph7dy,@edwingeovanymarroquinmarro6684
UCGzXwyCzMzGmjmCbH3Hg01Q,UCUIIIPTVDVHAXqhC_5V6lPA,1,@FidelZacarias-ph7dy,@gorrarota
UCGzXwyCzMzGmjmCbH3Hg01Q,UCV0iizTBoOfdAFX_thfI9BA,1,@FidelZacarias-ph7dy,@BenjaminLarios-jd8nk
UCGzXwyCzMzGmjmCbH3Hg01Q,UCWIZUtKJ636y-4TYrNvok0g,1,@FidelZacarias-ph7dy,@cesarandreas7824
UCGzXwyCzMzGmjmCbH3Hg01Q,UCXSkL3ejZ8qWYyF_M7s_QKA,1,@FidelZacarias-ph7dy,@JacintaTzoy
UCGzXwyCzMzGmjmCbH3Hg01Q,UCXXh7yg5KUFIWylTiKVEFKQ,1,@FidelZacarias-ph7dy,@MrDuenderojo
UCGzXwyCzMzGmjmCbH3Hg01Q,UCXgr7vXlRrsaskPdo097kGA,1,@FidelZacarias-ph7dy,@Rogergh-nw4oj
UCGzXwyCzMzGmjmCbH3Hg01Q,UCXr8_5WtGeipe4haOoQDgyQ,1,@FidelZacarias-ph7dy,@amyherrera7352
UCGzXwyCzMzGmjmCbH3Hg01Q,UCYN4wSQ1Sx4_LurxLlW7MPg,1,@FidelZacarias-ph7dy,@belarminavillatoro6474
UCGzXwyCzMzGmjmCbH3Hg01Q,UCYwpX26TrCxq8TvbKGRYLXA,1,@FidelZacarias-ph7dy,@beneficioelcaminovillacana8540
UCGzXwyCzMzGmjmCbH3Hg01Q,UCZ51R_9Q9C0c8I3pAWhtmjQ,1,@FidelZacarias-ph7dy,@belvettzapeta1251
UCGzXwyCzMzGmjmCbH3Hg01Q,UCZLG9qH0tUjNhEGFIUt0CYw,1,@FidelZacarias-ph7dy,@SoniaMarroquin-y6e
UCGzXwyCzMzGmjmCbH3Hg01Q,UCcfdg8crmMJwEuLUsAhV7yg,1,@FidelZacarias-ph7dy,@RolandoRaguay
UCGzXwyCzMzGmjmCbH3Hg01Q,UCfM3nrxtTQMY5jFx1v1J4Gg,1,@FidelZacarias-ph7dy,@edgarroldan5539
UCGzXwyCzMzGmjmCbH3Hg01Q,UCgvw7xIdGFupzpt1Y_BFkEA,1,@FidelZacarias-ph7dy,@fredygarcia9151
UCGzXwyCzMzGmjmCbH3Hg01Q,UCh5ESQvtzyHDhCA7XyekCFA,1,@FidelZacarias-ph7dy,@andyB5280
UCGzXwyCzMzGmjmCbH3Hg01Q,UChZknRmJkeGeQk0-mQuhDOg,1,@FidelZacarias-ph7dy,@OdilioRodríguez-c5w
UCGzXwyCzMzGmjmCbH3Hg01Q,UChep9kVb5gQmpodEEl10Xlg,1,@FidelZacarias-ph7dy,@carlosaguilar-kz7ml
UCGzXwyCzMzGmjmCbH3Hg01Q,UChgkn5Jt5tWKYMoEOuCjz3Q,1,@FidelZacarias-ph7dy,@pablochitay46
UCGzXwyCzMzGmjmCbH3Hg01Q,UChs3tU2BcKOT0CezykvAsGw,1,@FidelZacarias-ph7dy,@byronpontaza
UCGzXwyCzMzGmjmCbH3Hg01Q,UCi1b_TRQfgO1Z9O2gNGGWNA,1,@FidelZacarias-ph7dy,@davidisraelesquitsaquil
UCGzXwyCzMzGmjmCbH3Hg01Q,UCiGRBf2RNF0WRKhRVT7zFoA,1,@FidelZacarias-ph7dy,@edwinavila4876
UCGzXwyCzMzGmjmCbH3Hg01Q,UCiMythXHsw7eQEMykCdmMUA,1,@FidelZacarias-ph7dy,@JavierBecerra-h6x
UCGzXwyCzMzGmjmCbH3Hg01Q,UCipetjeiWj4CZB6EbyYziZg,1,@FidelZacarias-ph7dy,@OseasSamayoa-ol5rz
UCGzXwyCzMzGmjmCbH3Hg01Q,UCj-LL25XJnjxepPKCc3NGog,1,@FidelZacarias-ph7dy,@anaaguirre8985
UCGzXwyCzMzGmjmCbH3Hg01Q,UCjSKM9j0Q7HLDr1hD6D-TUw,1,@FidelZacarias-ph7dy,@josehidalgo4875
UCGzXwyCzMzGmjmCbH3Hg01Q,UCjmPuazZJzscrwvk0QR9RVw,1,@FidelZacarias-ph7dy,@mynorrodas8591
UCGzXwyCzMzGmjmCbH3Hg01Q,UCkd9W714-947dEE6ZOEBATA,1,@FidelZacarias-ph7dy,@ARGELIATELON
UCGzXwyCzMzGmjmCbH3Hg01Q,UCl0ekS9Tt0jJGtOEM18S63w,1,@FidelZacarias-ph7dy,@monkchapin
UCGzXwyCzMzGmjmCbH3Hg01Q,UCljDbleJul41G1TzOjOZAVA,1,@FidelZacarias-ph7dy,@hectorcarranza3777
UCGzXwyCzMzGmjmCbH3Hg01Q,UCmjppp6ujz3SAnULvP3sZMw,1,@FidelZacarias-ph7dy,@marcomendez7509
UCGzXwyCzMzGmjmCbH3Hg01Q,UCmvOgzmmXbjUthHy-WJ52hQ,1,@FidelZacarias-ph7dy,@mariorodas593
UCGzXwyCzMzGmjmCbH3Hg01Q,UCp4iw5_5SmV9VGTFSNVGOmQ,1,@FidelZacarias-ph7dy,@CARLOSSTREMS51
UCGzXwyCzMzGmjmCbH3Hg01Q,UCpIdtvoFHVLGASGB5ySqIEA,1,@FidelZacarias-ph7dy,@VidalVillatoro-p4w
UCGzXwyCzMzGmjmCbH3Hg01Q,UCpl8rF8uv_8uui-QRvuJaRA,1,@FidelZacarias-ph7dy,@SergioGarcia-z9c
UCGzXwyCzMzGmjmCbH3Hg01Q,UCplrIQtaPj6au60_f2-mOYw,1,@FidelZacarias-ph7dy,@romeolopezherrarte799
UCGzXwyCzMzGmjmCbH3Hg01Q,UCpsKOkt5iWTbenzeuq7dsmQ,1,@FidelZacarias-ph7dy,@inge_vergueta
UCGzXwyCzMzGmjmCbH3Hg01Q,UCr1emrogPKkKTs_WTtx71xg,1,@FidelZacarias-ph7dy,@domingopeneleu6457
UCGzXwyCzMzGmjmCbH3Hg01Q,UCrJn_rbo_ENAdeqneS-RmRw,1,@FidelZacarias-ph7dy,@josecarrera9623
UCGzXwyCzMzGmjmCbH3Hg01Q,UCsJJAvrVGupdmhOqgtDp8dg,1,@FidelZacarias-ph7dy,@nestorlorenzana1168
UCGzXwyCzMzGmjmCbH3Hg01Q,UCsSXdJct-nsS8DsABoEsaYA,1,@FidelZacarias-ph7dy,@IvánPérez-j4j
UCGzXwyCzMzGmjmCbH3Hg01Q,UCsUCN0Yq_UyTvKjOJLmNrnQ,1,@FidelZacarias-ph7dy,@moisesvaldez4043
UCGzXwyCzMzGmjmCbH3Hg01Q,UCsjs5Hp_r86x1xbK6FAeqaA,1,@FidelZacarias-ph7dy,@alvaroesquivel563
UCGzXwyCzMzGmjmCbH3Hg01Q,UCtNfIBnc5S5DbbQj_yxgJTw,1,@FidelZacarias-ph7dy,@JosueRamirez-ey3ih
UCGzXwyCzMzGmjmCbH3Hg01Q,UCtUR3_CAiE7fCoZHM6cMfyQ,1,@FidelZacarias-ph7dy,@mdelcid01
UCGzXwyCzMzGmjmCbH3Hg01Q,UCueV9cTyTDwgQSec1x2dYgA,1,@FidelZacarias-ph7dy,@fredydomingo7062
UCGzXwyCzMzGmjmCbH3Hg01Q,UCujPF2nBgsTD62nWE3lcpIg,1,@FidelZacarias-ph7dy,@victorarturoruanobautista7588
UCGzXwyCzMzGmjmCbH3Hg01Q,UCut6b9S98nv84cVX89PmKzA,1,@FidelZacarias-ph7dy,@yeniferaguirre4498
UCGzXwyCzMzGmjmCbH3Hg01Q,UCvApqeCbLod-wejtT4CcVuA,1,@FidelZacarias-ph7dy,@davidgaher9550
UCGzXwyCzMzGmjmCbH3Hg01Q,UCwO2SXr0ggzwg6QWWrr01nQ,1,@FidelZacarias-ph7dy,@ricardofigueroa5720
UCGzXwyCzMzGmjmCbH3Hg01Q,UCwW2OFy95P7ZBkOPxWkpvYg,1,@FidelZacarias-ph7dy,@TeresaLucero-b5o
UCGzXwyCzMzGmjmCbH3Hg01Q,UCwha8rxULYMVtNwZWeSkE1A,1,@FidelZacarias-ph7dy,@mariasamo8637
UCGzXwyCzMzGmjmCbH3Hg01Q,UCxff05WuyvwELNITi7bj7UA,1,@FidelZacarias-ph7dy,@markoherrera
UCGzXwyCzMzGmjmCbH3Hg01Q,UCySYJU5kUh7X8gVt9la2ISA,1,@FidelZacarias-ph7dy,@dantesarti4351
UCGzXwyCzMzGmjmCbH3Hg01Q,UCylqlpsh8ENNM1LqgQ1KbxA,1,@FidelZacarias-ph7dy,@Jel.Awesh.M
UCGzXwyCzMzGmjmCbH3Hg01Q,UCz3gu01bmjNv0DpRq-K3XYg,1,@FidelZacarias-ph7dy,@eusebiovasquez4385
UCGzXwyCzMzGmjmCbH3Hg01Q,UCzSfZlOVxBSs5ObD25ywxDQ,1,@FidelZacarias-ph7dy,@GilmarMaldonado-q9m
UCGzXwyCzMzGmjmCbH3Hg01Q,UCzoL2l5H5eVlorWGH8AZfAg,1,@FidelZacarias-ph7dy,@jor77cas
UCHGd14aYuZZShLD73dkk6mg,UCQIdKuZ-OzuFqy0KjGrgesg,1,@noemiherrera3152,@lyacausa
UCHGd14aYuZZShLD73dkk6mg,UCWWkebAekppaL5b5CNlppuw,1,@noemiherrera3152,@ninettmartinez425
UCHMQ_lDhibZ-XZ_3fo6oxwg,UCIUhbSCy3-SGRe5UtqM4fzQ,1,@crislexrubi4387,@jeanmorales1677
UCHMQ_lDhibZ-XZ_3fo6oxwg,UCIp19h9igblA2YKfSLPDAug,1,@crislexrubi4387,@JoseReyes-rn6sh
UCHMQ_lDhibZ-XZ_3fo6oxwg,UCRcSR3Lvn9DZAmJpVPANfZQ,1,@crislexrubi4387,@WalksandSuch
UCHMQ_lDhibZ-XZ_3fo6oxwg,UCRznz9-N3Qc1w-qNdLSIY2Q,1,@crislexrubi4387,@jimmygomez724
UCHMQ_lDhibZ-XZ_3fo6oxwg,UCSTAUWVc1_82DHYeqOsqEFA,1,@crislexrubi4387,@TheAlexX_C
UCHMQ_lDhibZ-XZ_3fo6oxwg,UCXmrpc6Li0spcKxtS0Q_ptg,1,@crislexrubi4387,@melvinperez6710
UCHMQ_lDhibZ-XZ_3fo6oxwg,UCY7Hq7F9Lnucf-Yr6JkHZNw,1,@crislexrubi4387,@maynorcalel1442
UCHMQ_lDhibZ-XZ_3fo6oxwg,UC_ljZ1hZXR9pzexFz87P5ZA,1,@crislexrubi4387,@ChRiStOpHeR7969
UCHMQ_lDhibZ-XZ_3fo6oxwg,UCaT6M2zp7X6r6Whd8Vv3kHQ,1,@crislexrubi4387,@alexarcos8349
UCHMQ_lDhibZ-XZ_3fo6oxwg,UCgLrWFdYitoP-b7-PxtUr-w,1,@crislexrubi4387,@zetag
UCHMQ_lDhibZ-XZ_3fo6oxwg,UCgLurCo-e019HGODcjXHWCw,1,@crislexrubi4387,@perritojuega1
UCHMQ_lDhibZ-XZ_3fo6oxwg,UCi-vPdnpQreC7BkFs40mJGA,1,@crislexrubi4387,@bryansicasales4280
UCHMQ_lDhibZ-XZ_3fo6oxwg,UCqilIa8r7iek5sGYg_q6ofA,1,@crislexrubi4387,@rolandojuchuna484
UCHMQ_lDhibZ-XZ_3fo6oxwg,UCs_5qeqdku9tGAq22y3OcuQ,1,@crislexrubi4387,@alexandrevasquez4135
UCHMQ_lDhibZ-XZ_3fo6oxwg,UCtMBF_1O2jY2INlb_luuB_A,1,@crislexrubi4387,@mynorgudiel8646
UCHMQ_lDhibZ-XZ_3fo6oxwg,UCwUAv3_LpWVtTIi7lkmTL7A,1,@crislexrubi4387,@kingr4706
UCHMQ_lDhibZ-XZ_3fo6oxwg,UCxKR3RA8T-kxMgq_2WWhRcQ,1,@crislexrubi4387,@elenaluarca9377
UCHMQ_lDhibZ-XZ_3fo6oxwg,UCyzf29IYjNw67gGIfsjgtxA,1,@crislexrubi4387,@carlosoliva9249
UCHTGCgY2l-DQJIvlA_cpa_Q,UCHhHUjaMAZ8SiXdCUCj9DkQ,1,@virgiliogarcia3039,@fredymendez1786
UCHTGCgY2l-DQJIvlA_cpa_Q,UCKDR0f2fu2UzWL8mBv5-BHw,1,@virgiliogarcia3039,@mireyamorales6595
UCHTGCgY2l-DQJIvlA_cpa_Q,UCL13XhnRzbGokEkCkEOb0-g,1,@virgiliogarcia3039,@raquelprado3643
UCHTGCgY2l-DQJIvlA_cpa_Q,UCL1MT278vSaQ83ZDkVWn1gw,1,@virgiliogarcia3039,@elmorodriguez6978
UCHTGCgY2l-DQJIvlA_cpa_Q,UCLFdHr9BEbXHkoJopbEPLZw,1,@virgiliogarcia3039,@kanterra4584
UCHTGCgY2l-DQJIvlA_cpa_Q,UCLggDc_a5HriXv7I1h02sOA,1,@virgiliogarcia3039,@guillermogonzalez5153
UCHTGCgY2l-DQJIvlA_cpa_Q,UCN2N_wYOw6fMwCeSzdXLPIw,1,@virgiliogarcia3039,@danielantoniogonzalezflore4901
UCHTGCgY2l-DQJIvlA_cpa_Q,UCN6qbfPSzFtjhqUDZ3Cv3CQ,1,@virgiliogarcia3039,@carlosmedranovelasquez6380
UCHTGCgY2l-DQJIvlA_cpa_Q,UCNBnKqWf4d-rS4HwJRQljmQ,1,@virgiliogarcia3039,@LE_A22
UCHTGCgY2l-DQJIvlA_cpa_Q,UCNIeXbV_mEwpa412h1aqUWw,1,@virgiliogarcia3039,@juandeleon9060
UCHTGCgY2l-DQJIvlA_cpa_Q,UCNkcuy42zEwddwEcOd_HpnA,1,@virgiliogarcia3039,@vanigomez492
UCHTGCgY2l-DQJIvlA_cpa_Q,UCOLGv5Pf6BF2wFcwUzgcvHg,1,@virgiliogarcia3039,@welfrealdana5559
UCHTGCgY2l-DQJIvlA_cpa_Q,UCOS8ViEkccrTZx2w2ccxotA,1,@virgiliogarcia3039,@OscarHernandez-q8y
UCHTGCgY2l-DQJIvlA_cpa_Q,UCOh6DaZC_x9HASnlRylEMfw,1,@virgiliogarcia3039,@AndresMedina-v1s
UCHTGCgY2l-DQJIvlA_cpa_Q,UCPZueDLrCS4BmTBRMA4q0fA,1,@virgiliogarcia3039,@kevinochoa3695
UCHTGCgY2l-DQJIvlA_cpa_Q,UCQ_-LPP8JAbfkc-b1Q6NvWw,1,@virgiliogarcia3039,@MegaKristenstewart
UCHTGCgY2l-DQJIvlA_cpa_Q,UCQgYjVngJRfPHDLGB5X6ZjA,1,@virgiliogarcia3039,@oscarnavas9996
UCHTGCgY2l-DQJIvlA_cpa_Q,UCQqetiwzzmRNTM5OWuXarGQ,1,@virgiliogarcia3039,@isaiaslopezvelasquez1539
UCHTGCgY2l-DQJIvlA_cpa_Q,UCQtICyzWmhC5woCtbNgaSmg,1,@virgiliogarcia3039,@nestormendez6216
UCHTGCgY2l-DQJIvlA_cpa_Q,UCQtSFINs1h6GHkpg9o5kMvg,1,@virgiliogarcia3039,@MacarioMartinezruiz
UCHTGCgY2l-DQJIvlA_cpa_Q,UCRETAiYdh2dL5ZxB0_N1zDA,1,@virgiliogarcia3039,@Joseroland21
UCHTGCgY2l-DQJIvlA_cpa_Q,UCRelkU8JiZBytTzebJxaa-w,1,@virgiliogarcia3039,@danyraymundo2942
UCHTGCgY2l-DQJIvlA_cpa_Q,UCRlCV9zSn7avAWh-9_XFWqQ,1,@virgiliogarcia3039,@ronyarana8849
UCHTGCgY2l-DQJIvlA_cpa_Q,UCSou6a2OuYGSvPjm5psquyA,1,@virgiliogarcia3039,@FranciscoRivera-sf7ne
UCHTGCgY2l-DQJIvlA_cpa_Q,UCTD6q1nyIe3Y7HhqjaMj72w,1,@virgiliogarcia3039,@JuanChang-r6k
UCHTGCgY2l-DQJIvlA_cpa_Q,UCTP3O0rMnc8z8v8jaDQwL0w,1,@virgiliogarcia3039,@RobertoZelaya-x1v
UCHTGCgY2l-DQJIvlA_cpa_Q,UCThW2XNsAaBKme5PUt7n-Zg,1,@virgiliogarcia3039,@thelmamoran8565
UCHTGCgY2l-DQJIvlA_cpa_Q,UCTwSut16JyAg3mX6LVUNGqA,1,@virgiliogarcia3039,@SuperVictor2005
UCHTGCgY2l-DQJIvlA_cpa_Q,UCTylKrsqkrBKIqubMu_5N0Q,1,@virgiliogarcia3039,@edwingeovanymarroquinmarro6684
UCHTGCgY2l-DQJIvlA_cpa_Q,UCUIIIPTVDVHAXqhC_5V6lPA,1,@virgiliogarcia3039,@gorrarota
UCHTGCgY2l-DQJIvlA_cpa_Q,UCV0iizTBoOfdAFX_thfI9BA,1,@virgiliogarcia3039,@BenjaminLarios-jd8nk
UCHTGCgY2l-DQJIvlA_cpa_Q,UCVQf0tzL7xRzFJsABVVULpg,1,@virgiliogarcia3039,@DennisseLopetegi
UCHTGCgY2l-DQJIvlA_cpa_Q,UCWIZUtKJ636y-4TYrNvok0g,1,@virgiliogarcia3039,@cesarandreas7824
UCHTGCgY2l-DQJIvlA_cpa_Q,UCXSkL3ejZ8qWYyF_M7s_QKA,1,@virgiliogarcia3039,@JacintaTzoy
UCHTGCgY2l-DQJIvlA_cpa_Q,UCXXh7yg5KUFIWylTiKVEFKQ,1,@virgiliogarcia3039,@MrDuenderojo
UCHTGCgY2l-DQJIvlA_cpa_Q,UCXgr7vXlRrsaskPdo097kGA,1,@virgiliogarcia3039,@Rogergh-nw4oj
UCHTGCgY2l-DQJIvlA_cpa_Q,UCXr8_5WtGeipe4haOoQDgyQ,1,@virgiliogarcia3039,@amyherrera7352
UCHTGCgY2l-DQJIvlA_cpa_Q,UCYN4wSQ1Sx4_LurxLlW7MPg,1,@virgiliogarcia3039,@belarminavillatoro6474
UCHTGCgY2l-DQJIvlA_cpa_Q,UCYwpX26TrCxq8TvbKGRYLXA,1,@virgiliogarcia3039,@beneficioelcaminovillacana8540
UCHTGCgY2l-DQJIvlA_cpa_Q,UCZ51R_9Q9C0c8I3pAWhtmjQ,1,@virgiliogarcia3039,@belvettzapeta1251
UCHTGCgY2l-DQJIvlA_cpa_Q,UCZLG9qH0tUjNhEGFIUt0CYw,1,@virgiliogarcia3039,@SoniaMarroquin-y6e
UCHTGCgY2l-DQJIvlA_cpa_Q,UCbYoNG5J3Au5BqtbXogfEFw,1,@virgiliogarcia3039,@Luis-gn3fj
UCHTGCgY2l-DQJIvlA_cpa_Q,UCcfdg8crmMJwEuLUsAhV7yg,1,@virgiliogarcia3039,@RolandoRaguay
UCHTGCgY2l-DQJIvlA_cpa_Q,UCf5lnNZF7Qrtli9v4N_23WQ,1,@virgiliogarcia3039,@CarlosCortez-v5r
UCHTGCgY2l-DQJIvlA_cpa_Q,UCfM3nrxtTQMY5jFx1v1J4Gg,1,@virgiliogarcia3039,@edgarroldan5539
UCHTGCgY2l-DQJIvlA_cpa_Q,UCg3eIfd7BrsLEqS0BLkftHA,1,@virgiliogarcia3039,@ErmePérez-q4s
UCHTGCgY2l-DQJIvlA_cpa_Q,UCgQJgI9vu1FI2dnC9mrFthw,1,@virgiliogarcia3039,@srms70
UCHTGCgY2l-DQJIvlA_cpa_Q,UCgvw7xIdGFupzpt1Y_BFkEA,1,@virgiliogarcia3039,@fredygarcia9151
UCHTGCgY2l-DQJIvlA_cpa_Q,UCh5ESQvtzyHDhCA7XyekCFA,1,@virgiliogarcia3039,@andyB5280
UCHTGCgY2l-DQJIvlA_cpa_Q,UChZknRmJkeGeQk0-mQuhDOg,1,@virgiliogarcia3039,@OdilioRodríguez-c5w
UCHTGCgY2l-DQJIvlA_cpa_Q,UChep9kVb5gQmpodEEl10Xlg,1,@virgiliogarcia3039,@carlosaguilar-kz7ml
UCHTGCgY2l-DQJIvlA_cpa_Q,UChgkn5Jt5tWKYMoEOuCjz3Q,1,@virgiliogarcia3039,@pablochitay46
UCHTGCgY2l-DQJIvlA_cpa_Q,UChs3tU2BcKOT0CezykvAsGw,1,@virgiliogarcia3039,@byronpontaza
UCHTGCgY2l-DQJIvlA_cpa_Q,UCi1b_TRQfgO1Z9O2gNGGWNA,1,@virgiliogarcia3039,@davidisraelesquitsaquil
UCHTGCgY2l-DQJIvlA_cpa_Q,UCiGRBf2RNF0WRKhRVT7zFoA,1,@virgiliogarcia3039,@edwinavila4876
UCHTGCgY2l-DQJIvlA_cpa_Q,UCiMythXHsw7eQEMykCdmMUA,1,@virgiliogarcia3039,@JavierBecerra-h6x
UCHTGCgY2l-DQJIvlA_cpa_Q,UCipetjeiWj4CZB6EbyYziZg,1,@virgiliogarcia3039,@OseasSamayoa-ol5rz
UCHTGCgY2l-DQJIvlA_cpa_Q,UCj-LL25XJnjxepPKCc3NGog,1,@virgiliogarcia3039,@anaaguirre8985
UCHTGCgY2l-DQJIvlA_cpa_Q,UCjSKM9j0Q7HLDr1hD6D-TUw,1,@virgiliogarcia3039,@josehidalgo4875
UCHTGCgY2l-DQJIvlA_cpa_Q,UCjmPuazZJzscrwvk0QR9RVw,1,@virgiliogarcia3039,@mynorrodas8591
UCHTGCgY2l-DQJIvlA_cpa_Q,UCkd9W714-947dEE6ZOEBATA,1,@virgiliogarcia3039,@ARGELIATELON
UCHTGCgY2l-DQJIvlA_cpa_Q,UCl0ekS9Tt0jJGtOEM18S63w,1,@virgiliogarcia3039,@monkchapin
UCHTGCgY2l-DQJIvlA_cpa_Q,UCljDbleJul41G1TzOjOZAVA,1,@virgiliogarcia3039,@hectorcarranza3777
UCHTGCgY2l-DQJIvlA_cpa_Q,UClsrFGJKWPxxw7MiaEdKLXw,1,@virgiliogarcia3039,@ericapaz5406
UCHTGCgY2l-DQJIvlA_cpa_Q,UCmjppp6ujz3SAnULvP3sZMw,1,@virgiliogarcia3039,@marcomendez7509
UCHTGCgY2l-DQJIvlA_cpa_Q,UCmvOgzmmXbjUthHy-WJ52hQ,1,@virgiliogarcia3039,@mariorodas593
UCHTGCgY2l-DQJIvlA_cpa_Q,UCp4iw5_5SmV9VGTFSNVGOmQ,1,@virgiliogarcia3039,@CARLOSSTREMS51
UCHTGCgY2l-DQJIvlA_cpa_Q,UCpIdtvoFHVLGASGB5ySqIEA,1,@virgiliogarcia3039,@VidalVillatoro-p4w
UCHTGCgY2l-DQJIvlA_cpa_Q,UCpl8rF8uv_8uui-QRvuJaRA,1,@virgiliogarcia3039,@SergioGarcia-z9c
UCHTGCgY2l-DQJIvlA_cpa_Q,UCplrIQtaPj6au60_f2-mOYw,1,@virgiliogarcia3039,@romeolopezherrarte799
UCHTGCgY2l-DQJIvlA_cpa_Q,UCpsKOkt5iWTbenzeuq7dsmQ,1,@virgiliogarcia3039,@inge_vergueta
UCHTGCgY2l-DQJIvlA_cpa_Q,UCr1emrogPKkKTs_WTtx71xg,1,@virgiliogarcia3039,@domingopeneleu6457
UCHTGCgY2l-DQJIvlA_cpa_Q,UCrJn_rbo_ENAdeqneS-RmRw,1,@virgiliogarcia3039,@josecarrera9623
UCHTGCgY2l-DQJIvlA_cpa_Q,UCsJJAvrVGupdmhOqgtDp8dg,1,@virgiliogarcia3039,@nestorlorenzana1168
UCHTGCgY2l-DQJIvlA_cpa_Q,UCsSXdJct-nsS8DsABoEsaYA,1,@virgiliogarcia3039,@IvánPérez-j4j
UCHTGCgY2l-DQJIvlA_cpa_Q,UCsUCN0Yq_UyTvKjOJLmNrnQ,1,@virgiliogarcia3039,@moisesvaldez4043
UCHTGCgY2l-DQJIvlA_cpa_Q,UCsjs5Hp_r86x1xbK6FAeqaA,1,@virgiliogarcia3039,@alvaroesquivel563
UCHTGCgY2l-DQJIvlA_cpa_Q,UCtNfIBnc5S5DbbQj_yxgJTw,1,@virgiliogarcia3039,@JosueRamirez-ey3ih
UCHTGCgY2l-DQJIvlA_cpa_Q,UCtNyHmRZtvGF2hSvI2dUBWw,1,@virgiliogarcia3039,@aureliomaldonado4793
UCHTGCgY2l-DQJIvlA_cpa_Q,UCtUR3_CAiE7fCoZHM6cMfyQ,1,@virgiliogarcia3039,@mdelcid01
UCHTGCgY2l-DQJIvlA_cpa_Q,UCuP4UK33HKtJE_S39ksmaTw,1,@virgiliogarcia3039,@herbertaguilar1387
UCHTGCgY2l-DQJIvlA_cpa_Q,UCueV9cTyTDwgQSec1x2dYgA,1,@virgiliogarcia3039,@fredydomingo7062
UCHTGCgY2l-DQJIvlA_cpa_Q,UCujPF2nBgsTD62nWE3lcpIg,1,@virgiliogarcia3039,@victorarturoruanobautista7588
UCHTGCgY2l-DQJIvlA_cpa_Q,UCusjriFsDHEc2AOjqk-p5ig,1,@virgiliogarcia3039,@pablobarrios7931
UCHTGCgY2l-DQJIvlA_cpa_Q,UCut6b9S98nv84cVX89PmKzA,1,@virgiliogarcia3039,@yeniferaguirre4498
UCHTGCgY2l-DQJIvlA_cpa_Q,UCvApqeCbLod-wejtT4CcVuA,1,@virgiliogarcia3039,@davidgaher9550
UCHTGCgY2l-DQJIvlA_cpa_Q,UCwO2SXr0ggzwg6QWWrr01nQ,1,@virgiliogarcia3039,@ricardofigueroa5720
UCHTGCgY2l-DQJIvlA_cpa_Q,UCwW2OFy95P7ZBkOPxWkpvYg,1,@virgiliogarcia3039,@TeresaLucero-b5o
UCHTGCgY2l-DQJIvlA_cpa_Q,UCwha8rxULYMVtNwZWeSkE1A,1,@virgiliogarcia3039,@mariasamo8637
UCHTGCgY2l-DQJIvlA_cpa_Q,UCxff05WuyvwELNITi7bj7UA,1,@virgiliogarcia3039,@markoherrera
UCHTGCgY2l-DQJIvlA_cpa_Q,UCySYJU5kUh7X8gVt9la2ISA,1,@virgiliogarcia3039,@dantesarti4351
UCHTGCgY2l-DQJIvlA_cpa_Q,UCylqlpsh8ENNM1LqgQ1KbxA,1,@virgiliogarcia3039,@Jel.Awesh.M
UCHTGCgY2l-DQJIvlA_cpa_Q,UCz3gu01bmjNv0DpRq-K3XYg,1,@virgiliogarcia3039,@eusebiovasquez4385
UCHTGCgY2l-DQJIvlA_cpa_Q,UCzSfZlOVxBSs5ObD25ywxDQ,1,@virgiliogarcia3039,@GilmarMaldonado-q9m
UCHTGCgY2l-DQJIvlA_cpa_Q,UCzZ6dDCEsLMXbc5pCFXIprw,1,@virgiliogarcia3039,@josegil3813
UCHTGCgY2l-DQJIvlA_cpa_Q,UCzoL2l5H5eVlorWGH8AZfAg,1,@virgiliogarcia3039,@jor77cas
UCHbwIx9pmQuf7i-4_xO2EpA,UCNpt5CQlTzNjlAKY6CJtClQ,1,@caminoseternos752,@eustaquiogomez9975
UCHbwIx9pmQuf7i-4_xO2EpA,UCOcUI5XkTYNMSFhZNMIPpGg,1,@caminoseternos752,@hendersonlopez3864
UCHbwIx9pmQuf7i-4_xO2EpA,UCQqlPPUGqAfWjd-FSh_qn7Q,1,@caminoseternos752,@estuardoargueta137
UCHbwIx9pmQuf7i-4_xO2EpA,UCQyOePccUP-fIJYzchAgZYw,1,@caminoseternos752,@aguilar4254
UCHbwIx9pmQuf7i-4_xO2EpA,UCRAquv8el-tQ30bN7MlmySQ,1,@caminoseternos752,@iamjimalesssa
UCHbwIx9pmQuf7i-4_xO2EpA,UCRvPToDkkumha7WJAfCDk1A,1,@caminoseternos752,@ligiaguerra3057
UCHbwIx9pmQuf7i-4_xO2EpA,UCUoYsrx1oZnCZ0usbBJn4fA,1,@caminoseternos752,@AnaDiaz-re9sq
UCHbwIx9pmQuf7i-4_xO2EpA,UCV0lM03g5fg5pbPj97-sAtA,1,@caminoseternos752,@genarodelgado3929
UCHbwIx9pmQuf7i-4_xO2EpA,UCW-JC6lebVmf2P1dmY_L94g,1,@caminoseternos752,@dinoraoroxon5771
UCHbwIx9pmQuf7i-4_xO2EpA,UCW80DaMjQlEUibC98Cot-Dg,1,@caminoseternos752,@rogeraldana4289
UCHbwIx9pmQuf7i-4_xO2EpA,UCWoAVGVqCn4xtINCMOTM4jg,1,@caminoseternos752,@OmarMartinez-vv8re
UCHbwIx9pmQuf7i-4_xO2EpA,UCZeIIQrGAedW8tCbKWmGY-A,1,@caminoseternos752,@mariocordon8873
UCHbwIx9pmQuf7i-4_xO2EpA,UC_LYoGs5C3mbZKZuKuqYCvw,1,@caminoseternos752,@javiercifuentesarchila6041
UCHbwIx9pmQuf7i-4_xO2EpA,UCaKAjTW9MVub_clgr4DRYjQ,1,@caminoseternos752,@josecastillo4390
UCHbwIx9pmQuf7i-4_xO2EpA,UCdFlugHJJa4l3YqWuNRmvXw,1,@caminoseternos752,@MarcosCarillo-b1r
UCHbwIx9pmQuf7i-4_xO2EpA,UCe8JZoYkX5oKUZyivHYdXhw,1,@caminoseternos752,@FernandoGarcia-jg1fj
UCHbwIx9pmQuf7i-4_xO2EpA,UCeDNEtI8_a42bZ47wJiJMwQ,1,@caminoseternos752,@EdgarcalderonCalderong
UCHbwIx9pmQuf7i-4_xO2EpA,UCgJNFj5dnxXpcMvmuhZDPxA,1,@caminoseternos752,@NataliaRodriguez-rx5mr
UCHbwIx9pmQuf7i-4_xO2EpA,UCgQw_Sbq3ugruDUKsq1e0-A,1,@caminoseternos752,@marlenareano-h4t
UCHbwIx9pmQuf7i-4_xO2EpA,UCiC-Jn7wdgyQV4_Urk0DkWQ,1,@caminoseternos752,@pedroros6358
UCHbwIx9pmQuf7i-4_xO2EpA,UCkVtmkK07b2zaVVNssX4lOg,1,@caminoseternos752,@HectorElias-u2l
UCHbwIx9pmQuf7i-4_xO2EpA,UCkbsS_3D-pvg1iHOld9uvIg,1,@caminoseternos752,@gonzalo6075
UCHbwIx9pmQuf7i-4_xO2EpA,UClhMWQ7XKWywYvbRnuf8QsA,1,@caminoseternos752,@EcPerez-zz9oh
UCHbwIx9pmQuf7i-4_xO2EpA,UClqA491Xa5fQcXcJJa-vTWw,1,@caminoseternos752,@AndresLemus-k2d
UCHbwIx9pmQuf7i-4_xO2EpA,UColMq7LmaoY3MT6aIDGrGvA,1,@caminoseternos752,@quijotachapina1
UCHbwIx9pmQuf7i-4_xO2EpA,UCpe5jW3MIqkgTJ-PgkzvM6Q,1,@caminoseternos752,@carloslam5333
UCHbwIx9pmQuf7i-4_xO2EpA,UCpsKOkt5iWTbenzeuq7dsmQ,1,@caminoseternos752,@inge_vergueta
UCHbwIx9pmQuf7i-4_xO2EpA,UCqCrvuoJpC-aVb0f4logQRQ,1,@caminoseternos752,@Lyrics_GT
UCHbwIx9pmQuf7i-4_xO2EpA,UCsGoJEvb-cFPZ2rWoJcXzEQ,1,@caminoseternos752,@sergiohinestroza9709
UCHbwIx9pmQuf7i-4_xO2EpA,UCu8_3-Wg-YzNyvHYQDEscfw,1,@caminoseternos752,@RolandoCastroPérez-d7y
UCHbwIx9pmQuf7i-4_xO2EpA,UCuXmOjxC-htcprLgeVXz6Tg,1,@caminoseternos752,@jorgeaguilar-bq3uj
UCHbwIx9pmQuf7i-4_xO2EpA,UCwgCc9Jd_gG-uLE_SY-FfPg,1,@caminoseternos752,@armindapenados2841
UCHbwIx9pmQuf7i-4_xO2EpA,UCwjUvRseNtJoItylIyIez7Q,1,@caminoseternos752,@Silviazea
UCHbwIx9pmQuf7i-4_xO2EpA,UCylqlpsh8ENNM1LqgQ1KbxA,1,@caminoseternos752,@Jel.Awesh.M
UCHhHUjaMAZ8SiXdCUCj9DkQ,UCKDR0f2fu2UzWL8mBv5-BHw,1,@fredymendez1786,@mireyamorales6595
UCHhHUjaMAZ8SiXdCUCj9DkQ,UCL13XhnRzbGokEkCkEOb0-g,1,@fredymendez1786,@raquelprado3643
UCHhHUjaMAZ8SiXdCUCj9DkQ,UCL1MT278vSaQ83ZDkVWn1gw,1,@fredymendez1786,@elmorodriguez6978
UCHhHUjaMAZ8SiXdCUCj9DkQ,UCLFdHr9BEbXHkoJopbEPLZw,1,@fredymendez1786,@kanterra4584
UCHhHUjaMAZ8SiXdCUCj9DkQ,UCLggDc_a5HriXv7I1h02sOA,1,@fredymendez1786,@guillermogonzalez5153
UCHhHUjaMAZ8SiXdCUCj9DkQ,UCN6qbfPSzFtjhqUDZ3Cv3CQ,1,@fredymendez1786,@carlosmedranovelasquez6380
UCHhHUjaMAZ8SiXdCUCj9DkQ,UCNBnKqWf4d-rS4HwJRQljmQ,1,@fredymendez1786,@LE_A22
UCHhHUjaMAZ8SiXdCUCj9DkQ,UCNkcuy42zEwddwEcOd_HpnA,1,@fredymendez1786,@vanigomez492
UCHhHUjaMAZ8SiXdCUCj9DkQ,UCOLGv5Pf6BF2wFcwUzgcvHg,1,@fredymendez1786,@welfrealdana5559
UCHhHUjaMAZ8SiXdCUCj9DkQ,UCOS8ViEkccrTZx2w2ccxotA,1,@fredymendez1786,@OscarHernandez-q8y
UCHhHUjaMAZ8SiXdCUCj9DkQ,UCOh6DaZC_x9HASnlRylEMfw,1,@fredymendez1786,@AndresMedina-v1s
UCHhHUjaMAZ8SiXdCUCj9DkQ,UCQ_-LPP8JAbfkc-b1Q6NvWw,1,@fredymendez1786,@MegaKristenstewart
UCHhHUjaMAZ8SiXdCUCj9DkQ,UCQgYjVngJRfPHDLGB5X6ZjA,1,@fredymendez1786,@oscarnavas9996
UCHhHUjaMAZ8SiXdCUCj9DkQ,UCQqetiwzzmRNTM5OWuXarGQ,1,@fredymendez1786,@isaiaslopezvelasquez1539
UCHhHUjaMAZ8SiXdCUCj9DkQ,UCQtICyzWmhC5woCtbNgaSmg,1,@fredymendez1786,@nestormendez6216
UCHhHUjaMAZ8SiXdCUCj9DkQ,UCQtSFINs1h6GHkpg9o5kMvg,1,@fredymendez1786,@MacarioMartinezruiz
UCHhHUjaMAZ8SiXdCUCj9DkQ,UCRETAiYdh2dL5ZxB0_N1zDA,1,@fredymendez1786,@Joseroland21
UCHhHUjaMAZ8SiXdCUCj9DkQ,UCRelkU8JiZBytTzebJxaa-w,1,@fredymendez1786,@danyraymundo2942
UCHhHUjaMAZ8SiXdCUCj9DkQ,UCRlCV9zSn7avAWh-9_XFWqQ,1,@fredymendez1786,@ronyarana8849
UCHhHUjaMAZ8SiXdCUCj9DkQ,UCSou6a2OuYGSvPjm5psquyA,1,@fredymendez1786,@FranciscoRivera-sf7ne
UCHhHUjaMAZ8SiXdCUCj9DkQ,UCTD6q1nyIe3Y7HhqjaMj72w,1,@fredymendez1786,@JuanChang-r6k
UCHhHUjaMAZ8SiXdCUCj9DkQ,UCTP3O0rMnc8z8v8jaDQwL0w,1,@fredymendez1786,@RobertoZelaya-x1v
UCHhHUjaMAZ8SiXdCUCj9DkQ,UCThW2XNsAaBKme5PUt7n-Zg,1,@fredymendez1786,@thelmamoran8565
UCHhHUjaMAZ8SiXdCUCj9DkQ,UCTwSut16JyAg3mX6LVUNGqA,1,@fredymendez1786,@SuperVictor2005
UCHhHUjaMAZ8SiXdCUCj9DkQ,UCTylKrsqkrBKIqubMu_5N0Q,1,@fredymendez1786,@edwingeovanymarroquinmarro6684
UCHhHUjaMAZ8SiXdCUCj9DkQ,UCUIIIPTVDVHAXqhC_5V6lPA,1,@fredymendez1786,@gorrarota
UCHhHUjaMAZ8SiXdCUCj9DkQ,UCV0iizTBoOfdAFX_thfI9BA,1,@fredymendez1786,@BenjaminLarios-jd8nk
UCHhHUjaMAZ8SiXdCUCj9DkQ,UCWIZUtKJ636y-4TYrNvok0g,1,@fredymendez1786,@cesarandreas7824
UCHhHUjaMAZ8SiXdCUCj9DkQ,UCXSkL3ejZ8qWYyF_M7s_QKA,1,@fredymendez1786,@JacintaTzoy
UCHhHUjaMAZ8SiXdCUCj9DkQ,UCXXh7yg5KUFIWylTiKVEFKQ,1,@fredymendez1786,@MrDuenderojo
UCHhHUjaMAZ8SiXdCUCj9DkQ,UCXgr7vXlRrsaskPdo097kGA,1,@fredymendez1786,@Rogergh-nw4oj
UCHhHUjaMAZ8SiXdCUCj9DkQ,UCXr8_5WtGeipe4haOoQDgyQ,1,@fredymendez1786,@amyherrera7352
UCHhHUjaMAZ8SiXdCUCj9DkQ,UCYN4wSQ1Sx4_LurxLlW7MPg,1,@fredymendez1786,@belarminavillatoro6474
UCHhHUjaMAZ8SiXdCUCj9DkQ,UCYwpX26TrCxq8TvbKGRYLXA,1,@fredymendez1786,@beneficioelcaminovillacana8540
UCHhHUjaMAZ8SiXdCUCj9DkQ,UCZ51R_9Q9C0c8I3pAWhtmjQ,1,@fredymendez1786,@belvettzapeta1251
UCHhHUjaMAZ8SiXdCUCj9DkQ,UCZLG9qH0tUjNhEGFIUt0CYw,1,@fredymendez1786,@SoniaMarroquin-y6e
UCHhHUjaMAZ8SiXdCUCj9DkQ,UCcfdg8crmMJwEuLUsAhV7yg,1,@fredymendez1786,@RolandoRaguay
UCHhHUjaMAZ8SiXdCUCj9DkQ,UCfM3nrxtTQMY5jFx1v1J4Gg,1,@fredymendez1786,@edgarroldan5539
UCHhHUjaMAZ8SiXdCUCj9DkQ,UCgvw7xIdGFupzpt1Y_BFkEA,1,@fredymendez1786,@fredygarcia9151
UCHhHUjaMAZ8SiXdCUCj9DkQ,UCh5ESQvtzyHDhCA7XyekCFA,1,@fredymendez1786,@andyB5280
UCHhHUjaMAZ8SiXdCUCj9DkQ,UChZknRmJkeGeQk0-mQuhDOg,1,@fredymendez1786,@OdilioRodríguez-c5w
UCHhHUjaMAZ8SiXdCUCj9DkQ,UChep9kVb5gQmpodEEl10Xlg,1,@fredymendez1786,@carlosaguilar-kz7ml
UCHhHUjaMAZ8SiXdCUCj9DkQ,UChgkn5Jt5tWKYMoEOuCjz3Q,1,@fredymendez1786,@pablochitay46
UCHhHUjaMAZ8SiXdCUCj9DkQ,UChs3tU2BcKOT0CezykvAsGw,1,@fredymendez1786,@byronpontaza
UCHhHUjaMAZ8SiXdCUCj9DkQ,UCi1b_TRQfgO1Z9O2gNGGWNA,1,@fredymendez1786,@davidisraelesquitsaquil
UCHhHUjaMAZ8SiXdCUCj9DkQ,UCiGRBf2RNF0WRKhRVT7zFoA,1,@fredymendez1786,@edwinavila4876
UCHhHUjaMAZ8SiXdCUCj9DkQ,UCiMythXHsw7eQEMykCdmMUA,1,@fredymendez1786,@JavierBecerra-h6x
UCHhHUjaMAZ8SiXdCUCj9DkQ,UCipetjeiWj4CZB6EbyYziZg,1,@fredymendez1786,@OseasSamayoa-ol5rz
UCHhHUjaMAZ8SiXdCUCj9DkQ,UCj-LL25XJnjxepPKCc3NGog,1,@fredymendez1786,@anaaguirre8985
UCHhHUjaMAZ8SiXdCUCj9DkQ,UCjSKM9j0Q7HLDr1hD6D-TUw,1,@fredymendez1786,@josehidalgo4875
UCHhHUjaMAZ8SiXdCUCj9DkQ,UCjmPuazZJzscrwvk0QR9RVw,1,@fredymendez1786,@mynorrodas8591
UCHhHUjaMAZ8SiXdCUCj9DkQ,UCkd9W714-947dEE6ZOEBATA,1,@fredymendez1786,@ARGELIATELON
UCHhHUjaMAZ8SiXdCUCj9DkQ,UCl0ekS9Tt0jJGtOEM18S63w,1,@fredymendez1786,@monkchapin
UCHhHUjaMAZ8SiXdCUCj9DkQ,UCljDbleJul41G1TzOjOZAVA,1,@fredymendez1786,@hectorcarranza3777
UCHhHUjaMAZ8SiXdCUCj9DkQ,UCmjppp6ujz3SAnULvP3sZMw,1,@fredymendez1786,@marcomendez7509
UCHhHUjaMAZ8SiXdCUCj9DkQ,UCmvOgzmmXbjUthHy-WJ52hQ,1,@fredymendez1786,@mariorodas593
UCHhHUjaMAZ8SiXdCUCj9DkQ,UCp4iw5_5SmV9VGTFSNVGOmQ,1,@fredymendez1786,@CARLOSSTREMS51
UCHhHUjaMAZ8SiXdCUCj9DkQ,UCpIdtvoFHVLGASGB5ySqIEA,1,@fredymendez1786,@VidalVillatoro-p4w
UCHhHUjaMAZ8SiXdCUCj9DkQ,UCpl8rF8uv_8uui-QRvuJaRA,1,@fredymendez1786,@SergioGarcia-z9c
UCHhHUjaMAZ8SiXdCUCj9DkQ,UCplrIQtaPj6au60_f2-mOYw,1,@fredymendez1786,@romeolopezherrarte799
UCHhHUjaMAZ8SiXdCUCj9DkQ,UCpsKOkt5iWTbenzeuq7dsmQ,1,@fredymendez1786,@inge_vergueta
UCHhHUjaMAZ8SiXdCUCj9DkQ,UCr1emrogPKkKTs_WTtx71xg,1,@fredymendez1786,@domingopeneleu6457
UCHhHUjaMAZ8SiXdCUCj9DkQ,UCrJn_rbo_ENAdeqneS-RmRw,1,@fredymendez1786,@josecarrera9623
UCHhHUjaMAZ8SiXdCUCj9DkQ,UCsJJAvrVGupdmhOqgtDp8dg,1,@fredymendez1786,@nestorlorenzana1168
UCHhHUjaMAZ8SiXdCUCj9DkQ,UCsSXdJct-nsS8DsABoEsaYA,1,@fredymendez1786,@IvánPérez-j4j
UCHhHUjaMAZ8SiXdCUCj9DkQ,UCsUCN0Yq_UyTvKjOJLmNrnQ,1,@fredymendez1786,@moisesvaldez4043
UCHhHUjaMAZ8SiXdCUCj9DkQ,UCsjs5Hp_r86x1xbK6FAeqaA,1,@fredymendez1786,@alvaroesquivel563
UCHhHUjaMAZ8SiXdCUCj9DkQ,UCtNfIBnc5S5DbbQj_yxgJTw,1,@fredymendez1786,@JosueRamirez-ey3ih
UCHhHUjaMAZ8SiXdCUCj9DkQ,UCtUR3_CAiE7fCoZHM6cMfyQ,1,@fredymendez1786,@mdelcid01
UCHhHUjaMAZ8SiXdCUCj9DkQ,UCueV9cTyTDwgQSec1x2dYgA,1,@fredymendez1786,@fredydomingo7062
UCHhHUjaMAZ8SiXdCUCj9DkQ,UCujPF2nBgsTD62nWE3lcpIg,1,@fredymendez1786,@victorarturoruanobautista7588
UCHhHUjaMAZ8SiXdCUCj9DkQ,UCut6b9S98nv84cVX89PmKzA,1,@fredymendez1786,@yeniferaguirre4498
UCHhHUjaMAZ8SiXdCUCj9DkQ,UCvApqeCbLod-wejtT4CcVuA,1,@fredymendez1786,@davidgaher9550
UCHhHUjaMAZ8SiXdCUCj9DkQ,UCwO2SXr0ggzwg6QWWrr01nQ,1,@fredymendez1786,@ricardofigueroa5720
UCHhHUjaMAZ8SiXdCUCj9DkQ,UCwW2OFy95P7ZBkOPxWkpvYg,1,@fredymendez1786,@TeresaLucero-b5o
UCHhHUjaMAZ8SiXdCUCj9DkQ,UCwha8rxULYMVtNwZWeSkE1A,1,@fredymendez1786,@mariasamo8637
UCHhHUjaMAZ8SiXdCUCj9DkQ,UCxff05WuyvwELNITi7bj7UA,1,@fredymendez1786,@markoherrera
UCHhHUjaMAZ8SiXdCUCj9DkQ,UCySYJU5kUh7X8gVt9la2ISA,1,@fredymendez1786,@dantesarti4351
UCHhHUjaMAZ8SiXdCUCj9DkQ,UCylqlpsh8ENNM1LqgQ1KbxA,1,@fredymendez1786,@Jel.Awesh.M
UCHhHUjaMAZ8SiXdCUCj9DkQ,UCz3gu01bmjNv0DpRq-K3XYg,1,@fredymendez1786,@eusebiovasquez4385
UCHhHUjaMAZ8SiXdCUCj9DkQ,UCzSfZlOVxBSs5ObD25ywxDQ,1,@fredymendez1786,@GilmarMaldonado-q9m
UCHhHUjaMAZ8SiXdCUCj9DkQ,UCzoL2l5H5eVlorWGH8AZfAg,1,@fredymendez1786,@jor77cas
UCHu8x4MVkayU6VgwVKd--MQ,UCsUCN0Yq_UyTvKjOJLmNrnQ,1,@Hernandez-i1o,@moisesvaldez4043
UCIUhbSCy3-SGRe5UtqM4fzQ,UCIp19h9igblA2YKfSLPDAug,1,@jeanmorales1677,@JoseReyes-rn6sh
UCIUhbSCy3-SGRe5UtqM4fzQ,UCRcSR3Lvn9DZAmJpVPANfZQ,1,@jeanmorales1677,@WalksandSuch
UCIUhbSCy3-SGRe5UtqM4fzQ,UCRznz9-N3Qc1w-qNdLSIY2Q,1,@jeanmorales1677,@jimmygomez724
UCIUhbSCy3-SGRe5UtqM4fzQ,UCSTAUWVc1_82DHYeqOsqEFA,1,@jeanmorales1677,@TheAlexX_C
UCIUhbSCy3-SGRe5UtqM4fzQ,UCXmrpc6Li0spcKxtS0Q_ptg,1,@jeanmorales1677,@melvinperez6710
UCIUhbSCy3-SGRe5UtqM4fzQ,UCY7Hq7F9Lnucf-Yr6JkHZNw,1,@jeanmorales1677,@maynorcalel1442
UCIUhbSCy3-SGRe5UtqM4fzQ,UC_ljZ1hZXR9pzexFz87P5ZA,1,@jeanmorales1677,@ChRiStOpHeR7969
UCIUhbSCy3-SGRe5UtqM4fzQ,UCaT6M2zp7X6r6Whd8Vv3kHQ,1,@jeanmorales1677,@alexarcos8349
UCIUhbSCy3-SGRe5UtqM4fzQ,UCgLrWFdYitoP-b7-PxtUr-w,1,@jeanmorales1677,@zetag
UCIUhbSCy3-SGRe5UtqM4fzQ,UCgLurCo-e019HGODcjXHWCw,1,@jeanmorales1677,@perritojuega1
UCIUhbSCy3-SGRe5UtqM4fzQ,UCi-vPdnpQreC7BkFs40mJGA,1,@jeanmorales1677,@bryansicasales4280
UCIUhbSCy3-SGRe5UtqM4fzQ,UCqilIa8r7iek5sGYg_q6ofA,1,@jeanmorales1677,@rolandojuchuna484
UCIUhbSCy3-SGRe5UtqM4fzQ,UCs_5qeqdku9tGAq22y3OcuQ,1,@jeanmorales1677,@alexandrevasquez4135
UCIUhbSCy3-SGRe5UtqM4fzQ,UCtMBF_1O2jY2INlb_luuB_A,1,@jeanmorales1677,@mynorgudiel8646
UCIUhbSCy3-SGRe5UtqM4fzQ,UCwUAv3_LpWVtTIi7lkmTL7A,1,@jeanmorales1677,@kingr4706
UCIUhbSCy3-SGRe5UtqM4fzQ,UCxKR3RA8T-kxMgq_2WWhRcQ,1,@jeanmorales1677,@elenaluarca9377
UCIUhbSCy3-SGRe5UtqM4fzQ,UCyzf29IYjNw67gGIfsjgtxA,1,@jeanmorales1677,@carlosoliva9249
UCIXLDYqR_syskKRJy_x9W9Q,UCLXYp1Cvc5DLtq5UQL5D9vw,1,@carlitosramirez4739,@jorgecifuentes-m5g
UCIXLDYqR_syskKRJy_x9W9Q,UCO0zwwLWGyDgQmWPJ5Qrr1w,1,@carlitosramirez4739,@elsalvador3605
UCIXLDYqR_syskKRJy_x9W9Q,UCXN2s7DwTJm33xO-pNkAdaA,1,@carlitosramirez4739,@edithsan7688
UCIXLDYqR_syskKRJy_x9W9Q,UC_3xuTXvMIWU5MYP9HkJ3vQ,1,@carlitosramirez4739,@Historia-wm4os
UCIXLDYqR_syskKRJy_x9W9Q,UCfXykdbSU97rj987LDUGfvg,1,@carlitosramirez4739,@MariaSantos-c8y3h
UCIXLDYqR_syskKRJy_x9W9Q,UCfjhejO7LZy4doXURa7LZCQ,1,@carlitosramirez4739,@HonwayLee-z5g
UCIXLDYqR_syskKRJy_x9W9Q,UCjZgFEowMBrsjodqfovzdKw,1,@carlitosramirez4739,@franciscoflores3120
UCIXLDYqR_syskKRJy_x9W9Q,UCq3mDTTRZnUybct5M9OSXbg,1,@carlitosramirez4739,@MacoMorales-i2i2d
UCIXLDYqR_syskKRJy_x9W9Q,UCvl1tzQeBeGy6efPTRJXSCw,1,@carlitosramirez4739,@RaulPerez-cw2vi
UCIXLDYqR_syskKRJy_x9W9Q,UCwCfs-2zbD5k0lG-UVg_JBw,1,@carlitosramirez4739,@JessicaHuaz-96
UCIgoiXdIKJyUGmUoH2Lxdzg,UCOLHH4ZpMxPYF-Q6e6wvn5A,1,@susievidal4134,@luisroldan7374
UCIgoiXdIKJyUGmUoH2Lxdzg,UCPNXmbOBVeC4HS-xemvcPtQ,1,@susievidal4134,@BelkisRodriguezRamirez
UCIgoiXdIKJyUGmUoH2Lxdzg,UCQMMuADgqWUOcJpLwHOzC-g,1,@susievidal4134,@Ripped-Yoda
UCIgoiXdIKJyUGmUoH2Lxdzg,UCVdjCrh4tQoX3haNAZv-n5A,1,@susievidal4134,@aurahernandez5646
UCIgoiXdIKJyUGmUoH2Lxdzg,UCZjm6U576nX8WOiLhmMR3bw,1,@susievidal4134,@MariaNavarroYT
UCIgoiXdIKJyUGmUoH2Lxdzg,UCat2qkYvqmtDNEmo2PVuhXw,1,@susievidal4134,@DoraSalas-j5o
UCIgoiXdIKJyUGmUoH2Lxdzg,UCbNanjFI51cwGqMAb2rOrBw,1,@susievidal4134,@RosaMontesdeOca777
UCIgoiXdIKJyUGmUoH2Lxdzg,UCi2KiZq63sRq8Mfbcp-MelQ,1,@susievidal4134,@eugeneramirez4405
UCIgoiXdIKJyUGmUoH2Lxdzg,UCozFYHN0e_-vlQbX3wQGOug,1,@susievidal4134,@jesusguzman2321
UCIgoiXdIKJyUGmUoH2Lxdzg,UCp_dAUfv8i3LW3zWc24dLaQ,1,@susievidal4134,@MarioCortez-o6v
UCIgoiXdIKJyUGmUoH2Lxdzg,UCrqXyRsg-_hTosURZ-uvoKg,1,@susievidal4134,@flornolberto2425
UCIgoiXdIKJyUGmUoH2Lxdzg,UCtiHFjFu7d5v2XxHnKFUYig,1,@susievidal4134,@Paul-gf7ec
UCIgoiXdIKJyUGmUoH2Lxdzg,UCxhtlxPV8AYWaNNyU6S9H8Q,1,@susievidal4134,@WilR-s8r
UCIp19h9igblA2YKfSLPDAug,UCRcSR3Lvn9DZAmJpVPANfZQ,1,@JoseReyes-rn6sh,@WalksandSuch
UCIp19h9igblA2YKfSLPDAug,UCRznz9-N3Qc1w-qNdLSIY2Q,1,@JoseReyes-rn6sh,@jimmygomez724
UCIp19h9igblA2YKfSLPDAug,UCSTAUWVc1_82DHYeqOsqEFA,1,@JoseReyes-rn6sh,@TheAlexX_C
UCIp19h9igblA2YKfSLPDAug,UCXmrpc6Li0spcKxtS0Q_ptg,1,@JoseReyes-rn6sh,@melvinperez6710
UCIp19h9igblA2YKfSLPDAug,UCY7Hq7F9Lnucf-Yr6JkHZNw,1,@JoseReyes-rn6sh,@maynorcalel1442
UCIp19h9igblA2YKfSLPDAug,UC_ljZ1hZXR9pzexFz87P5ZA,1,@JoseReyes-rn6sh,@ChRiStOpHeR7969
UCIp19h9igblA2YKfSLPDAug,UCaT6M2zp7X6r6Whd8Vv3kHQ,1,@JoseReyes-rn6sh,@alexarcos8349
UCIp19h9igblA2YKfSLPDAug,UCgLrWFdYitoP-b7-PxtUr-w,1,@JoseReyes-rn6sh,@zetag
UCIp19h9igblA2YKfSLPDAug,UCgLurCo-e019HGODcjXHWCw,1,@JoseReyes-rn6sh,@perritojuega1
UCIp19h9igblA2YKfSLPDAug,UCi-vPdnpQreC7BkFs40mJGA,1,@JoseReyes-rn6sh,@bryansicasales4280
UCIp19h9igblA2YKfSLPDAug,UCqilIa8r7iek5sGYg_q6ofA,1,@JoseReyes-rn6sh,@rolandojuchuna484
UCIp19h9igblA2YKfSLPDAug,UCs_5qeqdku9tGAq22y3OcuQ,1,@JoseReyes-rn6sh,@alexandrevasquez4135
UCIp19h9igblA2YKfSLPDAug,UCtMBF_1O2jY2INlb_luuB_A,1,@JoseReyes-rn6sh,@mynorgudiel8646
UCIp19h9igblA2YKfSLPDAug,UCwUAv3_LpWVtTIi7lkmTL7A,1,@JoseReyes-rn6sh,@kingr4706
UCIp19h9igblA2YKfSLPDAug,UCxKR3RA8T-kxMgq_2WWhRcQ,1,@JoseReyes-rn6sh,@elenaluarca9377
UCIp19h9igblA2YKfSLPDAug,UCyzf29IYjNw67gGIfsjgtxA,1,@JoseReyes-rn6sh,@carlosoliva9249
UCJp3OrVYcBorC94sKwdch_A,UCVC2QugcI1G4RvlCiUqd1aQ,1,@ULJoshmg2011,@rwdm76
UCJp3OrVYcBorC94sKwdch_A,UCZOmq6MwFDVoCaEl99BRRaw,1,@ULJoshmg2011,@daniloarevalo3170
UCJp3OrVYcBorC94sKwdch_A,UC_6KbBY1bsYXz9fwFS0eQRg,1,@ULJoshmg2011,@imrcp5694
UCJp3OrVYcBorC94sKwdch_A,UCbrtvygfRT6QXqWDNrOf-cA,1,@ULJoshmg2011,@Alejandro00710
UCJp3OrVYcBorC94sKwdch_A,UCjJf-AJKRFFWtiN-CSwkDmA,1,@ULJoshmg2011,@2jose82
UCJp3OrVYcBorC94sKwdch_A,UCnU8wO1OurAmGstDw6VGjgQ,1,@ULJoshmg2011,@cmorera21
UCJp3OrVYcBorC94sKwdch_A,UCpsKOkt5iWTbenzeuq7dsmQ,1,@ULJoshmg2011,@inge_vergueta
UCJp3OrVYcBorC94sKwdch_A,UCvcu1kR8xMYy_I1Ty-2mV2Q,1,@ULJoshmg2011,@hashojea7348
UCJxJC56BSAX-ArD0NAb9qnQ,UCyor0Mmm0ivLX2jIdyGp84Q,1,@alfonsowilian9157,@MiguelJordan-n3g
UCKDR0f2fu2UzWL8mBv5-BHw,UCL13XhnRzbGokEkCkEOb0-g,1,@mireyamorales6595,@raquelprado3643
UCKDR0f2fu2UzWL8mBv5-BHw,UCL1MT278vSaQ83ZDkVWn1gw,1,@mireyamorales6595,@elmorodriguez6978
UCKDR0f2fu2UzWL8mBv5-BHw,UCLFdHr9BEbXHkoJopbEPLZw,1,@mireyamorales6595,@kanterra4584
UCKDR0f2fu2UzWL8mBv5-BHw,UCLggDc_a5HriXv7I1h02sOA,1,@mireyamorales6595,@guillermogonzalez5153
UCKDR0f2fu2UzWL8mBv5-BHw,UCN6qbfPSzFtjhqUDZ3Cv3CQ,1,@mireyamorales6595,@carlosmedranovelasquez6380
UCKDR0f2fu2UzWL8mBv5-BHw,UCNBnKqWf4d-rS4HwJRQljmQ,1,@mireyamorales6595,@LE_A22
UCKDR0f2fu2UzWL8mBv5-BHw,UCNkcuy42zEwddwEcOd_HpnA,1,@mireyamorales6595,@vanigomez492
UCKDR0f2fu2UzWL8mBv5-BHw,UCOLGv5Pf6BF2wFcwUzgcvHg,1,@mireyamorales6595,@welfrealdana5559
UCKDR0f2fu2UzWL8mBv5-BHw,UCOS8ViEkccrTZx2w2ccxotA,1,@mireyamorales6595,@OscarHernandez-q8y
UCKDR0f2fu2UzWL8mBv5-BHw,UCOh6DaZC_x9HASnlRylEMfw,1,@mireyamorales6595,@AndresMedina-v1s
UCKDR0f2fu2UzWL8mBv5-BHw,UCQ_-LPP8JAbfkc-b1Q6NvWw,1,@mireyamorales6595,@MegaKristenstewart
UCKDR0f2fu2UzWL8mBv5-BHw,UCQgYjVngJRfPHDLGB5X6ZjA,1,@mireyamorales6595,@oscarnavas9996
UCKDR0f2fu2UzWL8mBv5-BHw,UCQqetiwzzmRNTM5OWuXarGQ,1,@mireyamorales6595,@isaiaslopezvelasquez1539
UCKDR0f2fu2UzWL8mBv5-BHw,UCQtICyzWmhC5woCtbNgaSmg,1,@mireyamorales6595,@nestormendez6216
UCKDR0f2fu2UzWL8mBv5-BHw,UCQtSFINs1h6GHkpg9o5kMvg,1,@mireyamorales6595,@MacarioMartinezruiz
UCKDR0f2fu2UzWL8mBv5-BHw,UCRETAiYdh2dL5ZxB0_N1zDA,1,@mireyamorales6595,@Joseroland21
UCKDR0f2fu2UzWL8mBv5-BHw,UCRelkU8JiZBytTzebJxaa-w,1,@mireyamorales6595,@danyraymundo2942
UCKDR0f2fu2UzWL8mBv5-BHw,UCRlCV9zSn7avAWh-9_XFWqQ,1,@mireyamorales6595,@ronyarana8849
UCKDR0f2fu2UzWL8mBv5-BHw,UCSou6a2OuYGSvPjm5psquyA,1,@mireyamorales6595,@FranciscoRivera-sf7ne
UCKDR0f2fu2UzWL8mBv5-BHw,UCTD6q1nyIe3Y7HhqjaMj72w,1,@mireyamorales6595,@JuanChang-r6k
UCKDR0f2fu2UzWL8mBv5-BHw,UCTP3O0rMnc8z8v8jaDQwL0w,1,@mireyamorales6595,@RobertoZelaya-x1v
UCKDR0f2fu2UzWL8mBv5-BHw,UCThW2XNsAaBKme5PUt7n-Zg,1,@mireyamorales6595,@thelmamoran8565
UCKDR0f2fu2UzWL8mBv5-BHw,UCTwSut16JyAg3mX6LVUNGqA,1,@mireyamorales6595,@SuperVictor2005
UCKDR0f2fu2UzWL8mBv5-BHw,UCTylKrsqkrBKIqubMu_5N0Q,1,@mireyamorales6595,@edwingeovanymarroquinmarro6684
UCKDR0f2fu2UzWL8mBv5-BHw,UCUIIIPTVDVHAXqhC_5V6lPA,1,@mireyamorales6595,@gorrarota
UCKDR0f2fu2UzWL8mBv5-BHw,UCV0iizTBoOfdAFX_thfI9BA,1,@mireyamorales6595,@BenjaminLarios-jd8nk
UCKDR0f2fu2UzWL8mBv5-BHw,UCWIZUtKJ636y-4TYrNvok0g,1,@mireyamorales6595,@cesarandreas7824
UCKDR0f2fu2UzWL8mBv5-BHw,UCXSkL3ejZ8qWYyF_M7s_QKA,1,@mireyamorales6595,@JacintaTzoy
UCKDR0f2fu2UzWL8mBv5-BHw,UCXXh7yg5KUFIWylTiKVEFKQ,1,@mireyamorales6595,@MrDuenderojo
UCKDR0f2fu2UzWL8mBv5-BHw,UCXgr7vXlRrsaskPdo097kGA,1,@mireyamorales6595,@Rogergh-nw4oj
UCKDR0f2fu2UzWL8mBv5-BHw,UCXr8_5WtGeipe4haOoQDgyQ,1,@mireyamorales6595,@amyherrera7352
UCKDR0f2fu2UzWL8mBv5-BHw,UCYN4wSQ1Sx4_LurxLlW7MPg,1,@mireyamorales6595,@belarminavillatoro6474
UCKDR0f2fu2UzWL8mBv5-BHw,UCYwpX26TrCxq8TvbKGRYLXA,1,@mireyamorales6595,@beneficioelcaminovillacana8540
UCKDR0f2fu2UzWL8mBv5-BHw,UCZ51R_9Q9C0c8I3pAWhtmjQ,1,@mireyamorales6595,@belvettzapeta1251
UCKDR0f2fu2UzWL8mBv5-BHw,UCZLG9qH0tUjNhEGFIUt0CYw,1,@mireyamorales6595,@SoniaMarroquin-y6e
UCKDR0f2fu2UzWL8mBv5-BHw,UCcfdg8crmMJwEuLUsAhV7yg,1,@mireyamorales6595,@RolandoRaguay
UCKDR0f2fu2UzWL8mBv5-BHw,UCfM3nrxtTQMY5jFx1v1J4Gg,1,@mireyamorales6595,@edgarroldan5539
UCKDR0f2fu2UzWL8mBv5-BHw,UCgvw7xIdGFupzpt1Y_BFkEA,1,@mireyamorales6595,@fredygarcia9151
UCKDR0f2fu2UzWL8mBv5-BHw,UCh5ESQvtzyHDhCA7XyekCFA,1,@mireyamorales6595,@andyB5280
UCKDR0f2fu2UzWL8mBv5-BHw,UChZknRmJkeGeQk0-mQuhDOg,1,@mireyamorales6595,@OdilioRodríguez-c5w
UCKDR0f2fu2UzWL8mBv5-BHw,UChep9kVb5gQmpodEEl10Xlg,1,@mireyamorales6595,@carlosaguilar-kz7ml
UCKDR0f2fu2UzWL8mBv5-BHw,UChgkn5Jt5tWKYMoEOuCjz3Q,1,@mireyamorales6595,@pablochitay46
UCKDR0f2fu2UzWL8mBv5-BHw,UChs3tU2BcKOT0CezykvAsGw,1,@mireyamorales6595,@byronpontaza
UCKDR0f2fu2UzWL8mBv5-BHw,UCi1b_TRQfgO1Z9O2gNGGWNA,1,@mireyamorales6595,@davidisraelesquitsaquil
UCKDR0f2fu2UzWL8mBv5-BHw,UCiGRBf2RNF0WRKhRVT7zFoA,1,@mireyamorales6595,@edwinavila4876
UCKDR0f2fu2UzWL8mBv5-BHw,UCiMythXHsw7eQEMykCdmMUA,1,@mireyamorales6595,@JavierBecerra-h6x
UCKDR0f2fu2UzWL8mBv5-BHw,UCipetjeiWj4CZB6EbyYziZg,1,@mireyamorales6595,@OseasSamayoa-ol5rz
UCKDR0f2fu2UzWL8mBv5-BHw,UCj-LL25XJnjxepPKCc3NGog,1,@mireyamorales6595,@anaaguirre8985
UCKDR0f2fu2UzWL8mBv5-BHw,UCjSKM9j0Q7HLDr1hD6D-TUw,1,@mireyamorales6595,@josehidalgo4875
UCKDR0f2fu2UzWL8mBv5-BHw,UCjmPuazZJzscrwvk0QR9RVw,1,@mireyamorales6595,@mynorrodas8591
UCKDR0f2fu2UzWL8mBv5-BHw,UCkd9W714-947dEE6ZOEBATA,1,@mireyamorales6595,@ARGELIATELON
UCKDR0f2fu2UzWL8mBv5-BHw,UCl0ekS9Tt0jJGtOEM18S63w,1,@mireyamorales6595,@monkchapin
UCKDR0f2fu2UzWL8mBv5-BHw,UCljDbleJul41G1TzOjOZAVA,1,@mireyamorales6595,@hectorcarranza3777
UCKDR0f2fu2UzWL8mBv5-BHw,UCmjppp6ujz3SAnULvP3sZMw,1,@mireyamorales6595,@marcomendez7509
UCKDR0f2fu2UzWL8mBv5-BHw,UCmvOgzmmXbjUthHy-WJ52hQ,1,@mireyamorales6595,@mariorodas593
UCKDR0f2fu2UzWL8mBv5-BHw,UCp4iw5_5SmV9VGTFSNVGOmQ,1,@mireyamorales6595,@CARLOSSTREMS51
UCKDR0f2fu2UzWL8mBv5-BHw,UCpIdtvoFHVLGASGB5ySqIEA,1,@mireyamorales6595,@VidalVillatoro-p4w
UCKDR0f2fu2UzWL8mBv5-BHw,UCpl8rF8uv_8uui-QRvuJaRA,1,@mireyamorales6595,@SergioGarcia-z9c
UCKDR0f2fu2UzWL8mBv5-BHw,UCplrIQtaPj6au60_f2-mOYw,1,@mireyamorales6595,@romeolopezherrarte799
UCKDR0f2fu2UzWL8mBv5-BHw,UCpsKOkt5iWTbenzeuq7dsmQ,1,@mireyamorales6595,@inge_vergueta
UCKDR0f2fu2UzWL8mBv5-BHw,UCr1emrogPKkKTs_WTtx71xg,1,@mireyamorales6595,@domingopeneleu6457
UCKDR0f2fu2UzWL8mBv5-BHw,UCrJn_rbo_ENAdeqneS-RmRw,1,@mireyamorales6595,@josecarrera9623
UCKDR0f2fu2UzWL8mBv5-BHw,UCsJJAvrVGupdmhOqgtDp8dg,1,@mireyamorales6595,@nestorlorenzana1168
UCKDR0f2fu2UzWL8mBv5-BHw,UCsSXdJct-nsS8DsABoEsaYA,1,@mireyamorales6595,@IvánPérez-j4j
UCKDR0f2fu2UzWL8mBv5-BHw,UCsUCN0Yq_UyTvKjOJLmNrnQ,1,@mireyamorales6595,@moisesvaldez4043
UCKDR0f2fu2UzWL8mBv5-BHw,UCsjs5Hp_r86x1xbK6FAeqaA,1,@mireyamorales6595,@alvaroesquivel563
UCKDR0f2fu2UzWL8mBv5-BHw,UCtNfIBnc5S5DbbQj_yxgJTw,1,@mireyamorales6595,@JosueRamirez-ey3ih
UCKDR0f2fu2UzWL8mBv5-BHw,UCtUR3_CAiE7fCoZHM6cMfyQ,1,@mireyamorales6595,@mdelcid01
UCKDR0f2fu2UzWL8mBv5-BHw,UCueV9cTyTDwgQSec1x2dYgA,1,@mireyamorales6595,@fredydomingo7062
UCKDR0f2fu2UzWL8mBv5-BHw,UCujPF2nBgsTD62nWE3lcpIg,1,@mireyamorales6595,@victorarturoruanobautista7588
UCKDR0f2fu2UzWL8mBv5-BHw,UCut6b9S98nv84cVX89PmKzA,1,@mireyamorales6595,@yeniferaguirre4498
UCKDR0f2fu2UzWL8mBv5-BHw,UCvApqeCbLod-wejtT4CcVuA,1,@mireyamorales6595,@davidgaher9550
UCKDR0f2fu2UzWL8mBv5-BHw,UCwO2SXr0ggzwg6QWWrr01nQ,1,@mireyamorales6595,@ricardofigueroa5720
UCKDR0f2fu2UzWL8mBv5-BHw,UCwW2OFy95P7ZBkOPxWkpvYg,1,@mireyamorales6595,@TeresaLucero-b5o
UCKDR0f2fu2UzWL8mBv5-BHw,UCwha8rxULYMVtNwZWeSkE1A,1,@mireyamorales6595,@mariasamo8637
UCKDR0f2fu2UzWL8mBv5-BHw,UCxff05WuyvwELNITi7bj7UA,1,@mireyamorales6595,@markoherrera
UCKDR0f2fu2UzWL8mBv5-BHw,UCySYJU5kUh7X8gVt9la2ISA,1,@mireyamorales6595,@dantesarti4351
UCKDR0f2fu2UzWL8mBv5-BHw,UCylqlpsh8ENNM1LqgQ1KbxA,1,@mireyamorales6595,@Jel.Awesh.M
UCKDR0f2fu2UzWL8mBv5-BHw,UCz3gu01bmjNv0DpRq-K3XYg,1,@mireyamorales6595,@eusebiovasquez4385
UCKDR0f2fu2UzWL8mBv5-BHw,UCzSfZlOVxBSs5ObD25ywxDQ,1,@mireyamorales6595,@GilmarMaldonado-q9m
UCKDR0f2fu2UzWL8mBv5-BHw,UCzoL2l5H5eVlorWGH8AZfAg,1,@mireyamorales6595,@jor77cas
UCKVzDUqbtdSMBcexaEtMmzQ,UCNiMNUJvaRJb0_QLClqwVnA,1,@rotorairgroup8409,@Santiago.Nolasco
UCKVzDUqbtdSMBcexaEtMmzQ,UCld2stqxaVSk0QdGncM224A,1,@rotorairgroup8409,@sarahernandez3873
UCKVzDUqbtdSMBcexaEtMmzQ,UCtowGNY2lnlg6O2CkwDgkLg,1,@rotorairgroup8409,@taniagabrielacelis8434
UCL13XhnRzbGokEkCkEOb0-g,UCL1MT278vSaQ83ZDkVWn1gw,1,@raquelprado3643,@elmorodriguez6978
UCL13XhnRzbGokEkCkEOb0-g,UCLFdHr9BEbXHkoJopbEPLZw,1,@raquelprado3643,@kanterra4584
UCL13XhnRzbGokEkCkEOb0-g,UCLggDc_a5HriXv7I1h02sOA,1,@raquelprado3643,@guillermogonzalez5153
UCL13XhnRzbGokEkCkEOb0-g,UCN6qbfPSzFtjhqUDZ3Cv3CQ,1,@raquelprado3643,@carlosmedranovelasquez6380
UCL13XhnRzbGokEkCkEOb0-g,UCNBnKqWf4d-rS4HwJRQljmQ,1,@raquelprado3643,@LE_A22
UCL13XhnRzbGokEkCkEOb0-g,UCNkcuy42zEwddwEcOd_HpnA,1,@raquelprado3643,@vanigomez492
UCL13XhnRzbGokEkCkEOb0-g,UCOLGv5Pf6BF2wFcwUzgcvHg,1,@raquelprado3643,@welfrealdana5559
UCL13XhnRzbGokEkCkEOb0-g,UCOS8ViEkccrTZx2w2ccxotA,1,@raquelprado3643,@OscarHernandez-q8y
UCL13XhnRzbGokEkCkEOb0-g,UCOh6DaZC_x9HASnlRylEMfw,1,@raquelprado3643,@AndresMedina-v1s
UCL13XhnRzbGokEkCkEOb0-g,UCQ_-LPP8JAbfkc-b1Q6NvWw,1,@raquelprado3643,@MegaKristenstewart
UCL13XhnRzbGokEkCkEOb0-g,UCQgYjVngJRfPHDLGB5X6ZjA,1,@raquelprado3643,@oscarnavas9996
UCL13XhnRzbGokEkCkEOb0-g,UCQqetiwzzmRNTM5OWuXarGQ,1,@raquelprado3643,@isaiaslopezvelasquez1539
UCL13XhnRzbGokEkCkEOb0-g,UCQtICyzWmhC5woCtbNgaSmg,1,@raquelprado3643,@nestormendez6216
UCL13XhnRzbGokEkCkEOb0-g,UCQtSFINs1h6GHkpg9o5kMvg,1,@raquelprado3643,@MacarioMartinezruiz
UCL13XhnRzbGokEkCkEOb0-g,UCRETAiYdh2dL5ZxB0_N1zDA,1,@raquelprado3643,@Joseroland21
UCL13XhnRzbGokEkCkEOb0-g,UCRelkU8JiZBytTzebJxaa-w,1,@raquelprado3643,@danyraymundo2942
UCL13XhnRzbGokEkCkEOb0-g,UCRlCV9zSn7avAWh-9_XFWqQ,1,@raquelprado3643,@ronyarana8849
UCL13XhnRzbGokEkCkEOb0-g,UCSou6a2OuYGSvPjm5psquyA,1,@raquelprado3643,@FranciscoRivera-sf7ne
UCL13XhnRzbGokEkCkEOb0-g,UCTD6q1nyIe3Y7HhqjaMj72w,1,@raquelprado3643,@JuanChang-r6k
UCL13XhnRzbGokEkCkEOb0-g,UCTP3O0rMnc8z8v8jaDQwL0w,1,@raquelprado3643,@RobertoZelaya-x1v
UCL13XhnRzbGokEkCkEOb0-g,UCThW2XNsAaBKme5PUt7n-Zg,1,@raquelprado3643,@thelmamoran8565
UCL13XhnRzbGokEkCkEOb0-g,UCTwSut16JyAg3mX6LVUNGqA,1,@raquelprado3643,@SuperVictor2005
UCL13XhnRzbGokEkCkEOb0-g,UCTylKrsqkrBKIqubMu_5N0Q,1,@raquelprado3643,@edwingeovanymarroquinmarro6684
UCL13XhnRzbGokEkCkEOb0-g,UCUIIIPTVDVHAXqhC_5V6lPA,1,@raquelprado3643,@gorrarota
UCL13XhnRzbGokEkCkEOb0-g,UCV0iizTBoOfdAFX_thfI9BA,1,@raquelprado3643,@BenjaminLarios-jd8nk
UCL13XhnRzbGokEkCkEOb0-g,UCWIZUtKJ636y-4TYrNvok0g,1,@raquelprado3643,@cesarandreas7824
UCL13XhnRzbGokEkCkEOb0-g,UCXSkL3ejZ8qWYyF_M7s_QKA,1,@raquelprado3643,@JacintaTzoy
UCL13XhnRzbGokEkCkEOb0-g,UCXXh7yg5KUFIWylTiKVEFKQ,1,@raquelprado3643,@MrDuenderojo
UCL13XhnRzbGokEkCkEOb0-g,UCXgr7vXlRrsaskPdo097kGA,1,@raquelprado3643,@Rogergh-nw4oj
UCL13XhnRzbGokEkCkEOb0-g,UCXr8_5WtGeipe4haOoQDgyQ,1,@raquelprado3643,@amyherrera7352
UCL13XhnRzbGokEkCkEOb0-g,UCYN4wSQ1Sx4_LurxLlW7MPg,1,@raquelprado3643,@belarminavillatoro6474
UCL13XhnRzbGokEkCkEOb0-g,UCYwpX26TrCxq8TvbKGRYLXA,1,@raquelprado3643,@beneficioelcaminovillacana8540
UCL13XhnRzbGokEkCkEOb0-g,UCZ51R_9Q9C0c8I3pAWhtmjQ,1,@raquelprado3643,@belvettzapeta1251
UCL13XhnRzbGokEkCkEOb0-g,UCZLG9qH0tUjNhEGFIUt0CYw,1,@raquelprado3643,@SoniaMarroquin-y6e
UCL13XhnRzbGokEkCkEOb0-g,UCcfdg8crmMJwEuLUsAhV7yg,1,@raquelprado3643,@RolandoRaguay
UCL13XhnRzbGokEkCkEOb0-g,UCfM3nrxtTQMY5jFx1v1J4Gg,1,@raquelprado3643,@edgarroldan5539
UCL13XhnRzbGokEkCkEOb0-g,UCgvw7xIdGFupzpt1Y_BFkEA,1,@raquelprado3643,@fredygarcia9151
UCL13XhnRzbGokEkCkEOb0-g,UCh5ESQvtzyHDhCA7XyekCFA,1,@raquelprado3643,@andyB5280
UCL13XhnRzbGokEkCkEOb0-g,UChZknRmJkeGeQk0-mQuhDOg,1,@raquelprado3643,@OdilioRodríguez-c5w
UCL13XhnRzbGokEkCkEOb0-g,UChep9kVb5gQmpodEEl10Xlg,1,@raquelprado3643,@carlosaguilar-kz7ml
UCL13XhnRzbGokEkCkEOb0-g,UChgkn5Jt5tWKYMoEOuCjz3Q,1,@raquelprado3643,@pablochitay46
UCL13XhnRzbGokEkCkEOb0-g,UChs3tU2BcKOT0CezykvAsGw,1,@raquelprado3643,@byronpontaza
UCL13XhnRzbGokEkCkEOb0-g,UCi1b_TRQfgO1Z9O2gNGGWNA,1,@raquelprado3643,@davidisraelesquitsaquil
UCL13XhnRzbGokEkCkEOb0-g,UCiGRBf2RNF0WRKhRVT7zFoA,1,@raquelprado3643,@edwinavila4876
UCL13XhnRzbGokEkCkEOb0-g,UCiMythXHsw7eQEMykCdmMUA,1,@raquelprado3643,@JavierBecerra-h6x
UCL13XhnRzbGokEkCkEOb0-g,UCipetjeiWj4CZB6EbyYziZg,1,@raquelprado3643,@OseasSamayoa-ol5rz
UCL13XhnRzbGokEkCkEOb0-g,UCj-LL25XJnjxepPKCc3NGog,1,@raquelprado3643,@anaaguirre8985
UCL13XhnRzbGokEkCkEOb0-g,UCjSKM9j0Q7HLDr1hD6D-TUw,1,@raquelprado3643,@josehidalgo4875
UCL13XhnRzbGokEkCkEOb0-g,UCjmPuazZJzscrwvk0QR9RVw,1,@raquelprado3643,@mynorrodas8591
UCL13XhnRzbGokEkCkEOb0-g,UCkd9W714-947dEE6ZOEBATA,1,@raquelprado3643,@ARGELIATELON
UCL13XhnRzbGokEkCkEOb0-g,UCl0ekS9Tt0jJGtOEM18S63w,1,@raquelprado3643,@monkchapin
UCL13XhnRzbGokEkCkEOb0-g,UCljDbleJul41G1TzOjOZAVA,1,@raquelprado3643,@hectorcarranza3777
UCL13XhnRzbGokEkCkEOb0-g,UCmjppp6ujz3SAnULvP3sZMw,1,@raquelprado3643,@marcomendez7509
UCL13XhnRzbGokEkCkEOb0-g,UCmvOgzmmXbjUthHy-WJ52hQ,1,@raquelprado3643,@mariorodas593
UCL13XhnRzbGokEkCkEOb0-g,UCp4iw5_5SmV9VGTFSNVGOmQ,1,@raquelprado3643,@CARLOSSTREMS51
UCL13XhnRzbGokEkCkEOb0-g,UCpIdtvoFHVLGASGB5ySqIEA,1,@raquelprado3643,@VidalVillatoro-p4w
UCL13XhnRzbGokEkCkEOb0-g,UCpl8rF8uv_8uui-QRvuJaRA,1,@raquelprado3643,@SergioGarcia-z9c
UCL13XhnRzbGokEkCkEOb0-g,UCplrIQtaPj6au60_f2-mOYw,1,@raquelprado3643,@romeolopezherrarte799
UCL13XhnRzbGokEkCkEOb0-g,UCpsKOkt5iWTbenzeuq7dsmQ,1,@raquelprado3643,@inge_vergueta
UCL13XhnRzbGokEkCkEOb0-g,UCr1emrogPKkKTs_WTtx71xg,1,@raquelprado3643,@domingopeneleu6457
UCL13XhnRzbGokEkCkEOb0-g,UCrJn_rbo_ENAdeqneS-RmRw,1,@raquelprado3643,@josecarrera9623
UCL13XhnRzbGokEkCkEOb0-g,UCsJJAvrVGupdmhOqgtDp8dg,1,@raquelprado3643,@nestorlorenzana1168
UCL13XhnRzbGokEkCkEOb0-g,UCsSXdJct-nsS8DsABoEsaYA,1,@raquelprado3643,@IvánPérez-j4j
UCL13XhnRzbGokEkCkEOb0-g,UCsUCN0Yq_UyTvKjOJLmNrnQ,1,@raquelprado3643,@moisesvaldez4043
UCL13XhnRzbGokEkCkEOb0-g,UCsjs5Hp_r86x1xbK6FAeqaA,1,@raquelprado3643,@alvaroesquivel563
UCL13XhnRzbGokEkCkEOb0-g,UCtNfIBnc5S5DbbQj_yxgJTw,1,@raquelprado3643,@JosueRamirez-ey3ih
UCL13XhnRzbGokEkCkEOb0-g,UCtUR3_CAiE7fCoZHM6cMfyQ,1,@raquelprado3643,@mdelcid01
UCL13XhnRzbGokEkCkEOb0-g,UCueV9cTyTDwgQSec1x2dYgA,1,@raquelprado3643,@fredydomingo7062
UCL13XhnRzbGokEkCkEOb0-g,UCujPF2nBgsTD62nWE3lcpIg,1,@raquelprado3643,@victorarturoruanobautista7588
UCL13XhnRzbGokEkCkEOb0-g,UCut6b9S98nv84cVX89PmKzA,1,@raquelprado3643,@yeniferaguirre4498
UCL13XhnRzbGokEkCkEOb0-g,UCvApqeCbLod-wejtT4CcVuA,1,@raquelprado3643,@davidgaher9550
UCL13XhnRzbGokEkCkEOb0-g,UCwO2SXr0ggzwg6QWWrr01nQ,1,@raquelprado3643,@ricardofigueroa5720
UCL13XhnRzbGokEkCkEOb0-g,UCwW2OFy95P7ZBkOPxWkpvYg,1,@raquelprado3643,@TeresaLucero-b5o
UCL13XhnRzbGokEkCkEOb0-g,UCwha8rxULYMVtNwZWeSkE1A,1,@raquelprado3643,@mariasamo8637
UCL13XhnRzbGokEkCkEOb0-g,UCxff05WuyvwELNITi7bj7UA,1,@raquelprado3643,@markoherrera
UCL13XhnRzbGokEkCkEOb0-g,UCySYJU5kUh7X8gVt9la2ISA,1,@raquelprado3643,@dantesarti4351
UCL13XhnRzbGokEkCkEOb0-g,UCylqlpsh8ENNM1LqgQ1KbxA,1,@raquelprado3643,@Jel.Awesh.M
UCL13XhnRzbGokEkCkEOb0-g,UCz3gu01bmjNv0DpRq-K3XYg,1,@raquelprado3643,@eusebiovasquez4385
UCL13XhnRzbGokEkCkEOb0-g,UCzSfZlOVxBSs5ObD25ywxDQ,1,@raquelprado3643,@GilmarMaldonado-q9m
UCL13XhnRzbGokEkCkEOb0-g,UCzoL2l5H5eVlorWGH8AZfAg,1,@raquelprado3643,@jor77cas
UCL1MT278vSaQ83ZDkVWn1gw,UCLFdHr9BEbXHkoJopbEPLZw,1,@elmorodriguez6978,@kanterra4584
UCL1MT278vSaQ83ZDkVWn1gw,UCLggDc_a5HriXv7I1h02sOA,1,@elmorodriguez6978,@guillermogonzalez5153
UCL1MT278vSaQ83ZDkVWn1gw,UCN6qbfPSzFtjhqUDZ3Cv3CQ,1,@elmorodriguez6978,@carlosmedranovelasquez6380
UCL1MT278vSaQ83ZDkVWn1gw,UCNBnKqWf4d-rS4HwJRQljmQ,1,@elmorodriguez6978,@LE_A22
UCL1MT278vSaQ83ZDkVWn1gw,UCNkcuy42zEwddwEcOd_HpnA,1,@elmorodriguez6978,@vanigomez492
UCL1MT278vSaQ83ZDkVWn1gw,UCOLGv5Pf6BF2wFcwUzgcvHg,1,@elmorodriguez6978,@welfrealdana5559
UCL1MT278vSaQ83ZDkVWn1gw,UCOS8ViEkccrTZx2w2ccxotA,1,@elmorodriguez6978,@OscarHernandez-q8y
UCL1MT278vSaQ83ZDkVWn1gw,UCOh6DaZC_x9HASnlRylEMfw,1,@elmorodriguez6978,@AndresMedina-v1s
UCL1MT278vSaQ83ZDkVWn1gw,UCQ_-LPP8JAbfkc-b1Q6NvWw,1,@elmorodriguez6978,@MegaKristenstewart
UCL1MT278vSaQ83ZDkVWn1gw,UCQgYjVngJRfPHDLGB5X6ZjA,1,@elmorodriguez6978,@oscarnavas9996
UCL1MT278vSaQ83ZDkVWn1gw,UCQqetiwzzmRNTM5OWuXarGQ,1,@elmorodriguez6978,@isaiaslopezvelasquez1539
UCL1MT278vSaQ83ZDkVWn1gw,UCQtICyzWmhC5woCtbNgaSmg,1,@elmorodriguez6978,@nestormendez6216
UCL1MT278vSaQ83ZDkVWn1gw,UCQtSFINs1h6GHkpg9o5kMvg,1,@elmorodriguez6978,@MacarioMartinezruiz
UCL1MT278vSaQ83ZDkVWn1gw,UCRETAiYdh2dL5ZxB0_N1zDA,1,@elmorodriguez6978,@Joseroland21
UCL1MT278vSaQ83ZDkVWn1gw,UCRelkU8JiZBytTzebJxaa-w,1,@elmorodriguez6978,@danyraymundo2942
UCL1MT278vSaQ83ZDkVWn1gw,UCRlCV9zSn7avAWh-9_XFWqQ,1,@elmorodriguez6978,@ronyarana8849
UCL1MT278vSaQ83ZDkVWn1gw,UCSou6a2OuYGSvPjm5psquyA,1,@elmorodriguez6978,@FranciscoRivera-sf7ne
UCL1MT278vSaQ83ZDkVWn1gw,UCTD6q1nyIe3Y7HhqjaMj72w,1,@elmorodriguez6978,@JuanChang-r6k
UCL1MT278vSaQ83ZDkVWn1gw,UCTP3O0rMnc8z8v8jaDQwL0w,1,@elmorodriguez6978,@RobertoZelaya-x1v
UCL1MT278vSaQ83ZDkVWn1gw,UCThW2XNsAaBKme5PUt7n-Zg,1,@elmorodriguez6978,@thelmamoran8565
UCL1MT278vSaQ83ZDkVWn1gw,UCTwSut16JyAg3mX6LVUNGqA,1,@elmorodriguez6978,@SuperVictor2005
UCL1MT278vSaQ83ZDkVWn1gw,UCTylKrsqkrBKIqubMu_5N0Q,1,@elmorodriguez6978,@edwingeovanymarroquinmarro6684
UCL1MT278vSaQ83ZDkVWn1gw,UCUIIIPTVDVHAXqhC_5V6lPA,1,@elmorodriguez6978,@gorrarota
UCL1MT278vSaQ83ZDkVWn1gw,UCV0iizTBoOfdAFX_thfI9BA,1,@elmorodriguez6978,@BenjaminLarios-jd8nk
UCL1MT278vSaQ83ZDkVWn1gw,UCWIZUtKJ636y-4TYrNvok0g,1,@elmorodriguez6978,@cesarandreas7824
UCL1MT278vSaQ83ZDkVWn1gw,UCXSkL3ejZ8qWYyF_M7s_QKA,1,@elmorodriguez6978,@JacintaTzoy
UCL1MT278vSaQ83ZDkVWn1gw,UCXXh7yg5KUFIWylTiKVEFKQ,1,@elmorodriguez6978,@MrDuenderojo
UCL1MT278vSaQ83ZDkVWn1gw,UCXgr7vXlRrsaskPdo097kGA,1,@elmorodriguez6978,@Rogergh-nw4oj
UCL1MT278vSaQ83ZDkVWn1gw,UCXr8_5WtGeipe4haOoQDgyQ,1,@elmorodriguez6978,@amyherrera7352
UCL1MT278vSaQ83ZDkVWn1gw,UCYN4wSQ1Sx4_LurxLlW7MPg,1,@elmorodriguez6978,@belarminavillatoro6474
UCL1MT278vSaQ83ZDkVWn1gw,UCYwpX26TrCxq8TvbKGRYLXA,1,@elmorodriguez6978,@beneficioelcaminovillacana8540
UCL1MT278vSaQ83ZDkVWn1gw,UCZ51R_9Q9C0c8I3pAWhtmjQ,1,@elmorodriguez6978,@belvettzapeta1251
UCL1MT278vSaQ83ZDkVWn1gw,UCZLG9qH0tUjNhEGFIUt0CYw,1,@elmorodriguez6978,@SoniaMarroquin-y6e
UCL1MT278vSaQ83ZDkVWn1gw,UCcfdg8crmMJwEuLUsAhV7yg,1,@elmorodriguez6978,@RolandoRaguay
UCL1MT278vSaQ83ZDkVWn1gw,UCfM3nrxtTQMY5jFx1v1J4Gg,1,@elmorodriguez6978,@edgarroldan5539
UCL1MT278vSaQ83ZDkVWn1gw,UCgvw7xIdGFupzpt1Y_BFkEA,1,@elmorodriguez6978,@fredygarcia9151
UCL1MT278vSaQ83ZDkVWn1gw,UCh5ESQvtzyHDhCA7XyekCFA,1,@elmorodriguez6978,@andyB5280
UCL1MT278vSaQ83ZDkVWn1gw,UChZknRmJkeGeQk0-mQuhDOg,1,@elmorodriguez6978,@OdilioRodríguez-c5w
UCL1MT278vSaQ83ZDkVWn1gw,UChep9kVb5gQmpodEEl10Xlg,1,@elmorodriguez6978,@carlosaguilar-kz7ml
UCL1MT278vSaQ83ZDkVWn1gw,UChgkn5Jt5tWKYMoEOuCjz3Q,1,@elmorodriguez6978,@pablochitay46
UCL1MT278vSaQ83ZDkVWn1gw,UChs3tU2BcKOT0CezykvAsGw,1,@elmorodriguez6978,@byronpontaza
UCL1MT278vSaQ83ZDkVWn1gw,UCi1b_TRQfgO1Z9O2gNGGWNA,1,@elmorodriguez6978,@davidisraelesquitsaquil
UCL1MT278vSaQ83ZDkVWn1gw,UCiGRBf2RNF0WRKhRVT7zFoA,1,@elmorodriguez6978,@edwinavila4876
UCL1MT278vSaQ83ZDkVWn1gw,UCiMythXHsw7eQEMykCdmMUA,1,@elmorodriguez6978,@JavierBecerra-h6x
UCL1MT278vSaQ83ZDkVWn1gw,UCipetjeiWj4CZB6EbyYziZg,1,@elmorodriguez6978,@OseasSamayoa-ol5rz
UCL1MT278vSaQ83ZDkVWn1gw,UCj-LL25XJnjxepPKCc3NGog,1,@elmorodriguez6978,@anaaguirre8985
UCL1MT278vSaQ83ZDkVWn1gw,UCjSKM9j0Q7HLDr1hD6D-TUw,1,@elmorodriguez6978,@josehidalgo4875
UCL1MT278vSaQ83ZDkVWn1gw,UCjmPuazZJzscrwvk0QR9RVw,1,@elmorodriguez6978,@mynorrodas8591
UCL1MT278vSaQ83ZDkVWn1gw,UCkd9W714-947dEE6ZOEBATA,1,@elmorodriguez6978,@ARGELIATELON
UCL1MT278vSaQ83ZDkVWn1gw,UCl0ekS9Tt0jJGtOEM18S63w,1,@elmorodriguez6978,@monkchapin
UCL1MT278vSaQ83ZDkVWn1gw,UCljDbleJul41G1TzOjOZAVA,1,@elmorodriguez6978,@hectorcarranza3777
UCL1MT278vSaQ83ZDkVWn1gw,UCmjppp6ujz3SAnULvP3sZMw,1,@elmorodriguez6978,@marcomendez7509
UCL1MT278vSaQ83ZDkVWn1gw,UCmvOgzmmXbjUthHy-WJ52hQ,1,@elmorodriguez6978,@mariorodas593
UCL1MT278vSaQ83ZDkVWn1gw,UCp4iw5_5SmV9VGTFSNVGOmQ,1,@elmorodriguez6978,@CARLOSSTREMS51
UCL1MT278vSaQ83ZDkVWn1gw,UCpIdtvoFHVLGASGB5ySqIEA,1,@elmorodriguez6978,@VidalVillatoro-p4w
UCL1MT278vSaQ83ZDkVWn1gw,UCpl8rF8uv_8uui-QRvuJaRA,1,@elmorodriguez6978,@SergioGarcia-z9c
UCL1MT278vSaQ83ZDkVWn1gw,UCplrIQtaPj6au60_f2-mOYw,1,@elmorodriguez6978,@romeolopezherrarte799
UCL1MT278vSaQ83ZDkVWn1gw,UCpsKOkt5iWTbenzeuq7dsmQ,1,@elmorodriguez6978,@inge_vergueta
UCL1MT278vSaQ83ZDkVWn1gw,UCr1emrogPKkKTs_WTtx71xg,1,@elmorodriguez6978,@domingopeneleu6457
UCL1MT278vSaQ83ZDkVWn1gw,UCrJn_rbo_ENAdeqneS-RmRw,1,@elmorodriguez6978,@josecarrera9623
UCL1MT278vSaQ83ZDkVWn1gw,UCsJJAvrVGupdmhOqgtDp8dg,1,@elmorodriguez6978,@nestorlorenzana1168
UCL1MT278vSaQ83ZDkVWn1gw,UCsSXdJct-nsS8DsABoEsaYA,1,@elmorodriguez6978,@IvánPérez-j4j
UCL1MT278vSaQ83ZDkVWn1gw,UCsUCN0Yq_UyTvKjOJLmNrnQ,1,@elmorodriguez6978,@moisesvaldez4043
UCL1MT278vSaQ83ZDkVWn1gw,UCsjs5Hp_r86x1xbK6FAeqaA,1,@elmorodriguez6978,@alvaroesquivel563
UCL1MT278vSaQ83ZDkVWn1gw,UCtNfIBnc5S5DbbQj_yxgJTw,1,@elmorodriguez6978,@JosueRamirez-ey3ih
UCL1MT278vSaQ83ZDkVWn1gw,UCtUR3_CAiE7fCoZHM6cMfyQ,1,@elmorodriguez6978,@mdelcid01
UCL1MT278vSaQ83ZDkVWn1gw,UCueV9cTyTDwgQSec1x2dYgA,1,@elmorodriguez6978,@fredydomingo7062
UCL1MT278vSaQ83ZDkVWn1gw,UCujPF2nBgsTD62nWE3lcpIg,1,@elmorodriguez6978,@victorarturoruanobautista7588
UCL1MT278vSaQ83ZDkVWn1gw,UCut6b9S98nv84cVX89PmKzA,1,@elmorodriguez6978,@yeniferaguirre4498
UCL1MT278vSaQ83ZDkVWn1gw,UCvApqeCbLod-wejtT4CcVuA,1,@elmorodriguez6978,@davidgaher9550
UCL1MT278vSaQ83ZDkVWn1gw,UCwO2SXr0ggzwg6QWWrr01nQ,1,@elmorodriguez6978,@ricardofigueroa5720
UCL1MT278vSaQ83ZDkVWn1gw,UCwW2OFy95P7ZBkOPxWkpvYg,1,@elmorodriguez6978,@TeresaLucero-b5o
UCL1MT278vSaQ83ZDkVWn1gw,UCwha8rxULYMVtNwZWeSkE1A,1,@elmorodriguez6978,@mariasamo8637
UCL1MT278vSaQ83ZDkVWn1gw,UCxff05WuyvwELNITi7bj7UA,1,@elmorodriguez6978,@markoherrera
UCL1MT278vSaQ83ZDkVWn1gw,UCySYJU5kUh7X8gVt9la2ISA,1,@elmorodriguez6978,@dantesarti4351
UCL1MT278vSaQ83ZDkVWn1gw,UCylqlpsh8ENNM1LqgQ1KbxA,1,@elmorodriguez6978,@Jel.Awesh.M
UCL1MT278vSaQ83ZDkVWn1gw,UCz3gu01bmjNv0DpRq-K3XYg,1,@elmorodriguez6978,@eusebiovasquez4385
UCL1MT278vSaQ83ZDkVWn1gw,UCzSfZlOVxBSs5ObD25ywxDQ,1,@elmorodriguez6978,@GilmarMaldonado-q9m
UCL1MT278vSaQ83ZDkVWn1gw,UCzoL2l5H5eVlorWGH8AZfAg,1,@elmorodriguez6978,@jor77cas
UCLFdHr9BEbXHkoJopbEPLZw,UCLggDc_a5HriXv7I1h02sOA,1,@kanterra4584,@guillermogonzalez5153
UCLFdHr9BEbXHkoJopbEPLZw,UCN6qbfPSzFtjhqUDZ3Cv3CQ,1,@kanterra4584,@carlosmedranovelasquez6380
UCLFdHr9BEbXHkoJopbEPLZw,UCNBnKqWf4d-rS4HwJRQljmQ,1,@kanterra4584,@LE_A22
UCLFdHr9BEbXHkoJopbEPLZw,UCNkcuy42zEwddwEcOd_HpnA,1,@kanterra4584,@vanigomez492
UCLFdHr9BEbXHkoJopbEPLZw,UCOLGv5Pf6BF2wFcwUzgcvHg,1,@kanterra4584,@welfrealdana5559
UCLFdHr9BEbXHkoJopbEPLZw,UCOS8ViEkccrTZx2w2ccxotA,1,@kanterra4584,@OscarHernandez-q8y
UCLFdHr9BEbXHkoJopbEPLZw,UCOh6DaZC_x9HASnlRylEMfw,1,@kanterra4584,@AndresMedina-v1s
UCLFdHr9BEbXHkoJopbEPLZw,UCQ_-LPP8JAbfkc-b1Q6NvWw,1,@kanterra4584,@MegaKristenstewart
UCLFdHr9BEbXHkoJopbEPLZw,UCQgYjVngJRfPHDLGB5X6ZjA,1,@kanterra4584,@oscarnavas9996
UCLFdHr9BEbXHkoJopbEPLZw,UCQqetiwzzmRNTM5OWuXarGQ,1,@kanterra4584,@isaiaslopezvelasquez1539
UCLFdHr9BEbXHkoJopbEPLZw,UCQtICyzWmhC5woCtbNgaSmg,1,@kanterra4584,@nestormendez6216
UCLFdHr9BEbXHkoJopbEPLZw,UCQtSFINs1h6GHkpg9o5kMvg,1,@kanterra4584,@MacarioMartinezruiz
UCLFdHr9BEbXHkoJopbEPLZw,UCRETAiYdh2dL5ZxB0_N1zDA,1,@kanterra4584,@Joseroland21
UCLFdHr9BEbXHkoJopbEPLZw,UCRelkU8JiZBytTzebJxaa-w,1,@kanterra4584,@danyraymundo2942
UCLFdHr9BEbXHkoJopbEPLZw,UCRlCV9zSn7avAWh-9_XFWqQ,1,@kanterra4584,@ronyarana8849
UCLFdHr9BEbXHkoJopbEPLZw,UCSou6a2OuYGSvPjm5psquyA,1,@kanterra4584,@FranciscoRivera-sf7ne
UCLFdHr9BEbXHkoJopbEPLZw,UCTD6q1nyIe3Y7HhqjaMj72w,1,@kanterra4584,@JuanChang-r6k
UCLFdHr9BEbXHkoJopbEPLZw,UCTP3O0rMnc8z8v8jaDQwL0w,1,@kanterra4584,@RobertoZelaya-x1v
UCLFdHr9BEbXHkoJopbEPLZw,UCThW2XNsAaBKme5PUt7n-Zg,1,@kanterra4584,@thelmamoran8565
UCLFdHr9BEbXHkoJopbEPLZw,UCTwSut16JyAg3mX6LVUNGqA,1,@kanterra4584,@SuperVictor2005
UCLFdHr9BEbXHkoJopbEPLZw,UCTylKrsqkrBKIqubMu_5N0Q,1,@kanterra4584,@edwingeovanymarroquinmarro6684
UCLFdHr9BEbXHkoJopbEPLZw,UCUIIIPTVDVHAXqhC_5V6lPA,1,@kanterra4584,@gorrarota
UCLFdHr9BEbXHkoJopbEPLZw,UCV0iizTBoOfdAFX_thfI9BA,1,@kanterra4584,@BenjaminLarios-jd8nk
UCLFdHr9BEbXHkoJopbEPLZw,UCWIZUtKJ636y-4TYrNvok0g,1,@kanterra4584,@cesarandreas7824
UCLFdHr9BEbXHkoJopbEPLZw,UCXSkL3ejZ8qWYyF_M7s_QKA,1,@kanterra4584,@JacintaTzoy
UCLFdHr9BEbXHkoJopbEPLZw,UCXXh7yg5KUFIWylTiKVEFKQ,1,@kanterra4584,@MrDuenderojo
UCLFdHr9BEbXHkoJopbEPLZw,UCXgr7vXlRrsaskPdo097kGA,1,@kanterra4584,@Rogergh-nw4oj
UCLFdHr9BEbXHkoJopbEPLZw,UCXr8_5WtGeipe4haOoQDgyQ,1,@kanterra4584,@amyherrera7352
UCLFdHr9BEbXHkoJopbEPLZw,UCYN4wSQ1Sx4_LurxLlW7MPg,1,@kanterra4584,@belarminavillatoro6474
UCLFdHr9BEbXHkoJopbEPLZw,UCYwpX26TrCxq8TvbKGRYLXA,1,@kanterra4584,@beneficioelcaminovillacana8540
UCLFdHr9BEbXHkoJopbEPLZw,UCZ51R_9Q9C0c8I3pAWhtmjQ,1,@kanterra4584,@belvettzapeta1251
UCLFdHr9BEbXHkoJopbEPLZw,UCZLG9qH0tUjNhEGFIUt0CYw,1,@kanterra4584,@SoniaMarroquin-y6e
UCLFdHr9BEbXHkoJopbEPLZw,UCcfdg8crmMJwEuLUsAhV7yg,1,@kanterra4584,@RolandoRaguay
UCLFdHr9BEbXHkoJopbEPLZw,UCfM3nrxtTQMY5jFx1v1J4Gg,1,@kanterra4584,@edgarroldan5539
UCLFdHr9BEbXHkoJopbEPLZw,UCgvw7xIdGFupzpt1Y_BFkEA,1,@kanterra4584,@fredygarcia9151
UCLFdHr9BEbXHkoJopbEPLZw,UCh5ESQvtzyHDhCA7XyekCFA,1,@kanterra4584,@andyB5280
UCLFdHr9BEbXHkoJopbEPLZw,UChZknRmJkeGeQk0-mQuhDOg,1,@kanterra4584,@OdilioRodríguez-c5w
UCLFdHr9BEbXHkoJopbEPLZw,UChep9kVb5gQmpodEEl10Xlg,1,@kanterra4584,@carlosaguilar-kz7ml
UCLFdHr9BEbXHkoJopbEPLZw,UChgkn5Jt5tWKYMoEOuCjz3Q,1,@kanterra4584,@pablochitay46
UCLFdHr9BEbXHkoJopbEPLZw,UChs3tU2BcKOT0CezykvAsGw,1,@kanterra4584,@byronpontaza
UCLFdHr9BEbXHkoJopbEPLZw,UCi1b_TRQfgO1Z9O2gNGGWNA,1,@kanterra4584,@davidisraelesquitsaquil
UCLFdHr9BEbXHkoJopbEPLZw,UCiGRBf2RNF0WRKhRVT7zFoA,1,@kanterra4584,@edwinavila4876
UCLFdHr9BEbXHkoJopbEPLZw,UCiMythXHsw7eQEMykCdmMUA,1,@kanterra4584,@JavierBecerra-h6x
UCLFdHr9BEbXHkoJopbEPLZw,UCipetjeiWj4CZB6EbyYziZg,1,@kanterra4584,@OseasSamayoa-ol5rz
UCLFdHr9BEbXHkoJopbEPLZw,UCj-LL25XJnjxepPKCc3NGog,1,@kanterra4584,@anaaguirre8985
UCLFdHr9BEbXHkoJopbEPLZw,UCjSKM9j0Q7HLDr1hD6D-TUw,1,@kanterra4584,@josehidalgo4875
UCLFdHr9BEbXHkoJopbEPLZw,UCjmPuazZJzscrwvk0QR9RVw,1,@kanterra4584,@mynorrodas8591
UCLFdHr9BEbXHkoJopbEPLZw,UCkd9W714-947dEE6ZOEBATA,1,@kanterra4584,@ARGELIATELON
UCLFdHr9BEbXHkoJopbEPLZw,UCl0ekS9Tt0jJGtOEM18S63w,1,@kanterra4584,@monkchapin
UCLFdHr9BEbXHkoJopbEPLZw,UCljDbleJul41G1TzOjOZAVA,1,@kanterra4584,@hectorcarranza3777
UCLFdHr9BEbXHkoJopbEPLZw,UCmjppp6ujz3SAnULvP3sZMw,1,@kanterra4584,@marcomendez7509
UCLFdHr9BEbXHkoJopbEPLZw,UCmvOgzmmXbjUthHy-WJ52hQ,1,@kanterra4584,@mariorodas593
UCLFdHr9BEbXHkoJopbEPLZw,UCp4iw5_5SmV9VGTFSNVGOmQ,1,@kanterra4584,@CARLOSSTREMS51
UCLFdHr9BEbXHkoJopbEPLZw,UCpIdtvoFHVLGASGB5ySqIEA,1,@kanterra4584,@VidalVillatoro-p4w
UCLFdHr9BEbXHkoJopbEPLZw,UCpl8rF8uv_8uui-QRvuJaRA,1,@kanterra4584,@SergioGarcia-z9c
UCLFdHr9BEbXHkoJopbEPLZw,UCplrIQtaPj6au60_f2-mOYw,1,@kanterra4584,@romeolopezherrarte799
UCLFdHr9BEbXHkoJopbEPLZw,UCpsKOkt5iWTbenzeuq7dsmQ,1,@kanterra4584,@inge_vergueta
UCLFdHr9BEbXHkoJopbEPLZw,UCr1emrogPKkKTs_WTtx71xg,1,@kanterra4584,@domingopeneleu6457
UCLFdHr9BEbXHkoJopbEPLZw,UCrJn_rbo_ENAdeqneS-RmRw,1,@kanterra4584,@josecarrera9623
UCLFdHr9BEbXHkoJopbEPLZw,UCsJJAvrVGupdmhOqgtDp8dg,1,@kanterra4584,@nestorlorenzana1168
UCLFdHr9BEbXHkoJopbEPLZw,UCsSXdJct-nsS8DsABoEsaYA,1,@kanterra4584,@IvánPérez-j4j
UCLFdHr9BEbXHkoJopbEPLZw,UCsUCN0Yq_UyTvKjOJLmNrnQ,1,@kanterra4584,@moisesvaldez4043
UCLFdHr9BEbXHkoJopbEPLZw,UCsjs5Hp_r86x1xbK6FAeqaA,1,@kanterra4584,@alvaroesquivel563
UCLFdHr9BEbXHkoJopbEPLZw,UCtNfIBnc5S5DbbQj_yxgJTw,1,@kanterra4584,@JosueRamirez-ey3ih
UCLFdHr9BEbXHkoJopbEPLZw,UCtUR3_CAiE7fCoZHM6cMfyQ,1,@kanterra4584,@mdelcid01
UCLFdHr9BEbXHkoJopbEPLZw,UCueV9cTyTDwgQSec1x2dYgA,1,@kanterra4584,@fredydomingo7062
UCLFdHr9BEbXHkoJopbEPLZw,UCujPF2nBgsTD62nWE3lcpIg,1,@kanterra4584,@victorarturoruanobautista7588
UCLFdHr9BEbXHkoJopbEPLZw,UCut6b9S98nv84cVX89PmKzA,1,@kanterra4584,@yeniferaguirre4498
UCLFdHr9BEbXHkoJopbEPLZw,UCvApqeCbLod-wejtT4CcVuA,1,@kanterra4584,@davidgaher9550
UCLFdHr9BEbXHkoJopbEPLZw,UCwO2SXr0ggzwg6QWWrr01nQ,1,@kanterra4584,@ricardofigueroa5720
UCLFdHr9BEbXHkoJopbEPLZw,UCwW2OFy95P7ZBkOPxWkpvYg,1,@kanterra4584,@TeresaLucero-b5o
UCLFdHr9BEbXHkoJopbEPLZw,UCwha8rxULYMVtNwZWeSkE1A,1,@kanterra4584,@mariasamo8637
UCLFdHr9BEbXHkoJopbEPLZw,UCxff05WuyvwELNITi7bj7UA,1,@kanterra4584,@markoherrera
UCLFdHr9BEbXHkoJopbEPLZw,UCySYJU5kUh7X8gVt9la2ISA,1,@kanterra4584,@dantesarti4351
UCLFdHr9BEbXHkoJopbEPLZw,UCylqlpsh8ENNM1LqgQ1KbxA,1,@kanterra4584,@Jel.Awesh.M
UCLFdHr9BEbXHkoJopbEPLZw,UCz3gu01bmjNv0DpRq-K3XYg,1,@kanterra4584,@eusebiovasquez4385
UCLFdHr9BEbXHkoJopbEPLZw,UCzSfZlOVxBSs5ObD25ywxDQ,1,@kanterra4584,@GilmarMaldonado-q9m
UCLFdHr9BEbXHkoJopbEPLZw,UCzoL2l5H5eVlorWGH8AZfAg,1,@kanterra4584,@jor77cas
UCLXYp1Cvc5DLtq5UQL5D9vw,UCO0zwwLWGyDgQmWPJ5Qrr1w,1,@jorgecifuentes-m5g,@elsalvador3605
UCLXYp1Cvc5DLtq5UQL5D9vw,UCXN2s7DwTJm33xO-pNkAdaA,1,@jorgecifuentes-m5g,@edithsan7688
UCLXYp1Cvc5DLtq5UQL5D9vw,UC_3xuTXvMIWU5MYP9HkJ3vQ,1,@jorgecifuentes-m5g,@Historia-wm4os
UCLXYp1Cvc5DLtq5UQL5D9vw,UCfXykdbSU97rj987LDUGfvg,1,@jorgecifuentes-m5g,@MariaSantos-c8y3h
UCLXYp1Cvc5DLtq5UQL5D9vw,UCfjhejO7LZy4doXURa7LZCQ,1,@jorgecifuentes-m5g,@HonwayLee-z5g
UCLXYp1Cvc5DLtq5UQL5D9vw,UCjZgFEowMBrsjodqfovzdKw,1,@jorgecifuentes-m5g,@franciscoflores3120
UCLXYp1Cvc5DLtq5UQL5D9vw,UCq3mDTTRZnUybct5M9OSXbg,1,@jorgecifuentes-m5g,@MacoMorales-i2i2d
UCLXYp1Cvc5DLtq5UQL5D9vw,UCvl1tzQeBeGy6efPTRJXSCw,1,@jorgecifuentes-m5g,@RaulPerez-cw2vi
UCLXYp1Cvc5DLtq5UQL5D9vw,UCwCfs-2zbD5k0lG-UVg_JBw,1,@jorgecifuentes-m5g,@JessicaHuaz-96
UCLggDc_a5HriXv7I1h02sOA,UCN6qbfPSzFtjhqUDZ3Cv3CQ,1,@guillermogonzalez5153,@carlosmedranovelasquez6380
UCLggDc_a5HriXv7I1h02sOA,UCNBnKqWf4d-rS4HwJRQljmQ,1,@guillermogonzalez5153,@LE_A22
UCLggDc_a5HriXv7I1h02sOA,UCNkcuy42zEwddwEcOd_HpnA,1,@guillermogonzalez5153,@vanigomez492
UCLggDc_a5HriXv7I1h02sOA,UCOLGv5Pf6BF2wFcwUzgcvHg,1,@guillermogonzalez5153,@welfrealdana5559
UCLggDc_a5HriXv7I1h02sOA,UCOS8ViEkccrTZx2w2ccxotA,1,@guillermogonzalez5153,@OscarHernandez-q8y
UCLggDc_a5HriXv7I1h02sOA,UCOh6DaZC_x9HASnlRylEMfw,1,@guillermogonzalez5153,@AndresMedina-v1s
UCLggDc_a5HriXv7I1h02sOA,UCQ_-LPP8JAbfkc-b1Q6NvWw,1,@guillermogonzalez5153,@MegaKristenstewart
UCLggDc_a5HriXv7I1h02sOA,UCQgYjVngJRfPHDLGB5X6ZjA,1,@guillermogonzalez5153,@oscarnavas9996
UCLggDc_a5HriXv7I1h02sOA,UCQqetiwzzmRNTM5OWuXarGQ,1,@guillermogonzalez5153,@isaiaslopezvelasquez1539
UCLggDc_a5HriXv7I1h02sOA,UCQtICyzWmhC5woCtbNgaSmg,1,@guillermogonzalez5153,@nestormendez6216
UCLggDc_a5HriXv7I1h02sOA,UCQtSFINs1h6GHkpg9o5kMvg,1,@guillermogonzalez5153,@MacarioMartinezruiz
UCLggDc_a5HriXv7I1h02sOA,UCRETAiYdh2dL5ZxB0_N1zDA,1,@guillermogonzalez5153,@Joseroland21
UCLggDc_a5HriXv7I1h02sOA,UCRelkU8JiZBytTzebJxaa-w,1,@guillermogonzalez5153,@danyraymundo2942
UCLggDc_a5HriXv7I1h02sOA,UCRlCV9zSn7avAWh-9_XFWqQ,1,@guillermogonzalez5153,@ronyarana8849
UCLggDc_a5HriXv7I1h02sOA,UCSou6a2OuYGSvPjm5psquyA,1,@guillermogonzalez5153,@FranciscoRivera-sf7ne
UCLggDc_a5HriXv7I1h02sOA,UCTD6q1nyIe3Y7HhqjaMj72w,1,@guillermogonzalez5153,@JuanChang-r6k
UCLggDc_a5HriXv7I1h02sOA,UCTP3O0rMnc8z8v8jaDQwL0w,1,@guillermogonzalez5153,@RobertoZelaya-x1v
UCLggDc_a5HriXv7I1h02sOA,UCThW2XNsAaBKme5PUt7n-Zg,1,@guillermogonzalez5153,@thelmamoran8565
UCLggDc_a5HriXv7I1h02sOA,UCTwSut16JyAg3mX6LVUNGqA,1,@guillermogonzalez5153,@SuperVictor2005
UCLggDc_a5HriXv7I1h02sOA,UCTylKrsqkrBKIqubMu_5N0Q,1,@guillermogonzalez5153,@edwingeovanymarroquinmarro6684
UCLggDc_a5HriXv7I1h02sOA,UCUIIIPTVDVHAXqhC_5V6lPA,1,@guillermogonzalez5153,@gorrarota
UCLggDc_a5HriXv7I1h02sOA,UCV0iizTBoOfdAFX_thfI9BA,1,@guillermogonzalez5153,@BenjaminLarios-jd8nk
UCLggDc_a5HriXv7I1h02sOA,UCWIZUtKJ636y-4TYrNvok0g,1,@guillermogonzalez5153,@cesarandreas7824
UCLggDc_a5HriXv7I1h02sOA,UCXSkL3ejZ8qWYyF_M7s_QKA,1,@guillermogonzalez5153,@JacintaTzoy
UCLggDc_a5HriXv7I1h02sOA,UCXXh7yg5KUFIWylTiKVEFKQ,1,@guillermogonzalez5153,@MrDuenderojo
UCLggDc_a5HriXv7I1h02sOA,UCXgr7vXlRrsaskPdo097kGA,1,@guillermogonzalez5153,@Rogergh-nw4oj
UCLggDc_a5HriXv7I1h02sOA,UCXr8_5WtGeipe4haOoQDgyQ,1,@guillermogonzalez5153,@amyherrera7352
UCLggDc_a5HriXv7I1h02sOA,UCYN4wSQ1Sx4_LurxLlW7MPg,1,@guillermogonzalez5153,@belarminavillatoro6474
UCLggDc_a5HriXv7I1h02sOA,UCYwpX26TrCxq8TvbKGRYLXA,1,@guillermogonzalez5153,@beneficioelcaminovillacana8540
UCLggDc_a5HriXv7I1h02sOA,UCZ51R_9Q9C0c8I3pAWhtmjQ,1,@guillermogonzalez5153,@belvettzapeta1251
UCLggDc_a5HriXv7I1h02sOA,UCZLG9qH0tUjNhEGFIUt0CYw,1,@guillermogonzalez5153,@SoniaMarroquin-y6e
UCLggDc_a5HriXv7I1h02sOA,UCcfdg8crmMJwEuLUsAhV7yg,1,@guillermogonzalez5153,@RolandoRaguay
UCLggDc_a5HriXv7I1h02sOA,UCfM3nrxtTQMY5jFx1v1J4Gg,1,@guillermogonzalez5153,@edgarroldan5539
UCLggDc_a5HriXv7I1h02sOA,UCgvw7xIdGFupzpt1Y_BFkEA,1,@guillermogonzalez5153,@fredygarcia9151
UCLggDc_a5HriXv7I1h02sOA,UCh5ESQvtzyHDhCA7XyekCFA,1,@guillermogonzalez5153,@andyB5280
UCLggDc_a5HriXv7I1h02sOA,UChZknRmJkeGeQk0-mQuhDOg,1,@guillermogonzalez5153,@OdilioRodríguez-c5w
UCLggDc_a5HriXv7I1h02sOA,UChep9kVb5gQmpodEEl10Xlg,1,@guillermogonzalez5153,@carlosaguilar-kz7ml
UCLggDc_a5HriXv7I1h02sOA,UChgkn5Jt5tWKYMoEOuCjz3Q,1,@guillermogonzalez5153,@pablochitay46
UCLggDc_a5HriXv7I1h02sOA,UChs3tU2BcKOT0CezykvAsGw,1,@guillermogonzalez5153,@byronpontaza
UCLggDc_a5HriXv7I1h02sOA,UCi1b_TRQfgO1Z9O2gNGGWNA,1,@guillermogonzalez5153,@davidisraelesquitsaquil
UCLggDc_a5HriXv7I1h02sOA,UCiGRBf2RNF0WRKhRVT7zFoA,1,@guillermogonzalez5153,@edwinavila4876
UCLggDc_a5HriXv7I1h02sOA,UCiMythXHsw7eQEMykCdmMUA,1,@guillermogonzalez5153,@JavierBecerra-h6x
UCLggDc_a5HriXv7I1h02sOA,UCipetjeiWj4CZB6EbyYziZg,1,@guillermogonzalez5153,@OseasSamayoa-ol5rz
UCLggDc_a5HriXv7I1h02sOA,UCj-LL25XJnjxepPKCc3NGog,1,@guillermogonzalez5153,@anaaguirre8985
UCLggDc_a5HriXv7I1h02sOA,UCjSKM9j0Q7HLDr1hD6D-TUw,1,@guillermogonzalez5153,@josehidalgo4875
UCLggDc_a5HriXv7I1h02sOA,UCjmPuazZJzscrwvk0QR9RVw,1,@guillermogonzalez5153,@mynorrodas8591
UCLggDc_a5HriXv7I1h02sOA,UCkd9W714-947dEE6ZOEBATA,1,@guillermogonzalez5153,@ARGELIATELON
UCLggDc_a5HriXv7I1h02sOA,UCl0ekS9Tt0jJGtOEM18S63w,1,@guillermogonzalez5153,@monkchapin
UCLggDc_a5HriXv7I1h02sOA,UCljDbleJul41G1TzOjOZAVA,1,@guillermogonzalez5153,@hectorcarranza3777
UCLggDc_a5HriXv7I1h02sOA,UCmjppp6ujz3SAnULvP3sZMw,1,@guillermogonzalez5153,@marcomendez7509
UCLggDc_a5HriXv7I1h02sOA,UCmvOgzmmXbjUthHy-WJ52hQ,1,@guillermogonzalez5153,@mariorodas593
UCLggDc_a5HriXv7I1h02sOA,UCp4iw5_5SmV9VGTFSNVGOmQ,1,@guillermogonzalez5153,@CARLOSSTREMS51
UCLggDc_a5HriXv7I1h02sOA,UCpIdtvoFHVLGASGB5ySqIEA,1,@guillermogonzalez5153,@VidalVillatoro-p4w
UCLggDc_a5HriXv7I1h02sOA,UCpl8rF8uv_8uui-QRvuJaRA,1,@guillermogonzalez5153,@SergioGarcia-z9c
UCLggDc_a5HriXv7I1h02sOA,UCplrIQtaPj6au60_f2-mOYw,1,@guillermogonzalez5153,@romeolopezherrarte799
UCLggDc_a5HriXv7I1h02sOA,UCpsKOkt5iWTbenzeuq7dsmQ,1,@guillermogonzalez5153,@inge_vergueta
UCLggDc_a5HriXv7I1h02sOA,UCr1emrogPKkKTs_WTtx71xg,1,@guillermogonzalez5153,@domingopeneleu6457
UCLggDc_a5HriXv7I1h02sOA,UCrJn_rbo_ENAdeqneS-RmRw,1,@guillermogonzalez5153,@josecarrera9623
UCLggDc_a5HriXv7I1h02sOA,UCsJJAvrVGupdmhOqgtDp8dg,1,@guillermogonzalez5153,@nestorlorenzana1168
UCLggDc_a5HriXv7I1h02sOA,UCsSXdJct-nsS8DsABoEsaYA,1,@guillermogonzalez5153,@IvánPérez-j4j
UCLggDc_a5HriXv7I1h02sOA,UCsUCN0Yq_UyTvKjOJLmNrnQ,1,@guillermogonzalez5153,@moisesvaldez4043
UCLggDc_a5HriXv7I1h02sOA,UCsjs5Hp_r86x1xbK6FAeqaA,1,@guillermogonzalez5153,@alvaroesquivel563
UCLggDc_a5HriXv7I1h02sOA,UCtNfIBnc5S5DbbQj_yxgJTw,1,@guillermogonzalez5153,@JosueRamirez-ey3ih
UCLggDc_a5HriXv7I1h02sOA,UCtUR3_CAiE7fCoZHM6cMfyQ,1,@guillermogonzalez5153,@mdelcid01
UCLggDc_a5HriXv7I1h02sOA,UCueV9cTyTDwgQSec1x2dYgA,1,@guillermogonzalez5153,@fredydomingo7062
UCLggDc_a5HriXv7I1h02sOA,UCujPF2nBgsTD62nWE3lcpIg,1,@guillermogonzalez5153,@victorarturoruanobautista7588
UCLggDc_a5HriXv7I1h02sOA,UCut6b9S98nv84cVX89PmKzA,1,@guillermogonzalez5153,@yeniferaguirre4498
UCLggDc_a5HriXv7I1h02sOA,UCvApqeCbLod-wejtT4CcVuA,1,@guillermogonzalez5153,@davidgaher9550
UCLggDc_a5HriXv7I1h02sOA,UCwO2SXr0ggzwg6QWWrr01nQ,1,@guillermogonzalez5153,@ricardofigueroa5720
UCLggDc_a5HriXv7I1h02sOA,UCwW2OFy95P7ZBkOPxWkpvYg,1,@guillermogonzalez5153,@TeresaLucero-b5o
UCLggDc_a5HriXv7I1h02sOA,UCwha8rxULYMVtNwZWeSkE1A,1,@guillermogonzalez5153,@mariasamo8637
UCLggDc_a5HriXv7I1h02sOA,UCxff05WuyvwELNITi7bj7UA,1,@guillermogonzalez5153,@markoherrera
UCLggDc_a5HriXv7I1h02sOA,UCySYJU5kUh7X8gVt9la2ISA,1,@guillermogonzalez5153,@dantesarti4351
UCLggDc_a5HriXv7I1h02sOA,UCylqlpsh8ENNM1LqgQ1KbxA,1,@guillermogonzalez5153,@Jel.Awesh.M
UCLggDc_a5HriXv7I1h02sOA,UCz3gu01bmjNv0DpRq-K3XYg,1,@guillermogonzalez5153,@eusebiovasquez4385
UCLggDc_a5HriXv7I1h02sOA,UCzSfZlOVxBSs5ObD25ywxDQ,1,@guillermogonzalez5153,@GilmarMaldonado-q9m
UCLggDc_a5HriXv7I1h02sOA,UCzoL2l5H5eVlorWGH8AZfAg,1,@guillermogonzalez5153,@jor77cas
UCLh1Kde4_vI1sTZBkTNP7RQ,UCdFlugHJJa4l3YqWuNRmvXw,1,@JoelReynoso-d4r,@MarcosCarillo-b1r
UCLh1Kde4_vI1sTZBkTNP7RQ,UCfRqgt2O-vjzUDMZY_tnxQw,1,@JoelReynoso-d4r,@Williams-Garcia67E
UCLh1Kde4_vI1sTZBkTNP7RQ,UCk4O-J1BhoqPmig1KLGJePA,1,@JoelReynoso-d4r,@lazarobarillas3575
UCN2N_wYOw6fMwCeSzdXLPIw,UCNIeXbV_mEwpa412h1aqUWw,1,@danielantoniogonzalezflore4901,@juandeleon9060
UCN2N_wYOw6fMwCeSzdXLPIw,UCPZueDLrCS4BmTBRMA4q0fA,1,@danielantoniogonzalezflore4901,@kevinochoa3695
UCN2N_wYOw6fMwCeSzdXLPIw,UCVQf0tzL7xRzFJsABVVULpg,1,@danielantoniogonzalezflore4901,@DennisseLopetegi
UCN2N_wYOw6fMwCeSzdXLPIw,UCbYoNG5J3Au5BqtbXogfEFw,1,@danielantoniogonzalezflore4901,@Luis-gn3fj
UCN2N_wYOw6fMwCeSzdXLPIw,UCf5lnNZF7Qrtli9v4N_23WQ,1,@danielantoniogonzalezflore4901,@CarlosCortez-v5r
UCN2N_wYOw6fMwCeSzdXLPIw,UCg3eIfd7BrsLEqS0BLkftHA,1,@danielantoniogonzalezflore4901,@ErmePérez-q4s
UCN2N_wYOw6fMwCeSzdXLPIw,UCgQJgI9vu1FI2dnC9mrFthw,1,@danielantoniogonzalezflore4901,@srms70
UCN2N_wYOw6fMwCeSzdXLPIw,UClsrFGJKWPxxw7MiaEdKLXw,1,@danielantoniogonzalezflore4901,@ericapaz5406
UCN2N_wYOw6fMwCeSzdXLPIw,UCtNyHmRZtvGF2hSvI2dUBWw,1,@danielantoniogonzalezflore4901,@aureliomaldonado4793
UCN2N_wYOw6fMwCeSzdXLPIw,UCuP4UK33HKtJE_S39ksmaTw,1,@danielantoniogonzalezflore4901,@herbertaguilar1387
UCN2N_wYOw6fMwCeSzdXLPIw,UCusjriFsDHEc2AOjqk-p5ig,1,@danielantoniogonzalezflore4901,@pablobarrios7931
UCN2N_wYOw6fMwCeSzdXLPIw,UCzZ6dDCEsLMXbc5pCFXIprw,1,@danielantoniogonzalezflore4901,@josegil3813
UCN6qbfPSzFtjhqUDZ3Cv3CQ,UCNBnKqWf4d-rS4HwJRQljmQ,1,@carlosmedranovelasquez6380,@LE_A22
UCN6qbfPSzFtjhqUDZ3Cv3CQ,UCNkcuy42zEwddwEcOd_HpnA,1,@carlosmedranovelasquez6380,@vanigomez492
UCN6qbfPSzFtjhqUDZ3Cv3CQ,UCOLGv5Pf6BF2wFcwUzgcvHg,1,@carlosmedranovelasquez6380,@welfrealdana5559
UCN6qbfPSzFtjhqUDZ3Cv3CQ,UCOS8ViEkccrTZx2w2ccxotA,1,@carlosmedranovelasquez6380,@OscarHernandez-q8y
UCN6qbfPSzFtjhqUDZ3Cv3CQ,UCOh6DaZC_x9HASnlRylEMfw,1,@carlosmedranovelasquez6380,@AndresMedina-v1s
UCN6qbfPSzFtjhqUDZ3Cv3CQ,UCQ_-LPP8JAbfkc-b1Q6NvWw,1,@carlosmedranovelasquez6380,@MegaKristenstewart
UCN6qbfPSzFtjhqUDZ3Cv3CQ,UCQgYjVngJRfPHDLGB5X6ZjA,1,@carlosmedranovelasquez6380,@oscarnavas9996
UCN6qbfPSzFtjhqUDZ3Cv3CQ,UCQqetiwzzmRNTM5OWuXarGQ,1,@carlosmedranovelasquez6380,@isaiaslopezvelasquez1539
UCN6qbfPSzFtjhqUDZ3Cv3CQ,UCQtICyzWmhC5woCtbNgaSmg,1,@carlosmedranovelasquez6380,@nestormendez6216
UCN6qbfPSzFtjhqUDZ3Cv3CQ,UCQtSFINs1h6GHkpg9o5kMvg,1,@carlosmedranovelasquez6380,@MacarioMartinezruiz
UCN6qbfPSzFtjhqUDZ3Cv3CQ,UCRETAiYdh2dL5ZxB0_N1zDA,1,@carlosmedranovelasquez6380,@Joseroland21
UCN6qbfPSzFtjhqUDZ3Cv3CQ,UCRelkU8JiZBytTzebJxaa-w,1,@carlosmedranovelasquez6380,@danyraymundo2942
UCN6qbfPSzFtjhqUDZ3Cv3CQ,UCRlCV9zSn7avAWh-9_XFWqQ,1,@carlosmedranovelasquez6380,@ronyarana8849
UCN6qbfPSzFtjhqUDZ3Cv3CQ,UCSou6a2OuYGSvPjm5psquyA,1,@carlosmedranovelasquez6380,@FranciscoRivera-sf7ne
UCN6qbfPSzFtjhqUDZ3Cv3CQ,UCTD6q1nyIe3Y7HhqjaMj72w,1,@carlosmedranovelasquez6380,@JuanChang-r6k
UCN6qbfPSzFtjhqUDZ3Cv3CQ,UCTP3O0rMnc8z8v8jaDQwL0w,1,@carlosmedranovelasquez6380,@RobertoZelaya-x1v
UCN6qbfPSzFtjhqUDZ3Cv3CQ,UCThW2XNsAaBKme5PUt7n-Zg,1,@carlosmedranovelasquez6380,@thelmamoran8565
UCN6qbfPSzFtjhqUDZ3Cv3CQ,UCTwSut16JyAg3mX6LVUNGqA,1,@carlosmedranovelasquez6380,@SuperVictor2005
UCN6qbfPSzFtjhqUDZ3Cv3CQ,UCTylKrsqkrBKIqubMu_5N0Q,1,@carlosmedranovelasquez6380,@edwingeovanymarroquinmarro6684
UCN6qbfPSzFtjhqUDZ3Cv3CQ,UCUIIIPTVDVHAXqhC_5V6lPA,1,@carlosmedranovelasquez6380,@gorrarota
UCN6qbfPSzFtjhqUDZ3Cv3CQ,UCV0iizTBoOfdAFX_thfI9BA,1,@carlosmedranovelasquez6380,@BenjaminLarios-jd8nk
UCN6qbfPSzFtjhqUDZ3Cv3CQ,UCWIZUtKJ636y-4TYrNvok0g,1,@carlosmedranovelasquez6380,@cesarandreas7824
UCN6qbfPSzFtjhqUDZ3Cv3CQ,UCXSkL3ejZ8qWYyF_M7s_QKA,1,@carlosmedranovelasquez6380,@JacintaTzoy
UCN6qbfPSzFtjhqUDZ3Cv3CQ,UCXXh7yg5KUFIWylTiKVEFKQ,1,@carlosmedranovelasquez6380,@MrDuenderojo
UCN6qbfPSzFtjhqUDZ3Cv3CQ,UCXgr7vXlRrsaskPdo097kGA,1,@carlosmedranovelasquez6380,@Rogergh-nw4oj
UCN6qbfPSzFtjhqUDZ3Cv3CQ,UCXr8_5WtGeipe4haOoQDgyQ,1,@carlosmedranovelasquez6380,@amyherrera7352
UCN6qbfPSzFtjhqUDZ3Cv3CQ,UCYN4wSQ1Sx4_LurxLlW7MPg,1,@carlosmedranovelasquez6380,@belarminavillatoro6474
UCN6qbfPSzFtjhqUDZ3Cv3CQ,UCYwpX26TrCxq8TvbKGRYLXA,1,@carlosmedranovelasquez6380,@beneficioelcaminovillacana8540
UCN6qbfPSzFtjhqUDZ3Cv3CQ,UCZ51R_9Q9C0c8I3pAWhtmjQ,1,@carlosmedranovelasquez6380,@belvettzapeta1251
UCN6qbfPSzFtjhqUDZ3Cv3CQ,UCZLG9qH0tUjNhEGFIUt0CYw,1,@carlosmedranovelasquez6380,@SoniaMarroquin-y6e
UCN6qbfPSzFtjhqUDZ3Cv3CQ,UCcfdg8crmMJwEuLUsAhV7yg,1,@carlosmedranovelasquez6380,@RolandoRaguay
UCN6qbfPSzFtjhqUDZ3Cv3CQ,UCfM3nrxtTQMY5jFx1v1J4Gg,1,@carlosmedranovelasquez6380,@edgarroldan5539
UCN6qbfPSzFtjhqUDZ3Cv3CQ,UCgvw7xIdGFupzpt1Y_BFkEA,1,@carlosmedranovelasquez6380,@fredygarcia9151
UCN6qbfPSzFtjhqUDZ3Cv3CQ,UCh5ESQvtzyHDhCA7XyekCFA,1,@carlosmedranovelasquez6380,@andyB5280
UCN6qbfPSzFtjhqUDZ3Cv3CQ,UChZknRmJkeGeQk0-mQuhDOg,1,@carlosmedranovelasquez6380,@OdilioRodríguez-c5w
UCN6qbfPSzFtjhqUDZ3Cv3CQ,UChep9kVb5gQmpodEEl10Xlg,1,@carlosmedranovelasquez6380,@carlosaguilar-kz7ml
UCN6qbfPSzFtjhqUDZ3Cv3CQ,UChgkn5Jt5tWKYMoEOuCjz3Q,1,@carlosmedranovelasquez6380,@pablochitay46
UCN6qbfPSzFtjhqUDZ3Cv3CQ,UChs3tU2BcKOT0CezykvAsGw,1,@carlosmedranovelasquez6380,@byronpontaza
UCN6qbfPSzFtjhqUDZ3Cv3CQ,UCi1b_TRQfgO1Z9O2gNGGWNA,1,@carlosmedranovelasquez6380,@davidisraelesquitsaquil
UCN6qbfPSzFtjhqUDZ3Cv3CQ,UCiGRBf2RNF0WRKhRVT7zFoA,1,@carlosmedranovelasquez6380,@edwinavila4876
UCN6qbfPSzFtjhqUDZ3Cv3CQ,UCiMythXHsw7eQEMykCdmMUA,1,@carlosmedranovelasquez6380,@JavierBecerra-h6x
UCN6qbfPSzFtjhqUDZ3Cv3CQ,UCipetjeiWj4CZB6EbyYziZg,1,@carlosmedranovelasquez6380,@OseasSamayoa-ol5rz
UCN6qbfPSzFtjhqUDZ3Cv3CQ,UCj-LL25XJnjxepPKCc3NGog,1,@carlosmedranovelasquez6380,@anaaguirre8985
UCN6qbfPSzFtjhqUDZ3Cv3CQ,UCjSKM9j0Q7HLDr1hD6D-TUw,1,@carlosmedranovelasquez6380,@josehidalgo4875
UCN6qbfPSzFtjhqUDZ3Cv3CQ,UCjmPuazZJzscrwvk0QR9RVw,1,@carlosmedranovelasquez6380,@mynorrodas8591
UCN6qbfPSzFtjhqUDZ3Cv3CQ,UCkd9W714-947dEE6ZOEBATA,1,@carlosmedranovelasquez6380,@ARGELIATELON
UCN6qbfPSzFtjhqUDZ3Cv3CQ,UCl0ekS9Tt0jJGtOEM18S63w,1,@carlosmedranovelasquez6380,@monkchapin
UCN6qbfPSzFtjhqUDZ3Cv3CQ,UCljDbleJul41G1TzOjOZAVA,1,@carlosmedranovelasquez6380,@hectorcarranza3777
UCN6qbfPSzFtjhqUDZ3Cv3CQ,UCmjppp6ujz3SAnULvP3sZMw,1,@carlosmedranovelasquez6380,@marcomendez7509
UCN6qbfPSzFtjhqUDZ3Cv3CQ,UCmvOgzmmXbjUthHy-WJ52hQ,1,@carlosmedranovelasquez6380,@mariorodas593
UCN6qbfPSzFtjhqUDZ3Cv3CQ,UCp4iw5_5SmV9VGTFSNVGOmQ,1,@carlosmedranovelasquez6380,@CARLOSSTREMS51
UCN6qbfPSzFtjhqUDZ3Cv3CQ,UCpIdtvoFHVLGASGB5ySqIEA,1,@carlosmedranovelasquez6380,@VidalVillatoro-p4w
UCN6qbfPSzFtjhqUDZ3Cv3CQ,UCpl8rF8uv_8uui-QRvuJaRA,1,@carlosmedranovelasquez6380,@SergioGarcia-z9c
UCN6qbfPSzFtjhqUDZ3Cv3CQ,UCplrIQtaPj6au60_f2-mOYw,1,@carlosmedranovelasquez6380,@romeolopezherrarte799
UCN6qbfPSzFtjhqUDZ3Cv3CQ,UCpsKOkt5iWTbenzeuq7dsmQ,1,@carlosmedranovelasquez6380,@inge_vergueta
UCN6qbfPSzFtjhqUDZ3Cv3CQ,UCr1emrogPKkKTs_WTtx71xg,1,@carlosmedranovelasquez6380,@domingopeneleu6457
UCN6qbfPSzFtjhqUDZ3Cv3CQ,UCrJn_rbo_ENAdeqneS-RmRw,1,@carlosmedranovelasquez6380,@josecarrera9623
UCN6qbfPSzFtjhqUDZ3Cv3CQ,UCsJJAvrVGupdmhOqgtDp8dg,1,@carlosmedranovelasquez6380,@nestorlorenzana1168
UCN6qbfPSzFtjhqUDZ3Cv3CQ,UCsSXdJct-nsS8DsABoEsaYA,1,@carlosmedranovelasquez6380,@IvánPérez-j4j
UCN6qbfPSzFtjhqUDZ3Cv3CQ,UCsUCN0Yq_UyTvKjOJLmNrnQ,1,@carlosmedranovelasquez6380,@moisesvaldez4043
UCN6qbfPSzFtjhqUDZ3Cv3CQ,UCsjs5Hp_r86x1xbK6FAeqaA,1,@carlosmedranovelasquez6380,@alvaroesquivel563
UCN6qbfPSzFtjhqUDZ3Cv3CQ,UCtNfIBnc5S5DbbQj_yxgJTw,1,@carlosmedranovelasquez6380,@JosueRamirez-ey3ih
UCN6qbfPSzFtjhqUDZ3Cv3CQ,UCtUR3_CAiE7fCoZHM6cMfyQ,1,@carlosmedranovelasquez6380,@mdelcid01
UCN6qbfPSzFtjhqUDZ3Cv3CQ,UCueV9cTyTDwgQSec1x2dYgA,1,@carlosmedranovelasquez6380,@fredydomingo7062
UCN6qbfPSzFtjhqUDZ3Cv3CQ,UCujPF2nBgsTD62nWE3lcpIg,1,@carlosmedranovelasquez6380,@victorarturoruanobautista7588
UCN6qbfPSzFtjhqUDZ3Cv3CQ,UCut6b9S98nv84cVX89PmKzA,1,@carlosmedranovelasquez6380,@yeniferaguirre4498
UCN6qbfPSzFtjhqUDZ3Cv3CQ,UCvApqeCbLod-wejtT4CcVuA,1,@carlosmedranovelasquez6380,@davidgaher9550
UCN6qbfPSzFtjhqUDZ3Cv3CQ,UCwO2SXr0ggzwg6QWWrr01nQ,1,@carlosmedranovelasquez6380,@ricardofigueroa5720
UCN6qbfPSzFtjhqUDZ3Cv3CQ,UCwW2OFy95P7ZBkOPxWkpvYg,1,@carlosmedranovelasquez6380,@TeresaLucero-b5o
UCN6qbfPSzFtjhqUDZ3Cv3CQ,UCwha8rxULYMVtNwZWeSkE1A,1,@carlosmedranovelasquez6380,@mariasamo8637
UCN6qbfPSzFtjhqUDZ3Cv3CQ,UCxff05WuyvwELNITi7bj7UA,1,@carlosmedranovelasquez6380,@markoherrera
UCN6qbfPSzFtjhqUDZ3Cv3CQ,UCySYJU5kUh7X8gVt9la2ISA,1,@carlosmedranovelasquez6380,@dantesarti4351
UCN6qbfPSzFtjhqUDZ3Cv3CQ,UCylqlpsh8ENNM1LqgQ1KbxA,1,@carlosmedranovelasquez6380,@Jel.Awesh.M
UCN6qbfPSzFtjhqUDZ3Cv3CQ,UCz3gu01bmjNv0DpRq-K3XYg,1,@carlosmedranovelasquez6380,@eusebiovasquez4385
UCN6qbfPSzFtjhqUDZ3Cv3CQ,UCzSfZlOVxBSs5ObD25ywxDQ,1,@carlosmedranovelasquez6380,@GilmarMaldonado-q9m
UCN6qbfPSzFtjhqUDZ3Cv3CQ,UCzoL2l5H5eVlorWGH8AZfAg,1,@carlosmedranovelasquez6380,@jor77cas
UCNBnKqWf4d-rS4HwJRQljmQ,UCNkcuy42zEwddwEcOd_HpnA,1,@LE_A22,@vanigomez492
UCNBnKqWf4d-rS4HwJRQljmQ,UCOLGv5Pf6BF2wFcwUzgcvHg,1,@LE_A22,@welfrealdana5559
UCNBnKqWf4d-rS4HwJRQljmQ,UCOS8ViEkccrTZx2w2ccxotA,1,@LE_A22,@OscarHernandez-q8y
UCNBnKqWf4d-rS4HwJRQljmQ,UCOh6DaZC_x9HASnlRylEMfw,1,@LE_A22,@AndresMedina-v1s
UCNBnKqWf4d-rS4HwJRQljmQ,UCQ_-LPP8JAbfkc-b1Q6NvWw,1,@LE_A22,@MegaKristenstewart
UCNBnKqWf4d-rS4HwJRQljmQ,UCQgYjVngJRfPHDLGB5X6ZjA,1,@LE_A22,@oscarnavas9996
UCNBnKqWf4d-rS4HwJRQljmQ,UCQqetiwzzmRNTM5OWuXarGQ,1,@LE_A22,@isaiaslopezvelasquez1539
UCNBnKqWf4d-rS4HwJRQljmQ,UCQtICyzWmhC5woCtbNgaSmg,1,@LE_A22,@nestormendez6216
UCNBnKqWf4d-rS4HwJRQljmQ,UCQtSFINs1h6GHkpg9o5kMvg,1,@LE_A22,@MacarioMartinezruiz
UCNBnKqWf4d-rS4HwJRQljmQ,UCRETAiYdh2dL5ZxB0_N1zDA,1,@LE_A22,@Joseroland21
UCNBnKqWf4d-rS4HwJRQljmQ,UCRelkU8JiZBytTzebJxaa-w,1,@LE_A22,@danyraymundo2942
UCNBnKqWf4d-rS4HwJRQljmQ,UCRlCV9zSn7avAWh-9_XFWqQ,1,@LE_A22,@ronyarana8849
UCNBnKqWf4d-rS4HwJRQljmQ,UCSou6a2OuYGSvPjm5psquyA,1,@LE_A22,@FranciscoRivera-sf7ne
UCNBnKqWf4d-rS4HwJRQljmQ,UCTD6q1nyIe3Y7HhqjaMj72w,1,@LE_A22,@JuanChang-r6k
UCNBnKqWf4d-rS4HwJRQljmQ,UCTP3O0rMnc8z8v8jaDQwL0w,1,@LE_A22,@RobertoZelaya-x1v
UCNBnKqWf4d-rS4HwJRQljmQ,UCThW2XNsAaBKme5PUt7n-Zg,1,@LE_A22,@thelmamoran8565
UCNBnKqWf4d-rS4HwJRQljmQ,UCTwSut16JyAg3mX6LVUNGqA,1,@LE_A22,@SuperVictor2005
UCNBnKqWf4d-rS4HwJRQljmQ,UCTylKrsqkrBKIqubMu_5N0Q,1,@LE_A22,@edwingeovanymarroquinmarro6684
UCNBnKqWf4d-rS4HwJRQljmQ,UCUIIIPTVDVHAXqhC_5V6lPA,1,@LE_A22,@gorrarota
UCNBnKqWf4d-rS4HwJRQljmQ,UCV0iizTBoOfdAFX_thfI9BA,1,@LE_A22,@BenjaminLarios-jd8nk
UCNBnKqWf4d-rS4HwJRQljmQ,UCWIZUtKJ636y-4TYrNvok0g,1,@LE_A22,@cesarandreas7824
UCNBnKqWf4d-rS4HwJRQljmQ,UCXSkL3ejZ8qWYyF_M7s_QKA,1,@LE_A22,@JacintaTzoy
UCNBnKqWf4d-rS4HwJRQljmQ,UCXXh7yg5KUFIWylTiKVEFKQ,1,@LE_A22,@MrDuenderojo
UCNBnKqWf4d-rS4HwJRQljmQ,UCXgr7vXlRrsaskPdo097kGA,1,@LE_A22,@Rogergh-nw4oj
UCNBnKqWf4d-rS4HwJRQljmQ,UCXr8_5WtGeipe4haOoQDgyQ,1,@LE_A22,@amyherrera7352
UCNBnKqWf4d-rS4HwJRQljmQ,UCYN4wSQ1Sx4_LurxLlW7MPg,1,@LE_A22,@belarminavillatoro6474
UCNBnKqWf4d-rS4HwJRQljmQ,UCYwpX26TrCxq8TvbKGRYLXA,1,@LE_A22,@beneficioelcaminovillacana8540
UCNBnKqWf4d-rS4HwJRQljmQ,UCZ51R_9Q9C0c8I3pAWhtmjQ,1,@LE_A22,@belvettzapeta1251
UCNBnKqWf4d-rS4HwJRQljmQ,UCZLG9qH0tUjNhEGFIUt0CYw,1,@LE_A22,@SoniaMarroquin-y6e
UCNBnKqWf4d-rS4HwJRQljmQ,UCcfdg8crmMJwEuLUsAhV7yg,1,@LE_A22,@RolandoRaguay
UCNBnKqWf4d-rS4HwJRQljmQ,UCfM3nrxtTQMY5jFx1v1J4Gg,1,@LE_A22,@edgarroldan5539
UCNBnKqWf4d-rS4HwJRQljmQ,UCgvw7xIdGFupzpt1Y_BFkEA,1,@LE_A22,@fredygarcia9151
UCNBnKqWf4d-rS4HwJRQljmQ,UCh5ESQvtzyHDhCA7XyekCFA,1,@LE_A22,@andyB5280
UCNBnKqWf4d-rS4HwJRQljmQ,UChZknRmJkeGeQk0-mQuhDOg,1,@LE_A22,@OdilioRodríguez-c5w
UCNBnKqWf4d-rS4HwJRQljmQ,UChep9kVb5gQmpodEEl10Xlg,1,@LE_A22,@carlosaguilar-kz7ml
UCNBnKqWf4d-rS4HwJRQljmQ,UChgkn5Jt5tWKYMoEOuCjz3Q,1,@LE_A22,@pablochitay46
UCNBnKqWf4d-rS4HwJRQljmQ,UChs3tU2BcKOT0CezykvAsGw,1,@LE_A22,@byronpontaza
UCNBnKqWf4d-rS4HwJRQljmQ,UCi1b_TRQfgO1Z9O2gNGGWNA,1,@LE_A22,@davidisraelesquitsaquil
UCNBnKqWf4d-rS4HwJRQljmQ,UCiGRBf2RNF0WRKhRVT7zFoA,1,@LE_A22,@edwinavila4876
UCNBnKqWf4d-rS4HwJRQljmQ,UCiMythXHsw7eQEMykCdmMUA,1,@LE_A22,@JavierBecerra-h6x
UCNBnKqWf4d-rS4HwJRQljmQ,UCipetjeiWj4CZB6EbyYziZg,1,@LE_A22,@OseasSamayoa-ol5rz
UCNBnKqWf4d-rS4HwJRQljmQ,UCj-LL25XJnjxepPKCc3NGog,1,@LE_A22,@anaaguirre8985
UCNBnKqWf4d-rS4HwJRQljmQ,UCjSKM9j0Q7HLDr1hD6D-TUw,1,@LE_A22,@josehidalgo4875
UCNBnKqWf4d-rS4HwJRQljmQ,UCjmPuazZJzscrwvk0QR9RVw,1,@LE_A22,@mynorrodas8591
UCNBnKqWf4d-rS4HwJRQljmQ,UCkd9W714-947dEE6ZOEBATA,1,@LE_A22,@ARGELIATELON
UCNBnKqWf4d-rS4HwJRQljmQ,UCl0ekS9Tt0jJGtOEM18S63w,1,@LE_A22,@monkchapin
UCNBnKqWf4d-rS4HwJRQljmQ,UCljDbleJul41G1TzOjOZAVA,1,@LE_A22,@hectorcarranza3777
UCNBnKqWf4d-rS4HwJRQljmQ,UCmjppp6ujz3SAnULvP3sZMw,1,@LE_A22,@marcomendez7509
UCNBnKqWf4d-rS4HwJRQljmQ,UCmvOgzmmXbjUthHy-WJ52hQ,1,@LE_A22,@mariorodas593
UCNBnKqWf4d-rS4HwJRQljmQ,UCp4iw5_5SmV9VGTFSNVGOmQ,1,@LE_A22,@CARLOSSTREMS51
UCNBnKqWf4d-rS4HwJRQljmQ,UCpIdtvoFHVLGASGB5ySqIEA,1,@LE_A22,@VidalVillatoro-p4w
UCNBnKqWf4d-rS4HwJRQljmQ,UCpl8rF8uv_8uui-QRvuJaRA,1,@LE_A22,@SergioGarcia-z9c
UCNBnKqWf4d-rS4HwJRQljmQ,UCplrIQtaPj6au60_f2-mOYw,1,@LE_A22,@romeolopezherrarte799
UCNBnKqWf4d-rS4HwJRQljmQ,UCpsKOkt5iWTbenzeuq7dsmQ,1,@LE_A22,@inge_vergueta
UCNBnKqWf4d-rS4HwJRQljmQ,UCr1emrogPKkKTs_WTtx71xg,1,@LE_A22,@domingopeneleu6457
UCNBnKqWf4d-rS4HwJRQljmQ,UCrJn_rbo_ENAdeqneS-RmRw,1,@LE_A22,@josecarrera9623
UCNBnKqWf4d-rS4HwJRQljmQ,UCsJJAvrVGupdmhOqgtDp8dg,1,@LE_A22,@nestorlorenzana1168
UCNBnKqWf4d-rS4HwJRQljmQ,UCsSXdJct-nsS8DsABoEsaYA,1,@LE_A22,@IvánPérez-j4j
UCNBnKqWf4d-rS4HwJRQljmQ,UCsUCN0Yq_UyTvKjOJLmNrnQ,1,@LE_A22,@moisesvaldez4043
UCNBnKqWf4d-rS4HwJRQljmQ,UCsjs5Hp_r86x1xbK6FAeqaA,1,@LE_A22,@alvaroesquivel563
UCNBnKqWf4d-rS4HwJRQljmQ,UCtNfIBnc5S5DbbQj_yxgJTw,1,@LE_A22,@JosueRamirez-ey3ih
UCNBnKqWf4d-rS4HwJRQljmQ,UCtUR3_CAiE7fCoZHM6cMfyQ,1,@LE_A22,@mdelcid01
UCNBnKqWf4d-rS4HwJRQljmQ,UCueV9cTyTDwgQSec1x2dYgA,1,@LE_A22,@fredydomingo7062
UCNBnKqWf4d-rS4HwJRQljmQ,UCujPF2nBgsTD62nWE3lcpIg,1,@LE_A22,@victorarturoruanobautista7588
UCNBnKqWf4d-rS4HwJRQljmQ,UCut6b9S98nv84cVX89PmKzA,1,@LE_A22,@yeniferaguirre4498
UCNBnKqWf4d-rS4HwJRQljmQ,UCvApqeCbLod-wejtT4CcVuA,1,@LE_A22,@davidgaher9550
UCNBnKqWf4d-rS4HwJRQljmQ,UCwO2SXr0ggzwg6QWWrr01nQ,1,@LE_A22,@ricardofigueroa5720
UCNBnKqWf4d-rS4HwJRQljmQ,UCwW2OFy95P7ZBkOPxWkpvYg,1,@LE_A22,@TeresaLucero-b5o
UCNBnKqWf4d-rS4HwJRQljmQ,UCwha8rxULYMVtNwZWeSkE1A,1,@LE_A22,@mariasamo8637
UCNBnKqWf4d-rS4HwJRQljmQ,UCxff05WuyvwELNITi7bj7UA,1,@LE_A22,@markoherrera
UCNBnKqWf4d-rS4HwJRQljmQ,UCySYJU5kUh7X8gVt9la2ISA,1,@LE_A22,@dantesarti4351
UCNBnKqWf4d-rS4HwJRQljmQ,UCylqlpsh8ENNM1LqgQ1KbxA,1,@LE_A22,@Jel.Awesh.M
UCNBnKqWf4d-rS4HwJRQljmQ,UCz3gu01bmjNv0DpRq-K3XYg,1,@LE_A22,@eusebiovasquez4385
UCNBnKqWf4d-rS4HwJRQljmQ,UCzSfZlOVxBSs5ObD25ywxDQ,1,@LE_A22,@GilmarMaldonado-q9m
UCNBnKqWf4d-rS4HwJRQljmQ,UCzoL2l5H5eVlorWGH8AZfAg,1,@LE_A22,@jor77cas
UCNIeXbV_mEwpa412h1aqUWw,UCPZueDLrCS4BmTBRMA4q0fA,1,@juandeleon9060,@kevinochoa3695
UCNIeXbV_mEwpa412h1aqUWw,UCVQf0tzL7xRzFJsABVVULpg,1,@juandeleon9060,@DennisseLopetegi
UCNIeXbV_mEwpa412h1aqUWw,UCbYoNG5J3Au5BqtbXogfEFw,1,@juandeleon9060,@Luis-gn3fj
UCNIeXbV_mEwpa412h1aqUWw,UCf5lnNZF7Qrtli9v4N_23WQ,1,@juandeleon9060,@CarlosCortez-v5r
UCNIeXbV_mEwpa412h1aqUWw,UCg3eIfd7BrsLEqS0BLkftHA,1,@juandeleon9060,@ErmePérez-q4s
UCNIeXbV_mEwpa412h1aqUWw,UCgQJgI9vu1FI2dnC9mrFthw,1,@juandeleon9060,@srms70
UCNIeXbV_mEwpa412h1aqUWw,UClsrFGJKWPxxw7MiaEdKLXw,1,@juandeleon9060,@ericapaz5406
UCNIeXbV_mEwpa412h1aqUWw,UCtNyHmRZtvGF2hSvI2dUBWw,1,@juandeleon9060,@aureliomaldonado4793
UCNIeXbV_mEwpa412h1aqUWw,UCuP4UK33HKtJE_S39ksmaTw,1,@juandeleon9060,@herbertaguilar1387
UCNIeXbV_mEwpa412h1aqUWw,UCusjriFsDHEc2AOjqk-p5ig,1,@juandeleon9060,@pablobarrios7931
UCNIeXbV_mEwpa412h1aqUWw,UCzZ6dDCEsLMXbc5pCFXIprw,1,@juandeleon9060,@josegil3813
UCNiMNUJvaRJb0_QLClqwVnA,UCld2stqxaVSk0QdGncM224A,1,@Santiago.Nolasco,@sarahernandez3873
UCNiMNUJvaRJb0_QLClqwVnA,UCtowGNY2lnlg6O2CkwDgkLg,1,@Santiago.Nolasco,@taniagabrielacelis8434
UCNkcuy42zEwddwEcOd_HpnA,UCOLGv5Pf6BF2wFcwUzgcvHg,1,@vanigomez492,@welfrealdana5559
UCNkcuy42zEwddwEcOd_HpnA,UCOS8ViEkccrTZx2w2ccxotA,1,@vanigomez492,@OscarHernandez-q8y
UCNkcuy42zEwddwEcOd_HpnA,UCOh6DaZC_x9HASnlRylEMfw,1,@vanigomez492,@AndresMedina-v1s
UCNkcuy42zEwddwEcOd_HpnA,UCQ_-LPP8JAbfkc-b1Q6NvWw,1,@vanigomez492,@MegaKristenstewart
UCNkcuy42zEwddwEcOd_HpnA,UCQgYjVngJRfPHDLGB5X6ZjA,1,@vanigomez492,@oscarnavas9996
UCNkcuy42zEwddwEcOd_HpnA,UCQqetiwzzmRNTM5OWuXarGQ,1,@vanigomez492,@isaiaslopezvelasquez1539
UCNkcuy42zEwddwEcOd_HpnA,UCQtICyzWmhC5woCtbNgaSmg,1,@vanigomez492,@nestormendez6216
UCNkcuy42zEwddwEcOd_HpnA,UCQtSFINs1h6GHkpg9o5kMvg,1,@vanigomez492,@MacarioMartinezruiz
UCNkcuy42zEwddwEcOd_HpnA,UCRETAiYdh2dL5ZxB0_N1zDA,1,@vanigomez492,@Joseroland21
UCNkcuy42zEwddwEcOd_HpnA,UCRelkU8JiZBytTzebJxaa-w,1,@vanigomez492,@danyraymundo2942
UCNkcuy42zEwddwEcOd_HpnA,UCRlCV9zSn7avAWh-9_XFWqQ,1,@vanigomez492,@ronyarana8849
UCNkcuy42zEwddwEcOd_HpnA,UCSou6a2OuYGSvPjm5psquyA,1,@vanigomez492,@FranciscoRivera-sf7ne
UCNkcuy42zEwddwEcOd_HpnA,UCTD6q1nyIe3Y7HhqjaMj72w,1,@vanigomez492,@JuanChang-r6k
UCNkcuy42zEwddwEcOd_HpnA,UCTP3O0rMnc8z8v8jaDQwL0w,1,@vanigomez492,@RobertoZelaya-x1v
UCNkcuy42zEwddwEcOd_HpnA,UCThW2XNsAaBKme5PUt7n-Zg,1,@vanigomez492,@thelmamoran8565
UCNkcuy42zEwddwEcOd_HpnA,UCTwSut16JyAg3mX6LVUNGqA,1,@vanigomez492,@SuperVictor2005
UCNkcuy42zEwddwEcOd_HpnA,UCTylKrsqkrBKIqubMu_5N0Q,1,@vanigomez492,@edwingeovanymarroquinmarro6684
UCNkcuy42zEwddwEcOd_HpnA,UCUIIIPTVDVHAXqhC_5V6lPA,1,@vanigomez492,@gorrarota
UCNkcuy42zEwddwEcOd_HpnA,UCV0iizTBoOfdAFX_thfI9BA,1,@vanigomez492,@BenjaminLarios-jd8nk
UCNkcuy42zEwddwEcOd_HpnA,UCWIZUtKJ636y-4TYrNvok0g,1,@vanigomez492,@cesarandreas7824
UCNkcuy42zEwddwEcOd_HpnA,UCXSkL3ejZ8qWYyF_M7s_QKA,1,@vanigomez492,@JacintaTzoy
UCNkcuy42zEwddwEcOd_HpnA,UCXXh7yg5KUFIWylTiKVEFKQ,1,@vanigomez492,@MrDuenderojo
UCNkcuy42zEwddwEcOd_HpnA,UCXgr7vXlRrsaskPdo097kGA,1,@vanigomez492,@Rogergh-nw4oj
UCNkcuy42zEwddwEcOd_HpnA,UCXr8_5WtGeipe4haOoQDgyQ,1,@vanigomez492,@amyherrera7352
UCNkcuy42zEwddwEcOd_HpnA,UCYN4wSQ1Sx4_LurxLlW7MPg,1,@vanigomez492,@belarminavillatoro6474
UCNkcuy42zEwddwEcOd_HpnA,UCYwpX26TrCxq8TvbKGRYLXA,1,@vanigomez492,@beneficioelcaminovillacana8540
UCNkcuy42zEwddwEcOd_HpnA,UCZ51R_9Q9C0c8I3pAWhtmjQ,1,@vanigomez492,@belvettzapeta1251
UCNkcuy42zEwddwEcOd_HpnA,UCZLG9qH0tUjNhEGFIUt0CYw,1,@vanigomez492,@SoniaMarroquin-y6e
UCNkcuy42zEwddwEcOd_HpnA,UCcfdg8crmMJwEuLUsAhV7yg,1,@vanigomez492,@RolandoRaguay
UCNkcuy42zEwddwEcOd_HpnA,UCfM3nrxtTQMY5jFx1v1J4Gg,1,@vanigomez492,@edgarroldan5539
UCNkcuy42zEwddwEcOd_HpnA,UCgvw7xIdGFupzpt1Y_BFkEA,1,@vanigomez492,@fredygarcia9151
UCNkcuy42zEwddwEcOd_HpnA,UCh5ESQvtzyHDhCA7XyekCFA,1,@vanigomez492,@andyB5280
UCNkcuy42zEwddwEcOd_HpnA,UChZknRmJkeGeQk0-mQuhDOg,1,@vanigomez492,@OdilioRodríguez-c5w
UCNkcuy42zEwddwEcOd_HpnA,UChep9kVb5gQmpodEEl10Xlg,1,@vanigomez492,@carlosaguilar-kz7ml
UCNkcuy42zEwddwEcOd_HpnA,UChgkn5Jt5tWKYMoEOuCjz3Q,1,@vanigomez492,@pablochitay46
UCNkcuy42zEwddwEcOd_HpnA,UChs3tU2BcKOT0CezykvAsGw,1,@vanigomez492,@byronpontaza
UCNkcuy42zEwddwEcOd_HpnA,UCi1b_TRQfgO1Z9O2gNGGWNA,1,@vanigomez492,@davidisraelesquitsaquil
UCNkcuy42zEwddwEcOd_HpnA,UCiGRBf2RNF0WRKhRVT7zFoA,1,@vanigomez492,@edwinavila4876
UCNkcuy42zEwddwEcOd_HpnA,UCiMythXHsw7eQEMykCdmMUA,1,@vanigomez492,@JavierBecerra-h6x
UCNkcuy42zEwddwEcOd_HpnA,UCipetjeiWj4CZB6EbyYziZg,1,@vanigomez492,@OseasSamayoa-ol5rz
UCNkcuy42zEwddwEcOd_HpnA,UCj-LL25XJnjxepPKCc3NGog,1,@vanigomez492,@anaaguirre8985
UCNkcuy42zEwddwEcOd_HpnA,UCjSKM9j0Q7HLDr1hD6D-TUw,1,@vanigomez492,@josehidalgo4875
UCNkcuy42zEwddwEcOd_HpnA,UCjmPuazZJzscrwvk0QR9RVw,1,@vanigomez492,@mynorrodas8591
UCNkcuy42zEwddwEcOd_HpnA,UCkd9W714-947dEE6ZOEBATA,1,@vanigomez492,@ARGELIATELON
UCNkcuy42zEwddwEcOd_HpnA,UCl0ekS9Tt0jJGtOEM18S63w,1,@vanigomez492,@monkchapin
UCNkcuy42zEwddwEcOd_HpnA,UCljDbleJul41G1TzOjOZAVA,1,@vanigomez492,@hectorcarranza3777
UCNkcuy42zEwddwEcOd_HpnA,UCmjppp6ujz3SAnULvP3sZMw,1,@vanigomez492,@marcomendez7509
UCNkcuy42zEwddwEcOd_HpnA,UCmvOgzmmXbjUthHy-WJ52hQ,1,@vanigomez492,@mariorodas593
UCNkcuy42zEwddwEcOd_HpnA,UCp4iw5_5SmV9VGTFSNVGOmQ,1,@vanigomez492,@CARLOSSTREMS51
UCNkcuy42zEwddwEcOd_HpnA,UCpIdtvoFHVLGASGB5ySqIEA,1,@vanigomez492,@VidalVillatoro-p4w
UCNkcuy42zEwddwEcOd_HpnA,UCpl8rF8uv_8uui-QRvuJaRA,1,@vanigomez492,@SergioGarcia-z9c
UCNkcuy42zEwddwEcOd_HpnA,UCplrIQtaPj6au60_f2-mOYw,1,@vanigomez492,@romeolopezherrarte799
UCNkcuy42zEwddwEcOd_HpnA,UCpsKOkt5iWTbenzeuq7dsmQ,1,@vanigomez492,@inge_vergueta
UCNkcuy42zEwddwEcOd_HpnA,UCr1emrogPKkKTs_WTtx71xg,1,@vanigomez492,@domingopeneleu6457
UCNkcuy42zEwddwEcOd_HpnA,UCrJn_rbo_ENAdeqneS-RmRw,1,@vanigomez492,@josecarrera9623
UCNkcuy42zEwddwEcOd_HpnA,UCsJJAvrVGupdmhOqgtDp8dg,1,@vanigomez492,@nestorlorenzana1168
UCNkcuy42zEwddwEcOd_HpnA,UCsSXdJct-nsS8DsABoEsaYA,1,@vanigomez492,@IvánPérez-j4j
UCNkcuy42zEwddwEcOd_HpnA,UCsUCN0Yq_UyTvKjOJLmNrnQ,1,@vanigomez492,@moisesvaldez4043
UCNkcuy42zEwddwEcOd_HpnA,UCsjs5Hp_r86x1xbK6FAeqaA,1,@vanigomez492,@alvaroesquivel563
UCNkcuy42zEwddwEcOd_HpnA,UCtNfIBnc5S5DbbQj_yxgJTw,1,@vanigomez492,@JosueRamirez-ey3ih
UCNkcuy42zEwddwEcOd_HpnA,UCtUR3_CAiE7fCoZHM6cMfyQ,1,@vanigomez492,@mdelcid01
UCNkcuy42zEwddwEcOd_HpnA,UCueV9cTyTDwgQSec1x2dYgA,1,@vanigomez492,@fredydomingo7062
UCNkcuy42zEwddwEcOd_HpnA,UCujPF2nBgsTD62nWE3lcpIg,1,@vanigomez492,@victorarturoruanobautista7588
UCNkcuy42zEwddwEcOd_HpnA,UCut6b9S98nv84cVX89PmKzA,1,@vanigomez492,@yeniferaguirre4498
UCNkcuy42zEwddwEcOd_HpnA,UCvApqeCbLod-wejtT4CcVuA,1,@vanigomez492,@davidgaher9550
UCNkcuy42zEwddwEcOd_HpnA,UCwO2SXr0ggzwg6QWWrr01nQ,1,@vanigomez492,@ricardofigueroa5720
UCNkcuy42zEwddwEcOd_HpnA,UCwW2OFy95P7ZBkOPxWkpvYg,1,@vanigomez492,@TeresaLucero-b5o
UCNkcuy42zEwddwEcOd_HpnA,UCwha8rxULYMVtNwZWeSkE1A,1,@vanigomez492,@mariasamo8637
UCNkcuy42zEwddwEcOd_HpnA,UCxff05WuyvwELNITi7bj7UA,1,@vanigomez492,@markoherrera
UCNkcuy42zEwddwEcOd_HpnA,UCySYJU5kUh7X8gVt9la2ISA,1,@vanigomez492,@dantesarti4351
UCNkcuy42zEwddwEcOd_HpnA,UCylqlpsh8ENNM1LqgQ1KbxA,1,@vanigomez492,@Jel.Awesh.M
UCNkcuy42zEwddwEcOd_HpnA,UCz3gu01bmjNv0DpRq-K3XYg,1,@vanigomez492,@eusebiovasquez4385
UCNkcuy42zEwddwEcOd_HpnA,UCzSfZlOVxBSs5ObD25ywxDQ,1,@vanigomez492,@GilmarMaldonado-q9m
UCNkcuy42zEwddwEcOd_HpnA,UCzoL2l5H5eVlorWGH8AZfAg,1,@vanigomez492,@jor77cas
UCNpt5CQlTzNjlAKY6CJtClQ,UCOcUI5XkTYNMSFhZNMIPpGg,1,@eustaquiogomez9975,@hendersonlopez3864
UCNpt5CQlTzNjlAKY6CJtClQ,UCQqlPPUGqAfWjd-FSh_qn7Q,1,@eustaquiogomez9975,@estuardoargueta137
UCNpt5CQlTzNjlAKY6CJtClQ,UCQyOePccUP-fIJYzchAgZYw,1,@eustaquiogomez9975,@aguilar4254
UCNpt5CQlTzNjlAKY6CJtClQ,UCRAquv8el-tQ30bN7MlmySQ,1,@eustaquiogomez9975,@iamjimalesssa
UCNpt5CQlTzNjlAKY6CJtClQ,UCRvPToDkkumha7WJAfCDk1A,1,@eustaquiogomez9975,@ligiaguerra3057
UCNpt5CQlTzNjlAKY6CJtClQ,UCUoYsrx1oZnCZ0usbBJn4fA,1,@eustaquiogomez9975,@AnaDiaz-re9sq
UCNpt5CQlTzNjlAKY6CJtClQ,UCV0lM03g5fg5pbPj97-sAtA,1,@eustaquiogomez9975,@genarodelgado3929
UCNpt5CQlTzNjlAKY6CJtClQ,UCW-JC6lebVmf2P1dmY_L94g,1,@eustaquiogomez9975,@dinoraoroxon5771
UCNpt5CQlTzNjlAKY6CJtClQ,UCW80DaMjQlEUibC98Cot-Dg,1,@eustaquiogomez9975,@rogeraldana4289
UCNpt5CQlTzNjlAKY6CJtClQ,UCWoAVGVqCn4xtINCMOTM4jg,1,@eustaquiogomez9975,@OmarMartinez-vv8re
UCNpt5CQlTzNjlAKY6CJtClQ,UCZeIIQrGAedW8tCbKWmGY-A,1,@eustaquiogomez9975,@mariocordon8873
UCNpt5CQlTzNjlAKY6CJtClQ,UC_LYoGs5C3mbZKZuKuqYCvw,1,@eustaquiogomez9975,@javiercifuentesarchila6041
UCNpt5CQlTzNjlAKY6CJtClQ,UCaKAjTW9MVub_clgr4DRYjQ,1,@eustaquiogomez9975,@josecastillo4390
UCNpt5CQlTzNjlAKY6CJtClQ,UCdFlugHJJa4l3YqWuNRmvXw,1,@eustaquiogomez9975,@MarcosCarillo-b1r
UCNpt5CQlTzNjlAKY6CJtClQ,UCe8JZoYkX5oKUZyivHYdXhw,1,@eustaquiogomez9975,@FernandoGarcia-jg1fj
UCNpt5CQlTzNjlAKY6CJtClQ,UCeDNEtI8_a42bZ47wJiJMwQ,1,@eustaquiogomez9975,@EdgarcalderonCalderong
UCNpt5CQlTzNjlAKY6CJtClQ,UCgJNFj5dnxXpcMvmuhZDPxA,1,@eustaquiogomez9975,@NataliaRodriguez-rx5mr
UCNpt5CQlTzNjlAKY6CJtClQ,UCgQw_Sbq3ugruDUKsq1e0-A,1,@eustaquiogomez9975,@marlenareano-h4t
UCNpt5CQlTzNjlAKY6CJtClQ,UCiC-Jn7wdgyQV4_Urk0DkWQ,1,@eustaquiogomez9975,@pedroros6358
UCNpt5CQlTzNjlAKY6CJtClQ,UCkVtmkK07b2zaVVNssX4lOg,1,@eustaquiogomez9975,@HectorElias-u2l
UCNpt5CQlTzNjlAKY6CJtClQ,UCkbsS_3D-pvg1iHOld9uvIg,1,@eustaquiogomez9975,@gonzalo6075
UCNpt5CQlTzNjlAKY6CJtClQ,UClhMWQ7XKWywYvbRnuf8QsA,1,@eustaquiogomez9975,@EcPerez-zz9oh
UCNpt5CQlTzNjlAKY6CJtClQ,UClqA491Xa5fQcXcJJa-vTWw,1,@eustaquiogomez9975,@AndresLemus-k2d
UCNpt5CQlTzNjlAKY6CJtClQ,UColMq7LmaoY3MT6aIDGrGvA,1,@eustaquiogomez9975,@quijotachapina1
UCNpt5CQlTzNjlAKY6CJtClQ,UCpe5jW3MIqkgTJ-PgkzvM6Q,1,@eustaquiogomez9975,@carloslam5333
UCNpt5CQlTzNjlAKY6CJtClQ,UCpsKOkt5iWTbenzeuq7dsmQ,1,@eustaquiogomez9975,@inge_vergueta
UCNpt5CQlTzNjlAKY6CJtClQ,UCqCrvuoJpC-aVb0f4logQRQ,1,@eustaquiogomez9975,@Lyrics_GT
UCNpt5CQlTzNjlAKY6CJtClQ,UCsGoJEvb-cFPZ2rWoJcXzEQ,1,@eustaquiogomez9975,@sergiohinestroza9709
UCNpt5CQlTzNjlAKY6CJtClQ,UCu8_3-Wg-YzNyvHYQDEscfw,1,@eustaquiogomez9975,@RolandoCastroPérez-d7y
UCNpt5CQlTzNjlAKY6CJtClQ,UCuXmOjxC-htcprLgeVXz6Tg,1,@eustaquiogomez9975,@jorgeaguilar-bq3uj
UCNpt5CQlTzNjlAKY6CJtClQ,UCwgCc9Jd_gG-uLE_SY-FfPg,1,@eustaquiogomez9975,@armindapenados2841
UCNpt5CQlTzNjlAKY6CJtClQ,UCwjUvRseNtJoItylIyIez7Q,1,@eustaquiogomez9975,@Silviazea
UCNpt5CQlTzNjlAKY6CJtClQ,UCylqlpsh8ENNM1LqgQ1KbxA,1,@eustaquiogomez9975,@Jel.Awesh.M
UCO0zwwLWGyDgQmWPJ5Qrr1w,UCXN2s7DwTJm33xO-pNkAdaA,1,@elsalvador3605,@edithsan7688
UCO0zwwLWGyDgQmWPJ5Qrr1w,UC_3xuTXvMIWU5MYP9HkJ3vQ,1,@elsalvador3605,@Historia-wm4os
UCO0zwwLWGyDgQmWPJ5Qrr1w,UCfXykdbSU97rj987LDUGfvg,1,@elsalvador3605,@MariaSantos-c8y3h
UCO0zwwLWGyDgQmWPJ5Qrr1w,UCfjhejO7LZy4doXURa7LZCQ,1,@elsalvador3605,@HonwayLee-z5g
UCO0zwwLWGyDgQmWPJ5Qrr1w,UCjZgFEowMBrsjodqfovzdKw,1,@elsalvador3605,@franciscoflores3120
UCO0zwwLWGyDgQmWPJ5Qrr1w,UCq3mDTTRZnUybct5M9OSXbg,1,@elsalvador3605,@MacoMorales-i2i2d
UCO0zwwLWGyDgQmWPJ5Qrr1w,UCvl1tzQeBeGy6efPTRJXSCw,1,@elsalvador3605,@RaulPerez-cw2vi
UCO0zwwLWGyDgQmWPJ5Qrr1w,UCwCfs-2zbD5k0lG-UVg_JBw,1,@elsalvador3605,@JessicaHuaz-96
UCOARn3hnfkB7-_Rwa8Hoqcw,UCVhif9eV0f8plICen2DnpKA,1,@nicelol5241,@blogarteplus
UCOARn3hnfkB7-_Rwa8Hoqcw,UCZIQnb1fkwe39Iw2TAu-bGA,1,@nicelol5241,@jorgegomez2237
UCOARn3hnfkB7-_Rwa8Hoqcw,UCvcu1kR8xMYy_I1Ty-2mV2Q,1,@nicelol5241,@hashojea7348
UCOARn3hnfkB7-_Rwa8Hoqcw,UCyW68EGZey4ao_Vf2cR5Ztg,1,@nicelol5241,@ZabalaXabier
UCOLGv5Pf6BF2wFcwUzgcvHg,UCOS8ViEkccrTZx2w2ccxotA,1,@welfrealdana5559,@OscarHernandez-q8y
UCOLGv5Pf6BF2wFcwUzgcvHg,UCOh6DaZC_x9HASnlRylEMfw,1,@welfrealdana5559,@AndresMedina-v1s
UCOLGv5Pf6BF2wFcwUzgcvHg,UCQ_-LPP8JAbfkc-b1Q6NvWw,1,@welfrealdana5559,@MegaKristenstewart
UCOLGv5Pf6BF2wFcwUzgcvHg,UCQgYjVngJRfPHDLGB5X6ZjA,1,@welfrealdana5559,@oscarnavas9996
UCOLGv5Pf6BF2wFcwUzgcvHg,UCQqetiwzzmRNTM5OWuXarGQ,1,@welfrealdana5559,@isaiaslopezvelasquez1539
UCOLGv5Pf6BF2wFcwUzgcvHg,UCQtICyzWmhC5woCtbNgaSmg,1,@welfrealdana5559,@nestormendez6216
UCOLGv5Pf6BF2wFcwUzgcvHg,UCQtSFINs1h6GHkpg9o5kMvg,1,@welfrealdana5559,@MacarioMartinezruiz
UCOLGv5Pf6BF2wFcwUzgcvHg,UCRETAiYdh2dL5ZxB0_N1zDA,1,@welfrealdana5559,@Joseroland21
UCOLGv5Pf6BF2wFcwUzgcvHg,UCRelkU8JiZBytTzebJxaa-w,1,@welfrealdana5559,@danyraymundo2942
UCOLGv5Pf6BF2wFcwUzgcvHg,UCRlCV9zSn7avAWh-9_XFWqQ,1,@welfrealdana5559,@ronyarana8849
UCOLGv5Pf6BF2wFcwUzgcvHg,UCSou6a2OuYGSvPjm5psquyA,1,@welfrealdana5559,@FranciscoRivera-sf7ne
UCOLGv5Pf6BF2wFcwUzgcvHg,UCTD6q1nyIe3Y7HhqjaMj72w,1,@welfrealdana5559,@JuanChang-r6k
UCOLGv5Pf6BF2wFcwUzgcvHg,UCTP3O0rMnc8z8v8jaDQwL0w,1,@welfrealdana5559,@RobertoZelaya-x1v
UCOLGv5Pf6BF2wFcwUzgcvHg,UCThW2XNsAaBKme5PUt7n-Zg,1,@welfrealdana5559,@thelmamoran8565
UCOLGv5Pf6BF2wFcwUzgcvHg,UCTwSut16JyAg3mX6LVUNGqA,1,@welfrealdana5559,@SuperVictor2005
UCOLGv5Pf6BF2wFcwUzgcvHg,UCTylKrsqkrBKIqubMu_5N0Q,1,@welfrealdana5559,@edwingeovanymarroquinmarro6684
UCOLGv5Pf6BF2wFcwUzgcvHg,UCUIIIPTVDVHAXqhC_5V6lPA,1,@welfrealdana5559,@gorrarota
UCOLGv5Pf6BF2wFcwUzgcvHg,UCV0iizTBoOfdAFX_thfI9BA,1,@welfrealdana5559,@BenjaminLarios-jd8nk
UCOLGv5Pf6BF2wFcwUzgcvHg,UCWIZUtKJ636y-4TYrNvok0g,1,@welfrealdana5559,@cesarandreas7824
UCOLGv5Pf6BF2wFcwUzgcvHg,UCXSkL3ejZ8qWYyF_M7s_QKA,1,@welfrealdana5559,@JacintaTzoy
UCOLGv5Pf6BF2wFcwUzgcvHg,UCXXh7yg5KUFIWylTiKVEFKQ,1,@welfrealdana5559,@MrDuenderojo
UCOLGv5Pf6BF2wFcwUzgcvHg,UCXgr7vXlRrsaskPdo097kGA,1,@welfrealdana5559,@Rogergh-nw4oj
UCOLGv5Pf6BF2wFcwUzgcvHg,UCXr8_5WtGeipe4haOoQDgyQ,1,@welfrealdana5559,@amyherrera7352
UCOLGv5Pf6BF2wFcwUzgcvHg,UCYN4wSQ1Sx4_LurxLlW7MPg,1,@welfrealdana5559,@belarminavillatoro6474
UCOLGv5Pf6BF2wFcwUzgcvHg,UCYwpX26TrCxq8TvbKGRYLXA,1,@welfrealdana5559,@beneficioelcaminovillacana8540
UCOLGv5Pf6BF2wFcwUzgcvHg,UCZ51R_9Q9C0c8I3pAWhtmjQ,1,@welfrealdana5559,@belvettzapeta1251
UCOLGv5Pf6BF2wFcwUzgcvHg,UCZLG9qH0tUjNhEGFIUt0CYw,1,@welfrealdana5559,@SoniaMarroquin-y6e
UCOLGv5Pf6BF2wFcwUzgcvHg,UCcfdg8crmMJwEuLUsAhV7yg,1,@welfrealdana5559,@RolandoRaguay
UCOLGv5Pf6BF2wFcwUzgcvHg,UCfM3nrxtTQMY5jFx1v1J4Gg,1,@welfrealdana5559,@edgarroldan5539
UCOLGv5Pf6BF2wFcwUzgcvHg,UCgvw7xIdGFupzpt1Y_BFkEA,1,@welfrealdana5559,@fredygarcia9151
UCOLGv5Pf6BF2wFcwUzgcvHg,UCh5ESQvtzyHDhCA7XyekCFA,1,@welfrealdana5559,@andyB5280
UCOLGv5Pf6BF2wFcwUzgcvHg,UChZknRmJkeGeQk0-mQuhDOg,1,@welfrealdana5559,@OdilioRodríguez-c5w
UCOLGv5Pf6BF2wFcwUzgcvHg,UChep9kVb5gQmpodEEl10Xlg,1,@welfrealdana5559,@carlosaguilar-kz7ml
UCOLGv5Pf6BF2wFcwUzgcvHg,UChgkn5Jt5tWKYMoEOuCjz3Q,1,@welfrealdana5559,@pablochitay46
UCOLGv5Pf6BF2wFcwUzgcvHg,UChs3tU2BcKOT0CezykvAsGw,1,@welfrealdana5559,@byronpontaza
UCOLGv5Pf6BF2wFcwUzgcvHg,UCi1b_TRQfgO1Z9O2gNGGWNA,1,@welfrealdana5559,@davidisraelesquitsaquil
UCOLGv5Pf6BF2wFcwUzgcvHg,UCiGRBf2RNF0WRKhRVT7zFoA,1,@welfrealdana5559,@edwinavila4876
UCOLGv5Pf6BF2wFcwUzgcvHg,UCiMythXHsw7eQEMykCdmMUA,1,@welfrealdana5559,@JavierBecerra-h6x
UCOLGv5Pf6BF2wFcwUzgcvHg,UCipetjeiWj4CZB6EbyYziZg,1,@welfrealdana5559,@OseasSamayoa-ol5rz
UCOLGv5Pf6BF2wFcwUzgcvHg,UCj-LL25XJnjxepPKCc3NGog,1,@welfrealdana5559,@anaaguirre8985
UCOLGv5Pf6BF2wFcwUzgcvHg,UCjSKM9j0Q7HLDr1hD6D-TUw,1,@welfrealdana5559,@josehidalgo4875
UCOLGv5Pf6BF2wFcwUzgcvHg,UCjmPuazZJzscrwvk0QR9RVw,1,@welfrealdana5559,@mynorrodas8591
UCOLGv5Pf6BF2wFcwUzgcvHg,UCkd9W714-947dEE6ZOEBATA,1,@welfrealdana5559,@ARGELIATELON
UCOLGv5Pf6BF2wFcwUzgcvHg,UCl0ekS9Tt0jJGtOEM18S63w,1,@welfrealdana5559,@monkchapin
UCOLGv5Pf6BF2wFcwUzgcvHg,UCljDbleJul41G1TzOjOZAVA,1,@welfrealdana5559,@hectorcarranza3777
UCOLGv5Pf6BF2wFcwUzgcvHg,UCmjppp6ujz3SAnULvP3sZMw,1,@welfrealdana5559,@marcomendez7509
UCOLGv5Pf6BF2wFcwUzgcvHg,UCmvOgzmmXbjUthHy-WJ52hQ,1,@welfrealdana5559,@mariorodas593
UCOLGv5Pf6BF2wFcwUzgcvHg,UCp4iw5_5SmV9VGTFSNVGOmQ,1,@welfrealdana5559,@CARLOSSTREMS51
UCOLGv5Pf6BF2wFcwUzgcvHg,UCpIdtvoFHVLGASGB5ySqIEA,1,@welfrealdana5559,@VidalVillatoro-p4w
UCOLGv5Pf6BF2wFcwUzgcvHg,UCpl8rF8uv_8uui-QRvuJaRA,1,@welfrealdana5559,@SergioGarcia-z9c
UCOLGv5Pf6BF2wFcwUzgcvHg,UCplrIQtaPj6au60_f2-mOYw,1,@welfrealdana5559,@romeolopezherrarte799
UCOLGv5Pf6BF2wFcwUzgcvHg,UCpsKOkt5iWTbenzeuq7dsmQ,1,@welfrealdana5559,@inge_vergueta
UCOLGv5Pf6BF2wFcwUzgcvHg,UCr1emrogPKkKTs_WTtx71xg,1,@welfrealdana5559,@domingopeneleu6457
UCOLGv5Pf6BF2wFcwUzgcvHg,UCrJn_rbo_ENAdeqneS-RmRw,1,@welfrealdana5559,@josecarrera9623
UCOLGv5Pf6BF2wFcwUzgcvHg,UCsJJAvrVGupdmhOqgtDp8dg,1,@welfrealdana5559,@nestorlorenzana1168
UCOLGv5Pf6BF2wFcwUzgcvHg,UCsSXdJct-nsS8DsABoEsaYA,1,@welfrealdana5559,@IvánPérez-j4j
UCOLGv5Pf6BF2wFcwUzgcvHg,UCsUCN0Yq_UyTvKjOJLmNrnQ,1,@welfrealdana5559,@moisesvaldez4043
UCOLGv5Pf6BF2wFcwUzgcvHg,UCsjs5Hp_r86x1xbK6FAeqaA,1,@welfrealdana5559,@alvaroesquivel563
UCOLGv5Pf6BF2wFcwUzgcvHg,UCtNfIBnc5S5DbbQj_yxgJTw,1,@welfrealdana5559,@JosueRamirez-ey3ih
UCOLGv5Pf6BF2wFcwUzgcvHg,UCtUR3_CAiE7fCoZHM6cMfyQ,1,@welfrealdana5559,@mdelcid01
UCOLGv5Pf6BF2wFcwUzgcvHg,UCueV9cTyTDwgQSec1x2dYgA,1,@welfrealdana5559,@fredydomingo7062
UCOLGv5Pf6BF2wFcwUzgcvHg,UCujPF2nBgsTD62nWE3lcpIg,1,@welfrealdana5559,@victorarturoruanobautista7588
UCOLGv5Pf6BF2wFcwUzgcvHg,UCut6b9S98nv84cVX89PmKzA,1,@welfrealdana5559,@yeniferaguirre4498
UCOLGv5Pf6BF2wFcwUzgcvHg,UCvApqeCbLod-wejtT4CcVuA,1,@welfrealdana5559,@davidgaher9550
UCOLGv5Pf6BF2wFcwUzgcvHg,UCwO2SXr0ggzwg6QWWrr01nQ,1,@welfrealdana5559,@ricardofigueroa5720
UCOLGv5Pf6BF2wFcwUzgcvHg,UCwW2OFy95P7ZBkOPxWkpvYg,1,@welfrealdana5559,@TeresaLucero-b5o
UCOLGv5Pf6BF2wFcwUzgcvHg,UCwha8rxULYMVtNwZWeSkE1A,1,@welfrealdana5559,@mariasamo8637
UCOLGv5Pf6BF2wFcwUzgcvHg,UCxff05WuyvwELNITi7bj7UA,1,@welfrealdana5559,@markoherrera
UCOLGv5Pf6BF2wFcwUzgcvHg,UCySYJU5kUh7X8gVt9la2ISA,1,@welfrealdana5559,@dantesarti4351
UCOLGv5Pf6BF2wFcwUzgcvHg,UCylqlpsh8ENNM1LqgQ1KbxA,1,@welfrealdana5559,@Jel.Awesh.M
UCOLGv5Pf6BF2wFcwUzgcvHg,UCz3gu01bmjNv0DpRq-K3XYg,1,@welfrealdana5559,@eusebiovasquez4385
UCOLGv5Pf6BF2wFcwUzgcvHg,UCzSfZlOVxBSs5ObD25ywxDQ,1,@welfrealdana5559,@GilmarMaldonado-q9m
UCOLGv5Pf6BF2wFcwUzgcvHg,UCzoL2l5H5eVlorWGH8AZfAg,1,@welfrealdana5559,@jor77cas
UCOLHH4ZpMxPYF-Q6e6wvn5A,UCPNXmbOBVeC4HS-xemvcPtQ,1,@luisroldan7374,@BelkisRodriguezRamirez
UCOLHH4ZpMxPYF-Q6e6wvn5A,UCQMMuADgqWUOcJpLwHOzC-g,1,@luisroldan7374,@Ripped-Yoda
UCOLHH4ZpMxPYF-Q6e6wvn5A,UCVdjCrh4tQoX3haNAZv-n5A,1,@luisroldan7374,@aurahernandez5646
UCOLHH4ZpMxPYF-Q6e6wvn5A,UCZjm6U576nX8WOiLhmMR3bw,1,@luisroldan7374,@MariaNavarroYT
UCOLHH4ZpMxPYF-Q6e6wvn5A,UCat2qkYvqmtDNEmo2PVuhXw,1,@luisroldan7374,@DoraSalas-j5o
UCOLHH4ZpMxPYF-Q6e6wvn5A,UCbNanjFI51cwGqMAb2rOrBw,1,@luisroldan7374,@RosaMontesdeOca777
UCOLHH4ZpMxPYF-Q6e6wvn5A,UCi2KiZq63sRq8Mfbcp-MelQ,1,@luisroldan7374,@eugeneramirez4405
UCOLHH4ZpMxPYF-Q6e6wvn5A,UCozFYHN0e_-vlQbX3wQGOug,1,@luisroldan7374,@jesusguzman2321
UCOLHH4ZpMxPYF-Q6e6wvn5A,UCp_dAUfv8i3LW3zWc24dLaQ,1,@luisroldan7374,@MarioCortez-o6v
UCOLHH4ZpMxPYF-Q6e6wvn5A,UCrqXyRsg-_hTosURZ-uvoKg,1,@luisroldan7374,@flornolberto2425
UCOLHH4ZpMxPYF-Q6e6wvn5A,UCtiHFjFu7d5v2XxHnKFUYig,1,@luisroldan7374,@Paul-gf7ec
UCOLHH4ZpMxPYF-Q6e6wvn5A,UCxhtlxPV8AYWaNNyU6S9H8Q,1,@luisroldan7374,@WilR-s8r
UCOS8ViEkccrTZx2w2ccxotA,UCOh6DaZC_x9HASnlRylEMfw,1,@OscarHernandez-q8y,@AndresMedina-v1s
UCOS8ViEkccrTZx2w2ccxotA,UCQ_-LPP8JAbfkc-b1Q6NvWw,1,@OscarHernandez-q8y,@MegaKristenstewart
UCOS8ViEkccrTZx2w2ccxotA,UCQgYjVngJRfPHDLGB5X6ZjA,1,@OscarHernandez-q8y,@oscarnavas9996
UCOS8ViEkccrTZx2w2ccxotA,UCQqetiwzzmRNTM5OWuXarGQ,1,@OscarHernandez-q8y,@isaiaslopezvelasquez1539
UCOS8ViEkccrTZx2w2ccxotA,UCQtICyzWmhC5woCtbNgaSmg,1,@OscarHernandez-q8y,@nestormendez6216
UCOS8ViEkccrTZx2w2ccxotA,UCQtSFINs1h6GHkpg9o5kMvg,1,@OscarHernandez-q8y,@MacarioMartinezruiz
UCOS8ViEkccrTZx2w2ccxotA,UCRETAiYdh2dL5ZxB0_N1zDA,1,@OscarHernandez-q8y,@Joseroland21
UCOS8ViEkccrTZx2w2ccxotA,UCRelkU8JiZBytTzebJxaa-w,1,@OscarHernandez-q8y,@danyraymundo2942
UCOS8ViEkccrTZx2w2ccxotA,UCRlCV9zSn7avAWh-9_XFWqQ,1,@OscarHernandez-q8y,@ronyarana8849
UCOS8ViEkccrTZx2w2ccxotA,UCSou6a2OuYGSvPjm5psquyA,1,@OscarHernandez-q8y,@FranciscoRivera-sf7ne
UCOS8ViEkccrTZx2w2ccxotA,UCTD6q1nyIe3Y7HhqjaMj72w,1,@OscarHernandez-q8y,@JuanChang-r6k
UCOS8ViEkccrTZx2w2ccxotA,UCTP3O0rMnc8z8v8jaDQwL0w,1,@OscarHernandez-q8y,@RobertoZelaya-x1v
UCOS8ViEkccrTZx2w2ccxotA,UCThW2XNsAaBKme5PUt7n-Zg,1,@OscarHernandez-q8y,@thelmamoran8565
UCOS8ViEkccrTZx2w2ccxotA,UCTwSut16JyAg3mX6LVUNGqA,1,@OscarHernandez-q8y,@SuperVictor2005
UCOS8ViEkccrTZx2w2ccxotA,UCTylKrsqkrBKIqubMu_5N0Q,1,@OscarHernandez-q8y,@edwingeovanymarroquinmarro6684
UCOS8ViEkccrTZx2w2ccxotA,UCUIIIPTVDVHAXqhC_5V6lPA,1,@OscarHernandez-q8y,@gorrarota
UCOS8ViEkccrTZx2w2ccxotA,UCV0iizTBoOfdAFX_thfI9BA,1,@OscarHernandez-q8y,@BenjaminLarios-jd8nk
UCOS8ViEkccrTZx2w2ccxotA,UCWIZUtKJ636y-4TYrNvok0g,1,@OscarHernandez-q8y,@cesarandreas7824
UCOS8ViEkccrTZx2w2ccxotA,UCXSkL3ejZ8qWYyF_M7s_QKA,1,@OscarHernandez-q8y,@JacintaTzoy
UCOS8ViEkccrTZx2w2ccxotA,UCXXh7yg5KUFIWylTiKVEFKQ,1,@OscarHernandez-q8y,@MrDuenderojo
UCOS8ViEkccrTZx2w2ccxotA,UCXgr7vXlRrsaskPdo097kGA,1,@OscarHernandez-q8y,@Rogergh-nw4oj
UCOS8ViEkccrTZx2w2ccxotA,UCXr8_5WtGeipe4haOoQDgyQ,1,@OscarHernandez-q8y,@amyherrera7352
UCOS8ViEkccrTZx2w2ccxotA,UCYN4wSQ1Sx4_LurxLlW7MPg,1,@OscarHernandez-q8y,@belarminavillatoro6474
UCOS8ViEkccrTZx2w2ccxotA,UCYwpX26TrCxq8TvbKGRYLXA,1,@OscarHernandez-q8y,@beneficioelcaminovillacana8540
UCOS8ViEkccrTZx2w2ccxotA,UCZ51R_9Q9C0c8I3pAWhtmjQ,1,@OscarHernandez-q8y,@belvettzapeta1251
UCOS8ViEkccrTZx2w2ccxotA,UCZLG9qH0tUjNhEGFIUt0CYw,1,@OscarHernandez-q8y,@SoniaMarroquin-y6e
UCOS8ViEkccrTZx2w2ccxotA,UCcfdg8crmMJwEuLUsAhV7yg,1,@OscarHernandez-q8y,@RolandoRaguay
UCOS8ViEkccrTZx2w2ccxotA,UCfM3nrxtTQMY5jFx1v1J4Gg,1,@OscarHernandez-q8y,@edgarroldan5539
UCOS8ViEkccrTZx2w2ccxotA,UCgvw7xIdGFupzpt1Y_BFkEA,1,@OscarHernandez-q8y,@fredygarcia9151
UCOS8ViEkccrTZx2w2ccxotA,UCh5ESQvtzyHDhCA7XyekCFA,1,@OscarHernandez-q8y,@andyB5280
UCOS8ViEkccrTZx2w2ccxotA,UChZknRmJkeGeQk0-mQuhDOg,1,@OscarHernandez-q8y,@OdilioRodríguez-c5w
UCOS8ViEkccrTZx2w2ccxotA,UChep9kVb5gQmpodEEl10Xlg,1,@OscarHernandez-q8y,@carlosaguilar-kz7ml
UCOS8ViEkccrTZx2w2ccxotA,UChgkn5Jt5tWKYMoEOuCjz3Q,1,@OscarHernandez-q8y,@pablochitay46
UCOS8ViEkccrTZx2w2ccxotA,UChs3tU2BcKOT0CezykvAsGw,1,@OscarHernandez-q8y,@byronpontaza
UCOS8ViEkccrTZx2w2ccxotA,UCi1b_TRQfgO1Z9O2gNGGWNA,1,@OscarHernandez-q8y,@davidisraelesquitsaquil
UCOS8ViEkccrTZx2w2ccxotA,UCiGRBf2RNF0WRKhRVT7zFoA,1,@OscarHernandez-q8y,@edwinavila4876
UCOS8ViEkccrTZx2w2ccxotA,UCiMythXHsw7eQEMykCdmMUA,1,@OscarHernandez-q8y,@JavierBecerra-h6x
UCOS8ViEkccrTZx2w2ccxotA,UCipetjeiWj4CZB6EbyYziZg,1,@OscarHernandez-q8y,@OseasSamayoa-ol5rz
UCOS8ViEkccrTZx2w2ccxotA,UCj-LL25XJnjxepPKCc3NGog,1,@OscarHernandez-q8y,@anaaguirre8985
UCOS8ViEkccrTZx2w2ccxotA,UCjSKM9j0Q7HLDr1hD6D-TUw,1,@OscarHernandez-q8y,@josehidalgo4875
UCOS8ViEkccrTZx2w2ccxotA,UCjmPuazZJzscrwvk0QR9RVw,1,@OscarHernandez-q8y,@mynorrodas8591
UCOS8ViEkccrTZx2w2ccxotA,UCkd9W714-947dEE6ZOEBATA,1,@OscarHernandez-q8y,@ARGELIATELON
UCOS8ViEkccrTZx2w2ccxotA,UCl0ekS9Tt0jJGtOEM18S63w,1,@OscarHernandez-q8y,@monkchapin
UCOS8ViEkccrTZx2w2ccxotA,UCljDbleJul41G1TzOjOZAVA,1,@OscarHernandez-q8y,@hectorcarranza3777
UCOS8ViEkccrTZx2w2ccxotA,UCmjppp6ujz3SAnULvP3sZMw,1,@OscarHernandez-q8y,@marcomendez7509
UCOS8ViEkccrTZx2w2ccxotA,UCmvOgzmmXbjUthHy-WJ52hQ,1,@OscarHernandez-q8y,@mariorodas593
UCOS8ViEkccrTZx2w2ccxotA,UCp4iw5_5SmV9VGTFSNVGOmQ,1,@OscarHernandez-q8y,@CARLOSSTREMS51
UCOS8ViEkccrTZx2w2ccxotA,UCpIdtvoFHVLGASGB5ySqIEA,1,@OscarHernandez-q8y,@VidalVillatoro-p4w
UCOS8ViEkccrTZx2w2ccxotA,UCpl8rF8uv_8uui-QRvuJaRA,1,@OscarHernandez-q8y,@SergioGarcia-z9c
UCOS8ViEkccrTZx2w2ccxotA,UCplrIQtaPj6au60_f2-mOYw,1,@OscarHernandez-q8y,@romeolopezherrarte799
UCOS8ViEkccrTZx2w2ccxotA,UCpsKOkt5iWTbenzeuq7dsmQ,1,@OscarHernandez-q8y,@inge_vergueta
UCOS8ViEkccrTZx2w2ccxotA,UCr1emrogPKkKTs_WTtx71xg,1,@OscarHernandez-q8y,@domingopeneleu6457
UCOS8ViEkccrTZx2w2ccxotA,UCrJn_rbo_ENAdeqneS-RmRw,1,@OscarHernandez-q8y,@josecarrera9623
UCOS8ViEkccrTZx2w2ccxotA,UCsJJAvrVGupdmhOqgtDp8dg,1,@OscarHernandez-q8y,@nestorlorenzana1168
UCOS8ViEkccrTZx2w2ccxotA,UCsSXdJct-nsS8DsABoEsaYA,1,@OscarHernandez-q8y,@IvánPérez-j4j
UCOS8ViEkccrTZx2w2ccxotA,UCsUCN0Yq_UyTvKjOJLmNrnQ,1,@OscarHernandez-q8y,@moisesvaldez4043
UCOS8ViEkccrTZx2w2ccxotA,UCsjs5Hp_r86x1xbK6FAeqaA,1,@OscarHernandez-q8y,@alvaroesquivel563
UCOS8ViEkccrTZx2w2ccxotA,UCtNfIBnc5S5DbbQj_yxgJTw,1,@OscarHernandez-q8y,@JosueRamirez-ey3ih
UCOS8ViEkccrTZx2w2ccxotA,UCtUR3_CAiE7fCoZHM6cMfyQ,1,@OscarHernandez-q8y,@mdelcid01
UCOS8ViEkccrTZx2w2ccxotA,UCueV9cTyTDwgQSec1x2dYgA,1,@OscarHernandez-q8y,@fredydomingo7062
UCOS8ViEkccrTZx2w2ccxotA,UCujPF2nBgsTD62nWE3lcpIg,1,@OscarHernandez-q8y,@victorarturoruanobautista7588
UCOS8ViEkccrTZx2w2ccxotA,UCut6b9S98nv84cVX89PmKzA,1,@OscarHernandez-q8y,@yeniferaguirre4498
UCOS8ViEkccrTZx2w2ccxotA,UCvApqeCbLod-wejtT4CcVuA,1,@OscarHernandez-q8y,@davidgaher9550
UCOS8ViEkccrTZx2w2ccxotA,UCwO2SXr0ggzwg6QWWrr01nQ,1,@OscarHernandez-q8y,@ricardofigueroa5720
UCOS8ViEkccrTZx2w2ccxotA,UCwW2OFy95P7ZBkOPxWkpvYg,1,@OscarHernandez-q8y,@TeresaLucero-b5o
UCOS8ViEkccrTZx2w2ccxotA,UCwha8rxULYMVtNwZWeSkE1A,1,@OscarHernandez-q8y,@mariasamo8637
UCOS8ViEkccrTZx2w2ccxotA,UCxff05WuyvwELNITi7bj7UA,1,@OscarHernandez-q8y,@markoherrera
UCOS8ViEkccrTZx2w2ccxotA,UCySYJU5kUh7X8gVt9la2ISA,1,@OscarHernandez-q8y,@dantesarti4351
UCOS8ViEkccrTZx2w2ccxotA,UCylqlpsh8ENNM1LqgQ1KbxA,1,@OscarHernandez-q8y,@Jel.Awesh.M
UCOS8ViEkccrTZx2w2ccxotA,UCz3gu01bmjNv0DpRq-K3XYg,1,@OscarHernandez-q8y,@eusebiovasquez4385
UCOS8ViEkccrTZx2w2ccxotA,UCzSfZlOVxBSs5ObD25ywxDQ,1,@OscarHernandez-q8y,@GilmarMaldonado-q9m
UCOS8ViEkccrTZx2w2ccxotA,UCzoL2l5H5eVlorWGH8AZfAg,1,@OscarHernandez-q8y,@jor77cas
UCOY3XpD9qMCRSA8AA8c4CAw,UCTTILH6QCIxbTnEWxwRqs1g,1,@franciscorodas9686,@3762Jorge
UCOY3XpD9qMCRSA8AA8c4CAw,UCXO1BBohNWXkK9SBDAG2ySg,1,@franciscorodas9686,@JBFlute92
UCOY3XpD9qMCRSA8AA8c4CAw,UCXVLc8CmAO813ubM-fLvCDw,1,@franciscorodas9686,@herminiasaquimux7565
UCOY3XpD9qMCRSA8AA8c4CAw,UCXl30Y_upRqbti52fmjK4YA,1,@franciscorodas9686,@capitanfrans
UCOY3XpD9qMCRSA8AA8c4CAw,UCbrtvygfRT6QXqWDNrOf-cA,1,@franciscorodas9686,@Alejandro00710
UCOY3XpD9qMCRSA8AA8c4CAw,UCcFIBN-rtC3d3hXeuN5TfWw,1,@franciscorodas9686,@DenisRMC
UCOY3XpD9qMCRSA8AA8c4CAw,UCc_F88PzGWtA1OPNUEASulA,1,@franciscorodas9686,@rockyscarlet
UCOY3XpD9qMCRSA8AA8c4CAw,UCdQAuWwyC99MB7Y02Umj26Q,1,@franciscorodas9686,@miguelbran1268
UCOY3XpD9qMCRSA8AA8c4CAw,UCefAH1MbvADWUjE9WVcB9EQ,1,@franciscorodas9686,@jabriz8152
UCOY3XpD9qMCRSA8AA8c4CAw,UChT7pzGytNd92Nmvi-zuWog,1,@franciscorodas9686,@sparkvalkov
UCOY3XpD9qMCRSA8AA8c4CAw,UCkxdJ_yGN2gghOMo2ybQtXQ,1,@franciscorodas9686,@11223344An
UCOY3XpD9qMCRSA8AA8c4CAw,UCvcu1kR8xMYy_I1Ty-2mV2Q,1,@franciscorodas9686,@hashojea7348
UCOY3XpD9qMCRSA8AA8c4CAw,UCwEe1RKlEv1UpNWmWYfSh4w,1,@franciscorodas9686,@marioramirez299
UCOY3XpD9qMCRSA8AA8c4CAw,UCxcoDvP-g2_KTZDmVZtvb3w,1,@franciscorodas9686,@angelmartinez9523
UCOcUI5XkTYNMSFhZNMIPpGg,UCQqlPPUGqAfWjd-FSh_qn7Q,1,@hendersonlopez3864,@estuardoargueta137
UCOcUI5XkTYNMSFhZNMIPpGg,UCQyOePccUP-fIJYzchAgZYw,1,@hendersonlopez3864,@aguilar4254
UCOcUI5XkTYNMSFhZNMIPpGg,UCRAquv8el-tQ30bN7MlmySQ,1,@hendersonlopez3864,@iamjimalesssa
UCOcUI5XkTYNMSFhZNMIPpGg,UCRvPToDkkumha7WJAfCDk1A,1,@hendersonlopez3864,@ligiaguerra3057
UCOcUI5XkTYNMSFhZNMIPpGg,UCUoYsrx1oZnCZ0usbBJn4fA,1,@hendersonlopez3864,@AnaDiaz-re9sq
UCOcUI5XkTYNMSFhZNMIPpGg,UCV0lM03g5fg5pbPj97-sAtA,1,@hendersonlopez3864,@genarodelgado3929
UCOcUI5XkTYNMSFhZNMIPpGg,UCW-JC6lebVmf2P1dmY_L94g,1,@hendersonlopez3864,@dinoraoroxon5771
UCOcUI5XkTYNMSFhZNMIPpGg,UCW80DaMjQlEUibC98Cot-Dg,1,@hendersonlopez3864,@rogeraldana4289
UCOcUI5XkTYNMSFhZNMIPpGg,UCWoAVGVqCn4xtINCMOTM4jg,1,@hendersonlopez3864,@OmarMartinez-vv8re
UCOcUI5XkTYNMSFhZNMIPpGg,UCZeIIQrGAedW8tCbKWmGY-A,1,@hendersonlopez3864,@mariocordon8873
UCOcUI5XkTYNMSFhZNMIPpGg,UC_LYoGs5C3mbZKZuKuqYCvw,1,@hendersonlopez3864,@javiercifuentesarchila6041
UCOcUI5XkTYNMSFhZNMIPpGg,UCaKAjTW9MVub_clgr4DRYjQ,1,@hendersonlopez3864,@josecastillo4390
UCOcUI5XkTYNMSFhZNMIPpGg,UCdFlugHJJa4l3YqWuNRmvXw,1,@hendersonlopez3864,@MarcosCarillo-b1r
UCOcUI5XkTYNMSFhZNMIPpGg,UCe8JZoYkX5oKUZyivHYdXhw,1,@hendersonlopez3864,@FernandoGarcia-jg1fj
UCOcUI5XkTYNMSFhZNMIPpGg,UCeDNEtI8_a42bZ47wJiJMwQ,1,@hendersonlopez3864,@EdgarcalderonCalderong
UCOcUI5XkTYNMSFhZNMIPpGg,UCgJNFj5dnxXpcMvmuhZDPxA,1,@hendersonlopez3864,@NataliaRodriguez-rx5mr
UCOcUI5XkTYNMSFhZNMIPpGg,UCgQw_Sbq3ugruDUKsq1e0-A,1,@hendersonlopez3864,@marlenareano-h4t
UCOcUI5XkTYNMSFhZNMIPpGg,UCiC-Jn7wdgyQV4_Urk0DkWQ,1,@hendersonlopez3864,@pedroros6358
UCOcUI5XkTYNMSFhZNMIPpGg,UCkVtmkK07b2zaVVNssX4lOg,1,@hendersonlopez3864,@HectorElias-u2l
UCOcUI5XkTYNMSFhZNMIPpGg,UCkbsS_3D-pvg1iHOld9uvIg,1,@hendersonlopez3864,@gonzalo6075
UCOcUI5XkTYNMSFhZNMIPpGg,UClhMWQ7XKWywYvbRnuf8QsA,1,@hendersonlopez3864,@EcPerez-zz9oh
UCOcUI5XkTYNMSFhZNMIPpGg,UClqA491Xa5fQcXcJJa-vTWw,1,@hendersonlopez3864,@AndresLemus-k2d
UCOcUI5XkTYNMSFhZNMIPpGg,UColMq7LmaoY3MT6aIDGrGvA,1,@hendersonlopez3864,@quijotachapina1
UCOcUI5XkTYNMSFhZNMIPpGg,UCpe5jW3MIqkgTJ-PgkzvM6Q,1,@hendersonlopez3864,@carloslam5333
UCOcUI5XkTYNMSFhZNMIPpGg,UCpsKOkt5iWTbenzeuq7dsmQ,1,@hendersonlopez3864,@inge_vergueta
UCOcUI5XkTYNMSFhZNMIPpGg,UCqCrvuoJpC-aVb0f4logQRQ,1,@hendersonlopez3864,@Lyrics_GT
UCOcUI5XkTYNMSFhZNMIPpGg,UCsGoJEvb-cFPZ2rWoJcXzEQ,1,@hendersonlopez3864,@sergiohinestroza9709
UCOcUI5XkTYNMSFhZNMIPpGg,UCu8_3-Wg-YzNyvHYQDEscfw,1,@hendersonlopez3864,@RolandoCastroPérez-d7y
UCOcUI5XkTYNMSFhZNMIPpGg,UCuXmOjxC-htcprLgeVXz6Tg,1,@hendersonlopez3864,@jorgeaguilar-bq3uj
UCOcUI5XkTYNMSFhZNMIPpGg,UCwgCc9Jd_gG-uLE_SY-FfPg,1,@hendersonlopez3864,@armindapenados2841
UCOcUI5XkTYNMSFhZNMIPpGg,UCwjUvRseNtJoItylIyIez7Q,1,@hendersonlopez3864,@Silviazea
UCOcUI5XkTYNMSFhZNMIPpGg,UCylqlpsh8ENNM1LqgQ1KbxA,1,@hendersonlopez3864,@Jel.Awesh.M
UCOh6DaZC_x9HASnlRylEMfw,UCQ_-LPP8JAbfkc-b1Q6NvWw,1,@AndresMedina-v1s,@MegaKristenstewart
UCOh6DaZC_x9HASnlRylEMfw,UCQgYjVngJRfPHDLGB5X6ZjA,1,@AndresMedina-v1s,@oscarnavas9996
UCOh6DaZC_x9HASnlRylEMfw,UCQqetiwzzmRNTM5OWuXarGQ,1,@AndresMedina-v1s,@isaiaslopezvelasquez1539
UCOh6DaZC_x9HASnlRylEMfw,UCQtICyzWmhC5woCtbNgaSmg,1,@AndresMedina-v1s,@nestormendez6216
UCOh6DaZC_x9HASnlRylEMfw,UCQtSFINs1h6GHkpg9o5kMvg,1,@AndresMedina-v1s,@MacarioMartinezruiz
UCOh6DaZC_x9HASnlRylEMfw,UCRETAiYdh2dL5ZxB0_N1zDA,1,@AndresMedina-v1s,@Joseroland21
UCOh6DaZC_x9HASnlRylEMfw,UCRelkU8JiZBytTzebJxaa-w,1,@AndresMedina-v1s,@danyraymundo2942
UCOh6DaZC_x9HASnlRylEMfw,UCRlCV9zSn7avAWh-9_XFWqQ,1,@AndresMedina-v1s,@ronyarana8849
UCOh6DaZC_x9HASnlRylEMfw,UCSou6a2OuYGSvPjm5psquyA,1,@AndresMedina-v1s,@FranciscoRivera-sf7ne
UCOh6DaZC_x9HASnlRylEMfw,UCTD6q1nyIe3Y7HhqjaMj72w,1,@AndresMedina-v1s,@JuanChang-r6k
UCOh6DaZC_x9HASnlRylEMfw,UCTP3O0rMnc8z8v8jaDQwL0w,1,@AndresMedina-v1s,@RobertoZelaya-x1v
UCOh6DaZC_x9HASnlRylEMfw,UCThW2XNsAaBKme5PUt7n-Zg,1,@AndresMedina-v1s,@thelmamoran8565
UCOh6DaZC_x9HASnlRylEMfw,UCTwSut16JyAg3mX6LVUNGqA,1,@AndresMedina-v1s,@SuperVictor2005
UCOh6DaZC_x9HASnlRylEMfw,UCTylKrsqkrBKIqubMu_5N0Q,1,@AndresMedina-v1s,@edwingeovanymarroquinmarro6684
UCOh6DaZC_x9HASnlRylEMfw,UCUIIIPTVDVHAXqhC_5V6lPA,1,@AndresMedina-v1s,@gorrarota
UCOh6DaZC_x9HASnlRylEMfw,UCV0iizTBoOfdAFX_thfI9BA,1,@AndresMedina-v1s,@BenjaminLarios-jd8nk
UCOh6DaZC_x9HASnlRylEMfw,UCWIZUtKJ636y-4TYrNvok0g,1,@AndresMedina-v1s,@cesarandreas7824
UCOh6DaZC_x9HASnlRylEMfw,UCXSkL3ejZ8qWYyF_M7s_QKA,1,@AndresMedina-v1s,@JacintaTzoy
UCOh6DaZC_x9HASnlRylEMfw,UCXXh7yg5KUFIWylTiKVEFKQ,1,@AndresMedina-v1s,@MrDuenderojo
UCOh6DaZC_x9HASnlRylEMfw,UCXgr7vXlRrsaskPdo097kGA,1,@AndresMedina-v1s,@Rogergh-nw4oj
UCOh6DaZC_x9HASnlRylEMfw,UCXr8_5WtGeipe4haOoQDgyQ,1,@AndresMedina-v1s,@amyherrera7352
UCOh6DaZC_x9HASnlRylEMfw,UCYN4wSQ1Sx4_LurxLlW7MPg,1,@AndresMedina-v1s,@belarminavillatoro6474
UCOh6DaZC_x9HASnlRylEMfw,UCYwpX26TrCxq8TvbKGRYLXA,1,@AndresMedina-v1s,@beneficioelcaminovillacana8540
UCOh6DaZC_x9HASnlRylEMfw,UCZ51R_9Q9C0c8I3pAWhtmjQ,1,@AndresMedina-v1s,@belvettzapeta1251
UCOh6DaZC_x9HASnlRylEMfw,UCZLG9qH0tUjNhEGFIUt0CYw,1,@AndresMedina-v1s,@SoniaMarroquin-y6e
UCOh6DaZC_x9HASnlRylEMfw,UCcfdg8crmMJwEuLUsAhV7yg,1,@AndresMedina-v1s,@RolandoRaguay
UCOh6DaZC_x9HASnlRylEMfw,UCfM3nrxtTQMY5jFx1v1J4Gg,1,@AndresMedina-v1s,@edgarroldan5539
UCOh6DaZC_x9HASnlRylEMfw,UCgvw7xIdGFupzpt1Y_BFkEA,1,@AndresMedina-v1s,@fredygarcia9151
UCOh6DaZC_x9HASnlRylEMfw,UCh5ESQvtzyHDhCA7XyekCFA,1,@AndresMedina-v1s,@andyB5280
UCOh6DaZC_x9HASnlRylEMfw,UChZknRmJkeGeQk0-mQuhDOg,1,@AndresMedina-v1s,@OdilioRodríguez-c5w
UCOh6DaZC_x9HASnlRylEMfw,UChep9kVb5gQmpodEEl10Xlg,1,@AndresMedina-v1s,@carlosaguilar-kz7ml
UCOh6DaZC_x9HASnlRylEMfw,UChgkn5Jt5tWKYMoEOuCjz3Q,1,@AndresMedina-v1s,@pablochitay46
UCOh6DaZC_x9HASnlRylEMfw,UChs3tU2BcKOT0CezykvAsGw,1,@AndresMedina-v1s,@byronpontaza
UCOh6DaZC_x9HASnlRylEMfw,UCi1b_TRQfgO1Z9O2gNGGWNA,1,@AndresMedina-v1s,@davidisraelesquitsaquil
UCOh6DaZC_x9HASnlRylEMfw,UCiGRBf2RNF0WRKhRVT7zFoA,1,@AndresMedina-v1s,@edwinavila4876
UCOh6DaZC_x9HASnlRylEMfw,UCiMythXHsw7eQEMykCdmMUA,1,@AndresMedina-v1s,@JavierBecerra-h6x
UCOh6DaZC_x9HASnlRylEMfw,UCipetjeiWj4CZB6EbyYziZg,1,@AndresMedina-v1s,@OseasSamayoa-ol5rz
UCOh6DaZC_x9HASnlRylEMfw,UCj-LL25XJnjxepPKCc3NGog,1,@AndresMedina-v1s,@anaaguirre8985
UCOh6DaZC_x9HASnlRylEMfw,UCjSKM9j0Q7HLDr1hD6D-TUw,1,@AndresMedina-v1s,@josehidalgo4875
UCOh6DaZC_x9HASnlRylEMfw,UCjmPuazZJzscrwvk0QR9RVw,1,@AndresMedina-v1s,@mynorrodas8591
UCOh6DaZC_x9HASnlRylEMfw,UCkd9W714-947dEE6ZOEBATA,1,@AndresMedina-v1s,@ARGELIATELON
UCOh6DaZC_x9HASnlRylEMfw,UCl0ekS9Tt0jJGtOEM18S63w,1,@AndresMedina-v1s,@monkchapin
UCOh6DaZC_x9HASnlRylEMfw,UCljDbleJul41G1TzOjOZAVA,1,@AndresMedina-v1s,@hectorcarranza3777
UCOh6DaZC_x9HASnlRylEMfw,UCmjppp6ujz3SAnULvP3sZMw,1,@AndresMedina-v1s,@marcomendez7509
UCOh6DaZC_x9HASnlRylEMfw,UCmvOgzmmXbjUthHy-WJ52hQ,1,@AndresMedina-v1s,@mariorodas593
UCOh6DaZC_x9HASnlRylEMfw,UCp4iw5_5SmV9VGTFSNVGOmQ,1,@AndresMedina-v1s,@CARLOSSTREMS51
UCOh6DaZC_x9HASnlRylEMfw,UCpIdtvoFHVLGASGB5ySqIEA,1,@AndresMedina-v1s,@VidalVillatoro-p4w
UCOh6DaZC_x9HASnlRylEMfw,UCpl8rF8uv_8uui-QRvuJaRA,1,@AndresMedina-v1s,@SergioGarcia-z9c
UCOh6DaZC_x9HASnlRylEMfw,UCplrIQtaPj6au60_f2-mOYw,1,@AndresMedina-v1s,@romeolopezherrarte799
UCOh6DaZC_x9HASnlRylEMfw,UCpsKOkt5iWTbenzeuq7dsmQ,1,@AndresMedina-v1s,@inge_vergueta
UCOh6DaZC_x9HASnlRylEMfw,UCr1emrogPKkKTs_WTtx71xg,1,@AndresMedina-v1s,@domingopeneleu6457
UCOh6DaZC_x9HASnlRylEMfw,UCrJn_rbo_ENAdeqneS-RmRw,1,@AndresMedina-v1s,@josecarrera9623
UCOh6DaZC_x9HASnlRylEMfw,UCsJJAvrVGupdmhOqgtDp8dg,1,@AndresMedina-v1s,@nestorlorenzana1168
UCOh6DaZC_x9HASnlRylEMfw,UCsSXdJct-nsS8DsABoEsaYA,1,@AndresMedina-v1s,@IvánPérez-j4j
UCOh6DaZC_x9HASnlRylEMfw,UCsUCN0Yq_UyTvKjOJLmNrnQ,1,@AndresMedina-v1s,@moisesvaldez4043
UCOh6DaZC_x9HASnlRylEMfw,UCsjs5Hp_r86x1xbK6FAeqaA,1,@AndresMedina-v1s,@alvaroesquivel563
UCOh6DaZC_x9HASnlRylEMfw,UCtNfIBnc5S5DbbQj_yxgJTw,1,@AndresMedina-v1s,@JosueRamirez-ey3ih
UCOh6DaZC_x9HASnlRylEMfw,UCtUR3_CAiE7fCoZHM6cMfyQ,1,@AndresMedina-v1s,@mdelcid01
UCOh6DaZC_x9HASnlRylEMfw,UCueV9cTyTDwgQSec1x2dYgA,1,@AndresMedina-v1s,@fredydomingo7062
UCOh6DaZC_x9HASnlRylEMfw,UCujPF2nBgsTD62nWE3lcpIg,1,@AndresMedina-v1s,@victorarturoruanobautista7588
UCOh6DaZC_x9HASnlRylEMfw,UCut6b9S98nv84cVX89PmKzA,1,@AndresMedina-v1s,@yeniferaguirre4498
UCOh6DaZC_x9HASnlRylEMfw,UCvApqeCbLod-wejtT4CcVuA,1,@AndresMedina-v1s,@davidgaher9550
UCOh6DaZC_x9HASnlRylEMfw,UCwO2SXr0ggzwg6QWWrr01nQ,1,@AndresMedina-v1s,@ricardofigueroa5720
UCOh6DaZC_x9HASnlRylEMfw,UCwW2OFy95P7ZBkOPxWkpvYg,1,@AndresMedina-v1s,@TeresaLucero-b5o
UCOh6DaZC_x9HASnlRylEMfw,UCwha8rxULYMVtNwZWeSkE1A,1,@AndresMedina-v1s,@mariasamo8637
UCOh6DaZC_x9HASnlRylEMfw,UCxff05WuyvwELNITi7bj7UA,1,@AndresMedina-v1s,@markoherrera
UCOh6DaZC_x9HASnlRylEMfw,UCySYJU5kUh7X8gVt9la2ISA,1,@AndresMedina-v1s,@dantesarti4351
UCOh6DaZC_x9HASnlRylEMfw,UCylqlpsh8ENNM1LqgQ1KbxA,1,@AndresMedina-v1s,@Jel.Awesh.M
UCOh6DaZC_x9HASnlRylEMfw,UCz3gu01bmjNv0DpRq-K3XYg,1,@AndresMedina-v1s,@eusebiovasquez4385
UCOh6DaZC_x9HASnlRylEMfw,UCzSfZlOVxBSs5ObD25ywxDQ,1,@AndresMedina-v1s,@GilmarMaldonado-q9m
UCOh6DaZC_x9HASnlRylEMfw,UCzoL2l5H5eVlorWGH8AZfAg,1,@AndresMedina-v1s,@jor77cas
UCPNXmbOBVeC4HS-xemvcPtQ,UCQMMuADgqWUOcJpLwHOzC-g,1,@BelkisRodriguezRamirez,@Ripped-Yoda
UCPNXmbOBVeC4HS-xemvcPtQ,UCVdjCrh4tQoX3haNAZv-n5A,1,@BelkisRodriguezRamirez,@aurahernandez5646
UCPNXmbOBVeC4HS-xemvcPtQ,UCZjm6U576nX8WOiLhmMR3bw,1,@BelkisRodriguezRamirez,@MariaNavarroYT
UCPNXmbOBVeC4HS-xemvcPtQ,UCat2qkYvqmtDNEmo2PVuhXw,1,@BelkisRodriguezRamirez,@DoraSalas-j5o
UCPNXmbOBVeC4HS-xemvcPtQ,UCbNanjFI51cwGqMAb2rOrBw,1,@BelkisRodriguezRamirez,@RosaMontesdeOca777
UCPNXmbOBVeC4HS-xemvcPtQ,UCi2KiZq63sRq8Mfbcp-MelQ,1,@BelkisRodriguezRamirez,@eugeneramirez4405
UCPNXmbOBVeC4HS-xemvcPtQ,UCozFYHN0e_-vlQbX3wQGOug,1,@BelkisRodriguezRamirez,@jesusguzman2321
UCPNXmbOBVeC4HS-xemvcPtQ,UCp_dAUfv8i3LW3zWc24dLaQ,1,@BelkisRodriguezRamirez,@MarioCortez-o6v
UCPNXmbOBVeC4HS-xemvcPtQ,UCrqXyRsg-_hTosURZ-uvoKg,1,@BelkisRodriguezRamirez,@flornolberto2425
UCPNXmbOBVeC4HS-xemvcPtQ,UCtiHFjFu7d5v2XxHnKFUYig,1,@BelkisRodriguezRamirez,@Paul-gf7ec
UCPNXmbOBVeC4HS-xemvcPtQ,UCxhtlxPV8AYWaNNyU6S9H8Q,1,@BelkisRodriguezRamirez,@WilR-s8r
UCPZueDLrCS4BmTBRMA4q0fA,UCVQf0tzL7xRzFJsABVVULpg,1,@kevinochoa3695,@DennisseLopetegi
UCPZueDLrCS4BmTBRMA4q0fA,UCbYoNG5J3Au5BqtbXogfEFw,1,@kevinochoa3695,@Luis-gn3fj
UCPZueDLrCS4BmTBRMA4q0fA,UCf5lnNZF7Qrtli9v4N_23WQ,1,@kevinochoa3695,@CarlosCortez-v5r
UCPZueDLrCS4BmTBRMA4q0fA,UCg3eIfd7BrsLEqS0BLkftHA,1,@kevinochoa3695,@ErmePérez-q4s
UCPZueDLrCS4BmTBRMA4q0fA,UCgQJgI9vu1FI2dnC9mrFthw,1,@kevinochoa3695,@srms70
UCPZueDLrCS4BmTBRMA4q0fA,UClsrFGJKWPxxw7MiaEdKLXw,1,@kevinochoa3695,@ericapaz5406
UCPZueDLrCS4BmTBRMA4q0fA,UCtNyHmRZtvGF2hSvI2dUBWw,1,@kevinochoa3695,@aureliomaldonado4793
UCPZueDLrCS4BmTBRMA4q0fA,UCuP4UK33HKtJE_S39ksmaTw,1,@kevinochoa3695,@herbertaguilar1387
UCPZueDLrCS4BmTBRMA4q0fA,UCusjriFsDHEc2AOjqk-p5ig,1,@kevinochoa3695,@pablobarrios7931
UCPZueDLrCS4BmTBRMA4q0fA,UCzZ6dDCEsLMXbc5pCFXIprw,1,@kevinochoa3695,@josegil3813
UCQIdKuZ-OzuFqy0KjGrgesg,UCWWkebAekppaL5b5CNlppuw,1,@lyacausa,@ninettmartinez425
UCQMMuADgqWUOcJpLwHOzC-g,UCVdjCrh4tQoX3haNAZv-n5A,1,@Ripped-Yoda,@aurahernandez5646
UCQMMuADgqWUOcJpLwHOzC-g,UCZjm6U576nX8WOiLhmMR3bw,1,@Ripped-Yoda,@MariaNavarroYT
UCQMMuADgqWUOcJpLwHOzC-g,UCat2qkYvqmtDNEmo2PVuhXw,1,@Ripped-Yoda,@DoraSalas-j5o
UCQMMuADgqWUOcJpLwHOzC-g,UCbNanjFI51cwGqMAb2rOrBw,1,@Ripped-Yoda,@RosaMontesdeOca777
UCQMMuADgqWUOcJpLwHOzC-g,UCi2KiZq63sRq8Mfbcp-MelQ,1,@Ripped-Yoda,@eugeneramirez4405
UCQMMuADgqWUOcJpLwHOzC-g,UCozFYHN0e_-vlQbX3wQGOug,1,@Ripped-Yoda,@jesusguzman2321
UCQMMuADgqWUOcJpLwHOzC-g,UCp_dAUfv8i3LW3zWc24dLaQ,1,@Ripped-Yoda,@MarioCortez-o6v
UCQMMuADgqWUOcJpLwHOzC-g,UCrqXyRsg-_hTosURZ-uvoKg,1,@Ripped-Yoda,@flornolberto2425
UCQMMuADgqWUOcJpLwHOzC-g,UCtiHFjFu7d5v2XxHnKFUYig,1,@Ripped-Yoda,@Paul-gf7ec
UCQMMuADgqWUOcJpLwHOzC-g,UCxhtlxPV8AYWaNNyU6S9H8Q,1,@Ripped-Yoda,@WilR-s8r
UCQ_-LPP8JAbfkc-b1Q6NvWw,UCQgYjVngJRfPHDLGB5X6ZjA,1,@MegaKristenstewart,@oscarnavas9996
UCQ_-LPP8JAbfkc-b1Q6NvWw,UCQqetiwzzmRNTM5OWuXarGQ,1,@MegaKristenstewart,@isaiaslopezvelasquez1539
UCQ_-LPP8JAbfkc-b1Q6NvWw,UCQtICyzWmhC5woCtbNgaSmg,1,@MegaKristenstewart,@nestormendez6216
UCQ_-LPP8JAbfkc-b1Q6NvWw,UCQtSFINs1h6GHkpg9o5kMvg,1,@MegaKristenstewart,@MacarioMartinezruiz
UCQ_-LPP8JAbfkc-b1Q6NvWw,UCRETAiYdh2dL5ZxB0_N1zDA,1,@MegaKristenstewart,@Joseroland21
UCQ_-LPP8JAbfkc-b1Q6NvWw,UCRelkU8JiZBytTzebJxaa-w,1,@MegaKristenstewart,@danyraymundo2942
UCQ_-LPP8JAbfkc-b1Q6NvWw,UCRlCV9zSn7avAWh-9_XFWqQ,1,@MegaKristenstewart,@ronyarana8849
UCQ_-LPP8JAbfkc-b1Q6NvWw,UCSou6a2OuYGSvPjm5psquyA,1,@MegaKristenstewart,@FranciscoRivera-sf7ne
UCQ_-LPP8JAbfkc-b1Q6NvWw,UCTD6q1nyIe3Y7HhqjaMj72w,1,@MegaKristenstewart,@JuanChang-r6k
UCQ_-LPP8JAbfkc-b1Q6NvWw,UCTP3O0rMnc8z8v8jaDQwL0w,1,@MegaKristenstewart,@RobertoZelaya-x1v
UCQ_-LPP8JAbfkc-b1Q6NvWw,UCThW2XNsAaBKme5PUt7n-Zg,1,@MegaKristenstewart,@thelmamoran8565
UCQ_-LPP8JAbfkc-b1Q6NvWw,UCTwSut16JyAg3mX6LVUNGqA,1,@MegaKristenstewart,@SuperVictor2005
UCQ_-LPP8JAbfkc-b1Q6NvWw,UCTylKrsqkrBKIqubMu_5N0Q,1,@MegaKristenstewart,@edwingeovanymarroquinmarro6684
UCQ_-LPP8JAbfkc-b1Q6NvWw,UCUIIIPTVDVHAXqhC_5V6lPA,1,@MegaKristenstewart,@gorrarota
UCQ_-LPP8JAbfkc-b1Q6NvWw,UCV0iizTBoOfdAFX_thfI9BA,1,@MegaKristenstewart,@BenjaminLarios-jd8nk
UCQ_-LPP8JAbfkc-b1Q6NvWw,UCWIZUtKJ636y-4TYrNvok0g,1,@MegaKristenstewart,@cesarandreas7824
UCQ_-LPP8JAbfkc-b1Q6NvWw,UCXSkL3ejZ8qWYyF_M7s_QKA,1,@MegaKristenstewart,@JacintaTzoy
UCQ_-LPP8JAbfkc-b1Q6NvWw,UCXXh7yg5KUFIWylTiKVEFKQ,1,@MegaKristenstewart,@MrDuenderojo
UCQ_-LPP8JAbfkc-b1Q6NvWw,UCXgr7vXlRrsaskPdo097kGA,1,@MegaKristenstewart,@Rogergh-nw4oj
UCQ_-LPP8JAbfkc-b1Q6NvWw,UCXr8_5WtGeipe4haOoQDgyQ,1,@MegaKristenstewart,@amyherrera7352
UCQ_-LPP8JAbfkc-b1Q6NvWw,UCYN4wSQ1Sx4_LurxLlW7MPg,1,@MegaKristenstewart,@belarminavillatoro6474
UCQ_-LPP8JAbfkc-b1Q6NvWw,UCYwpX26TrCxq8TvbKGRYLXA,1,@MegaKristenstewart,@beneficioelcaminovillacana8540
UCQ_-LPP8JAbfkc-b1Q6NvWw,UCZ51R_9Q9C0c8I3pAWhtmjQ,1,@MegaKristenstewart,@belvettzapeta1251
UCQ_-LPP8JAbfkc-b1Q6NvWw,UCZLG9qH0tUjNhEGFIUt0CYw,1,@MegaKristenstewart,@SoniaMarroquin-y6e
UCQ_-LPP8JAbfkc-b1Q6NvWw,UCcfdg8crmMJwEuLUsAhV7yg,1,@MegaKristenstewart,@RolandoRaguay
UCQ_-LPP8JAbfkc-b1Q6NvWw,UCfM3nrxtTQMY5jFx1v1J4Gg,1,@MegaKristenstewart,@edgarroldan5539
UCQ_-LPP8JAbfkc-b1Q6NvWw,UCgvw7xIdGFupzpt1Y_BFkEA,1,@MegaKristenstewart,@fredygarcia9151
UCQ_-LPP8JAbfkc-b1Q6NvWw,UCh5ESQvtzyHDhCA7XyekCFA,1,@MegaKristenstewart,@andyB5280
UCQ_-LPP8JAbfkc-b1Q6NvWw,UChZknRmJkeGeQk0-mQuhDOg,1,@MegaKristenstewart,@OdilioRodríguez-c5w
UCQ_-LPP8JAbfkc-b1Q6NvWw,UChep9kVb5gQmpodEEl10Xlg,1,@MegaKristenstewart,@carlosaguilar-kz7ml
UCQ_-LPP8JAbfkc-b1Q6NvWw,UChgkn5Jt5tWKYMoEOuCjz3Q,1,@MegaKristenstewart,@pablochitay46
UCQ_-LPP8JAbfkc-b1Q6NvWw,UChs3tU2BcKOT0CezykvAsGw,1,@MegaKristenstewart,@byronpontaza
UCQ_-LPP8JAbfkc-b1Q6NvWw,UCi1b_TRQfgO1Z9O2gNGGWNA,1,@MegaKristenstewart,@davidisraelesquitsaquil
UCQ_-LPP8JAbfkc-b1Q6NvWw,UCiGRBf2RNF0WRKhRVT7zFoA,1,@MegaKristenstewart,@edwinavila4876
UCQ_-LPP8JAbfkc-b1Q6NvWw,UCiMythXHsw7eQEMykCdmMUA,1,@MegaKristenstewart,@JavierBecerra-h6x
UCQ_-LPP8JAbfkc-b1Q6NvWw,UCipetjeiWj4CZB6EbyYziZg,1,@MegaKristenstewart,@OseasSamayoa-ol5rz
UCQ_-LPP8JAbfkc-b1Q6NvWw,UCj-LL25XJnjxepPKCc3NGog,1,@MegaKristenstewart,@anaaguirre8985
UCQ_-LPP8JAbfkc-b1Q6NvWw,UCjSKM9j0Q7HLDr1hD6D-TUw,1,@MegaKristenstewart,@josehidalgo4875
UCQ_-LPP8JAbfkc-b1Q6NvWw,UCjmPuazZJzscrwvk0QR9RVw,1,@MegaKristenstewart,@mynorrodas8591
UCQ_-LPP8JAbfkc-b1Q6NvWw,UCkd9W714-947dEE6ZOEBATA,1,@MegaKristenstewart,@ARGELIATELON
UCQ_-LPP8JAbfkc-b1Q6NvWw,UCl0ekS9Tt0jJGtOEM18S63w,1,@MegaKristenstewart,@monkchapin
UCQ_-LPP8JAbfkc-b1Q6NvWw,UCljDbleJul41G1TzOjOZAVA,1,@MegaKristenstewart,@hectorcarranza3777
UCQ_-LPP8JAbfkc-b1Q6NvWw,UCmjppp6ujz3SAnULvP3sZMw,1,@MegaKristenstewart,@marcomendez7509
UCQ_-LPP8JAbfkc-b1Q6NvWw,UCmvOgzmmXbjUthHy-WJ52hQ,1,@MegaKristenstewart,@mariorodas593
UCQ_-LPP8JAbfkc-b1Q6NvWw,UCp4iw5_5SmV9VGTFSNVGOmQ,1,@MegaKristenstewart,@CARLOSSTREMS51
UCQ_-LPP8JAbfkc-b1Q6NvWw,UCpIdtvoFHVLGASGB5ySqIEA,1,@MegaKristenstewart,@VidalVillatoro-p4w
UCQ_-LPP8JAbfkc-b1Q6NvWw,UCpl8rF8uv_8uui-QRvuJaRA,1,@MegaKristenstewart,@SergioGarcia-z9c
UCQ_-LPP8JAbfkc-b1Q6NvWw,UCplrIQtaPj6au60_f2-mOYw,1,@MegaKristenstewart,@romeolopezherrarte799
UCQ_-LPP8JAbfkc-b1Q6NvWw,UCpsKOkt5iWTbenzeuq7dsmQ,1,@MegaKristenstewart,@inge_vergueta
UCQ_-LPP8JAbfkc-b1Q6NvWw,UCr1emrogPKkKTs_WTtx71xg,1,@MegaKristenstewart,@domingopeneleu6457
UCQ_-LPP8JAbfkc-b1Q6NvWw,UCrJn_rbo_ENAdeqneS-RmRw,1,@MegaKristenstewart,@josecarrera9623
UCQ_-LPP8JAbfkc-b1Q6NvWw,UCsJJAvrVGupdmhOqgtDp8dg,1,@MegaKristenstewart,@nestorlorenzana1168
UCQ_-LPP8JAbfkc-b1Q6NvWw,UCsSXdJct-nsS8DsABoEsaYA,1,@MegaKristenstewart,@IvánPérez-j4j
UCQ_-LPP8JAbfkc-b1Q6NvWw,UCsUCN0Yq_UyTvKjOJLmNrnQ,1,@MegaKristenstewart,@moisesvaldez4043
UCQ_-LPP8JAbfkc-b1Q6NvWw,UCsjs5Hp_r86x1xbK6FAeqaA,1,@MegaKristenstewart,@alvaroesquivel563
UCQ_-LPP8JAbfkc-b1Q6NvWw,UCtNfIBnc5S5DbbQj_yxgJTw,1,@MegaKristenstewart,@JosueRamirez-ey3ih
UCQ_-LPP8JAbfkc-b1Q6NvWw,UCtUR3_CAiE7fCoZHM6cMfyQ,1,@MegaKristenstewart,@mdelcid01
UCQ_-LPP8JAbfkc-b1Q6NvWw,UCueV9cTyTDwgQSec1x2dYgA,1,@MegaKristenstewart,@fredydomingo7062
UCQ_-LPP8JAbfkc-b1Q6NvWw,UCujPF2nBgsTD62nWE3lcpIg,1,@MegaKristenstewart,@victorarturoruanobautista7588
UCQ_-LPP8JAbfkc-b1Q6NvWw,UCut6b9S98nv84cVX89PmKzA,1,@MegaKristenstewart,@yeniferaguirre4498
UCQ_-LPP8JAbfkc-b1Q6NvWw,UCvApqeCbLod-wejtT4CcVuA,1,@MegaKristenstewart,@davidgaher9550
UCQ_-LPP8JAbfkc-b1Q6NvWw,UCwO2SXr0ggzwg6QWWrr01nQ,1,@MegaKristenstewart,@ricardofigueroa5720
UCQ_-LPP8JAbfkc-b1Q6NvWw,UCwW2OFy95P7ZBkOPxWkpvYg,1,@MegaKristenstewart,@TeresaLucero-b5o
UCQ_-LPP8JAbfkc-b1Q6NvWw,UCwha8rxULYMVtNwZWeSkE1A,1,@MegaKristenstewart,@mariasamo8637
UCQ_-LPP8JAbfkc-b1Q6NvWw,UCxff05WuyvwELNITi7bj7UA,1,@MegaKristenstewart,@markoherrera
UCQ_-LPP8JAbfkc-b1Q6NvWw,UCySYJU5kUh7X8gVt9la2ISA,1,@MegaKristenstewart,@dantesarti4351
UCQ_-LPP8JAbfkc-b1Q6NvWw,UCylqlpsh8ENNM1LqgQ1KbxA,1,@MegaKristenstewart,@Jel.Awesh.M
UCQ_-LPP8JAbfkc-b1Q6NvWw,UCz3gu01bmjNv0DpRq-K3XYg,1,@MegaKristenstewart,@eusebiovasquez4385
UCQ_-LPP8JAbfkc-b1Q6NvWw,UCzSfZlOVxBSs5ObD25ywxDQ,1,@MegaKristenstewart,@GilmarMaldonado-q9m
UCQ_-LPP8JAbfkc-b1Q6NvWw,UCzoL2l5H5eVlorWGH8AZfAg,1,@MegaKristenstewart,@jor77cas
UCQgYjVngJRfPHDLGB5X6ZjA,UCQqetiwzzmRNTM5OWuXarGQ,1,@oscarnavas9996,@isaiaslopezvelasquez1539
UCQgYjVngJRfPHDLGB5X6ZjA,UCQtICyzWmhC5woCtbNgaSmg,1,@oscarnavas9996,@nestormendez6216
UCQgYjVngJRfPHDLGB5X6ZjA,UCQtSFINs1h6GHkpg9o5kMvg,1,@oscarnavas9996,@MacarioMartinezruiz
UCQgYjVngJRfPHDLGB5X6ZjA,UCRETAiYdh2dL5ZxB0_N1zDA,1,@oscarnavas9996,@Joseroland21
UCQgYjVngJRfPHDLGB5X6ZjA,UCRelkU8JiZBytTzebJxaa-w,1,@oscarnavas9996,@danyraymundo2942
UCQgYjVngJRfPHDLGB5X6ZjA,UCRlCV9zSn7avAWh-9_XFWqQ,1,@oscarnavas9996,@ronyarana8849
UCQgYjVngJRfPHDLGB5X6ZjA,UCSou6a2OuYGSvPjm5psquyA,1,@oscarnavas9996,@FranciscoRivera-sf7ne
UCQgYjVngJRfPHDLGB5X6ZjA,UCTD6q1nyIe3Y7HhqjaMj72w,1,@oscarnavas9996,@JuanChang-r6k
UCQgYjVngJRfPHDLGB5X6ZjA,UCTP3O0rMnc8z8v8jaDQwL0w,1,@oscarnavas9996,@RobertoZelaya-x1v
UCQgYjVngJRfPHDLGB5X6ZjA,UCThW2XNsAaBKme5PUt7n-Zg,1,@oscarnavas9996,@thelmamoran8565
UCQgYjVngJRfPHDLGB5X6ZjA,UCTwSut16JyAg3mX6LVUNGqA,1,@oscarnavas9996,@SuperVictor2005
UCQgYjVngJRfPHDLGB5X6ZjA,UCTylKrsqkrBKIqubMu_5N0Q,1,@oscarnavas9996,@edwingeovanymarroquinmarro6684
UCQgYjVngJRfPHDLGB5X6ZjA,UCUIIIPTVDVHAXqhC_5V6lPA,1,@oscarnavas9996,@gorrarota
UCQgYjVngJRfPHDLGB5X6ZjA,UCV0iizTBoOfdAFX_thfI9BA,1,@oscarnavas9996,@BenjaminLarios-jd8nk
UCQgYjVngJRfPHDLGB5X6ZjA,UCWIZUtKJ636y-4TYrNvok0g,1,@oscarnavas9996,@cesarandreas7824
UCQgYjVngJRfPHDLGB5X6ZjA,UCXSkL3ejZ8qWYyF_M7s_QKA,1,@oscarnavas9996,@JacintaTzoy
UCQgYjVngJRfPHDLGB5X6ZjA,UCXXh7yg5KUFIWylTiKVEFKQ,1,@oscarnavas9996,@MrDuenderojo
UCQgYjVngJRfPHDLGB5X6ZjA,UCXgr7vXlRrsaskPdo097kGA,1,@oscarnavas9996,@Rogergh-nw4oj
UCQgYjVngJRfPHDLGB5X6ZjA,UCXr8_5WtGeipe4haOoQDgyQ,1,@oscarnavas9996,@amyherrera7352
UCQgYjVngJRfPHDLGB5X6ZjA,UCYN4wSQ1Sx4_LurxLlW7MPg,1,@oscarnavas9996,@belarminavillatoro6474
UCQgYjVngJRfPHDLGB5X6ZjA,UCYwpX26TrCxq8TvbKGRYLXA,1,@oscarnavas9996,@beneficioelcaminovillacana8540
UCQgYjVngJRfPHDLGB5X6ZjA,UCZ51R_9Q9C0c8I3pAWhtmjQ,1,@oscarnavas9996,@belvettzapeta1251
UCQgYjVngJRfPHDLGB5X6ZjA,UCZLG9qH0tUjNhEGFIUt0CYw,1,@oscarnavas9996,@SoniaMarroquin-y6e
UCQgYjVngJRfPHDLGB5X6ZjA,UCcfdg8crmMJwEuLUsAhV7yg,1,@oscarnavas9996,@RolandoRaguay
UCQgYjVngJRfPHDLGB5X6ZjA,UCfM3nrxtTQMY5jFx1v1J4Gg,1,@oscarnavas9996,@edgarroldan5539
UCQgYjVngJRfPHDLGB5X6ZjA,UCgvw7xIdGFupzpt1Y_BFkEA,1,@oscarnavas9996,@fredygarcia9151
UCQgYjVngJRfPHDLGB5X6ZjA,UCh5ESQvtzyHDhCA7XyekCFA,1,@oscarnavas9996,@andyB5280
UCQgYjVngJRfPHDLGB5X6ZjA,UChZknRmJkeGeQk0-mQuhDOg,1,@oscarnavas9996,@OdilioRodríguez-c5w
UCQgYjVngJRfPHDLGB5X6ZjA,UChep9kVb5gQmpodEEl10Xlg,1,@oscarnavas9996,@carlosaguilar-kz7ml
UCQgYjVngJRfPHDLGB5X6ZjA,UChgkn5Jt5tWKYMoEOuCjz3Q,1,@oscarnavas9996,@pablochitay46
UCQgYjVngJRfPHDLGB5X6ZjA,UChs3tU2BcKOT0CezykvAsGw,1,@oscarnavas9996,@byronpontaza
UCQgYjVngJRfPHDLGB5X6ZjA,UCi1b_TRQfgO1Z9O2gNGGWNA,1,@oscarnavas9996,@davidisraelesquitsaquil
UCQgYjVngJRfPHDLGB5X6ZjA,UCiGRBf2RNF0WRKhRVT7zFoA,1,@oscarnavas9996,@edwinavila4876
UCQgYjVngJRfPHDLGB5X6ZjA,UCiMythXHsw7eQEMykCdmMUA,1,@oscarnavas9996,@JavierBecerra-h6x
UCQgYjVngJRfPHDLGB5X6ZjA,UCipetjeiWj4CZB6EbyYziZg,1,@oscarnavas9996,@OseasSamayoa-ol5rz
UCQgYjVngJRfPHDLGB5X6ZjA,UCj-LL25XJnjxepPKCc3NGog,1,@oscarnavas9996,@anaaguirre8985
UCQgYjVngJRfPHDLGB5X6ZjA,UCjSKM9j0Q7HLDr1hD6D-TUw,1,@oscarnavas9996,@josehidalgo4875
UCQgYjVngJRfPHDLGB5X6ZjA,UCjmPuazZJzscrwvk0QR9RVw,1,@oscarnavas9996,@mynorrodas8591
UCQgYjVngJRfPHDLGB5X6ZjA,UCkd9W714-947dEE6ZOEBATA,1,@oscarnavas9996,@ARGELIATELON
UCQgYjVngJRfPHDLGB5X6ZjA,UCl0ekS9Tt0jJGtOEM18S63w,1,@oscarnavas9996,@monkchapin
UCQgYjVngJRfPHDLGB5X6ZjA,UCljDbleJul41G1TzOjOZAVA,1,@oscarnavas9996,@hectorcarranza3777
UCQgYjVngJRfPHDLGB5X6ZjA,UCmjppp6ujz3SAnULvP3sZMw,1,@oscarnavas9996,@marcomendez7509
UCQgYjVngJRfPHDLGB5X6ZjA,UCmvOgzmmXbjUthHy-WJ52hQ,1,@oscarnavas9996,@mariorodas593
UCQgYjVngJRfPHDLGB5X6ZjA,UCp4iw5_5SmV9VGTFSNVGOmQ,1,@oscarnavas9996,@CARLOSSTREMS51
UCQgYjVngJRfPHDLGB5X6ZjA,UCpIdtvoFHVLGASGB5ySqIEA,1,@oscarnavas9996,@VidalVillatoro-p4w
UCQgYjVngJRfPHDLGB5X6ZjA,UCpl8rF8uv_8uui-QRvuJaRA,1,@oscarnavas9996,@SergioGarcia-z9c
UCQgYjVngJRfPHDLGB5X6ZjA,UCplrIQtaPj6au60_f2-mOYw,1,@oscarnavas9996,@romeolopezherrarte799
UCQgYjVngJRfPHDLGB5X6ZjA,UCpsKOkt5iWTbenzeuq7dsmQ,1,@oscarnavas9996,@inge_vergueta
UCQgYjVngJRfPHDLGB5X6ZjA,UCr1emrogPKkKTs_WTtx71xg,1,@oscarnavas9996,@domingopeneleu6457
UCQgYjVngJRfPHDLGB5X6ZjA,UCrJn_rbo_ENAdeqneS-RmRw,1,@oscarnavas9996,@josecarrera9623
UCQgYjVngJRfPHDLGB5X6ZjA,UCsJJAvrVGupdmhOqgtDp8dg,1,@oscarnavas9996,@nestorlorenzana1168
UCQgYjVngJRfPHDLGB5X6ZjA,UCsSXdJct-nsS8DsABoEsaYA,1,@oscarnavas9996,@IvánPérez-j4j
UCQgYjVngJRfPHDLGB5X6ZjA,UCsUCN0Yq_UyTvKjOJLmNrnQ,1,@oscarnavas9996,@moisesvaldez4043
UCQgYjVngJRfPHDLGB5X6ZjA,UCsjs5Hp_r86x1xbK6FAeqaA,1,@oscarnavas9996,@alvaroesquivel563
UCQgYjVngJRfPHDLGB5X6ZjA,UCtNfIBnc5S5DbbQj_yxgJTw,1,@oscarnavas9996,@JosueRamirez-ey3ih
UCQgYjVngJRfPHDLGB5X6ZjA,UCtUR3_CAiE7fCoZHM6cMfyQ,1,@oscarnavas9996,@mdelcid01
UCQgYjVngJRfPHDLGB5X6ZjA,UCueV9cTyTDwgQSec1x2dYgA,1,@oscarnavas9996,@fredydomingo7062
UCQgYjVngJRfPHDLGB5X6ZjA,UCujPF2nBgsTD62nWE3lcpIg,1,@oscarnavas9996,@victorarturoruanobautista7588
UCQgYjVngJRfPHDLGB5X6ZjA,UCut6b9S98nv84cVX89PmKzA,1,@oscarnavas9996,@yeniferaguirre4498
UCQgYjVngJRfPHDLGB5X6ZjA,UCvApqeCbLod-wejtT4CcVuA,1,@oscarnavas9996,@davidgaher9550
UCQgYjVngJRfPHDLGB5X6ZjA,UCwO2SXr0ggzwg6QWWrr01nQ,1,@oscarnavas9996,@ricardofigueroa5720
UCQgYjVngJRfPHDLGB5X6ZjA,UCwW2OFy95P7ZBkOPxWkpvYg,1,@oscarnavas9996,@TeresaLucero-b5o
UCQgYjVngJRfPHDLGB5X6ZjA,UCwha8rxULYMVtNwZWeSkE1A,1,@oscarnavas9996,@mariasamo8637
UCQgYjVngJRfPHDLGB5X6ZjA,UCxff05WuyvwELNITi7bj7UA,1,@oscarnavas9996,@markoherrera
UCQgYjVngJRfPHDLGB5X6ZjA,UCySYJU5kUh7X8gVt9la2ISA,1,@oscarnavas9996,@dantesarti4351
UCQgYjVngJRfPHDLGB5X6ZjA,UCylqlpsh8ENNM1LqgQ1KbxA,1,@oscarnavas9996,@Jel.Awesh.M
UCQgYjVngJRfPHDLGB5X6ZjA,UCz3gu01bmjNv0DpRq-K3XYg,1,@oscarnavas9996,@eusebiovasquez4385
UCQgYjVngJRfPHDLGB5X6ZjA,UCzSfZlOVxBSs5ObD25ywxDQ,1,@oscarnavas9996,@GilmarMaldonado-q9m
UCQgYjVngJRfPHDLGB5X6ZjA,UCzoL2l5H5eVlorWGH8AZfAg,1,@oscarnavas9996,@jor77cas
UCQqetiwzzmRNTM5OWuXarGQ,UCQtICyzWmhC5woCtbNgaSmg,1,@isaiaslopezvelasquez1539,@nestormendez6216
UCQqetiwzzmRNTM5OWuXarGQ,UCQtSFINs1h6GHkpg9o5kMvg,1,@isaiaslopezvelasquez1539,@MacarioMartinezruiz
UCQqetiwzzmRNTM5OWuXarGQ,UCRETAiYdh2dL5ZxB0_N1zDA,1,@isaiaslopezvelasquez1539,@Joseroland21
UCQqetiwzzmRNTM5OWuXarGQ,UCRelkU8JiZBytTzebJxaa-w,1,@isaiaslopezvelasquez1539,@danyraymundo2942
UCQqetiwzzmRNTM5OWuXarGQ,UCRlCV9zSn7avAWh-9_XFWqQ,1,@isaiaslopezvelasquez1539,@ronyarana8849
UCQqetiwzzmRNTM5OWuXarGQ,UCSou6a2OuYGSvPjm5psquyA,1,@isaiaslopezvelasquez1539,@FranciscoRivera-sf7ne
UCQqetiwzzmRNTM5OWuXarGQ,UCTD6q1nyIe3Y7HhqjaMj72w,1,@isaiaslopezvelasquez1539,@JuanChang-r6k
UCQqetiwzzmRNTM5OWuXarGQ,UCTP3O0rMnc8z8v8jaDQwL0w,1,@isaiaslopezvelasquez1539,@RobertoZelaya-x1v
UCQqetiwzzmRNTM5OWuXarGQ,UCThW2XNsAaBKme5PUt7n-Zg,1,@isaiaslopezvelasquez1539,@thelmamoran8565
UCQqetiwzzmRNTM5OWuXarGQ,UCTwSut16JyAg3mX6LVUNGqA,1,@isaiaslopezvelasquez1539,@SuperVictor2005
UCQqetiwzzmRNTM5OWuXarGQ,UCTylKrsqkrBKIqubMu_5N0Q,1,@isaiaslopezvelasquez1539,@edwingeovanymarroquinmarro6684
UCQqetiwzzmRNTM5OWuXarGQ,UCUIIIPTVDVHAXqhC_5V6lPA,1,@isaiaslopezvelasquez1539,@gorrarota
UCQqetiwzzmRNTM5OWuXarGQ,UCV0iizTBoOfdAFX_thfI9BA,1,@isaiaslopezvelasquez1539,@BenjaminLarios-jd8nk
UCQqetiwzzmRNTM5OWuXarGQ,UCWIZUtKJ636y-4TYrNvok0g,1,@isaiaslopezvelasquez1539,@cesarandreas7824
UCQqetiwzzmRNTM5OWuXarGQ,UCXSkL3ejZ8qWYyF_M7s_QKA,1,@isaiaslopezvelasquez1539,@JacintaTzoy
UCQqetiwzzmRNTM5OWuXarGQ,UCXXh7yg5KUFIWylTiKVEFKQ,1,@isaiaslopezvelasquez1539,@MrDuenderojo
UCQqetiwzzmRNTM5OWuXarGQ,UCXgr7vXlRrsaskPdo097kGA,1,@isaiaslopezvelasquez1539,@Rogergh-nw4oj
UCQqetiwzzmRNTM5OWuXarGQ,UCXr8_5WtGeipe4haOoQDgyQ,1,@isaiaslopezvelasquez1539,@amyherrera7352
UCQqetiwzzmRNTM5OWuXarGQ,UCYN4wSQ1Sx4_LurxLlW7MPg,1,@isaiaslopezvelasquez1539,@belarminavillatoro6474
UCQqetiwzzmRNTM5OWuXarGQ,UCYwpX26TrCxq8TvbKGRYLXA,1,@isaiaslopezvelasquez1539,@beneficioelcaminovillacana8540
UCQqetiwzzmRNTM5OWuXarGQ,UCZ51R_9Q9C0c8I3pAWhtmjQ,1,@isaiaslopezvelasquez1539,@belvettzapeta1251
UCQqetiwzzmRNTM5OWuXarGQ,UCZLG9qH0tUjNhEGFIUt0CYw,1,@isaiaslopezvelasquez1539,@SoniaMarroquin-y6e
UCQqetiwzzmRNTM5OWuXarGQ,UCcfdg8crmMJwEuLUsAhV7yg,1,@isaiaslopezvelasquez1539,@RolandoRaguay
UCQqetiwzzmRNTM5OWuXarGQ,UCfM3nrxtTQMY5jFx1v1J4Gg,1,@isaiaslopezvelasquez1539,@edgarroldan5539
UCQqetiwzzmRNTM5OWuXarGQ,UCgvw7xIdGFupzpt1Y_BFkEA,1,@isaiaslopezvelasquez1539,@fredygarcia9151
UCQqetiwzzmRNTM5OWuXarGQ,UCh5ESQvtzyHDhCA7XyekCFA,1,@isaiaslopezvelasquez1539,@andyB5280
UCQqetiwzzmRNTM5OWuXarGQ,UChZknRmJkeGeQk0-mQuhDOg,1,@isaiaslopezvelasquez1539,@OdilioRodríguez-c5w
UCQqetiwzzmRNTM5OWuXarGQ,UChep9kVb5gQmpodEEl10Xlg,1,@isaiaslopezvelasquez1539,@carlosaguilar-kz7ml
UCQqetiwzzmRNTM5OWuXarGQ,UChgkn5Jt5tWKYMoEOuCjz3Q,1,@isaiaslopezvelasquez1539,@pablochitay46
UCQqetiwzzmRNTM5OWuXarGQ,UChs3tU2BcKOT0CezykvAsGw,1,@isaiaslopezvelasquez1539,@byronpontaza
UCQqetiwzzmRNTM5OWuXarGQ,UCi1b_TRQfgO1Z9O2gNGGWNA,1,@isaiaslopezvelasquez1539,@davidisraelesquitsaquil
UCQqetiwzzmRNTM5OWuXarGQ,UCiGRBf2RNF0WRKhRVT7zFoA,1,@isaiaslopezvelasquez1539,@edwinavila4876
UCQqetiwzzmRNTM5OWuXarGQ,UCiMythXHsw7eQEMykCdmMUA,1,@isaiaslopezvelasquez1539,@JavierBecerra-h6x
UCQqetiwzzmRNTM5OWuXarGQ,UCipetjeiWj4CZB6EbyYziZg,1,@isaiaslopezvelasquez1539,@OseasSamayoa-ol5rz
UCQqetiwzzmRNTM5OWuXarGQ,UCj-LL25XJnjxepPKCc3NGog,1,@isaiaslopezvelasquez1539,@anaaguirre8985
UCQqetiwzzmRNTM5OWuXarGQ,UCjSKM9j0Q7HLDr1hD6D-TUw,1,@isaiaslopezvelasquez1539,@josehidalgo4875
UCQqetiwzzmRNTM5OWuXarGQ,UCjmPuazZJzscrwvk0QR9RVw,1,@isaiaslopezvelasquez1539,@mynorrodas8591
UCQqetiwzzmRNTM5OWuXarGQ,UCkd9W714-947dEE6ZOEBATA,1,@isaiaslopezvelasquez1539,@ARGELIATELON
UCQqetiwzzmRNTM5OWuXarGQ,UCl0ekS9Tt0jJGtOEM18S63w,1,@isaiaslopezvelasquez1539,@monkchapin
UCQqetiwzzmRNTM5OWuXarGQ,UCljDbleJul41G1TzOjOZAVA,1,@isaiaslopezvelasquez1539,@hectorcarranza3777
UCQqetiwzzmRNTM5OWuXarGQ,UCmjppp6ujz3SAnULvP3sZMw,1,@isaiaslopezvelasquez1539,@marcomendez7509
UCQqetiwzzmRNTM5OWuXarGQ,UCmvOgzmmXbjUthHy-WJ52hQ,1,@isaiaslopezvelasquez1539,@mariorodas593
UCQqetiwzzmRNTM5OWuXarGQ,UCp4iw5_5SmV9VGTFSNVGOmQ,1,@isaiaslopezvelasquez1539,@CARLOSSTREMS51
UCQqetiwzzmRNTM5OWuXarGQ,UCpIdtvoFHVLGASGB5ySqIEA,1,@isaiaslopezvelasquez1539,@VidalVillatoro-p4w
UCQqetiwzzmRNTM5OWuXarGQ,UCpl8rF8uv_8uui-QRvuJaRA,1,@isaiaslopezvelasquez1539,@SergioGarcia-z9c
UCQqetiwzzmRNTM5OWuXarGQ,UCplrIQtaPj6au60_f2-mOYw,1,@isaiaslopezvelasquez1539,@romeolopezherrarte799
UCQqetiwzzmRNTM5OWuXarGQ,UCpsKOkt5iWTbenzeuq7dsmQ,1,@isaiaslopezvelasquez1539,@inge_vergueta
UCQqetiwzzmRNTM5OWuXarGQ,UCr1emrogPKkKTs_WTtx71xg,1,@isaiaslopezvelasquez1539,@domingopeneleu6457
UCQqetiwzzmRNTM5OWuXarGQ,UCrJn_rbo_ENAdeqneS-RmRw,1,@isaiaslopezvelasquez1539,@josecarrera9623
UCQqetiwzzmRNTM5OWuXarGQ,UCsJJAvrVGupdmhOqgtDp8dg,1,@isaiaslopezvelasquez1539,@nestorlorenzana1168
UCQqetiwzzmRNTM5OWuXarGQ,UCsSXdJct-nsS8DsABoEsaYA,1,@isaiaslopezvelasquez1539,@IvánPérez-j4j
UCQqetiwzzmRNTM5OWuXarGQ,UCsUCN0Yq_UyTvKjOJLmNrnQ,1,@isaiaslopezvelasquez1539,@moisesvaldez4043
UCQqetiwzzmRNTM5OWuXarGQ,UCsjs5Hp_r86x1xbK6FAeqaA,1,@isaiaslopezvelasquez1539,@alvaroesquivel563
UCQqetiwzzmRNTM5OWuXarGQ,UCtNfIBnc5S5DbbQj_yxgJTw,1,@isaiaslopezvelasquez1539,@JosueRamirez-ey3ih
UCQqetiwzzmRNTM5OWuXarGQ,UCtUR3_CAiE7fCoZHM6cMfyQ,1,@isaiaslopezvelasquez1539,@mdelcid01
UCQqetiwzzmRNTM5OWuXarGQ,UCueV9cTyTDwgQSec1x2dYgA,1,@isaiaslopezvelasquez1539,@fredydomingo7062
UCQqetiwzzmRNTM5OWuXarGQ,UCujPF2nBgsTD62nWE3lcpIg,1,@isaiaslopezvelasquez1539,@victorarturoruanobautista7588
UCQqetiwzzmRNTM5OWuXarGQ,UCut6b9S98nv84cVX89PmKzA,1,@isaiaslopezvelasquez1539,@yeniferaguirre4498
UCQqetiwzzmRNTM5OWuXarGQ,UCvApqeCbLod-wejtT4CcVuA,1,@isaiaslopezvelasquez1539,@davidgaher9550
UCQqetiwzzmRNTM5OWuXarGQ,UCwO2SXr0ggzwg6QWWrr01nQ,1,@isaiaslopezvelasquez1539,@ricardofigueroa5720
UCQqetiwzzmRNTM5OWuXarGQ,UCwW2OFy95P7ZBkOPxWkpvYg,1,@isaiaslopezvelasquez1539,@TeresaLucero-b5o
UCQqetiwzzmRNTM5OWuXarGQ,UCwha8rxULYMVtNwZWeSkE1A,1,@isaiaslopezvelasquez1539,@mariasamo8637
UCQqetiwzzmRNTM5OWuXarGQ,UCxff05WuyvwELNITi7bj7UA,1,@isaiaslopezvelasquez1539,@markoherrera
UCQqetiwzzmRNTM5OWuXarGQ,UCySYJU5kUh7X8gVt9la2ISA,1,@isaiaslopezvelasquez1539,@dantesarti4351
UCQqetiwzzmRNTM5OWuXarGQ,UCylqlpsh8ENNM1LqgQ1KbxA,1,@isaiaslopezvelasquez1539,@Jel.Awesh.M
UCQqetiwzzmRNTM5OWuXarGQ,UCz3gu01bmjNv0DpRq-K3XYg,1,@isaiaslopezvelasquez1539,@eusebiovasquez4385
UCQqetiwzzmRNTM5OWuXarGQ,UCzSfZlOVxBSs5ObD25ywxDQ,1,@isaiaslopezvelasquez1539,@GilmarMaldonado-q9m
UCQqetiwzzmRNTM5OWuXarGQ,UCzoL2l5H5eVlorWGH8AZfAg,1,@isaiaslopezvelasquez1539,@jor77cas
UCQqlPPUGqAfWjd-FSh_qn7Q,UCQyOePccUP-fIJYzchAgZYw,1,@estuardoargueta137,@aguilar4254
UCQqlPPUGqAfWjd-FSh_qn7Q,UCRAquv8el-tQ30bN7MlmySQ,1,@estuardoargueta137,@iamjimalesssa
UCQqlPPUGqAfWjd-FSh_qn7Q,UCRvPToDkkumha7WJAfCDk1A,1,@estuardoargueta137,@ligiaguerra3057
UCQqlPPUGqAfWjd-FSh_qn7Q,UCUoYsrx1oZnCZ0usbBJn4fA,1,@estuardoargueta137,@AnaDiaz-re9sq
UCQqlPPUGqAfWjd-FSh_qn7Q,UCV0lM03g5fg5pbPj97-sAtA,1,@estuardoargueta137,@genarodelgado3929
UCQqlPPUGqAfWjd-FSh_qn7Q,UCW-JC6lebVmf2P1dmY_L94g,1,@estuardoargueta137,@dinoraoroxon5771
UCQqlPPUGqAfWjd-FSh_qn7Q,UCW80DaMjQlEUibC98Cot-Dg,1,@estuardoargueta137,@rogeraldana4289
UCQqlPPUGqAfWjd-FSh_qn7Q,UCWoAVGVqCn4xtINCMOTM4jg,1,@estuardoargueta137,@OmarMartinez-vv8re
UCQqlPPUGqAfWjd-FSh_qn7Q,UCZeIIQrGAedW8tCbKWmGY-A,1,@estuardoargueta137,@mariocordon8873
UCQqlPPUGqAfWjd-FSh_qn7Q,UC_LYoGs5C3mbZKZuKuqYCvw,1,@estuardoargueta137,@javiercifuentesarchila6041
UCQqlPPUGqAfWjd-FSh_qn7Q,UCaKAjTW9MVub_clgr4DRYjQ,1,@estuardoargueta137,@josecastillo4390
UCQqlPPUGqAfWjd-FSh_qn7Q,UCdFlugHJJa4l3YqWuNRmvXw,1,@estuardoargueta137,@MarcosCarillo-b1r
UCQqlPPUGqAfWjd-FSh_qn7Q,UCe8JZoYkX5oKUZyivHYdXhw,1,@estuardoargueta137,@FernandoGarcia-jg1fj
UCQqlPPUGqAfWjd-FSh_qn7Q,UCeDNEtI8_a42bZ47wJiJMwQ,1,@estuardoargueta137,@EdgarcalderonCalderong
UCQqlPPUGqAfWjd-FSh_qn7Q,UCgJNFj5dnxXpcMvmuhZDPxA,1,@estuardoargueta137,@NataliaRodriguez-rx5mr
UCQqlPPUGqAfWjd-FSh_qn7Q,UCgQw_Sbq3ugruDUKsq1e0-A,1,@estuardoargueta137,@marlenareano-h4t
UCQqlPPUGqAfWjd-FSh_qn7Q,UCiC-Jn7wdgyQV4_Urk0DkWQ,1,@estuardoargueta137,@pedroros6358
UCQqlPPUGqAfWjd-FSh_qn7Q,UCkVtmkK07b2zaVVNssX4lOg,1,@estuardoargueta137,@HectorElias-u2l
UCQqlPPUGqAfWjd-FSh_qn7Q,UCkbsS_3D-pvg1iHOld9uvIg,1,@estuardoargueta137,@gonzalo6075
UCQqlPPUGqAfWjd-FSh_qn7Q,UClhMWQ7XKWywYvbRnuf8QsA,1,@estuardoargueta137,@EcPerez-zz9oh
UCQqlPPUGqAfWjd-FSh_qn7Q,UClqA491Xa5fQcXcJJa-vTWw,1,@estuardoargueta137,@AndresLemus-k2d
UCQqlPPUGqAfWjd-FSh_qn7Q,UColMq7LmaoY3MT6aIDGrGvA,1,@estuardoargueta137,@quijotachapina1
UCQqlPPUGqAfWjd-FSh_qn7Q,UCpe5jW3MIqkgTJ-PgkzvM6Q,1,@estuardoargueta137,@carloslam5333
UCQqlPPUGqAfWjd-FSh_qn7Q,UCpsKOkt5iWTbenzeuq7dsmQ,1,@estuardoargueta137,@inge_vergueta
UCQqlPPUGqAfWjd-FSh_qn7Q,UCqCrvuoJpC-aVb0f4logQRQ,1,@estuardoargueta137,@Lyrics_GT
UCQqlPPUGqAfWjd-FSh_qn7Q,UCsGoJEvb-cFPZ2rWoJcXzEQ,1,@estuardoargueta137,@sergiohinestroza9709
UCQqlPPUGqAfWjd-FSh_qn7Q,UCu8_3-Wg-YzNyvHYQDEscfw,1,@estuardoargueta137,@RolandoCastroPérez-d7y
UCQqlPPUGqAfWjd-FSh_qn7Q,UCuXmOjxC-htcprLgeVXz6Tg,1,@estuardoargueta137,@jorgeaguilar-bq3uj
UCQqlPPUGqAfWjd-FSh_qn7Q,UCwgCc9Jd_gG-uLE_SY-FfPg,1,@estuardoargueta137,@armindapenados2841
UCQqlPPUGqAfWjd-FSh_qn7Q,UCwjUvRseNtJoItylIyIez7Q,1,@estuardoargueta137,@Silviazea
UCQqlPPUGqAfWjd-FSh_qn7Q,UCylqlpsh8ENNM1LqgQ1KbxA,1,@estuardoargueta137,@Jel.Awesh.M
UCQtICyzWmhC5woCtbNgaSmg,UCQtSFINs1h6GHkpg9o5kMvg,1,@nestormendez6216,@MacarioMartinezruiz
UCQtICyzWmhC5woCtbNgaSmg,UCRETAiYdh2dL5ZxB0_N1zDA,1,@nestormendez6216,@Joseroland21
UCQtICyzWmhC5woCtbNgaSmg,UCRelkU8JiZBytTzebJxaa-w,1,@nestormendez6216,@danyraymundo2942
UCQtICyzWmhC5woCtbNgaSmg,UCRlCV9zSn7avAWh-9_XFWqQ,1,@nestormendez6216,@ronyarana8849
UCQtICyzWmhC5woCtbNgaSmg,UCSou6a2OuYGSvPjm5psquyA,1,@nestormendez6216,@FranciscoRivera-sf7ne
UCQtICyzWmhC5woCtbNgaSmg,UCTD6q1nyIe3Y7HhqjaMj72w,1,@nestormendez6216,@JuanChang-r6k
UCQtICyzWmhC5woCtbNgaSmg,UCTP3O0rMnc8z8v8jaDQwL0w,1,@nestormendez6216,@RobertoZelaya-x1v
UCQtICyzWmhC5woCtbNgaSmg,UCThW2XNsAaBKme5PUt7n-Zg,1,@nestormendez6216,@thelmamoran8565
UCQtICyzWmhC5woCtbNgaSmg,UCTwSut16JyAg3mX6LVUNGqA,1,@nestormendez6216,@SuperVictor2005
UCQtICyzWmhC5woCtbNgaSmg,UCTylKrsqkrBKIqubMu_5N0Q,1,@nestormendez6216,@edwingeovanymarroquinmarro6684
UCQtICyzWmhC5woCtbNgaSmg,UCUIIIPTVDVHAXqhC_5V6lPA,1,@nestormendez6216,@gorrarota
UCQtICyzWmhC5woCtbNgaSmg,UCV0iizTBoOfdAFX_thfI9BA,1,@nestormendez6216,@BenjaminLarios-jd8nk
UCQtICyzWmhC5woCtbNgaSmg,UCWIZUtKJ636y-4TYrNvok0g,1,@nestormendez6216,@cesarandreas7824
UCQtICyzWmhC5woCtbNgaSmg,UCXSkL3ejZ8qWYyF_M7s_QKA,1,@nestormendez6216,@JacintaTzoy
UCQtICyzWmhC5woCtbNgaSmg,UCXXh7yg5KUFIWylTiKVEFKQ,1,@nestormendez6216,@MrDuenderojo
UCQtICyzWmhC5woCtbNgaSmg,UCXgr7vXlRrsaskPdo097kGA,1,@nestormendez6216,@Rogergh-nw4oj
UCQtICyzWmhC5woCtbNgaSmg,UCXr8_5WtGeipe4haOoQDgyQ,1,@nestormendez6216,@amyherrera7352
UCQtICyzWmhC5woCtbNgaSmg,UCYN4wSQ1Sx4_LurxLlW7MPg,1,@nestormendez6216,@belarminavillatoro6474
UCQtICyzWmhC5woCtbNgaSmg,UCYwpX26TrCxq8TvbKGRYLXA,1,@nestormendez6216,@beneficioelcaminovillacana8540
UCQtICyzWmhC5woCtbNgaSmg,UCZ51R_9Q9C0c8I3pAWhtmjQ,1,@nestormendez6216,@belvettzapeta1251
UCQtICyzWmhC5woCtbNgaSmg,UCZLG9qH0tUjNhEGFIUt0CYw,1,@nestormendez6216,@SoniaMarroquin-y6e
UCQtICyzWmhC5woCtbNgaSmg,UCcfdg8crmMJwEuLUsAhV7yg,1,@nestormendez6216,@RolandoRaguay
UCQtICyzWmhC5woCtbNgaSmg,UCfM3nrxtTQMY5jFx1v1J4Gg,1,@nestormendez6216,@edgarroldan5539
UCQtICyzWmhC5woCtbNgaSmg,UCgvw7xIdGFupzpt1Y_BFkEA,1,@nestormendez6216,@fredygarcia9151
UCQtICyzWmhC5woCtbNgaSmg,UCh5ESQvtzyHDhCA7XyekCFA,1,@nestormendez6216,@andyB5280
UCQtICyzWmhC5woCtbNgaSmg,UChZknRmJkeGeQk0-mQuhDOg,1,@nestormendez6216,@OdilioRodríguez-c5w
UCQtICyzWmhC5woCtbNgaSmg,UChep9kVb5gQmpodEEl10Xlg,1,@nestormendez6216,@carlosaguilar-kz7ml
UCQtICyzWmhC5woCtbNgaSmg,UChgkn5Jt5tWKYMoEOuCjz3Q,1,@nestormendez6216,@pablochitay46
UCQtICyzWmhC5woCtbNgaSmg,UChs3tU2BcKOT0CezykvAsGw,1,@nestormendez6216,@byronpontaza
UCQtICyzWmhC5woCtbNgaSmg,UCi1b_TRQfgO1Z9O2gNGGWNA,1,@nestormendez6216,@davidisraelesquitsaquil
UCQtICyzWmhC5woCtbNgaSmg,UCiGRBf2RNF0WRKhRVT7zFoA,1,@nestormendez6216,@edwinavila4876
UCQtICyzWmhC5woCtbNgaSmg,UCiMythXHsw7eQEMykCdmMUA,1,@nestormendez6216,@JavierBecerra-h6x
UCQtICyzWmhC5woCtbNgaSmg,UCipetjeiWj4CZB6EbyYziZg,1,@nestormendez6216,@OseasSamayoa-ol5rz
UCQtICyzWmhC5woCtbNgaSmg,UCj-LL25XJnjxepPKCc3NGog,1,@nestormendez6216,@anaaguirre8985
UCQtICyzWmhC5woCtbNgaSmg,UCjSKM9j0Q7HLDr1hD6D-TUw,1,@nestormendez6216,@josehidalgo4875
UCQtICyzWmhC5woCtbNgaSmg,UCjmPuazZJzscrwvk0QR9RVw,1,@nestormendez6216,@mynorrodas8591
UCQtICyzWmhC5woCtbNgaSmg,UCkd9W714-947dEE6ZOEBATA,1,@nestormendez6216,@ARGELIATELON
UCQtICyzWmhC5woCtbNgaSmg,UCl0ekS9Tt0jJGtOEM18S63w,1,@nestormendez6216,@monkchapin
UCQtICyzWmhC5woCtbNgaSmg,UCljDbleJul41G1TzOjOZAVA,1,@nestormendez6216,@hectorcarranza3777
UCQtICyzWmhC5woCtbNgaSmg,UCmjppp6ujz3SAnULvP3sZMw,1,@nestormendez6216,@marcomendez7509
UCQtICyzWmhC5woCtbNgaSmg,UCmvOgzmmXbjUthHy-WJ52hQ,1,@nestormendez6216,@mariorodas593
UCQtICyzWmhC5woCtbNgaSmg,UCp4iw5_5SmV9VGTFSNVGOmQ,1,@nestormendez6216,@CARLOSSTREMS51
UCQtICyzWmhC5woCtbNgaSmg,UCpIdtvoFHVLGASGB5ySqIEA,1,@nestormendez6216,@VidalVillatoro-p4w
UCQtICyzWmhC5woCtbNgaSmg,UCpl8rF8uv_8uui-QRvuJaRA,1,@nestormendez6216,@SergioGarcia-z9c
UCQtICyzWmhC5woCtbNgaSmg,UCplrIQtaPj6au60_f2-mOYw,1,@nestormendez6216,@romeolopezherrarte799
UCQtICyzWmhC5woCtbNgaSmg,UCpsKOkt5iWTbenzeuq7dsmQ,1,@nestormendez6216,@inge_vergueta
UCQtICyzWmhC5woCtbNgaSmg,UCr1emrogPKkKTs_WTtx71xg,1,@nestormendez6216,@domingopeneleu6457
UCQtICyzWmhC5woCtbNgaSmg,UCrJn_rbo_ENAdeqneS-RmRw,1,@nestormendez6216,@josecarrera9623
UCQtICyzWmhC5woCtbNgaSmg,UCsJJAvrVGupdmhOqgtDp8dg,1,@nestormendez6216,@nestorlorenzana1168
UCQtICyzWmhC5woCtbNgaSmg,UCsSXdJct-nsS8DsABoEsaYA,1,@nestormendez6216,@IvánPérez-j4j
UCQtICyzWmhC5woCtbNgaSmg,UCsUCN0Yq_UyTvKjOJLmNrnQ,1,@nestormendez6216,@moisesvaldez4043
UCQtICyzWmhC5woCtbNgaSmg,UCsjs5Hp_r86x1xbK6FAeqaA,1,@nestormendez6216,@alvaroesquivel563
UCQtICyzWmhC5woCtbNgaSmg,UCtNfIBnc5S5DbbQj_yxgJTw,1,@nestormendez6216,@JosueRamirez-ey3ih
UCQtICyzWmhC5woCtbNgaSmg,UCtUR3_CAiE7fCoZHM6cMfyQ,1,@nestormendez6216,@mdelcid01
UCQtICyzWmhC5woCtbNgaSmg,UCueV9cTyTDwgQSec1x2dYgA,1,@nestormendez6216,@fredydomingo7062
UCQtICyzWmhC5woCtbNgaSmg,UCujPF2nBgsTD62nWE3lcpIg,1,@nestormendez6216,@victorarturoruanobautista7588
UCQtICyzWmhC5woCtbNgaSmg,UCut6b9S98nv84cVX89PmKzA,1,@nestormendez6216,@yeniferaguirre4498
UCQtICyzWmhC5woCtbNgaSmg,UCvApqeCbLod-wejtT4CcVuA,1,@nestormendez6216,@davidgaher9550
UCQtICyzWmhC5woCtbNgaSmg,UCwO2SXr0ggzwg6QWWrr01nQ,1,@nestormendez6216,@ricardofigueroa5720
UCQtICyzWmhC5woCtbNgaSmg,UCwW2OFy95P7ZBkOPxWkpvYg,1,@nestormendez6216,@TeresaLucero-b5o
UCQtICyzWmhC5woCtbNgaSmg,UCwha8rxULYMVtNwZWeSkE1A,1,@nestormendez6216,@mariasamo8637
UCQtICyzWmhC5woCtbNgaSmg,UCxff05WuyvwELNITi7bj7UA,1,@nestormendez6216,@markoherrera
UCQtICyzWmhC5woCtbNgaSmg,UCySYJU5kUh7X8gVt9la2ISA,1,@nestormendez6216,@dantesarti4351
UCQtICyzWmhC5woCtbNgaSmg,UCylqlpsh8ENNM1LqgQ1KbxA,1,@nestormendez6216,@Jel.Awesh.M
UCQtICyzWmhC5woCtbNgaSmg,UCz3gu01bmjNv0DpRq-K3XYg,1,@nestormendez6216,@eusebiovasquez4385
UCQtICyzWmhC5woCtbNgaSmg,UCzSfZlOVxBSs5ObD25ywxDQ,1,@nestormendez6216,@GilmarMaldonado-q9m
UCQtICyzWmhC5woCtbNgaSmg,UCzoL2l5H5eVlorWGH8AZfAg,1,@nestormendez6216,@jor77cas
UCQtSFINs1h6GHkpg9o5kMvg,UCRETAiYdh2dL5ZxB0_N1zDA,1,@MacarioMartinezruiz,@Joseroland21
UCQtSFINs1h6GHkpg9o5kMvg,UCRelkU8JiZBytTzebJxaa-w,1,@MacarioMartinezruiz,@danyraymundo2942
UCQtSFINs1h6GHkpg9o5kMvg,UCRlCV9zSn7avAWh-9_XFWqQ,1,@MacarioMartinezruiz,@ronyarana8849
UCQtSFINs1h6GHkpg9o5kMvg,UCSou6a2OuYGSvPjm5psquyA,1,@MacarioMartinezruiz,@FranciscoRivera-sf7ne
UCQtSFINs1h6GHkpg9o5kMvg,UCTD6q1nyIe3Y7HhqjaMj72w,1,@MacarioMartinezruiz,@JuanChang-r6k
UCQtSFINs1h6GHkpg9o5kMvg,UCTP3O0rMnc8z8v8jaDQwL0w,1,@MacarioMartinezruiz,@RobertoZelaya-x1v
UCQtSFINs1h6GHkpg9o5kMvg,UCThW2XNsAaBKme5PUt7n-Zg,1,@MacarioMartinezruiz,@thelmamoran8565
UCQtSFINs1h6GHkpg9o5kMvg,UCTwSut16JyAg3mX6LVUNGqA,1,@MacarioMartinezruiz,@SuperVictor2005
UCQtSFINs1h6GHkpg9o5kMvg,UCTylKrsqkrBKIqubMu_5N0Q,1,@MacarioMartinezruiz,@edwingeovanymarroquinmarro6684
UCQtSFINs1h6GHkpg9o5kMvg,UCUIIIPTVDVHAXqhC_5V6lPA,1,@MacarioMartinezruiz,@gorrarota
UCQtSFINs1h6GHkpg9o5kMvg,UCV0iizTBoOfdAFX_thfI9BA,1,@MacarioMartinezruiz,@BenjaminLarios-jd8nk
UCQtSFINs1h6GHkpg9o5kMvg,UCWIZUtKJ636y-4TYrNvok0g,1,@MacarioMartinezruiz,@cesarandreas7824
UCQtSFINs1h6GHkpg9o5kMvg,UCXSkL3ejZ8qWYyF_M7s_QKA,1,@MacarioMartinezruiz,@JacintaTzoy
UCQtSFINs1h6GHkpg9o5kMvg,UCXXh7yg5KUFIWylTiKVEFKQ,1,@MacarioMartinezruiz,@MrDuenderojo
UCQtSFINs1h6GHkpg9o5kMvg,UCXgr7vXlRrsaskPdo097kGA,1,@MacarioMartinezruiz,@Rogergh-nw4oj
UCQtSFINs1h6GHkpg9o5kMvg,UCXr8_5WtGeipe4haOoQDgyQ,1,@MacarioMartinezruiz,@amyherrera7352
UCQtSFINs1h6GHkpg9o5kMvg,UCYN4wSQ1Sx4_LurxLlW7MPg,1,@MacarioMartinezruiz,@belarminavillatoro6474
UCQtSFINs1h6GHkpg9o5kMvg,UCYwpX26TrCxq8TvbKGRYLXA,1,@MacarioMartinezruiz,@beneficioelcaminovillacana8540
UCQtSFINs1h6GHkpg9o5kMvg,UCZ51R_9Q9C0c8I3pAWhtmjQ,1,@MacarioMartinezruiz,@belvettzapeta1251
UCQtSFINs1h6GHkpg9o5kMvg,UCZLG9qH0tUjNhEGFIUt0CYw,1,@MacarioMartinezruiz,@SoniaMarroquin-y6e
UCQtSFINs1h6GHkpg9o5kMvg,UCcfdg8crmMJwEuLUsAhV7yg,1,@MacarioMartinezruiz,@RolandoRaguay
UCQtSFINs1h6GHkpg9o5kMvg,UCfM3nrxtTQMY5jFx1v1J4Gg,1,@MacarioMartinezruiz,@edgarroldan5539
UCQtSFINs1h6GHkpg9o5kMvg,UCgvw7xIdGFupzpt1Y_BFkEA,1,@MacarioMartinezruiz,@fredygarcia9151
UCQtSFINs1h6GHkpg9o5kMvg,UCh5ESQvtzyHDhCA7XyekCFA,1,@MacarioMartinezruiz,@andyB5280
UCQtSFINs1h6GHkpg9o5kMvg,UChZknRmJkeGeQk0-mQuhDOg,1,@MacarioMartinezruiz,@OdilioRodríguez-c5w
UCQtSFINs1h6GHkpg9o5kMvg,UChep9kVb5gQmpodEEl10Xlg,1,@MacarioMartinezruiz,@carlosaguilar-kz7ml
UCQtSFINs1h6GHkpg9o5kMvg,UChgkn5Jt5tWKYMoEOuCjz3Q,1,@MacarioMartinezruiz,@pablochitay46
UCQtSFINs1h6GHkpg9o5kMvg,UChs3tU2BcKOT0CezykvAsGw,1,@MacarioMartinezruiz,@byronpontaza
UCQtSFINs1h6GHkpg9o5kMvg,UCi1b_TRQfgO1Z9O2gNGGWNA,1,@MacarioMartinezruiz,@davidisraelesquitsaquil
UCQtSFINs1h6GHkpg9o5kMvg,UCiGRBf2RNF0WRKhRVT7zFoA,1,@MacarioMartinezruiz,@edwinavila4876
UCQtSFINs1h6GHkpg9o5kMvg,UCiMythXHsw7eQEMykCdmMUA,1,@MacarioMartinezruiz,@JavierBecerra-h6x
UCQtSFINs1h6GHkpg9o5kMvg,UCipetjeiWj4CZB6EbyYziZg,1,@MacarioMartinezruiz,@OseasSamayoa-ol5rz
UCQtSFINs1h6GHkpg9o5kMvg,UCj-LL25XJnjxepPKCc3NGog,1,@MacarioMartinezruiz,@anaaguirre8985
UCQtSFINs1h6GHkpg9o5kMvg,UCjSKM9j0Q7HLDr1hD6D-TUw,1,@MacarioMartinezruiz,@josehidalgo4875
UCQtSFINs1h6GHkpg9o5kMvg,UCjmPuazZJzscrwvk0QR9RVw,1,@MacarioMartinezruiz,@mynorrodas8591
UCQtSFINs1h6GHkpg9o5kMvg,UCkd9W714-947dEE6ZOEBATA,1,@MacarioMartinezruiz,@ARGELIATELON
UCQtSFINs1h6GHkpg9o5kMvg,UCl0ekS9Tt0jJGtOEM18S63w,1,@MacarioMartinezruiz,@monkchapin
UCQtSFINs1h6GHkpg9o5kMvg,UCljDbleJul41G1TzOjOZAVA,1,@MacarioMartinezruiz,@hectorcarranza3777
UCQtSFINs1h6GHkpg9o5kMvg,UCmjppp6ujz3SAnULvP3sZMw,1,@MacarioMartinezruiz,@marcomendez7509
UCQtSFINs1h6GHkpg9o5kMvg,UCmvOgzmmXbjUthHy-WJ52hQ,1,@MacarioMartinezruiz,@mariorodas593
UCQtSFINs1h6GHkpg9o5kMvg,UCp4iw5_5SmV9VGTFSNVGOmQ,1,@MacarioMartinezruiz,@CARLOSSTREMS51
UCQtSFINs1h6GHkpg9o5kMvg,UCpIdtvoFHVLGASGB5ySqIEA,1,@MacarioMartinezruiz,@VidalVillatoro-p4w
UCQtSFINs1h6GHkpg9o5kMvg,UCpl8rF8uv_8uui-QRvuJaRA,1,@MacarioMartinezruiz,@SergioGarcia-z9c
UCQtSFINs1h6GHkpg9o5kMvg,UCplrIQtaPj6au60_f2-mOYw,1,@MacarioMartinezruiz,@romeolopezherrarte799
UCQtSFINs1h6GHkpg9o5kMvg,UCpsKOkt5iWTbenzeuq7dsmQ,1,@MacarioMartinezruiz,@inge_vergueta
UCQtSFINs1h6GHkpg9o5kMvg,UCr1emrogPKkKTs_WTtx71xg,1,@MacarioMartinezruiz,@domingopeneleu6457
UCQtSFINs1h6GHkpg9o5kMvg,UCrJn_rbo_ENAdeqneS-RmRw,1,@MacarioMartinezruiz,@josecarrera9623
UCQtSFINs1h6GHkpg9o5kMvg,UCsJJAvrVGupdmhOqgtDp8dg,1,@MacarioMartinezruiz,@nestorlorenzana1168
UCQtSFINs1h6GHkpg9o5kMvg,UCsSXdJct-nsS8DsABoEsaYA,1,@MacarioMartinezruiz,@IvánPérez-j4j
UCQtSFINs1h6GHkpg9o5kMvg,UCsUCN0Yq_UyTvKjOJLmNrnQ,1,@MacarioMartinezruiz,@moisesvaldez4043
UCQtSFINs1h6GHkpg9o5kMvg,UCsjs5Hp_r86x1xbK6FAeqaA,1,@MacarioMartinezruiz,@alvaroesquivel563
UCQtSFINs1h6GHkpg9o5kMvg,UCtNfIBnc5S5DbbQj_yxgJTw,1,@MacarioMartinezruiz,@JosueRamirez-ey3ih
UCQtSFINs1h6GHkpg9o5kMvg,UCtUR3_CAiE7fCoZHM6cMfyQ,1,@MacarioMartinezruiz,@mdelcid01
UCQtSFINs1h6GHkpg9o5kMvg,UCueV9cTyTDwgQSec1x2dYgA,1,@MacarioMartinezruiz,@fredydomingo7062
UCQtSFINs1h6GHkpg9o5kMvg,UCujPF2nBgsTD62nWE3lcpIg,1,@MacarioMartinezruiz,@victorarturoruanobautista7588
UCQtSFINs1h6GHkpg9o5kMvg,UCut6b9S98nv84cVX89PmKzA,1,@MacarioMartinezruiz,@yeniferaguirre4498
UCQtSFINs1h6GHkpg9o5kMvg,UCvApqeCbLod-wejtT4CcVuA,1,@MacarioMartinezruiz,@davidgaher9550
UCQtSFINs1h6GHkpg9o5kMvg,UCwO2SXr0ggzwg6QWWrr01nQ,1,@MacarioMartinezruiz,@ricardofigueroa5720
UCQtSFINs1h6GHkpg9o5kMvg,UCwW2OFy95P7ZBkOPxWkpvYg,1,@MacarioMartinezruiz,@TeresaLucero-b5o
UCQtSFINs1h6GHkpg9o5kMvg,UCwha8rxULYMVtNwZWeSkE1A,1,@MacarioMartinezruiz,@mariasamo8637
UCQtSFINs1h6GHkpg9o5kMvg,UCxff05WuyvwELNITi7bj7UA,1,@MacarioMartinezruiz,@markoherrera
UCQtSFINs1h6GHkpg9o5kMvg,UCySYJU5kUh7X8gVt9la2ISA,1,@MacarioMartinezruiz,@dantesarti4351
UCQtSFINs1h6GHkpg9o5kMvg,UCylqlpsh8ENNM1LqgQ1KbxA,1,@MacarioMartinezruiz,@Jel.Awesh.M
UCQtSFINs1h6GHkpg9o5kMvg,UCz3gu01bmjNv0DpRq-K3XYg,1,@MacarioMartinezruiz,@eusebiovasquez4385
UCQtSFINs1h6GHkpg9o5kMvg,UCzSfZlOVxBSs5ObD25ywxDQ,1,@MacarioMartinezruiz,@GilmarMaldonado-q9m
UCQtSFINs1h6GHkpg9o5kMvg,UCzoL2l5H5eVlorWGH8AZfAg,1,@MacarioMartinezruiz,@jor77cas
UCQyOePccUP-fIJYzchAgZYw,UCRAquv8el-tQ30bN7MlmySQ,1,@aguilar4254,@iamjimalesssa
UCQyOePccUP-fIJYzchAgZYw,UCRvPToDkkumha7WJAfCDk1A,1,@aguilar4254,@ligiaguerra3057
UCQyOePccUP-fIJYzchAgZYw,UCUoYsrx1oZnCZ0usbBJn4fA,1,@aguilar4254,@AnaDiaz-re9sq
UCQyOePccUP-fIJYzchAgZYw,UCV0lM03g5fg5pbPj97-sAtA,1,@aguilar4254,@genarodelgado3929
UCQyOePccUP-fIJYzchAgZYw,UCW-JC6lebVmf2P1dmY_L94g,1,@aguilar4254,@dinoraoroxon5771
UCQyOePccUP-fIJYzchAgZYw,UCW80DaMjQlEUibC98Cot-Dg,1,@aguilar4254,@rogeraldana4289
UCQyOePccUP-fIJYzchAgZYw,UCWoAVGVqCn4xtINCMOTM4jg,1,@aguilar4254,@OmarMartinez-vv8re
UCQyOePccUP-fIJYzchAgZYw,UCZeIIQrGAedW8tCbKWmGY-A,1,@aguilar4254,@mariocordon8873
UCQyOePccUP-fIJYzchAgZYw,UC_LYoGs5C3mbZKZuKuqYCvw,1,@aguilar4254,@javiercifuentesarchila6041
UCQyOePccUP-fIJYzchAgZYw,UCaKAjTW9MVub_clgr4DRYjQ,1,@aguilar4254,@josecastillo4390
UCQyOePccUP-fIJYzchAgZYw,UCdFlugHJJa4l3YqWuNRmvXw,1,@aguilar4254,@MarcosCarillo-b1r
UCQyOePccUP-fIJYzchAgZYw,UCe8JZoYkX5oKUZyivHYdXhw,1,@aguilar4254,@FernandoGarcia-jg1fj
UCQyOePccUP-fIJYzchAgZYw,UCeDNEtI8_a42bZ47wJiJMwQ,1,@aguilar4254,@EdgarcalderonCalderong
UCQyOePccUP-fIJYzchAgZYw,UCgJNFj5dnxXpcMvmuhZDPxA,1,@aguilar4254,@NataliaRodriguez-rx5mr
UCQyOePccUP-fIJYzchAgZYw,UCgQw_Sbq3ugruDUKsq1e0-A,1,@aguilar4254,@marlenareano-h4t
UCQyOePccUP-fIJYzchAgZYw,UCiC-Jn7wdgyQV4_Urk0DkWQ,1,@aguilar4254,@pedroros6358
UCQyOePccUP-fIJYzchAgZYw,UCkVtmkK07b2zaVVNssX4lOg,1,@aguilar4254,@HectorElias-u2l
UCQyOePccUP-fIJYzchAgZYw,UCkbsS_3D-pvg1iHOld9uvIg,1,@aguilar4254,@gonzalo6075
UCQyOePccUP-fIJYzchAgZYw,UClhMWQ7XKWywYvbRnuf8QsA,1,@aguilar4254,@EcPerez-zz9oh
UCQyOePccUP-fIJYzchAgZYw,UClqA491Xa5fQcXcJJa-vTWw,1,@aguilar4254,@AndresLemus-k2d
UCQyOePccUP-fIJYzchAgZYw,UColMq7LmaoY3MT6aIDGrGvA,1,@aguilar4254,@quijotachapina1
UCQyOePccUP-fIJYzchAgZYw,UCpe5jW3MIqkgTJ-PgkzvM6Q,1,@aguilar4254,@carloslam5333
UCQyOePccUP-fIJYzchAgZYw,UCpsKOkt5iWTbenzeuq7dsmQ,1,@aguilar4254,@inge_vergueta
UCQyOePccUP-fIJYzchAgZYw,UCqCrvuoJpC-aVb0f4logQRQ,1,@aguilar4254,@Lyrics_GT
UCQyOePccUP-fIJYzchAgZYw,UCsGoJEvb-cFPZ2rWoJcXzEQ,1,@aguilar4254,@sergiohinestroza9709
UCQyOePccUP-fIJYzchAgZYw,UCu8_3-Wg-YzNyvHYQDEscfw,1,@aguilar4254,@RolandoCastroPérez-d7y
UCQyOePccUP-fIJYzchAgZYw,UCuXmOjxC-htcprLgeVXz6Tg,1,@aguilar4254,@jorgeaguilar-bq3uj
UCQyOePccUP-fIJYzchAgZYw,UCwgCc9Jd_gG-uLE_SY-FfPg,1,@aguilar4254,@armindapenados2841
UCQyOePccUP-fIJYzchAgZYw,UCwjUvRseNtJoItylIyIez7Q,1,@aguilar4254,@Silviazea
UCQyOePccUP-fIJYzchAgZYw,UCylqlpsh8ENNM1LqgQ1KbxA,1,@aguilar4254,@Jel.Awesh.M
UCRAquv8el-tQ30bN7MlmySQ,UCRvPToDkkumha7WJAfCDk1A,1,@iamjimalesssa,@ligiaguerra3057
UCRAquv8el-tQ30bN7MlmySQ,UCUoYsrx1oZnCZ0usbBJn4fA,1,@iamjimalesssa,@AnaDiaz-re9sq
UCRAquv8el-tQ30bN7MlmySQ,UCV0lM03g5fg5pbPj97-sAtA,1,@iamjimalesssa,@genarodelgado3929
UCRAquv8el-tQ30bN7MlmySQ,UCW-JC6lebVmf2P1dmY_L94g,1,@iamjimalesssa,@dinoraoroxon5771
UCRAquv8el-tQ30bN7MlmySQ,UCW80DaMjQlEUibC98Cot-Dg,1,@iamjimalesssa,@rogeraldana4289
UCRAquv8el-tQ30bN7MlmySQ,UCWoAVGVqCn4xtINCMOTM4jg,1,@iamjimalesssa,@OmarMartinez-vv8re
UCRAquv8el-tQ30bN7MlmySQ,UCZeIIQrGAedW8tCbKWmGY-A,1,@iamjimalesssa,@mariocordon8873
UCRAquv8el-tQ30bN7MlmySQ,UC_LYoGs5C3mbZKZuKuqYCvw,1,@iamjimalesssa,@javiercifuentesarchila6041
UCRAquv8el-tQ30bN7MlmySQ,UCaKAjTW9MVub_clgr4DRYjQ,1,@iamjimalesssa,@josecastillo4390
UCRAquv8el-tQ30bN7MlmySQ,UCdFlugHJJa4l3YqWuNRmvXw,1,@iamjimalesssa,@MarcosCarillo-b1r
UCRAquv8el-tQ30bN7MlmySQ,UCe8JZoYkX5oKUZyivHYdXhw,1,@iamjimalesssa,@FernandoGarcia-jg1fj
UCRAquv8el-tQ30bN7MlmySQ,UCeDNEtI8_a42bZ47wJiJMwQ,1,@iamjimalesssa,@EdgarcalderonCalderong
UCRAquv8el-tQ30bN7MlmySQ,UCgJNFj5dnxXpcMvmuhZDPxA,1,@iamjimalesssa,@NataliaRodriguez-rx5mr
UCRAquv8el-tQ30bN7MlmySQ,UCgQw_Sbq3ugruDUKsq1e0-A,1,@iamjimalesssa,@marlenareano-h4t
UCRAquv8el-tQ30bN7MlmySQ,UCiC-Jn7wdgyQV4_Urk0DkWQ,1,@iamjimalesssa,@pedroros6358
UCRAquv8el-tQ30bN7MlmySQ,UCkVtmkK07b2zaVVNssX4lOg,1,@iamjimalesssa,@HectorElias-u2l
UCRAquv8el-tQ30bN7MlmySQ,UCkbsS_3D-pvg1iHOld9uvIg,1,@iamjimalesssa,@gonzalo6075
UCRAquv8el-tQ30bN7MlmySQ,UClhMWQ7XKWywYvbRnuf8QsA,1,@iamjimalesssa,@EcPerez-zz9oh
UCRAquv8el-tQ30bN7MlmySQ,UClqA491Xa5fQcXcJJa-vTWw,1,@iamjimalesssa,@AndresLemus-k2d
UCRAquv8el-tQ30bN7MlmySQ,UColMq7LmaoY3MT6aIDGrGvA,1,@iamjimalesssa,@quijotachapina1
UCRAquv8el-tQ30bN7MlmySQ,UCpe5jW3MIqkgTJ-PgkzvM6Q,1,@iamjimalesssa,@carloslam5333
UCRAquv8el-tQ30bN7MlmySQ,UCpsKOkt5iWTbenzeuq7dsmQ,1,@iamjimalesssa,@inge_vergueta
UCRAquv8el-tQ30bN7MlmySQ,UCqCrvuoJpC-aVb0f4logQRQ,1,@iamjimalesssa,@Lyrics_GT
UCRAquv8el-tQ30bN7MlmySQ,UCsGoJEvb-cFPZ2rWoJcXzEQ,1,@iamjimalesssa,@sergiohinestroza9709
UCRAquv8el-tQ30bN7MlmySQ,UCu8_3-Wg-YzNyvHYQDEscfw,1,@iamjimalesssa,@RolandoCastroPérez-d7y
UCRAquv8el-tQ30bN7MlmySQ,UCuXmOjxC-htcprLgeVXz6Tg,1,@iamjimalesssa,@jorgeaguilar-bq3uj
UCRAquv8el-tQ30bN7MlmySQ,UCwgCc9Jd_gG-uLE_SY-FfPg,1,@iamjimalesssa,@armindapenados2841
UCRAquv8el-tQ30bN7MlmySQ,UCwjUvRseNtJoItylIyIez7Q,1,@iamjimalesssa,@Silviazea
UCRAquv8el-tQ30bN7MlmySQ,UCylqlpsh8ENNM1LqgQ1KbxA,1,@iamjimalesssa,@Jel.Awesh.M
UCRETAiYdh2dL5ZxB0_N1zDA,UCRelkU8JiZBytTzebJxaa-w,1,@Joseroland21,@danyraymundo2942
UCRETAiYdh2dL5ZxB0_N1zDA,UCRlCV9zSn7avAWh-9_XFWqQ,1,@Joseroland21,@ronyarana8849
UCRETAiYdh2dL5ZxB0_N1zDA,UCSou6a2OuYGSvPjm5psquyA,1,@Joseroland21,@FranciscoRivera-sf7ne
UCRETAiYdh2dL5ZxB0_N1zDA,UCTD6q1nyIe3Y7HhqjaMj72w,1,@Joseroland21,@JuanChang-r6k
UCRETAiYdh2dL5ZxB0_N1zDA,UCTP3O0rMnc8z8v8jaDQwL0w,1,@Joseroland21,@RobertoZelaya-x1v
UCRETAiYdh2dL5ZxB0_N1zDA,UCThW2XNsAaBKme5PUt7n-Zg,1,@Joseroland21,@thelmamoran8565
UCRETAiYdh2dL5ZxB0_N1zDA,UCTwSut16JyAg3mX6LVUNGqA,1,@Joseroland21,@SuperVictor2005
UCRETAiYdh2dL5ZxB0_N1zDA,UCTylKrsqkrBKIqubMu_5N0Q,1,@Joseroland21,@edwingeovanymarroquinmarro6684
UCRETAiYdh2dL5ZxB0_N1zDA,UCUIIIPTVDVHAXqhC_5V6lPA,1,@Joseroland21,@gorrarota
UCRETAiYdh2dL5ZxB0_N1zDA,UCV0iizTBoOfdAFX_thfI9BA,1,@Joseroland21,@BenjaminLarios-jd8nk
UCRETAiYdh2dL5ZxB0_N1zDA,UCWIZUtKJ636y-4TYrNvok0g,1,@Joseroland21,@cesarandreas7824
UCRETAiYdh2dL5ZxB0_N1zDA,UCXSkL3ejZ8qWYyF_M7s_QKA,1,@Joseroland21,@JacintaTzoy
UCRETAiYdh2dL5ZxB0_N1zDA,UCXXh7yg5KUFIWylTiKVEFKQ,1,@Joseroland21,@MrDuenderojo
UCRETAiYdh2dL5ZxB0_N1zDA,UCXgr7vXlRrsaskPdo097kGA,1,@Joseroland21,@Rogergh-nw4oj
UCRETAiYdh2dL5ZxB0_N1zDA,UCXr8_5WtGeipe4haOoQDgyQ,1,@Joseroland21,@amyherrera7352
UCRETAiYdh2dL5ZxB0_N1zDA,UCYN4wSQ1Sx4_LurxLlW7MPg,1,@Joseroland21,@belarminavillatoro6474
UCRETAiYdh2dL5ZxB0_N1zDA,UCYwpX26TrCxq8TvbKGRYLXA,1,@Joseroland21,@beneficioelcaminovillacana8540
UCRETAiYdh2dL5ZxB0_N1zDA,UCZ51R_9Q9C0c8I3pAWhtmjQ,1,@Joseroland21,@belvettzapeta1251
UCRETAiYdh2dL5ZxB0_N1zDA,UCZLG9qH0tUjNhEGFIUt0CYw,1,@Joseroland21,@SoniaMarroquin-y6e
UCRETAiYdh2dL5ZxB0_N1zDA,UCcfdg8crmMJwEuLUsAhV7yg,1,@Joseroland21,@RolandoRaguay
UCRETAiYdh2dL5ZxB0_N1zDA,UCfM3nrxtTQMY5jFx1v1J4Gg,1,@Joseroland21,@edgarroldan5539
UCRETAiYdh2dL5ZxB0_N1zDA,UCgvw7xIdGFupzpt1Y_BFkEA,1,@Joseroland21,@fredygarcia9151
UCRETAiYdh2dL5ZxB0_N1zDA,UCh5ESQvtzyHDhCA7XyekCFA,1,@Joseroland21,@andyB5280
UCRETAiYdh2dL5ZxB0_N1zDA,UChZknRmJkeGeQk0-mQuhDOg,1,@Joseroland21,@OdilioRodríguez-c5w
UCRETAiYdh2dL5ZxB0_N1zDA,UChep9kVb5gQmpodEEl10Xlg,1,@Joseroland21,@carlosaguilar-kz7ml
UCRETAiYdh2dL5ZxB0_N1zDA,UChgkn5Jt5tWKYMoEOuCjz3Q,1,@Joseroland21,@pablochitay46
UCRETAiYdh2dL5ZxB0_N1zDA,UChs3tU2BcKOT0CezykvAsGw,1,@Joseroland21,@byronpontaza
UCRETAiYdh2dL5ZxB0_N1zDA,UCi1b_TRQfgO1Z9O2gNGGWNA,1,@Joseroland21,@davidisraelesquitsaquil
UCRETAiYdh2dL5ZxB0_N1zDA,UCiGRBf2RNF0WRKhRVT7zFoA,1,@Joseroland21,@edwinavila4876
UCRETAiYdh2dL5ZxB0_N1zDA,UCiMythXHsw7eQEMykCdmMUA,1,@Joseroland21,@JavierBecerra-h6x
UCRETAiYdh2dL5ZxB0_N1zDA,UCipetjeiWj4CZB6EbyYziZg,1,@Joseroland21,@OseasSamayoa-ol5rz
UCRETAiYdh2dL5ZxB0_N1zDA,UCj-LL25XJnjxepPKCc3NGog,1,@Joseroland21,@anaaguirre8985
UCRETAiYdh2dL5ZxB0_N1zDA,UCjSKM9j0Q7HLDr1hD6D-TUw,1,@Joseroland21,@josehidalgo4875
UCRETAiYdh2dL5ZxB0_N1zDA,UCjmPuazZJzscrwvk0QR9RVw,1,@Joseroland21,@mynorrodas8591
UCRETAiYdh2dL5ZxB0_N1zDA,UCkd9W714-947dEE6ZOEBATA,1,@Joseroland21,@ARGELIATELON
UCRETAiYdh2dL5ZxB0_N1zDA,UCl0ekS9Tt0jJGtOEM18S63w,1,@Joseroland21,@monkchapin
UCRETAiYdh2dL5ZxB0_N1zDA,UCljDbleJul41G1TzOjOZAVA,1,@Joseroland21,@hectorcarranza3777
UCRETAiYdh2dL5ZxB0_N1zDA,UCmjppp6ujz3SAnULvP3sZMw,1,@Joseroland21,@marcomendez7509
UCRETAiYdh2dL5ZxB0_N1zDA,UCmvOgzmmXbjUthHy-WJ52hQ,1,@Joseroland21,@mariorodas593
UCRETAiYdh2dL5ZxB0_N1zDA,UCp4iw5_5SmV9VGTFSNVGOmQ,1,@Joseroland21,@CARLOSSTREMS51
UCRETAiYdh2dL5ZxB0_N1zDA,UCpIdtvoFHVLGASGB5ySqIEA,1,@Joseroland21,@VidalVillatoro-p4w
UCRETAiYdh2dL5ZxB0_N1zDA,UCpl8rF8uv_8uui-QRvuJaRA,1,@Joseroland21,@SergioGarcia-z9c
UCRETAiYdh2dL5ZxB0_N1zDA,UCplrIQtaPj6au60_f2-mOYw,1,@Joseroland21,@romeolopezherrarte799
UCRETAiYdh2dL5ZxB0_N1zDA,UCpsKOkt5iWTbenzeuq7dsmQ,1,@Joseroland21,@inge_vergueta
UCRETAiYdh2dL5ZxB0_N1zDA,UCr1emrogPKkKTs_WTtx71xg,1,@Joseroland21,@domingopeneleu6457
UCRETAiYdh2dL5ZxB0_N1zDA,UCrJn_rbo_ENAdeqneS-RmRw,1,@Joseroland21,@josecarrera9623
UCRETAiYdh2dL5ZxB0_N1zDA,UCsJJAvrVGupdmhOqgtDp8dg,1,@Joseroland21,@nestorlorenzana1168
UCRETAiYdh2dL5ZxB0_N1zDA,UCsSXdJct-nsS8DsABoEsaYA,1,@Joseroland21,@IvánPérez-j4j
UCRETAiYdh2dL5ZxB0_N1zDA,UCsUCN0Yq_UyTvKjOJLmNrnQ,1,@Joseroland21,@moisesvaldez4043
UCRETAiYdh2dL5ZxB0_N1zDA,UCsjs5Hp_r86x1xbK6FAeqaA,1,@Joseroland21,@alvaroesquivel563
UCRETAiYdh2dL5ZxB0_N1zDA,UCtNfIBnc5S5DbbQj_yxgJTw,1,@Joseroland21,@JosueRamirez-ey3ih
UCRETAiYdh2dL5ZxB0_N1zDA,UCtUR3_CAiE7fCoZHM6cMfyQ,1,@Joseroland21,@mdelcid01
UCRETAiYdh2dL5ZxB0_N1zDA,UCueV9cTyTDwgQSec1x2dYgA,1,@Joseroland21,@fredydomingo7062
UCRETAiYdh2dL5ZxB0_N1zDA,UCujPF2nBgsTD62nWE3lcpIg,1,@Joseroland21,@victorarturoruanobautista7588
UCRETAiYdh2dL5ZxB0_N1zDA,UCut6b9S98nv84cVX89PmKzA,1,@Joseroland21,@yeniferaguirre4498
UCRETAiYdh2dL5ZxB0_N1zDA,UCvApqeCbLod-wejtT4CcVuA,1,@Joseroland21,@davidgaher9550
UCRETAiYdh2dL5ZxB0_N1zDA,UCwO2SXr0ggzwg6QWWrr01nQ,1,@Joseroland21,@ricardofigueroa5720
UCRETAiYdh2dL5ZxB0_N1zDA,UCwW2OFy95P7ZBkOPxWkpvYg,1,@Joseroland21,@TeresaLucero-b5o
UCRETAiYdh2dL5ZxB0_N1zDA,UCwha8rxULYMVtNwZWeSkE1A,1,@Joseroland21,@mariasamo8637
UCRETAiYdh2dL5ZxB0_N1zDA,UCxff05WuyvwELNITi7bj7UA,1,@Joseroland21,@markoherrera
UCRETAiYdh2dL5ZxB0_N1zDA,UCySYJU5kUh7X8gVt9la2ISA,1,@Joseroland21,@dantesarti4351
UCRETAiYdh2dL5ZxB0_N1zDA,UCylqlpsh8ENNM1LqgQ1KbxA,1,@Joseroland21,@Jel.Awesh.M
UCRETAiYdh2dL5ZxB0_N1zDA,UCz3gu01bmjNv0DpRq-K3XYg,1,@Joseroland21,@eusebiovasquez4385
UCRETAiYdh2dL5ZxB0_N1zDA,UCzSfZlOVxBSs5ObD25ywxDQ,1,@Joseroland21,@GilmarMaldonado-q9m
UCRETAiYdh2dL5ZxB0_N1zDA,UCzoL2l5H5eVlorWGH8AZfAg,1,@Joseroland21,@jor77cas
UCRcSR3Lvn9DZAmJpVPANfZQ,UCRznz9-N3Qc1w-qNdLSIY2Q,1,@WalksandSuch,@jimmygomez724
UCRcSR3Lvn9DZAmJpVPANfZQ,UCSTAUWVc1_82DHYeqOsqEFA,1,@WalksandSuch,@TheAlexX_C
UCRcSR3Lvn9DZAmJpVPANfZQ,UCXmrpc6Li0spcKxtS0Q_ptg,1,@WalksandSuch,@melvinperez6710
UCRcSR3Lvn9DZAmJpVPANfZQ,UCY7Hq7F9Lnucf-Yr6JkHZNw,1,@WalksandSuch,@maynorcalel1442
UCRcSR3Lvn9DZAmJpVPANfZQ,UC_ljZ1hZXR9pzexFz87P5ZA,1,@WalksandSuch,@ChRiStOpHeR7969
UCRcSR3Lvn9DZAmJpVPANfZQ,UCaT6M2zp7X6r6Whd8Vv3kHQ,1,@WalksandSuch,@alexarcos8349
UCRcSR3Lvn9DZAmJpVPANfZQ,UCgLrWFdYitoP-b7-PxtUr-w,1,@WalksandSuch,@zetag
UCRcSR3Lvn9DZAmJpVPANfZQ,UCgLurCo-e019HGODcjXHWCw,1,@WalksandSuch,@perritojuega1
UCRcSR3Lvn9DZAmJpVPANfZQ,UCi-vPdnpQreC7BkFs40mJGA,1,@WalksandSuch,@bryansicasales4280
UCRcSR3Lvn9DZAmJpVPANfZQ,UCqilIa8r7iek5sGYg_q6ofA,1,@WalksandSuch,@rolandojuchuna484
UCRcSR3Lvn9DZAmJpVPANfZQ,UCs_5qeqdku9tGAq22y3OcuQ,1,@WalksandSuch,@alexandrevasquez4135
UCRcSR3Lvn9DZAmJpVPANfZQ,UCtMBF_1O2jY2INlb_luuB_A,1,@WalksandSuch,@mynorgudiel8646
UCRcSR3Lvn9DZAmJpVPANfZQ,UCwUAv3_LpWVtTIi7lkmTL7A,1,@WalksandSuch,@kingr4706
UCRcSR3Lvn9DZAmJpVPANfZQ,UCxKR3RA8T-kxMgq_2WWhRcQ,1,@WalksandSuch,@elenaluarca9377
UCRcSR3Lvn9DZAmJpVPANfZQ,UCyzf29IYjNw67gGIfsjgtxA,1,@WalksandSuch,@carlosoliva9249
UCRelkU8JiZBytTzebJxaa-w,UCRlCV9zSn7avAWh-9_XFWqQ,1,@danyraymundo2942,@ronyarana8849
UCRelkU8JiZBytTzebJxaa-w,UCSou6a2OuYGSvPjm5psquyA,1,@danyraymundo2942,@FranciscoRivera-sf7ne
UCRelkU8JiZBytTzebJxaa-w,UCTD6q1nyIe3Y7HhqjaMj72w,1,@danyraymundo2942,@JuanChang-r6k
UCRelkU8JiZBytTzebJxaa-w,UCTP3O0rMnc8z8v8jaDQwL0w,1,@danyraymundo2942,@RobertoZelaya-x1v
UCRelkU8JiZBytTzebJxaa-w,UCThW2XNsAaBKme5PUt7n-Zg,1,@danyraymundo2942,@thelmamoran8565
UCRelkU8JiZBytTzebJxaa-w,UCTwSut16JyAg3mX6LVUNGqA,1,@danyraymundo2942,@SuperVictor2005
UCRelkU8JiZBytTzebJxaa-w,UCTylKrsqkrBKIqubMu_5N0Q,1,@danyraymundo2942,@edwingeovanymarroquinmarro6684
UCRelkU8JiZBytTzebJxaa-w,UCUIIIPTVDVHAXqhC_5V6lPA,1,@danyraymundo2942,@gorrarota
UCRelkU8JiZBytTzebJxaa-w,UCV0iizTBoOfdAFX_thfI9BA,1,@danyraymundo2942,@BenjaminLarios-jd8nk
UCRelkU8JiZBytTzebJxaa-w,UCWIZUtKJ636y-4TYrNvok0g,1,@danyraymundo2942,@cesarandreas7824
UCRelkU8JiZBytTzebJxaa-w,UCXSkL3ejZ8qWYyF_M7s_QKA,1,@danyraymundo2942,@JacintaTzoy
UCRelkU8JiZBytTzebJxaa-w,UCXXh7yg5KUFIWylTiKVEFKQ,1,@danyraymundo2942,@MrDuenderojo
UCRelkU8JiZBytTzebJxaa-w,UCXgr7vXlRrsaskPdo097kGA,1,@danyraymundo2942,@Rogergh-nw4oj
UCRelkU8JiZBytTzebJxaa-w,UCXr8_5WtGeipe4haOoQDgyQ,1,@danyraymundo2942,@amyherrera7352
UCRelkU8JiZBytTzebJxaa-w,UCYN4wSQ1Sx4_LurxLlW7MPg,1,@danyraymundo2942,@belarminavillatoro6474
UCRelkU8JiZBytTzebJxaa-w,UCYwpX26TrCxq8TvbKGRYLXA,1,@danyraymundo2942,@beneficioelcaminovillacana8540
UCRelkU8JiZBytTzebJxaa-w,UCZ51R_9Q9C0c8I3pAWhtmjQ,1,@danyraymundo2942,@belvettzapeta1251
UCRelkU8JiZBytTzebJxaa-w,UCZLG9qH0tUjNhEGFIUt0CYw,1,@danyraymundo2942,@SoniaMarroquin-y6e
UCRelkU8JiZBytTzebJxaa-w,UCcfdg8crmMJwEuLUsAhV7yg,1,@danyraymundo2942,@RolandoRaguay
UCRelkU8JiZBytTzebJxaa-w,UCfM3nrxtTQMY5jFx1v1J4Gg,1,@danyraymundo2942,@edgarroldan5539
UCRelkU8JiZBytTzebJxaa-w,UCgvw7xIdGFupzpt1Y_BFkEA,1,@danyraymundo2942,@fredygarcia9151
UCRelkU8JiZBytTzebJxaa-w,UCh5ESQvtzyHDhCA7XyekCFA,1,@danyraymundo2942,@andyB5280
UCRelkU8JiZBytTzebJxaa-w,UChZknRmJkeGeQk0-mQuhDOg,1,@danyraymundo2942,@OdilioRodríguez-c5w
UCRelkU8JiZBytTzebJxaa-w,UChep9kVb5gQmpodEEl10Xlg,1,@danyraymundo2942,@carlosaguilar-kz7ml
UCRelkU8JiZBytTzebJxaa-w,UChgkn5Jt5tWKYMoEOuCjz3Q,1,@danyraymundo2942,@pablochitay46
UCRelkU8JiZBytTzebJxaa-w,UChs3tU2BcKOT0CezykvAsGw,1,@danyraymundo2942,@byronpontaza
UCRelkU8JiZBytTzebJxaa-w,UCi1b_TRQfgO1Z9O2gNGGWNA,1,@danyraymundo2942,@davidisraelesquitsaquil
UCRelkU8JiZBytTzebJxaa-w,UCiGRBf2RNF0WRKhRVT7zFoA,1,@danyraymundo2942,@edwinavila4876
UCRelkU8JiZBytTzebJxaa-w,UCiMythXHsw7eQEMykCdmMUA,1,@danyraymundo2942,@JavierBecerra-h6x
UCRelkU8JiZBytTzebJxaa-w,UCipetjeiWj4CZB6EbyYziZg,1,@danyraymundo2942,@OseasSamayoa-ol5rz
UCRelkU8JiZBytTzebJxaa-w,UCj-LL25XJnjxepPKCc3NGog,1,@danyraymundo2942,@anaaguirre8985
UCRelkU8JiZBytTzebJxaa-w,UCjSKM9j0Q7HLDr1hD6D-TUw,1,@danyraymundo2942,@josehidalgo4875
UCRelkU8JiZBytTzebJxaa-w,UCjmPuazZJzscrwvk0QR9RVw,1,@danyraymundo2942,@mynorrodas8591
UCRelkU8JiZBytTzebJxaa-w,UCkd9W714-947dEE6ZOEBATA,1,@danyraymundo2942,@ARGELIATELON
UCRelkU8JiZBytTzebJxaa-w,UCl0ekS9Tt0jJGtOEM18S63w,1,@danyraymundo2942,@monkchapin
UCRelkU8JiZBytTzebJxaa-w,UCljDbleJul41G1TzOjOZAVA,1,@danyraymundo2942,@hectorcarranza3777
UCRelkU8JiZBytTzebJxaa-w,UCmjppp6ujz3SAnULvP3sZMw,1,@danyraymundo2942,@marcomendez7509
UCRelkU8JiZBytTzebJxaa-w,UCmvOgzmmXbjUthHy-WJ52hQ,1,@danyraymundo2942,@mariorodas593
UCRelkU8JiZBytTzebJxaa-w,UCp4iw5_5SmV9VGTFSNVGOmQ,1,@danyraymundo2942,@CARLOSSTREMS51
UCRelkU8JiZBytTzebJxaa-w,UCpIdtvoFHVLGASGB5ySqIEA,1,@danyraymundo2942,@VidalVillatoro-p4w
UCRelkU8JiZBytTzebJxaa-w,UCpl8rF8uv_8uui-QRvuJaRA,1,@danyraymundo2942,@SergioGarcia-z9c
UCRelkU8JiZBytTzebJxaa-w,UCplrIQtaPj6au60_f2-mOYw,1,@danyraymundo2942,@romeolopezherrarte799
UCRelkU8JiZBytTzebJxaa-w,UCpsKOkt5iWTbenzeuq7dsmQ,1,@danyraymundo2942,@inge_vergueta
UCRelkU8JiZBytTzebJxaa-w,UCr1emrogPKkKTs_WTtx71xg,1,@danyraymundo2942,@domingopeneleu6457
UCRelkU8JiZBytTzebJxaa-w,UCrJn_rbo_ENAdeqneS-RmRw,1,@danyraymundo2942,@josecarrera9623
UCRelkU8JiZBytTzebJxaa-w,UCsJJAvrVGupdmhOqgtDp8dg,1,@danyraymundo2942,@nestorlorenzana1168
UCRelkU8JiZBytTzebJxaa-w,UCsSXdJct-nsS8DsABoEsaYA,1,@danyraymundo2942,@IvánPérez-j4j
UCRelkU8JiZBytTzebJxaa-w,UCsUCN0Yq_UyTvKjOJLmNrnQ,1,@danyraymundo2942,@moisesvaldez4043
UCRelkU8JiZBytTzebJxaa-w,UCsjs5Hp_r86x1xbK6FAeqaA,1,@danyraymundo2942,@alvaroesquivel563
UCRelkU8JiZBytTzebJxaa-w,UCtNfIBnc5S5DbbQj_yxgJTw,1,@danyraymundo2942,@JosueRamirez-ey3ih
UCRelkU8JiZBytTzebJxaa-w,UCtUR3_CAiE7fCoZHM6cMfyQ,1,@danyraymundo2942,@mdelcid01
UCRelkU8JiZBytTzebJxaa-w,UCueV9cTyTDwgQSec1x2dYgA,1,@danyraymundo2942,@fredydomingo7062
UCRelkU8JiZBytTzebJxaa-w,UCujPF2nBgsTD62nWE3lcpIg,1,@danyraymundo2942,@victorarturoruanobautista7588
UCRelkU8JiZBytTzebJxaa-w,UCut6b9S98nv84cVX89PmKzA,1,@danyraymundo2942,@yeniferaguirre4498
UCRelkU8JiZBytTzebJxaa-w,UCvApqeCbLod-wejtT4CcVuA,1,@danyraymundo2942,@davidgaher9550
UCRelkU8JiZBytTzebJxaa-w,UCwO2SXr0ggzwg6QWWrr01nQ,1,@danyraymundo2942,@ricardofigueroa5720
UCRelkU8JiZBytTzebJxaa-w,UCwW2OFy95P7ZBkOPxWkpvYg,1,@danyraymundo2942,@TeresaLucero-b5o
UCRelkU8JiZBytTzebJxaa-w,UCwha8rxULYMVtNwZWeSkE1A,1,@danyraymundo2942,@mariasamo8637
UCRelkU8JiZBytTzebJxaa-w,UCxff05WuyvwELNITi7bj7UA,1,@danyraymundo2942,@markoherrera
UCRelkU8JiZBytTzebJxaa-w,UCySYJU5kUh7X8gVt9la2ISA,1,@danyraymundo2942,@dantesarti4351
UCRelkU8JiZBytTzebJxaa-w,UCylqlpsh8ENNM1LqgQ1KbxA,1,@danyraymundo2942,@Jel.Awesh.M
UCRelkU8JiZBytTzebJxaa-w,UCz3gu01bmjNv0DpRq-K3XYg,1,@danyraymundo2942,@eusebiovasquez4385
UCRelkU8JiZBytTzebJxaa-w,UCzSfZlOVxBSs5ObD25ywxDQ,1,@danyraymundo2942,@GilmarMaldonado-q9m
UCRelkU8JiZBytTzebJxaa-w,UCzoL2l5H5eVlorWGH8AZfAg,1,@danyraymundo2942,@jor77cas
UCRfkkatKrNtAARnXMMYBGlA,UCV3fr-YOixFKCZBbJP1-X4w,1,@BernerSoza-mg3vx,@albertoshernandez5251
UCRfkkatKrNtAARnXMMYBGlA,UCWaRixDdpgllTBf4V0jPnKQ,1,@BernerSoza-mg3vx,@hectormaaz5523
UCRfkkatKrNtAARnXMMYBGlA,UCWvntqPQx99k_Z_skWKqNSA,1,@BernerSoza-mg3vx,@AntonioChiyal-x5s
UCRfkkatKrNtAARnXMMYBGlA,UCZFQwqh90apuL8eFhvRBkUg,1,@BernerSoza-mg3vx,@luisricardo9671
UCRfkkatKrNtAARnXMMYBGlA,UCa36MjQLoPAmgJo-R3G8WQA,1,@BernerSoza-mg3vx,@elsasalguero6914
UCRfkkatKrNtAARnXMMYBGlA,UCaT4saRcyqCLE657Rq2hhZQ,1,@BernerSoza-mg3vx,@elmilenial4064
UCRfkkatKrNtAARnXMMYBGlA,UCeQk-WfEA-cJRq4EKeE7TOw,1,@BernerSoza-mg3vx,@franciscojuarez9223
UCRfkkatKrNtAARnXMMYBGlA,UCfo_yUPzy1f1POwwZxhZ06Q,1,@BernerSoza-mg3vx,@lara11roberto
UCRfkkatKrNtAARnXMMYBGlA,UCgGqw4aqMdMVSGkKiMgrJRQ,1,@BernerSoza-mg3vx,@pattyfigueroa5609
UCRfkkatKrNtAARnXMMYBGlA,UCheEJ5GZuIvV0fj-nXyVwXw,1,@BernerSoza-mg3vx,@rosaoliva9389
UCRfkkatKrNtAARnXMMYBGlA,UChyps3dqY-VY1_wLeq-2lhw,1,@BernerSoza-mg3vx,@maydamorales4395
UCRfkkatKrNtAARnXMMYBGlA,UCiOZX__1gahg1ypIj0_XG_w,1,@BernerSoza-mg3vx,@mariogonzalezorellana8956
UCRfkkatKrNtAARnXMMYBGlA,UCjZgFEowMBrsjodqfovzdKw,1,@BernerSoza-mg3vx,@franciscoflores3120
UCRfkkatKrNtAARnXMMYBGlA,UCoGdCoJg2Lh0OX_jv6cG16g,1,@BernerSoza-mg3vx,@Israel-u5i7i
UCRfkkatKrNtAARnXMMYBGlA,UCp29O_C7cchZV8IxV7Crdag,1,@BernerSoza-mg3vx,@robertoescobar5507
UCRfkkatKrNtAARnXMMYBGlA,UCql1n3Ey6ULMSOACjMe-fxQ,1,@BernerSoza-mg3vx,@RolandoGonzalez-o7g
UCRfkkatKrNtAARnXMMYBGlA,UCtCtts20bW6F9CSohau51Iw,1,@BernerSoza-mg3vx,@carlosgranados9875
UCRfkkatKrNtAARnXMMYBGlA,UCtsxPYw8VUsH_FfnKg-0lmw,1,@BernerSoza-mg3vx,@AlejandroPérez-b6r
UCRfkkatKrNtAARnXMMYBGlA,UCvDwJBBY1mHK70aTEYl6rsA,1,@BernerSoza-mg3vx,@cristianescobedo8296
UCRfkkatKrNtAARnXMMYBGlA,UCwxoKK59nGCeBqB2sXfDBIw,1,@BernerSoza-mg3vx,@vic-bonivideos
UCRfkkatKrNtAARnXMMYBGlA,UCyJhqmMbsvjpoarBBStA2kg,1,@BernerSoza-mg3vx,@Murmullodelbarrio
UCRfkkatKrNtAARnXMMYBGlA,UCzZ6dDCEsLMXbc5pCFXIprw,1,@BernerSoza-mg3vx,@josegil3813
UCRlCV9zSn7avAWh-9_XFWqQ,UCSou6a2OuYGSvPjm5psquyA,1,@ronyarana8849,@FranciscoRivera-sf7ne
UCRlCV9zSn7avAWh-9_XFWqQ,UCTD6q1nyIe3Y7HhqjaMj72w,1,@ronyarana8849,@JuanChang-r6k
UCRlCV9zSn7avAWh-9_XFWqQ,UCTP3O0rMnc8z8v8jaDQwL0w,1,@ronyarana8849,@RobertoZelaya-x1v
UCRlCV9zSn7avAWh-9_XFWqQ,UCThW2XNsAaBKme5PUt7n-Zg,1,@ronyarana8849,@thelmamoran8565
UCRlCV9zSn7avAWh-9_XFWqQ,UCTwSut16JyAg3mX6LVUNGqA,1,@ronyarana8849,@SuperVictor2005
UCRlCV9zSn7avAWh-9_XFWqQ,UCTylKrsqkrBKIqubMu_5N0Q,1,@ronyarana8849,@edwingeovanymarroquinmarro6684
UCRlCV9zSn7avAWh-9_XFWqQ,UCUIIIPTVDVHAXqhC_5V6lPA,1,@ronyarana8849,@gorrarota
UCRlCV9zSn7avAWh-9_XFWqQ,UCV0iizTBoOfdAFX_thfI9BA,1,@ronyarana8849,@BenjaminLarios-jd8nk
UCRlCV9zSn7avAWh-9_XFWqQ,UCWIZUtKJ636y-4TYrNvok0g,1,@ronyarana8849,@cesarandreas7824
UCRlCV9zSn7avAWh-9_XFWqQ,UCXSkL3ejZ8qWYyF_M7s_QKA,1,@ronyarana8849,@JacintaTzoy
UCRlCV9zSn7avAWh-9_XFWqQ,UCXXh7yg5KUFIWylTiKVEFKQ,1,@ronyarana8849,@MrDuenderojo
UCRlCV9zSn7avAWh-9_XFWqQ,UCXgr7vXlRrsaskPdo097kGA,1,@ronyarana8849,@Rogergh-nw4oj
UCRlCV9zSn7avAWh-9_XFWqQ,UCXr8_5WtGeipe4haOoQDgyQ,1,@ronyarana8849,@amyherrera7352
UCRlCV9zSn7avAWh-9_XFWqQ,UCYN4wSQ1Sx4_LurxLlW7MPg,1,@ronyarana8849,@belarminavillatoro6474
UCRlCV9zSn7avAWh-9_XFWqQ,UCYwpX26TrCxq8TvbKGRYLXA,1,@ronyarana8849,@beneficioelcaminovillacana8540
UCRlCV9zSn7avAWh-9_XFWqQ,UCZ51R_9Q9C0c8I3pAWhtmjQ,1,@ronyarana8849,@belvettzapeta1251
UCRlCV9zSn7avAWh-9_XFWqQ,UCZLG9qH0tUjNhEGFIUt0CYw,1,@ronyarana8849,@SoniaMarroquin-y6e
UCRlCV9zSn7avAWh-9_XFWqQ,UCcfdg8crmMJwEuLUsAhV7yg,1,@ronyarana8849,@RolandoRaguay
UCRlCV9zSn7avAWh-9_XFWqQ,UCfM3nrxtTQMY5jFx1v1J4Gg,1,@ronyarana8849,@edgarroldan5539
UCRlCV9zSn7avAWh-9_XFWqQ,UCgvw7xIdGFupzpt1Y_BFkEA,1,@ronyarana8849,@fredygarcia9151
UCRlCV9zSn7avAWh-9_XFWqQ,UCh5ESQvtzyHDhCA7XyekCFA,1,@ronyarana8849,@andyB5280
UCRlCV9zSn7avAWh-9_XFWqQ,UChZknRmJkeGeQk0-mQuhDOg,1,@ronyarana8849,@OdilioRodríguez-c5w
UCRlCV9zSn7avAWh-9_XFWqQ,UChep9kVb5gQmpodEEl10Xlg,1,@ronyarana8849,@carlosaguilar-kz7ml
UCRlCV9zSn7avAWh-9_XFWqQ,UChgkn5Jt5tWKYMoEOuCjz3Q,1,@ronyarana8849,@pablochitay46
UCRlCV9zSn7avAWh-9_XFWqQ,UChs3tU2BcKOT0CezykvAsGw,1,@ronyarana8849,@byronpontaza
UCRlCV9zSn7avAWh-9_XFWqQ,UCi1b_TRQfgO1Z9O2gNGGWNA,1,@ronyarana8849,@davidisraelesquitsaquil
UCRlCV9zSn7avAWh-9_XFWqQ,UCiGRBf2RNF0WRKhRVT7zFoA,1,@ronyarana8849,@edwinavila4876
UCRlCV9zSn7avAWh-9_XFWqQ,UCiMythXHsw7eQEMykCdmMUA,1,@ronyarana8849,@JavierBecerra-h6x
UCRlCV9zSn7avAWh-9_XFWqQ,UCipetjeiWj4CZB6EbyYziZg,1,@ronyarana8849,@OseasSamayoa-ol5rz
UCRlCV9zSn7avAWh-9_XFWqQ,UCj-LL25XJnjxepPKCc3NGog,1,@ronyarana8849,@anaaguirre8985
UCRlCV9zSn7avAWh-9_XFWqQ,UCjSKM9j0Q7HLDr1hD6D-TUw,1,@ronyarana8849,@josehidalgo4875
UCRlCV9zSn7avAWh-9_XFWqQ,UCjmPuazZJzscrwvk0QR9RVw,1,@ronyarana8849,@mynorrodas8591
UCRlCV9zSn7avAWh-9_XFWqQ,UCkd9W714-947dEE6ZOEBATA,1,@ronyarana8849,@ARGELIATELON
UCRlCV9zSn7avAWh-9_XFWqQ,UCl0ekS9Tt0jJGtOEM18S63w,1,@ronyarana8849,@monkchapin
UCRlCV9zSn7avAWh-9_XFWqQ,UCljDbleJul41G1TzOjOZAVA,1,@ronyarana8849,@hectorcarranza3777
UCRlCV9zSn7avAWh-9_XFWqQ,UCmjppp6ujz3SAnULvP3sZMw,1,@ronyarana8849,@marcomendez7509
UCRlCV9zSn7avAWh-9_XFWqQ,UCmvOgzmmXbjUthHy-WJ52hQ,1,@ronyarana8849,@mariorodas593
UCRlCV9zSn7avAWh-9_XFWqQ,UCp4iw5_5SmV9VGTFSNVGOmQ,1,@ronyarana8849,@CARLOSSTREMS51
UCRlCV9zSn7avAWh-9_XFWqQ,UCpIdtvoFHVLGASGB5ySqIEA,1,@ronyarana8849,@VidalVillatoro-p4w
UCRlCV9zSn7avAWh-9_XFWqQ,UCpl8rF8uv_8uui-QRvuJaRA,1,@ronyarana8849,@SergioGarcia-z9c
UCRlCV9zSn7avAWh-9_XFWqQ,UCplrIQtaPj6au60_f2-mOYw,1,@ronyarana8849,@romeolopezherrarte799
UCRlCV9zSn7avAWh-9_XFWqQ,UCpsKOkt5iWTbenzeuq7dsmQ,1,@ronyarana8849,@inge_vergueta
UCRlCV9zSn7avAWh-9_XFWqQ,UCr1emrogPKkKTs_WTtx71xg,1,@ronyarana8849,@domingopeneleu6457
UCRlCV9zSn7avAWh-9_XFWqQ,UCrJn_rbo_ENAdeqneS-RmRw,1,@ronyarana8849,@josecarrera9623
UCRlCV9zSn7avAWh-9_XFWqQ,UCsJJAvrVGupdmhOqgtDp8dg,1,@ronyarana8849,@nestorlorenzana1168
UCRlCV9zSn7avAWh-9_XFWqQ,UCsSXdJct-nsS8DsABoEsaYA,1,@ronyarana8849,@IvánPérez-j4j
UCRlCV9zSn7avAWh-9_XFWqQ,UCsUCN0Yq_UyTvKjOJLmNrnQ,1,@ronyarana8849,@moisesvaldez4043
UCRlCV9zSn7avAWh-9_XFWqQ,UCsjs5Hp_r86x1xbK6FAeqaA,1,@ronyarana8849,@alvaroesquivel563
UCRlCV9zSn7avAWh-9_XFWqQ,UCtNfIBnc5S5DbbQj_yxgJTw,1,@ronyarana8849,@JosueRamirez-ey3ih
UCRlCV9zSn7avAWh-9_XFWqQ,UCtUR3_CAiE7fCoZHM6cMfyQ,1,@ronyarana8849,@mdelcid01
UCRlCV9zSn7avAWh-9_XFWqQ,UCueV9cTyTDwgQSec1x2dYgA,1,@ronyarana8849,@fredydomingo7062
UCRlCV9zSn7avAWh-9_XFWqQ,UCujPF2nBgsTD62nWE3lcpIg,1,@ronyarana8849,@victorarturoruanobautista7588
UCRlCV9zSn7avAWh-9_XFWqQ,UCut6b9S98nv84cVX89PmKzA,1,@ronyarana8849,@yeniferaguirre4498
UCRlCV9zSn7avAWh-9_XFWqQ,UCvApqeCbLod-wejtT4CcVuA,1,@ronyarana8849,@davidgaher9550
UCRlCV9zSn7avAWh-9_XFWqQ,UCwO2SXr0ggzwg6QWWrr01nQ,1,@ronyarana8849,@ricardofigueroa5720
UCRlCV9zSn7avAWh-9_XFWqQ,UCwW2OFy95P7ZBkOPxWkpvYg,1,@ronyarana8849,@TeresaLucero-b5o
UCRlCV9zSn7avAWh-9_XFWqQ,UCwha8rxULYMVtNwZWeSkE1A,1,@ronyarana8849,@mariasamo8637
UCRlCV9zSn7avAWh-9_XFWqQ,UCxff05WuyvwELNITi7bj7UA,1,@ronyarana8849,@markoherrera
UCRlCV9zSn7avAWh-9_XFWqQ,UCySYJU5kUh7X8gVt9la2ISA,1,@ronyarana8849,@dantesarti4351
UCRlCV9zSn7avAWh-9_XFWqQ,UCylqlpsh8ENNM1LqgQ1KbxA,1,@ronyarana8849,@Jel.Awesh.M
UCRlCV9zSn7avAWh-9_XFWqQ,UCz3gu01bmjNv0DpRq-K3XYg,1,@ronyarana8849,@eusebiovasquez4385
UCRlCV9zSn7avAWh-9_XFWqQ,UCzSfZlOVxBSs5ObD25ywxDQ,1,@ronyarana8849,@GilmarMaldonado-q9m
UCRlCV9zSn7avAWh-9_XFWqQ,UCzoL2l5H5eVlorWGH8AZfAg,1,@ronyarana8849,@jor77cas
UCRvPToDkkumha7WJAfCDk1A,UCUoYsrx1oZnCZ0usbBJn4fA,1,@ligiaguerra3057,@AnaDiaz-re9sq
UCRvPToDkkumha7WJAfCDk1A,UCV0lM03g5fg5pbPj97-sAtA,1,@ligiaguerra3057,@genarodelgado3929
UCRvPToDkkumha7WJAfCDk1A,UCW-JC6lebVmf2P1dmY_L94g,1,@ligiaguerra3057,@dinoraoroxon5771
UCRvPToDkkumha7WJAfCDk1A,UCW80DaMjQlEUibC98Cot-Dg,1,@ligiaguerra3057,@rogeraldana4289
UCRvPToDkkumha7WJAfCDk1A,UCWoAVGVqCn4xtINCMOTM4jg,1,@ligiaguerra3057,@OmarMartinez-vv8re
UCRvPToDkkumha7WJAfCDk1A,UCZeIIQrGAedW8tCbKWmGY-A,1,@ligiaguerra3057,@mariocordon8873
UCRvPToDkkumha7WJAfCDk1A,UC_LYoGs5C3mbZKZuKuqYCvw,1,@ligiaguerra3057,@javiercifuentesarchila6041
UCRvPToDkkumha7WJAfCDk1A,UCaKAjTW9MVub_clgr4DRYjQ,1,@ligiaguerra3057,@josecastillo4390
UCRvPToDkkumha7WJAfCDk1A,UCdFlugHJJa4l3YqWuNRmvXw,1,@ligiaguerra3057,@MarcosCarillo-b1r
UCRvPToDkkumha7WJAfCDk1A,UCe8JZoYkX5oKUZyivHYdXhw,1,@ligiaguerra3057,@FernandoGarcia-jg1fj
UCRvPToDkkumha7WJAfCDk1A,UCeDNEtI8_a42bZ47wJiJMwQ,1,@ligiaguerra3057,@EdgarcalderonCalderong
UCRvPToDkkumha7WJAfCDk1A,UCgJNFj5dnxXpcMvmuhZDPxA,1,@ligiaguerra3057,@NataliaRodriguez-rx5mr
UCRvPToDkkumha7WJAfCDk1A,UCgQw_Sbq3ugruDUKsq1e0-A,1,@ligiaguerra3057,@marlenareano-h4t
UCRvPToDkkumha7WJAfCDk1A,UCiC-Jn7wdgyQV4_Urk0DkWQ,1,@ligiaguerra3057,@pedroros6358
UCRvPToDkkumha7WJAfCDk1A,UCkVtmkK07b2zaVVNssX4lOg,1,@ligiaguerra3057,@HectorElias-u2l
UCRvPToDkkumha7WJAfCDk1A,UCkbsS_3D-pvg1iHOld9uvIg,1,@ligiaguerra3057,@gonzalo6075
UCRvPToDkkumha7WJAfCDk1A,UClhMWQ7XKWywYvbRnuf8QsA,1,@ligiaguerra3057,@EcPerez-zz9oh
UCRvPToDkkumha7WJAfCDk1A,UClqA491Xa5fQcXcJJa-vTWw,1,@ligiaguerra3057,@AndresLemus-k2d
UCRvPToDkkumha7WJAfCDk1A,UColMq7LmaoY3MT6aIDGrGvA,1,@ligiaguerra3057,@quijotachapina1
UCRvPToDkkumha7WJAfCDk1A,UCpe5jW3MIqkgTJ-PgkzvM6Q,1,@ligiaguerra3057,@carloslam5333
UCRvPToDkkumha7WJAfCDk1A,UCpsKOkt5iWTbenzeuq7dsmQ,1,@ligiaguerra3057,@inge_vergueta
UCRvPToDkkumha7WJAfCDk1A,UCqCrvuoJpC-aVb0f4logQRQ,1,@ligiaguerra3057,@Lyrics_GT
UCRvPToDkkumha7WJAfCDk1A,UCsGoJEvb-cFPZ2rWoJcXzEQ,1,@ligiaguerra3057,@sergiohinestroza9709
UCRvPToDkkumha7WJAfCDk1A,UCu8_3-Wg-YzNyvHYQDEscfw,1,@ligiaguerra3057,@RolandoCastroPérez-d7y
UCRvPToDkkumha7WJAfCDk1A,UCuXmOjxC-htcprLgeVXz6Tg,1,@ligiaguerra3057,@jorgeaguilar-bq3uj
UCRvPToDkkumha7WJAfCDk1A,UCwgCc9Jd_gG-uLE_SY-FfPg,1,@ligiaguerra3057,@armindapenados2841
UCRvPToDkkumha7WJAfCDk1A,UCwjUvRseNtJoItylIyIez7Q,1,@ligiaguerra3057,@Silviazea
UCRvPToDkkumha7WJAfCDk1A,UCylqlpsh8ENNM1LqgQ1KbxA,1,@ligiaguerra3057,@Jel.Awesh.M
UCRznz9-N3Qc1w-qNdLSIY2Q,UCSTAUWVc1_82DHYeqOsqEFA,1,@jimmygomez724,@TheAlexX_C
UCRznz9-N3Qc1w-qNdLSIY2Q,UCXmrpc6Li0spcKxtS0Q_ptg,1,@jimmygomez724,@melvinperez6710
UCRznz9-N3Qc1w-qNdLSIY2Q,UCY7Hq7F9Lnucf-Yr6JkHZNw,1,@jimmygomez724,@maynorcalel1442
UCRznz9-N3Qc1w-qNdLSIY2Q,UC_ljZ1hZXR9pzexFz87P5ZA,1,@jimmygomez724,@ChRiStOpHeR7969
UCRznz9-N3Qc1w-qNdLSIY2Q,UCaT6M2zp7X6r6Whd8Vv3kHQ,1,@jimmygomez724,@alexarcos8349
UCRznz9-N3Qc1w-qNdLSIY2Q,UCgLrWFdYitoP-b7-PxtUr-w,1,@jimmygomez724,@zetag
UCRznz9-N3Qc1w-qNdLSIY2Q,UCgLurCo-e019HGODcjXHWCw,1,@jimmygomez724,@perritojuega1
UCRznz9-N3Qc1w-qNdLSIY2Q,UCi-vPdnpQreC7BkFs40mJGA,1,@jimmygomez724,@bryansicasales4280
UCRznz9-N3Qc1w-qNdLSIY2Q,UCqilIa8r7iek5sGYg_q6ofA,1,@jimmygomez724,@rolandojuchuna484
UCRznz9-N3Qc1w-qNdLSIY2Q,UCs_5qeqdku9tGAq22y3OcuQ,1,@jimmygomez724,@alexandrevasquez4135
UCRznz9-N3Qc1w-qNdLSIY2Q,UCtMBF_1O2jY2INlb_luuB_A,1,@jimmygomez724,@mynorgudiel8646
UCRznz9-N3Qc1w-qNdLSIY2Q,UCwUAv3_LpWVtTIi7lkmTL7A,1,@jimmygomez724,@kingr4706
UCRznz9-N3Qc1w-qNdLSIY2Q,UCxKR3RA8T-kxMgq_2WWhRcQ,1,@jimmygomez724,@elenaluarca9377
UCRznz9-N3Qc1w-qNdLSIY2Q,UCyzf29IYjNw67gGIfsjgtxA,1,@jimmygomez724,@carlosoliva9249
UCSTAUWVc1_82DHYeqOsqEFA,UCXmrpc6Li0spcKxtS0Q_ptg,1,@TheAlexX_C,@melvinperez6710
UCSTAUWVc1_82DHYeqOsqEFA,UCY7Hq7F9Lnucf-Yr6JkHZNw,1,@TheAlexX_C,@maynorcalel1442
UCSTAUWVc1_82DHYeqOsqEFA,UC_ljZ1hZXR9pzexFz87P5ZA,1,@TheAlexX_C,@ChRiStOpHeR7969
UCSTAUWVc1_82DHYeqOsqEFA,UCaT6M2zp7X6r6Whd8Vv3kHQ,1,@TheAlexX_C,@alexarcos8349
UCSTAUWVc1_82DHYeqOsqEFA,UCgLrWFdYitoP-b7-PxtUr-w,1,@TheAlexX_C,@zetag
UCSTAUWVc1_82DHYeqOsqEFA,UCgLurCo-e019HGODcjXHWCw,1,@TheAlexX_C,@perritojuega1
UCSTAUWVc1_82DHYeqOsqEFA,UCi-vPdnpQreC7BkFs40mJGA,1,@TheAlexX_C,@bryansicasales4280
UCSTAUWVc1_82DHYeqOsqEFA,UCqilIa8r7iek5sGYg_q6ofA,1,@TheAlexX_C,@rolandojuchuna484
UCSTAUWVc1_82DHYeqOsqEFA,UCs_5qeqdku9tGAq22y3OcuQ,1,@TheAlexX_C,@alexandrevasquez4135
UCSTAUWVc1_82DHYeqOsqEFA,UCtMBF_1O2jY2INlb_luuB_A,1,@TheAlexX_C,@mynorgudiel8646
UCSTAUWVc1_82DHYeqOsqEFA,UCwUAv3_LpWVtTIi7lkmTL7A,1,@TheAlexX_C,@kingr4706
UCSTAUWVc1_82DHYeqOsqEFA,UCxKR3RA8T-kxMgq_2WWhRcQ,1,@TheAlexX_C,@elenaluarca9377
UCSTAUWVc1_82DHYeqOsqEFA,UCyzf29IYjNw67gGIfsjgtxA,1,@TheAlexX_C,@carlosoliva9249
UCSou6a2OuYGSvPjm5psquyA,UCTD6q1nyIe3Y7HhqjaMj72w,1,@FranciscoRivera-sf7ne,@JuanChang-r6k
UCSou6a2OuYGSvPjm5psquyA,UCTP3O0rMnc8z8v8jaDQwL0w,1,@FranciscoRivera-sf7ne,@RobertoZelaya-x1v
UCSou6a2OuYGSvPjm5psquyA,UCThW2XNsAaBKme5PUt7n-Zg,1,@FranciscoRivera-sf7ne,@thelmamoran8565
UCSou6a2OuYGSvPjm5psquyA,UCTwSut16JyAg3mX6LVUNGqA,1,@FranciscoRivera-sf7ne,@SuperVictor2005
UCSou6a2OuYGSvPjm5psquyA,UCTylKrsqkrBKIqubMu_5N0Q,1,@FranciscoRivera-sf7ne,@edwingeovanymarroquinmarro6684
UCSou6a2OuYGSvPjm5psquyA,UCUIIIPTVDVHAXqhC_5V6lPA,1,@FranciscoRivera-sf7ne,@gorrarota
UCSou6a2OuYGSvPjm5psquyA,UCV0iizTBoOfdAFX_thfI9BA,1,@FranciscoRivera-sf7ne,@BenjaminLarios-jd8nk
UCSou6a2OuYGSvPjm5psquyA,UCWIZUtKJ636y-4TYrNvok0g,1,@FranciscoRivera-sf7ne,@cesarandreas7824
UCSou6a2OuYGSvPjm5psquyA,UCXSkL3ejZ8qWYyF_M7s_QKA,1,@FranciscoRivera-sf7ne,@JacintaTzoy
UCSou6a2OuYGSvPjm5psquyA,UCXXh7yg5KUFIWylTiKVEFKQ,1,@FranciscoRivera-sf7ne,@MrDuenderojo
UCSou6a2OuYGSvPjm5psquyA,UCXgr7vXlRrsaskPdo097kGA,1,@FranciscoRivera-sf7ne,@Rogergh-nw4oj
UCSou6a2OuYGSvPjm5psquyA,UCXr8_5WtGeipe4haOoQDgyQ,1,@FranciscoRivera-sf7ne,@amyherrera7352
UCSou6a2OuYGSvPjm5psquyA,UCYN4wSQ1Sx4_LurxLlW7MPg,1,@FranciscoRivera-sf7ne,@belarminavillatoro6474
UCSou6a2OuYGSvPjm5psquyA,UCYwpX26TrCxq8TvbKGRYLXA,1,@FranciscoRivera-sf7ne,@beneficioelcaminovillacana8540
UCSou6a2OuYGSvPjm5psquyA,UCZ51R_9Q9C0c8I3pAWhtmjQ,1,@FranciscoRivera-sf7ne,@belvettzapeta1251
UCSou6a2OuYGSvPjm5psquyA,UCZLG9qH0tUjNhEGFIUt0CYw,1,@FranciscoRivera-sf7ne,@SoniaMarroquin-y6e
UCSou6a2OuYGSvPjm5psquyA,UCcfdg8crmMJwEuLUsAhV7yg,1,@FranciscoRivera-sf7ne,@RolandoRaguay
UCSou6a2OuYGSvPjm5psquyA,UCfM3nrxtTQMY5jFx1v1J4Gg,1,@FranciscoRivera-sf7ne,@edgarroldan5539
UCSou6a2OuYGSvPjm5psquyA,UCgvw7xIdGFupzpt1Y_BFkEA,1,@FranciscoRivera-sf7ne,@fredygarcia9151
UCSou6a2OuYGSvPjm5psquyA,UCh5ESQvtzyHDhCA7XyekCFA,1,@FranciscoRivera-sf7ne,@andyB5280
UCSou6a2OuYGSvPjm5psquyA,UChZknRmJkeGeQk0-mQuhDOg,1,@FranciscoRivera-sf7ne,@OdilioRodríguez-c5w
UCSou6a2OuYGSvPjm5psquyA,UChep9kVb5gQmpodEEl10Xlg,1,@FranciscoRivera-sf7ne,@carlosaguilar-kz7ml
UCSou6a2OuYGSvPjm5psquyA,UChgkn5Jt5tWKYMoEOuCjz3Q,1,@FranciscoRivera-sf7ne,@pablochitay46
UCSou6a2OuYGSvPjm5psquyA,UChs3tU2BcKOT0CezykvAsGw,1,@FranciscoRivera-sf7ne,@byronpontaza
UCSou6a2OuYGSvPjm5psquyA,UCi1b_TRQfgO1Z9O2gNGGWNA,1,@FranciscoRivera-sf7ne,@davidisraelesquitsaquil
UCSou6a2OuYGSvPjm5psquyA,UCiGRBf2RNF0WRKhRVT7zFoA,1,@FranciscoRivera-sf7ne,@edwinavila4876
UCSou6a2OuYGSvPjm5psquyA,UCiMythXHsw7eQEMykCdmMUA,1,@FranciscoRivera-sf7ne,@JavierBecerra-h6x
UCSou6a2OuYGSvPjm5psquyA,UCipetjeiWj4CZB6EbyYziZg,1,@FranciscoRivera-sf7ne,@OseasSamayoa-ol5rz
UCSou6a2OuYGSvPjm5psquyA,UCj-LL25XJnjxepPKCc3NGog,1,@FranciscoRivera-sf7ne,@anaaguirre8985
UCSou6a2OuYGSvPjm5psquyA,UCjSKM9j0Q7HLDr1hD6D-TUw,1,@FranciscoRivera-sf7ne,@josehidalgo4875
UCSou6a2OuYGSvPjm5psquyA,UCjmPuazZJzscrwvk0QR9RVw,1,@FranciscoRivera-sf7ne,@mynorrodas8591
UCSou6a2OuYGSvPjm5psquyA,UCkd9W714-947dEE6ZOEBATA,1,@FranciscoRivera-sf7ne,@ARGELIATELON
UCSou6a2OuYGSvPjm5psquyA,UCl0ekS9Tt0jJGtOEM18S63w,1,@FranciscoRivera-sf7ne,@monkchapin
UCSou6a2OuYGSvPjm5psquyA,UCljDbleJul41G1TzOjOZAVA,1,@FranciscoRivera-sf7ne,@hectorcarranza3777
UCSou6a2OuYGSvPjm5psquyA,UCmjppp6ujz3SAnULvP3sZMw,1,@FranciscoRivera-sf7ne,@marcomendez7509
UCSou6a2OuYGSvPjm5psquyA,UCmvOgzmmXbjUthHy-WJ52hQ,1,@FranciscoRivera-sf7ne,@mariorodas593
UCSou6a2OuYGSvPjm5psquyA,UCp4iw5_5SmV9VGTFSNVGOmQ,1,@FranciscoRivera-sf7ne,@CARLOSSTREMS51
UCSou6a2OuYGSvPjm5psquyA,UCpIdtvoFHVLGASGB5ySqIEA,1,@FranciscoRivera-sf7ne,@VidalVillatoro-p4w
UCSou6a2OuYGSvPjm5psquyA,UCpl8rF8uv_8uui-QRvuJaRA,1,@FranciscoRivera-sf7ne,@SergioGarcia-z9c
UCSou6a2OuYGSvPjm5psquyA,UCplrIQtaPj6au60_f2-mOYw,1,@FranciscoRivera-sf7ne,@romeolopezherrarte799
UCSou6a2OuYGSvPjm5psquyA,UCpsKOkt5iWTbenzeuq7dsmQ,1,@FranciscoRivera-sf7ne,@inge_vergueta
UCSou6a2OuYGSvPjm5psquyA,UCr1emrogPKkKTs_WTtx71xg,1,@FranciscoRivera-sf7ne,@domingopeneleu6457
UCSou6a2OuYGSvPjm5psquyA,UCrJn_rbo_ENAdeqneS-RmRw,1,@FranciscoRivera-sf7ne,@josecarrera9623
UCSou6a2OuYGSvPjm5psquyA,UCsJJAvrVGupdmhOqgtDp8dg,1,@FranciscoRivera-sf7ne,@nestorlorenzana1168
UCSou6a2OuYGSvPjm5psquyA,UCsSXdJct-nsS8DsABoEsaYA,1,@FranciscoRivera-sf7ne,@IvánPérez-j4j
UCSou6a2OuYGSvPjm5psquyA,UCsUCN0Yq_UyTvKjOJLmNrnQ,1,@FranciscoRivera-sf7ne,@moisesvaldez4043
UCSou6a2OuYGSvPjm5psquyA,UCsjs5Hp_r86x1xbK6FAeqaA,1,@FranciscoRivera-sf7ne,@alvaroesquivel563
UCSou6a2OuYGSvPjm5psquyA,UCtNfIBnc5S5DbbQj_yxgJTw,1,@FranciscoRivera-sf7ne,@JosueRamirez-ey3ih
UCSou6a2OuYGSvPjm5psquyA,UCtUR3_CAiE7fCoZHM6cMfyQ,1,@FranciscoRivera-sf7ne,@mdelcid01
UCSou6a2OuYGSvPjm5psquyA,UCueV9cTyTDwgQSec1x2dYgA,1,@FranciscoRivera-sf7ne,@fredydomingo7062
UCSou6a2OuYGSvPjm5psquyA,UCujPF2nBgsTD62nWE3lcpIg,1,@FranciscoRivera-sf7ne,@victorarturoruanobautista7588
UCSou6a2OuYGSvPjm5psquyA,UCut6b9S98nv84cVX89PmKzA,1,@FranciscoRivera-sf7ne,@yeniferaguirre4498
UCSou6a2OuYGSvPjm5psquyA,UCvApqeCbLod-wejtT4CcVuA,1,@FranciscoRivera-sf7ne,@davidgaher9550
UCSou6a2OuYGSvPjm5psquyA,UCwO2SXr0ggzwg6QWWrr01nQ,1,@FranciscoRivera-sf7ne,@ricardofigueroa5720
UCSou6a2OuYGSvPjm5psquyA,UCwW2OFy95P7ZBkOPxWkpvYg,1,@FranciscoRivera-sf7ne,@TeresaLucero-b5o
UCSou6a2OuYGSvPjm5psquyA,UCwha8rxULYMVtNwZWeSkE1A,1,@FranciscoRivera-sf7ne,@mariasamo8637
UCSou6a2OuYGSvPjm5psquyA,UCxff05WuyvwELNITi7bj7UA,1,@FranciscoRivera-sf7ne,@markoherrera
UCSou6a2OuYGSvPjm5psquyA,UCySYJU5kUh7X8gVt9la2ISA,1,@FranciscoRivera-sf7ne,@dantesarti4351
UCSou6a2OuYGSvPjm5psquyA,UCylqlpsh8ENNM1LqgQ1KbxA,1,@FranciscoRivera-sf7ne,@Jel.Awesh.M
UCSou6a2OuYGSvPjm5psquyA,UCz3gu01bmjNv0DpRq-K3XYg,1,@FranciscoRivera-sf7ne,@eusebiovasquez4385
UCSou6a2OuYGSvPjm5psquyA,UCzSfZlOVxBSs5ObD25ywxDQ,1,@FranciscoRivera-sf7ne,@GilmarMaldonado-q9m
UCSou6a2OuYGSvPjm5psquyA,UCzoL2l5H5eVlorWGH8AZfAg,1,@FranciscoRivera-sf7ne,@jor77cas
UCTD6q1nyIe3Y7HhqjaMj72w,UCTP3O0rMnc8z8v8jaDQwL0w,1,@JuanChang-r6k,@RobertoZelaya-x1v
UCTD6q1nyIe3Y7HhqjaMj72w,UCThW2XNsAaBKme5PUt7n-Zg,1,@JuanChang-r6k,@thelmamoran8565
UCTD6q1nyIe3Y7HhqjaMj72w,UCTwSut16JyAg3mX6LVUNGqA,1,@JuanChang-r6k,@SuperVictor2005
UCTD6q1nyIe3Y7HhqjaMj72w,UCTylKrsqkrBKIqubMu_5N0Q,1,@JuanChang-r6k,@edwingeovanymarroquinmarro6684
UCTD6q1nyIe3Y7HhqjaMj72w,UCUIIIPTVDVHAXqhC_5V6lPA,1,@JuanChang-r6k,@gorrarota
UCTD6q1nyIe3Y7HhqjaMj72w,UCV0iizTBoOfdAFX_thfI9BA,1,@JuanChang-r6k,@BenjaminLarios-jd8nk
UCTD6q1nyIe3Y7HhqjaMj72w,UCWIZUtKJ636y-4TYrNvok0g,1,@JuanChang-r6k,@cesarandreas7824
UCTD6q1nyIe3Y7HhqjaMj72w,UCXSkL3ejZ8qWYyF_M7s_QKA,1,@JuanChang-r6k,@JacintaTzoy
UCTD6q1nyIe3Y7HhqjaMj72w,UCXXh7yg5KUFIWylTiKVEFKQ,1,@JuanChang-r6k,@MrDuenderojo
UCTD6q1nyIe3Y7HhqjaMj72w,UCXgr7vXlRrsaskPdo097kGA,1,@JuanChang-r6k,@Rogergh-nw4oj
UCTD6q1nyIe3Y7HhqjaMj72w,UCXr8_5WtGeipe4haOoQDgyQ,1,@JuanChang-r6k,@amyherrera7352
UCTD6q1nyIe3Y7HhqjaMj72w,UCYN4wSQ1Sx4_LurxLlW7MPg,1,@JuanChang-r6k,@belarminavillatoro6474
UCTD6q1nyIe3Y7HhqjaMj72w,UCYwpX26TrCxq8TvbKGRYLXA,1,@JuanChang-r6k,@beneficioelcaminovillacana8540
UCTD6q1nyIe3Y7HhqjaMj72w,UCZ51R_9Q9C0c8I3pAWhtmjQ,1,@JuanChang-r6k,@belvettzapeta1251
UCTD6q1nyIe3Y7HhqjaMj72w,UCZLG9qH0tUjNhEGFIUt0CYw,1,@JuanChang-r6k,@SoniaMarroquin-y6e
UCTD6q1nyIe3Y7HhqjaMj72w,UCcfdg8crmMJwEuLUsAhV7yg,1,@JuanChang-r6k,@RolandoRaguay
UCTD6q1nyIe3Y7HhqjaMj72w,UCfM3nrxtTQMY5jFx1v1J4Gg,1,@JuanChang-r6k,@edgarroldan5539
UCTD6q1nyIe3Y7HhqjaMj72w,UCgvw7xIdGFupzpt1Y_BFkEA,1,@JuanChang-r6k,@fredygarcia9151
UCTD6q1nyIe3Y7HhqjaMj72w,UCh5ESQvtzyHDhCA7XyekCFA,1,@JuanChang-r6k,@andyB5280
UCTD6q1nyIe3Y7HhqjaMj72w,UChZknRmJkeGeQk0-mQuhDOg,1,@JuanChang-r6k,@OdilioRodríguez-c5w
UCTD6q1nyIe3Y7HhqjaMj72w,UChep9kVb5gQmpodEEl10Xlg,1,@JuanChang-r6k,@carlosaguilar-kz7ml
UCTD6q1nyIe3Y7HhqjaMj72w,UChgkn5Jt5tWKYMoEOuCjz3Q,1,@JuanChang-r6k,@pablochitay46
UCTD6q1nyIe3Y7HhqjaMj72w,UChs3tU2BcKOT0CezykvAsGw,1,@JuanChang-r6k,@byronpontaza
UCTD6q1nyIe3Y7HhqjaMj72w,UCi1b_TRQfgO1Z9O2gNGGWNA,1,@JuanChang-r6k,@davidisraelesquitsaquil
UCTD6q1nyIe3Y7HhqjaMj72w,UCiGRBf2RNF0WRKhRVT7zFoA,1,@JuanChang-r6k,@edwinavila4876
UCTD6q1nyIe3Y7HhqjaMj72w,UCiMythXHsw7eQEMykCdmMUA,1,@JuanChang-r6k,@JavierBecerra-h6x
UCTD6q1nyIe3Y7HhqjaMj72w,UCipetjeiWj4CZB6EbyYziZg,1,@JuanChang-r6k,@OseasSamayoa-ol5rz
UCTD6q1nyIe3Y7HhqjaMj72w,UCj-LL25XJnjxepPKCc3NGog,1,@JuanChang-r6k,@anaaguirre8985
UCTD6q1nyIe3Y7HhqjaMj72w,UCjSKM9j0Q7HLDr1hD6D-TUw,1,@JuanChang-r6k,@josehidalgo4875
UCTD6q1nyIe3Y7HhqjaMj72w,UCjmPuazZJzscrwvk0QR9RVw,1,@JuanChang-r6k,@mynorrodas8591
UCTD6q1nyIe3Y7HhqjaMj72w,UCkd9W714-947dEE6ZOEBATA,1,@JuanChang-r6k,@ARGELIATELON
UCTD6q1nyIe3Y7HhqjaMj72w,UCl0ekS9Tt0jJGtOEM18S63w,1,@JuanChang-r6k,@monkchapin
UCTD6q1nyIe3Y7HhqjaMj72w,UCljDbleJul41G1TzOjOZAVA,1,@JuanChang-r6k,@hectorcarranza3777
UCTD6q1nyIe3Y7HhqjaMj72w,UCmjppp6ujz3SAnULvP3sZMw,1,@JuanChang-r6k,@marcomendez7509
UCTD6q1nyIe3Y7HhqjaMj72w,UCmvOgzmmXbjUthHy-WJ52hQ,1,@JuanChang-r6k,@mariorodas593
UCTD6q1nyIe3Y7HhqjaMj72w,UCp4iw5_5SmV9VGTFSNVGOmQ,1,@JuanChang-r6k,@CARLOSSTREMS51
UCTD6q1nyIe3Y7HhqjaMj72w,UCpIdtvoFHVLGASGB5ySqIEA,1,@JuanChang-r6k,@VidalVillatoro-p4w
UCTD6q1nyIe3Y7HhqjaMj72w,UCpl8rF8uv_8uui-QRvuJaRA,1,@JuanChang-r6k,@SergioGarcia-z9c
UCTD6q1nyIe3Y7HhqjaMj72w,UCplrIQtaPj6au60_f2-mOYw,1,@JuanChang-r6k,@romeolopezherrarte799
UCTD6q1nyIe3Y7HhqjaMj72w,UCpsKOkt5iWTbenzeuq7dsmQ,1,@JuanChang-r6k,@inge_vergueta
UCTD6q1nyIe3Y7HhqjaMj72w,UCr1emrogPKkKTs_WTtx71xg,1,@JuanChang-r6k,@domingopeneleu6457
UCTD6q1nyIe3Y7HhqjaMj72w,UCrJn_rbo_ENAdeqneS-RmRw,1,@JuanChang-r6k,@josecarrera9623
UCTD6q1nyIe3Y7HhqjaMj72w,UCsJJAvrVGupdmhOqgtDp8dg,1,@JuanChang-r6k,@nestorlorenzana1168
UCTD6q1nyIe3Y7HhqjaMj72w,UCsSXdJct-nsS8DsABoEsaYA,1,@JuanChang-r6k,@IvánPérez-j4j
UCTD6q1nyIe3Y7HhqjaMj72w,UCsUCN0Yq_UyTvKjOJLmNrnQ,1,@JuanChang-r6k,@moisesvaldez4043
UCTD6q1nyIe3Y7HhqjaMj72w,UCsjs5Hp_r86x1xbK6FAeqaA,1,@JuanChang-r6k,@alvaroesquivel563
UCTD6q1nyIe3Y7HhqjaMj72w,UCtNfIBnc5S5DbbQj_yxgJTw,1,@JuanChang-r6k,@JosueRamirez-ey3ih
UCTD6q1nyIe3Y7HhqjaMj72w,UCtUR3_CAiE7fCoZHM6cMfyQ,1,@JuanChang-r6k,@mdelcid01
UCTD6q1nyIe3Y7HhqjaMj72w,UCueV9cTyTDwgQSec1x2dYgA,1,@JuanChang-r6k,@fredydomingo7062
UCTD6q1nyIe3Y7HhqjaMj72w,UCujPF2nBgsTD62nWE3lcpIg,1,@JuanChang-r6k,@victorarturoruanobautista7588
UCTD6q1nyIe3Y7HhqjaMj72w,UCut6b9S98nv84cVX89PmKzA,1,@JuanChang-r6k,@yeniferaguirre4498
UCTD6q1nyIe3Y7HhqjaMj72w,UCvApqeCbLod-wejtT4CcVuA,1,@JuanChang-r6k,@davidgaher9550
UCTD6q1nyIe3Y7HhqjaMj72w,UCwO2SXr0ggzwg6QWWrr01nQ,1,@JuanChang-r6k,@ricardofigueroa5720
UCTD6q1nyIe3Y7HhqjaMj72w,UCwW2OFy95P7ZBkOPxWkpvYg,1,@JuanChang-r6k,@TeresaLucero-b5o
UCTD6q1nyIe3Y7HhqjaMj72w,UCwha8rxULYMVtNwZWeSkE1A,1,@JuanChang-r6k,@mariasamo8637
UCTD6q1nyIe3Y7HhqjaMj72w,UCxff05WuyvwELNITi7bj7UA,1,@JuanChang-r6k,@markoherrera
UCTD6q1nyIe3Y7HhqjaMj72w,UCySYJU5kUh7X8gVt9la2ISA,1,@JuanChang-r6k,@dantesarti4351
UCTD6q1nyIe3Y7HhqjaMj72w,UCylqlpsh8ENNM1LqgQ1KbxA,1,@JuanChang-r6k,@Jel.Awesh.M
UCTD6q1nyIe3Y7HhqjaMj72w,UCz3gu01bmjNv0DpRq-K3XYg,1,@JuanChang-r6k,@eusebiovasquez4385
UCTD6q1nyIe3Y7HhqjaMj72w,UCzSfZlOVxBSs5ObD25ywxDQ,1,@JuanChang-r6k,@GilmarMaldonado-q9m
UCTD6q1nyIe3Y7HhqjaMj72w,UCzoL2l5H5eVlorWGH8AZfAg,1,@JuanChang-r6k,@jor77cas
UCTP3O0rMnc8z8v8jaDQwL0w,UCThW2XNsAaBKme5PUt7n-Zg,1,@RobertoZelaya-x1v,@thelmamoran8565
UCTP3O0rMnc8z8v8jaDQwL0w,UCTwSut16JyAg3mX6LVUNGqA,1,@RobertoZelaya-x1v,@SuperVictor2005
UCTP3O0rMnc8z8v8jaDQwL0w,UCTylKrsqkrBKIqubMu_5N0Q,1,@RobertoZelaya-x1v,@edwingeovanymarroquinmarro6684
UCTP3O0rMnc8z8v8jaDQwL0w,UCUIIIPTVDVHAXqhC_5V6lPA,1,@RobertoZelaya-x1v,@gorrarota
UCTP3O0rMnc8z8v8jaDQwL0w,UCV0iizTBoOfdAFX_thfI9BA,1,@RobertoZelaya-x1v,@BenjaminLarios-jd8nk
UCTP3O0rMnc8z8v8jaDQwL0w,UCWIZUtKJ636y-4TYrNvok0g,1,@RobertoZelaya-x1v,@cesarandreas7824
UCTP3O0rMnc8z8v8jaDQwL0w,UCXSkL3ejZ8qWYyF_M7s_QKA,1,@RobertoZelaya-x1v,@JacintaTzoy
UCTP3O0rMnc8z8v8jaDQwL0w,UCXXh7yg5KUFIWylTiKVEFKQ,1,@RobertoZelaya-x1v,@MrDuenderojo
UCTP3O0rMnc8z8v8jaDQwL0w,UCXgr7vXlRrsaskPdo097kGA,1,@RobertoZelaya-x1v,@Rogergh-nw4oj
UCTP3O0rMnc8z8v8jaDQwL0w,UCXr8_5WtGeipe4haOoQDgyQ,1,@RobertoZelaya-x1v,@amyherrera7352
UCTP3O0rMnc8z8v8jaDQwL0w,UCYN4wSQ1Sx4_LurxLlW7MPg,1,@RobertoZelaya-x1v,@belarminavillatoro6474
UCTP3O0rMnc8z8v8jaDQwL0w,UCYwpX26TrCxq8TvbKGRYLXA,1,@RobertoZelaya-x1v,@beneficioelcaminovillacana8540
UCTP3O0rMnc8z8v8jaDQwL0w,UCZ51R_9Q9C0c8I3pAWhtmjQ,1,@RobertoZelaya-x1v,@belvettzapeta1251
UCTP3O0rMnc8z8v8jaDQwL0w,UCZLG9qH0tUjNhEGFIUt0CYw,1,@RobertoZelaya-x1v,@SoniaMarroquin-y6e
UCTP3O0rMnc8z8v8jaDQwL0w,UCcfdg8crmMJwEuLUsAhV7yg,1,@RobertoZelaya-x1v,@RolandoRaguay
UCTP3O0rMnc8z8v8jaDQwL0w,UCfM3nrxtTQMY5jFx1v1J4Gg,1,@RobertoZelaya-x1v,@edgarroldan5539
UCTP3O0rMnc8z8v8jaDQwL0w,UCgvw7xIdGFupzpt1Y_BFkEA,1,@RobertoZelaya-x1v,@fredygarcia9151
UCTP3O0rMnc8z8v8jaDQwL0w,UCh5ESQvtzyHDhCA7XyekCFA,1,@RobertoZelaya-x1v,@andyB5280
UCTP3O0rMnc8z8v8jaDQwL0w,UChZknRmJkeGeQk0-mQuhDOg,1,@RobertoZelaya-x1v,@OdilioRodríguez-c5w
UCTP3O0rMnc8z8v8jaDQwL0w,UChep9kVb5gQmpodEEl10Xlg,1,@RobertoZelaya-x1v,@carlosaguilar-kz7ml
UCTP3O0rMnc8z8v8jaDQwL0w,UChgkn5Jt5tWKYMoEOuCjz3Q,1,@RobertoZelaya-x1v,@pablochitay46
UCTP3O0rMnc8z8v8jaDQwL0w,UChs3tU2BcKOT0CezykvAsGw,1,@RobertoZelaya-x1v,@byronpontaza
UCTP3O0rMnc8z8v8jaDQwL0w,UCi1b_TRQfgO1Z9O2gNGGWNA,1,@RobertoZelaya-x1v,@davidisraelesquitsaquil
UCTP3O0rMnc8z8v8jaDQwL0w,UCiGRBf2RNF0WRKhRVT7zFoA,1,@RobertoZelaya-x1v,@edwinavila4876
UCTP3O0rMnc8z8v8jaDQwL0w,UCiMythXHsw7eQEMykCdmMUA,1,@RobertoZelaya-x1v,@JavierBecerra-h6x
UCTP3O0rMnc8z8v8jaDQwL0w,UCipetjeiWj4CZB6EbyYziZg,1,@RobertoZelaya-x1v,@OseasSamayoa-ol5rz
UCTP3O0rMnc8z8v8jaDQwL0w,UCj-LL25XJnjxepPKCc3NGog,1,@RobertoZelaya-x1v,@anaaguirre8985
UCTP3O0rMnc8z8v8jaDQwL0w,UCjSKM9j0Q7HLDr1hD6D-TUw,1,@RobertoZelaya-x1v,@josehidalgo4875
UCTP3O0rMnc8z8v8jaDQwL0w,UCjmPuazZJzscrwvk0QR9RVw,1,@RobertoZelaya-x1v,@mynorrodas8591
UCTP3O0rMnc8z8v8jaDQwL0w,UCkd9W714-947dEE6ZOEBATA,1,@RobertoZelaya-x1v,@ARGELIATELON
UCTP3O0rMnc8z8v8jaDQwL0w,UCl0ekS9Tt0jJGtOEM18S63w,1,@RobertoZelaya-x1v,@monkchapin
UCTP3O0rMnc8z8v8jaDQwL0w,UCljDbleJul41G1TzOjOZAVA,1,@RobertoZelaya-x1v,@hectorcarranza3777
UCTP3O0rMnc8z8v8jaDQwL0w,UCmjppp6ujz3SAnULvP3sZMw,1,@RobertoZelaya-x1v,@marcomendez7509
UCTP3O0rMnc8z8v8jaDQwL0w,UCmvOgzmmXbjUthHy-WJ52hQ,1,@RobertoZelaya-x1v,@mariorodas593
UCTP3O0rMnc8z8v8jaDQwL0w,UCp4iw5_5SmV9VGTFSNVGOmQ,1,@RobertoZelaya-x1v,@CARLOSSTREMS51
UCTP3O0rMnc8z8v8jaDQwL0w,UCpIdtvoFHVLGASGB5ySqIEA,1,@RobertoZelaya-x1v,@VidalVillatoro-p4w
UCTP3O0rMnc8z8v8jaDQwL0w,UCpl8rF8uv_8uui-QRvuJaRA,1,@RobertoZelaya-x1v,@SergioGarcia-z9c
UCTP3O0rMnc8z8v8jaDQwL0w,UCplrIQtaPj6au60_f2-mOYw,1,@RobertoZelaya-x1v,@romeolopezherrarte799
UCTP3O0rMnc8z8v8jaDQwL0w,UCpsKOkt5iWTbenzeuq7dsmQ,1,@RobertoZelaya-x1v,@inge_vergueta
UCTP3O0rMnc8z8v8jaDQwL0w,UCr1emrogPKkKTs_WTtx71xg,1,@RobertoZelaya-x1v,@domingopeneleu6457
UCTP3O0rMnc8z8v8jaDQwL0w,UCrJn_rbo_ENAdeqneS-RmRw,1,@RobertoZelaya-x1v,@josecarrera9623
UCTP3O0rMnc8z8v8jaDQwL0w,UCsJJAvrVGupdmhOqgtDp8dg,1,@RobertoZelaya-x1v,@nestorlorenzana1168
UCTP3O0rMnc8z8v8jaDQwL0w,UCsSXdJct-nsS8DsABoEsaYA,1,@RobertoZelaya-x1v,@IvánPérez-j4j
UCTP3O0rMnc8z8v8jaDQwL0w,UCsUCN0Yq_UyTvKjOJLmNrnQ,1,@RobertoZelaya-x1v,@moisesvaldez4043
UCTP3O0rMnc8z8v8jaDQwL0w,UCsjs5Hp_r86x1xbK6FAeqaA,1,@RobertoZelaya-x1v,@alvaroesquivel563
UCTP3O0rMnc8z8v8jaDQwL0w,UCtNfIBnc5S5DbbQj_yxgJTw,1,@RobertoZelaya-x1v,@JosueRamirez-ey3ih
UCTP3O0rMnc8z8v8jaDQwL0w,UCtUR3_CAiE7fCoZHM6cMfyQ,1,@RobertoZelaya-x1v,@mdelcid01
UCTP3O0rMnc8z8v8jaDQwL0w,UCueV9cTyTDwgQSec1x2dYgA,1,@RobertoZelaya-x1v,@fredydomingo7062
UCTP3O0rMnc8z8v8jaDQwL0w,UCujPF2nBgsTD62nWE3lcpIg,1,@RobertoZelaya-x1v,@victorarturoruanobautista7588
UCTP3O0rMnc8z8v8jaDQwL0w,UCut6b9S98nv84cVX89PmKzA,1,@RobertoZelaya-x1v,@yeniferaguirre4498
UCTP3O0rMnc8z8v8jaDQwL0w,UCvApqeCbLod-wejtT4CcVuA,1,@RobertoZelaya-x1v,@davidgaher9550
UCTP3O0rMnc8z8v8jaDQwL0w,UCwO2SXr0ggzwg6QWWrr01nQ,1,@RobertoZelaya-x1v,@ricardofigueroa5720
UCTP3O0rMnc8z8v8jaDQwL0w,UCwW2OFy95P7ZBkOPxWkpvYg,1,@RobertoZelaya-x1v,@TeresaLucero-b5o
UCTP3O0rMnc8z8v8jaDQwL0w,UCwha8rxULYMVtNwZWeSkE1A,1,@RobertoZelaya-x1v,@mariasamo8637
UCTP3O0rMnc8z8v8jaDQwL0w,UCxff05WuyvwELNITi7bj7UA,1,@RobertoZelaya-x1v,@markoherrera
UCTP3O0rMnc8z8v8jaDQwL0w,UCySYJU5kUh7X8gVt9la2ISA,1,@RobertoZelaya-x1v,@dantesarti4351
UCTP3O0rMnc8z8v8jaDQwL0w,UCylqlpsh8ENNM1LqgQ1KbxA,1,@RobertoZelaya-x1v,@Jel.Awesh.M
UCTP3O0rMnc8z8v8jaDQwL0w,UCz3gu01bmjNv0DpRq-K3XYg,1,@RobertoZelaya-x1v,@eusebiovasquez4385
UCTP3O0rMnc8z8v8jaDQwL0w,UCzSfZlOVxBSs5ObD25ywxDQ,1,@RobertoZelaya-x1v,@GilmarMaldonado-q9m
UCTP3O0rMnc8z8v8jaDQwL0w,UCzoL2l5H5eVlorWGH8AZfAg,1,@RobertoZelaya-x1v,@jor77cas
UCTTILH6QCIxbTnEWxwRqs1g,UCXO1BBohNWXkK9SBDAG2ySg,1,@3762Jorge,@JBFlute92
UCTTILH6QCIxbTnEWxwRqs1g,UCXVLc8CmAO813ubM-fLvCDw,1,@3762Jorge,@herminiasaquimux7565
UCTTILH6QCIxbTnEWxwRqs1g,UCXl30Y_upRqbti52fmjK4YA,1,@3762Jorge,@capitanfrans
UCTTILH6QCIxbTnEWxwRqs1g,UCbrtvygfRT6QXqWDNrOf-cA,1,@3762Jorge,@Alejandro00710
UCTTILH6QCIxbTnEWxwRqs1g,UCcFIBN-rtC3d3hXeuN5TfWw,1,@3762Jorge,@DenisRMC
UCTTILH6QCIxbTnEWxwRqs1g,UCc_F88PzGWtA1OPNUEASulA,1,@3762Jorge,@rockyscarlet
UCTTILH6QCIxbTnEWxwRqs1g,UCdQAuWwyC99MB7Y02Umj26Q,1,@3762Jorge,@miguelbran1268
UCTTILH6QCIxbTnEWxwRqs1g,UCefAH1MbvADWUjE9WVcB9EQ,1,@3762Jorge,@jabriz8152
UCTTILH6QCIxbTnEWxwRqs1g,UChT7pzGytNd92Nmvi-zuWog,1,@3762Jorge,@sparkvalkov
UCTTILH6QCIxbTnEWxwRqs1g,UCkxdJ_yGN2gghOMo2ybQtXQ,1,@3762Jorge,@11223344An
UCTTILH6QCIxbTnEWxwRqs1g,UCvcu1kR8xMYy_I1Ty-2mV2Q,1,@3762Jorge,@hashojea7348
UCTTILH6QCIxbTnEWxwRqs1g,UCwEe1RKlEv1UpNWmWYfSh4w,1,@3762Jorge,@marioramirez299
UCTTILH6QCIxbTnEWxwRqs1g,UCxcoDvP-g2_KTZDmVZtvb3w,1,@3762Jorge,@angelmartinez9523
UCThW2XNsAaBKme5PUt7n-Zg,UCTwSut16JyAg3mX6LVUNGqA,1,@thelmamoran8565,@SuperVictor2005
UCThW2XNsAaBKme5PUt7n-Zg,UCTylKrsqkrBKIqubMu_5N0Q,1,@thelmamoran8565,@edwingeovanymarroquinmarro6684
UCThW2XNsAaBKme5PUt7n-Zg,UCUIIIPTVDVHAXqhC_5V6lPA,1,@thelmamoran8565,@gorrarota
UCThW2XNsAaBKme5PUt7n-Zg,UCV0iizTBoOfdAFX_thfI9BA,1,@thelmamoran8565,@BenjaminLarios-jd8nk
UCThW2XNsAaBKme5PUt7n-Zg,UCWIZUtKJ636y-4TYrNvok0g,1,@thelmamoran8565,@cesarandreas7824
UCThW2XNsAaBKme5PUt7n-Zg,UCXSkL3ejZ8qWYyF_M7s_QKA,1,@thelmamoran8565,@JacintaTzoy
UCThW2XNsAaBKme5PUt7n-Zg,UCXXh7yg5KUFIWylTiKVEFKQ,1,@thelmamoran8565,@MrDuenderojo
UCThW2XNsAaBKme5PUt7n-Zg,UCXgr7vXlRrsaskPdo097kGA,1,@thelmamoran8565,@Rogergh-nw4oj
UCThW2XNsAaBKme5PUt7n-Zg,UCXr8_5WtGeipe4haOoQDgyQ,1,@thelmamoran8565,@amyherrera7352
UCThW2XNsAaBKme5PUt7n-Zg,UCYN4wSQ1Sx4_LurxLlW7MPg,1,@thelmamoran8565,@belarminavillatoro6474
UCThW2XNsAaBKme5PUt7n-Zg,UCYwpX26TrCxq8TvbKGRYLXA,1,@thelmamoran8565,@beneficioelcaminovillacana8540
UCThW2XNsAaBKme5PUt7n-Zg,UCZ51R_9Q9C0c8I3pAWhtmjQ,1,@thelmamoran8565,@belvettzapeta1251
UCThW2XNsAaBKme5PUt7n-Zg,UCZLG9qH0tUjNhEGFIUt0CYw,1,@thelmamoran8565,@SoniaMarroquin-y6e
UCThW2XNsAaBKme5PUt7n-Zg,UCcfdg8crmMJwEuLUsAhV7yg,1,@thelmamoran8565,@RolandoRaguay
UCThW2XNsAaBKme5PUt7n-Zg,UCfM3nrxtTQMY5jFx1v1J4Gg,1,@thelmamoran8565,@edgarroldan5539
UCThW2XNsAaBKme5PUt7n-Zg,UCgvw7xIdGFupzpt1Y_BFkEA,1,@thelmamoran8565,@fredygarcia9151
UCThW2XNsAaBKme5PUt7n-Zg,UCh5ESQvtzyHDhCA7XyekCFA,1,@thelmamoran8565,@andyB5280
UCThW2XNsAaBKme5PUt7n-Zg,UChZknRmJkeGeQk0-mQuhDOg,1,@thelmamoran8565,@OdilioRodríguez-c5w
UCThW2XNsAaBKme5PUt7n-Zg,UChep9kVb5gQmpodEEl10Xlg,1,@thelmamoran8565,@carlosaguilar-kz7ml
UCThW2XNsAaBKme5PUt7n-Zg,UChgkn5Jt5tWKYMoEOuCjz3Q,1,@thelmamoran8565,@pablochitay46
UCThW2XNsAaBKme5PUt7n-Zg,UChs3tU2BcKOT0CezykvAsGw,1,@thelmamoran8565,@byronpontaza
UCThW2XNsAaBKme5PUt7n-Zg,UCi1b_TRQfgO1Z9O2gNGGWNA,1,@thelmamoran8565,@davidisraelesquitsaquil
UCThW2XNsAaBKme5PUt7n-Zg,UCiGRBf2RNF0WRKhRVT7zFoA,1,@thelmamoran8565,@edwinavila4876
UCThW2XNsAaBKme5PUt7n-Zg,UCiMythXHsw7eQEMykCdmMUA,1,@thelmamoran8565,@JavierBecerra-h6x
UCThW2XNsAaBKme5PUt7n-Zg,UCipetjeiWj4CZB6EbyYziZg,1,@thelmamoran8565,@OseasSamayoa-ol5rz
UCThW2XNsAaBKme5PUt7n-Zg,UCj-LL25XJnjxepPKCc3NGog,1,@thelmamoran8565,@anaaguirre8985
UCThW2XNsAaBKme5PUt7n-Zg,UCjSKM9j0Q7HLDr1hD6D-TUw,1,@thelmamoran8565,@josehidalgo4875
UCThW2XNsAaBKme5PUt7n-Zg,UCjmPuazZJzscrwvk0QR9RVw,1,@thelmamoran8565,@mynorrodas8591
UCThW2XNsAaBKme5PUt7n-Zg,UCkd9W714-947dEE6ZOEBATA,1,@thelmamoran8565,@ARGELIATELON
UCThW2XNsAaBKme5PUt7n-Zg,UCl0ekS9Tt0jJGtOEM18S63w,1,@thelmamoran8565,@monkchapin
UCThW2XNsAaBKme5PUt7n-Zg,UCljDbleJul41G1TzOjOZAVA,1,@thelmamoran8565,@hectorcarranza3777
UCThW2XNsAaBKme5PUt7n-Zg,UCmjppp6ujz3SAnULvP3sZMw,1,@thelmamoran8565,@marcomendez7509
UCThW2XNsAaBKme5PUt7n-Zg,UCmvOgzmmXbjUthHy-WJ52hQ,1,@thelmamoran8565,@mariorodas593
UCThW2XNsAaBKme5PUt7n-Zg,UCp4iw5_5SmV9VGTFSNVGOmQ,1,@thelmamoran8565,@CARLOSSTREMS51
UCThW2XNsAaBKme5PUt7n-Zg,UCpIdtvoFHVLGASGB5ySqIEA,1,@thelmamoran8565,@VidalVillatoro-p4w
UCThW2XNsAaBKme5PUt7n-Zg,UCpl8rF8uv_8uui-QRvuJaRA,1,@thelmamoran8565,@SergioGarcia-z9c
UCThW2XNsAaBKme5PUt7n-Zg,UCplrIQtaPj6au60_f2-mOYw,1,@thelmamoran8565,@romeolopezherrarte799
UCThW2XNsAaBKme5PUt7n-Zg,UCpsKOkt5iWTbenzeuq7dsmQ,1,@thelmamoran8565,@inge_vergueta
UCThW2XNsAaBKme5PUt7n-Zg,UCr1emrogPKkKTs_WTtx71xg,1,@thelmamoran8565,@domingopeneleu6457
UCThW2XNsAaBKme5PUt7n-Zg,UCrJn_rbo_ENAdeqneS-RmRw,1,@thelmamoran8565,@josecarrera9623
UCThW2XNsAaBKme5PUt7n-Zg,UCsJJAvrVGupdmhOqgtDp8dg,1,@thelmamoran8565,@nestorlorenzana1168
UCThW2XNsAaBKme5PUt7n-Zg,UCsSXdJct-nsS8DsABoEsaYA,1,@thelmamoran8565,@IvánPérez-j4j
UCThW2XNsAaBKme5PUt7n-Zg,UCsUCN0Yq_UyTvKjOJLmNrnQ,1,@thelmamoran8565,@moisesvaldez4043
UCThW2XNsAaBKme5PUt7n-Zg,UCsjs5Hp_r86x1xbK6FAeqaA,1,@thelmamoran8565,@alvaroesquivel563
UCThW2XNsAaBKme5PUt7n-Zg,UCtNfIBnc5S5DbbQj_yxgJTw,1,@thelmamoran8565,@JosueRamirez-ey3ih
UCThW2XNsAaBKme5PUt7n-Zg,UCtUR3_CAiE7fCoZHM6cMfyQ,1,@thelmamoran8565,@mdelcid01
UCThW2XNsAaBKme5PUt7n-Zg,UCueV9cTyTDwgQSec1x2dYgA,1,@thelmamoran8565,@fredydomingo7062
UCThW2XNsAaBKme5PUt7n-Zg,UCujPF2nBgsTD62nWE3lcpIg,1,@thelmamoran8565,@victorarturoruanobautista7588
UCThW2XNsAaBKme5PUt7n-Zg,UCut6b9S98nv84cVX89PmKzA,1,@thelmamoran8565,@yeniferaguirre4498
UCThW2XNsAaBKme5PUt7n-Zg,UCvApqeCbLod-wejtT4CcVuA,1,@thelmamoran8565,@davidgaher9550
UCThW2XNsAaBKme5PUt7n-Zg,UCwO2SXr0ggzwg6QWWrr01nQ,1,@thelmamoran8565,@ricardofigueroa5720
UCThW2XNsAaBKme5PUt7n-Zg,UCwW2OFy95P7ZBkOPxWkpvYg,1,@thelmamoran8565,@TeresaLucero-b5o
UCThW2XNsAaBKme5PUt7n-Zg,UCwha8rxULYMVtNwZWeSkE1A,1,@thelmamoran8565,@mariasamo8637
UCThW2XNsAaBKme5PUt7n-Zg,UCxff05WuyvwELNITi7bj7UA,1,@thelmamoran8565,@markoherrera
UCThW2XNsAaBKme5PUt7n-Zg,UCySYJU5kUh7X8gVt9la2ISA,1,@thelmamoran8565,@dantesarti4351
UCThW2XNsAaBKme5PUt7n-Zg,UCylqlpsh8ENNM1LqgQ1KbxA,1,@thelmamoran8565,@Jel.Awesh.M
UCThW2XNsAaBKme5PUt7n-Zg,UCz3gu01bmjNv0DpRq-K3XYg,1,@thelmamoran8565,@eusebiovasquez4385
UCThW2XNsAaBKme5PUt7n-Zg,UCzSfZlOVxBSs5ObD25ywxDQ,1,@thelmamoran8565,@GilmarMaldonado-q9m
UCThW2XNsAaBKme5PUt7n-Zg,UCzoL2l5H5eVlorWGH8AZfAg,1,@thelmamoran8565,@jor77cas
UCTwSut16JyAg3mX6LVUNGqA,UCTylKrsqkrBKIqubMu_5N0Q,1,@SuperVictor2005,@edwingeovanymarroquinmarro6684
UCTwSut16JyAg3mX6LVUNGqA,UCUIIIPTVDVHAXqhC_5V6lPA,1,@SuperVictor2005,@gorrarota
UCTwSut16JyAg3mX6LVUNGqA,UCV0iizTBoOfdAFX_thfI9BA,1,@SuperVictor2005,@BenjaminLarios-jd8nk
UCTwSut16JyAg3mX6LVUNGqA,UCWIZUtKJ636y-4TYrNvok0g,1,@SuperVictor2005,@cesarandreas7824
UCTwSut16JyAg3mX6LVUNGqA,UCXSkL3ejZ8qWYyF_M7s_QKA,1,@SuperVictor2005,@JacintaTzoy
UCTwSut16JyAg3mX6LVUNGqA,UCXXh7yg5KUFIWylTiKVEFKQ,1,@SuperVictor2005,@MrDuenderojo
UCTwSut16JyAg3mX6LVUNGqA,UCXgr7vXlRrsaskPdo097kGA,1,@SuperVictor2005,@Rogergh-nw4oj
UCTwSut16JyAg3mX6LVUNGqA,UCXr8_5WtGeipe4haOoQDgyQ,1,@SuperVictor2005,@amyherrera7352
UCTwSut16JyAg3mX6LVUNGqA,UCYN4wSQ1Sx4_LurxLlW7MPg,1,@SuperVictor2005,@belarminavillatoro6474
UCTwSut16JyAg3mX6LVUNGqA,UCYwpX26TrCxq8TvbKGRYLXA,1,@SuperVictor2005,@beneficioelcaminovillacana8540
UCTwSut16JyAg3mX6LVUNGqA,UCZ51R_9Q9C0c8I3pAWhtmjQ,1,@SuperVictor2005,@belvettzapeta1251
UCTwSut16JyAg3mX6LVUNGqA,UCZLG9qH0tUjNhEGFIUt0CYw,1,@SuperVictor2005,@SoniaMarroquin-y6e
UCTwSut16JyAg3mX6LVUNGqA,UCcfdg8crmMJwEuLUsAhV7yg,1,@SuperVictor2005,@RolandoRaguay
UCTwSut16JyAg3mX6LVUNGqA,UCfM3nrxtTQMY5jFx1v1J4Gg,1,@SuperVictor2005,@edgarroldan5539
UCTwSut16JyAg3mX6LVUNGqA,UCgvw7xIdGFupzpt1Y_BFkEA,1,@SuperVictor2005,@fredygarcia9151
UCTwSut16JyAg3mX6LVUNGqA,UCh5ESQvtzyHDhCA7XyekCFA,1,@SuperVictor2005,@andyB5280
UCTwSut16JyAg3mX6LVUNGqA,UChZknRmJkeGeQk0-mQuhDOg,1,@SuperVictor2005,@OdilioRodríguez-c5w
UCTwSut16JyAg3mX6LVUNGqA,UChep9kVb5gQmpodEEl10Xlg,1,@SuperVictor2005,@carlosaguilar-kz7ml
UCTwSut16JyAg3mX6LVUNGqA,UChgkn5Jt5tWKYMoEOuCjz3Q,1,@SuperVictor2005,@pablochitay46
UCTwSut16JyAg3mX6LVUNGqA,UChs3tU2BcKOT0CezykvAsGw,1,@SuperVictor2005,@byronpontaza
UCTwSut16JyAg3mX6LVUNGqA,UCi1b_TRQfgO1Z9O2gNGGWNA,1,@SuperVictor2005,@davidisraelesquitsaquil
UCTwSut16JyAg3mX6LVUNGqA,UCiGRBf2RNF0WRKhRVT7zFoA,1,@SuperVictor2005,@edwinavila4876
UCTwSut16JyAg3mX6LVUNGqA,UCiMythXHsw7eQEMykCdmMUA,1,@SuperVictor2005,@JavierBecerra-h6x
UCTwSut16JyAg3mX6LVUNGqA,UCipetjeiWj4CZB6EbyYziZg,1,@SuperVictor2005,@OseasSamayoa-ol5rz
UCTwSut16JyAg3mX6LVUNGqA,UCj-LL25XJnjxepPKCc3NGog,1,@SuperVictor2005,@anaaguirre8985
UCTwSut16JyAg3mX6LVUNGqA,UCjSKM9j0Q7HLDr1hD6D-TUw,1,@SuperVictor2005,@josehidalgo4875
UCTwSut16JyAg3mX6LVUNGqA,UCjmPuazZJzscrwvk0QR9RVw,1,@SuperVictor2005,@mynorrodas8591
UCTwSut16JyAg3mX6LVUNGqA,UCkd9W714-947dEE6ZOEBATA,1,@SuperVictor2005,@ARGELIATELON
UCTwSut16JyAg3mX6LVUNGqA,UCl0ekS9Tt0jJGtOEM18S63w,1,@SuperVictor2005,@monkchapin
UCTwSut16JyAg3mX6LVUNGqA,UCljDbleJul41G1TzOjOZAVA,1,@SuperVictor2005,@hectorcarranza3777
UCTwSut16JyAg3mX6LVUNGqA,UCmjppp6ujz3SAnULvP3sZMw,1,@SuperVictor2005,@marcomendez7509
UCTwSut16JyAg3mX6LVUNGqA,UCmvOgzmmXbjUthHy-WJ52hQ,1,@SuperVictor2005,@mariorodas593
UCTwSut16JyAg3mX6LVUNGqA,UCp4iw5_5SmV9VGTFSNVGOmQ,1,@SuperVictor2005,@CARLOSSTREMS51
UCTwSut16JyAg3mX6LVUNGqA,UCpIdtvoFHVLGASGB5ySqIEA,1,@SuperVictor2005,@VidalVillatoro-p4w
UCTwSut16JyAg3mX6LVUNGqA,UCpl8rF8uv_8uui-QRvuJaRA,1,@SuperVictor2005,@SergioGarcia-z9c
UCTwSut16JyAg3mX6LVUNGqA,UCplrIQtaPj6au60_f2-mOYw,1,@SuperVictor2005,@romeolopezherrarte799
UCTwSut16JyAg3mX6LVUNGqA,UCpsKOkt5iWTbenzeuq7dsmQ,1,@SuperVictor2005,@inge_vergueta
UCTwSut16JyAg3mX6LVUNGqA,UCr1emrogPKkKTs_WTtx71xg,1,@SuperVictor2005,@domingopeneleu6457
UCTwSut16JyAg3mX6LVUNGqA,UCrJn_rbo_ENAdeqneS-RmRw,1,@SuperVictor2005,@josecarrera9623
UCTwSut16JyAg3mX6LVUNGqA,UCsJJAvrVGupdmhOqgtDp8dg,1,@SuperVictor2005,@nestorlorenzana1168
UCTwSut16JyAg3mX6LVUNGqA,UCsSXdJct-nsS8DsABoEsaYA,1,@SuperVictor2005,@IvánPérez-j4j
UCTwSut16JyAg3mX6LVUNGqA,UCsUCN0Yq_UyTvKjOJLmNrnQ,1,@SuperVictor2005,@moisesvaldez4043
UCTwSut16JyAg3mX6LVUNGqA,UCsjs5Hp_r86x1xbK6FAeqaA,1,@SuperVictor2005,@alvaroesquivel563
UCTwSut16JyAg3mX6LVUNGqA,UCtNfIBnc5S5DbbQj_yxgJTw,1,@SuperVictor2005,@JosueRamirez-ey3ih
UCTwSut16JyAg3mX6LVUNGqA,UCtUR3_CAiE7fCoZHM6cMfyQ,1,@SuperVictor2005,@mdelcid01
UCTwSut16JyAg3mX6LVUNGqA,UCueV9cTyTDwgQSec1x2dYgA,1,@SuperVictor2005,@fredydomingo7062
UCTwSut16JyAg3mX6LVUNGqA,UCujPF2nBgsTD62nWE3lcpIg,1,@SuperVictor2005,@victorarturoruanobautista7588
UCTwSut16JyAg3mX6LVUNGqA,UCut6b9S98nv84cVX89PmKzA,1,@SuperVictor2005,@yeniferaguirre4498
UCTwSut16JyAg3mX6LVUNGqA,UCvApqeCbLod-wejtT4CcVuA,1,@SuperVictor2005,@davidgaher9550
UCTwSut16JyAg3mX6LVUNGqA,UCwO2SXr0ggzwg6QWWrr01nQ,1,@SuperVictor2005,@ricardofigueroa5720
UCTwSut16JyAg3mX6LVUNGqA,UCwW2OFy95P7ZBkOPxWkpvYg,1,@SuperVictor2005,@TeresaLucero-b5o
UCTwSut16JyAg3mX6LVUNGqA,UCwha8rxULYMVtNwZWeSkE1A,1,@SuperVictor2005,@mariasamo8637
UCTwSut16JyAg3mX6LVUNGqA,UCxff05WuyvwELNITi7bj7UA,1,@SuperVictor2005,@markoherrera
UCTwSut16JyAg3mX6LVUNGqA,UCySYJU5kUh7X8gVt9la2ISA,1,@SuperVictor2005,@dantesarti4351
UCTwSut16JyAg3mX6LVUNGqA,UCylqlpsh8ENNM1LqgQ1KbxA,1,@SuperVictor2005,@Jel.Awesh.M
UCTwSut16JyAg3mX6LVUNGqA,UCz3gu01bmjNv0DpRq-K3XYg,1,@SuperVictor2005,@eusebiovasquez4385
UCTwSut16JyAg3mX6LVUNGqA,UCzSfZlOVxBSs5ObD25ywxDQ,1,@SuperVictor2005,@GilmarMaldonado-q9m
UCTwSut16JyAg3mX6LVUNGqA,UCzoL2l5H5eVlorWGH8AZfAg,1,@SuperVictor2005,@jor77cas
UCTylKrsqkrBKIqubMu_5N0Q,UCUIIIPTVDVHAXqhC_5V6lPA,1,@edwingeovanymarroquinmarro6684,@gorrarota
UCTylKrsqkrBKIqubMu_5N0Q,UCV0iizTBoOfdAFX_thfI9BA,1,@edwingeovanymarroquinmarro6684,@BenjaminLarios-jd8nk
UCTylKrsqkrBKIqubMu_5N0Q,UCWIZUtKJ636y-4TYrNvok0g,1,@edwingeovanymarroquinmarro6684,@cesarandreas7824
UCTylKrsqkrBKIqubMu_5N0Q,UCXSkL3ejZ8qWYyF_M7s_QKA,1,@edwingeovanymarroquinmarro6684,@JacintaTzoy
UCTylKrsqkrBKIqubMu_5N0Q,UCXXh7yg5KUFIWylTiKVEFKQ,1,@edwingeovanymarroquinmarro6684,@MrDuenderojo
UCTylKrsqkrBKIqubMu_5N0Q,UCXgr7vXlRrsaskPdo097kGA,1,@edwingeovanymarroquinmarro6684,@Rogergh-nw4oj
UCTylKrsqkrBKIqubMu_5N0Q,UCXr8_5WtGeipe4haOoQDgyQ,1,@edwingeovanymarroquinmarro6684,@amyherrera7352
UCTylKrsqkrBKIqubMu_5N0Q,UCYN4wSQ1Sx4_LurxLlW7MPg,1,@edwingeovanymarroquinmarro6684,@belarminavillatoro6474
UCTylKrsqkrBKIqubMu_5N0Q,UCYwpX26TrCxq8TvbKGRYLXA,1,@edwingeovanymarroquinmarro6684,@beneficioelcaminovillacana8540
UCTylKrsqkrBKIqubMu_5N0Q,UCZ51R_9Q9C0c8I3pAWhtmjQ,1,@edwingeovanymarroquinmarro6684,@belvettzapeta1251
UCTylKrsqkrBKIqubMu_5N0Q,UCZLG9qH0tUjNhEGFIUt0CYw,1,@edwingeovanymarroquinmarro6684,@SoniaMarroquin-y6e
UCTylKrsqkrBKIqubMu_5N0Q,UCcfdg8crmMJwEuLUsAhV7yg,1,@edwingeovanymarroquinmarro6684,@RolandoRaguay
UCTylKrsqkrBKIqubMu_5N0Q,UCfM3nrxtTQMY5jFx1v1J4Gg,1,@edwingeovanymarroquinmarro6684,@edgarroldan5539
UCTylKrsqkrBKIqubMu_5N0Q,UCgvw7xIdGFupzpt1Y_BFkEA,1,@edwingeovanymarroquinmarro6684,@fredygarcia9151
UCTylKrsqkrBKIqubMu_5N0Q,UCh5ESQvtzyHDhCA7XyekCFA,1,@edwingeovanymarroquinmarro6684,@andyB5280
UCTylKrsqkrBKIqubMu_5N0Q,UChZknRmJkeGeQk0-mQuhDOg,1,@edwingeovanymarroquinmarro6684,@OdilioRodríguez-c5w
UCTylKrsqkrBKIqubMu_5N0Q,UChep9kVb5gQmpodEEl10Xlg,1,@edwingeovanymarroquinmarro6684,@carlosaguilar-kz7ml
UCTylKrsqkrBKIqubMu_5N0Q,UChgkn5Jt5tWKYMoEOuCjz3Q,1,@edwingeovanymarroquinmarro6684,@pablochitay46
UCTylKrsqkrBKIqubMu_5N0Q,UChs3tU2BcKOT0CezykvAsGw,1,@edwingeovanymarroquinmarro6684,@byronpontaza
UCTylKrsqkrBKIqubMu_5N0Q,UCi1b_TRQfgO1Z9O2gNGGWNA,1,@edwingeovanymarroquinmarro6684,@davidisraelesquitsaquil
UCTylKrsqkrBKIqubMu_5N0Q,UCiGRBf2RNF0WRKhRVT7zFoA,1,@edwingeovanymarroquinmarro6684,@edwinavila4876
UCTylKrsqkrBKIqubMu_5N0Q,UCiMythXHsw7eQEMykCdmMUA,1,@edwingeovanymarroquinmarro6684,@JavierBecerra-h6x
UCTylKrsqkrBKIqubMu_5N0Q,UCipetjeiWj4CZB6EbyYziZg,1,@edwingeovanymarroquinmarro6684,@OseasSamayoa-ol5rz
UCTylKrsqkrBKIqubMu_5N0Q,UCj-LL25XJnjxepPKCc3NGog,1,@edwingeovanymarroquinmarro6684,@anaaguirre8985
UCTylKrsqkrBKIqubMu_5N0Q,UCjSKM9j0Q7HLDr1hD6D-TUw,1,@edwingeovanymarroquinmarro6684,@josehidalgo4875
UCTylKrsqkrBKIqubMu_5N0Q,UCjmPuazZJzscrwvk0QR9RVw,1,@edwingeovanymarroquinmarro6684,@mynorrodas8591
UCTylKrsqkrBKIqubMu_5N0Q,UCkd9W714-947dEE6ZOEBATA,1,@edwingeovanymarroquinmarro6684,@ARGELIATELON
UCTylKrsqkrBKIqubMu_5N0Q,UCl0ekS9Tt0jJGtOEM18S63w,1,@edwingeovanymarroquinmarro6684,@monkchapin
UCTylKrsqkrBKIqubMu_5N0Q,UCljDbleJul41G1TzOjOZAVA,1,@edwingeovanymarroquinmarro6684,@hectorcarranza3777
UCTylKrsqkrBKIqubMu_5N0Q,UCmjppp6ujz3SAnULvP3sZMw,1,@edwingeovanymarroquinmarro6684,@marcomendez7509
UCTylKrsqkrBKIqubMu_5N0Q,UCmvOgzmmXbjUthHy-WJ52hQ,1,@edwingeovanymarroquinmarro6684,@mariorodas593
UCTylKrsqkrBKIqubMu_5N0Q,UCp4iw5_5SmV9VGTFSNVGOmQ,1,@edwingeovanymarroquinmarro6684,@CARLOSSTREMS51
UCTylKrsqkrBKIqubMu_5N0Q,UCpIdtvoFHVLGASGB5ySqIEA,1,@edwingeovanymarroquinmarro6684,@VidalVillatoro-p4w
UCTylKrsqkrBKIqubMu_5N0Q,UCpl8rF8uv_8uui-QRvuJaRA,1,@edwingeovanymarroquinmarro6684,@SergioGarcia-z9c
UCTylKrsqkrBKIqubMu_5N0Q,UCplrIQtaPj6au60_f2-mOYw,1,@edwingeovanymarroquinmarro6684,@romeolopezherrarte799
UCTylKrsqkrBKIqubMu_5N0Q,UCpsKOkt5iWTbenzeuq7dsmQ,1,@edwingeovanymarroquinmarro6684,@inge_vergueta
UCTylKrsqkrBKIqubMu_5N0Q,UCr1emrogPKkKTs_WTtx71xg,1,@edwingeovanymarroquinmarro6684,@domingopeneleu6457
UCTylKrsqkrBKIqubMu_5N0Q,UCrJn_rbo_ENAdeqneS-RmRw,1,@edwingeovanymarroquinmarro6684,@josecarrera9623
UCTylKrsqkrBKIqubMu_5N0Q,UCsJJAvrVGupdmhOqgtDp8dg,1,@edwingeovanymarroquinmarro6684,@nestorlorenzana1168
UCTylKrsqkrBKIqubMu_5N0Q,UCsSXdJct-nsS8DsABoEsaYA,1,@edwingeovanymarroquinmarro6684,@IvánPérez-j4j
UCTylKrsqkrBKIqubMu_5N0Q,UCsUCN0Yq_UyTvKjOJLmNrnQ,1,@edwingeovanymarroquinmarro6684,@moisesvaldez4043
UCTylKrsqkrBKIqubMu_5N0Q,UCsjs5Hp_r86x1xbK6FAeqaA,1,@edwingeovanymarroquinmarro6684,@alvaroesquivel563
UCTylKrsqkrBKIqubMu_5N0Q,UCtNfIBnc5S5DbbQj_yxgJTw,1,@edwingeovanymarroquinmarro6684,@JosueRamirez-ey3ih
UCTylKrsqkrBKIqubMu_5N0Q,UCtUR3_CAiE7fCoZHM6cMfyQ,1,@edwingeovanymarroquinmarro6684,@mdelcid01
UCTylKrsqkrBKIqubMu_5N0Q,UCueV9cTyTDwgQSec1x2dYgA,1,@edwingeovanymarroquinmarro6684,@fredydomingo7062
UCTylKrsqkrBKIqubMu_5N0Q,UCujPF2nBgsTD62nWE3lcpIg,1,@edwingeovanymarroquinmarro6684,@victorarturoruanobautista7588
UCTylKrsqkrBKIqubMu_5N0Q,UCut6b9S98nv84cVX89PmKzA,1,@edwingeovanymarroquinmarro6684,@yeniferaguirre4498
UCTylKrsqkrBKIqubMu_5N0Q,UCvApqeCbLod-wejtT4CcVuA,1,@edwingeovanymarroquinmarro6684,@davidgaher9550
UCTylKrsqkrBKIqubMu_5N0Q,UCwO2SXr0ggzwg6QWWrr01nQ,1,@edwingeovanymarroquinmarro6684,@ricardofigueroa5720
UCTylKrsqkrBKIqubMu_5N0Q,UCwW2OFy95P7ZBkOPxWkpvYg,1,@edwingeovanymarroquinmarro6684,@TeresaLucero-b5o
UCTylKrsqkrBKIqubMu_5N0Q,UCwha8rxULYMVtNwZWeSkE1A,1,@edwingeovanymarroquinmarro6684,@mariasamo8637
UCTylKrsqkrBKIqubMu_5N0Q,UCxff05WuyvwELNITi7bj7UA,1,@edwingeovanymarroquinmarro6684,@markoherrera
UCTylKrsqkrBKIqubMu_5N0Q,UCySYJU5kUh7X8gVt9la2ISA,1,@edwingeovanymarroquinmarro6684,@dantesarti4351
UCTylKrsqkrBKIqubMu_5N0Q,UCylqlpsh8ENNM1LqgQ1KbxA,1,@edwingeovanymarroquinmarro6684,@Jel.Awesh.M
UCTylKrsqkrBKIqubMu_5N0Q,UCz3gu01bmjNv0DpRq-K3XYg,1,@edwingeovanymarroquinmarro6684,@eusebiovasquez4385
UCTylKrsqkrBKIqubMu_5N0Q,UCzSfZlOVxBSs5ObD25ywxDQ,1,@edwingeovanymarroquinmarro6684,@GilmarMaldonado-q9m
UCTylKrsqkrBKIqubMu_5N0Q,UCzoL2l5H5eVlorWGH8AZfAg,1,@edwingeovanymarroquinmarro6684,@jor77cas
UCUIIIPTVDVHAXqhC_5V6lPA,UCV0iizTBoOfdAFX_thfI9BA,1,@gorrarota,@BenjaminLarios-jd8nk
UCUIIIPTVDVHAXqhC_5V6lPA,UCWIZUtKJ636y-4TYrNvok0g,1,@gorrarota,@cesarandreas7824
UCUIIIPTVDVHAXqhC_5V6lPA,UCXSkL3ejZ8qWYyF_M7s_QKA,1,@gorrarota,@JacintaTzoy
UCUIIIPTVDVHAXqhC_5V6lPA,UCXXh7yg5KUFIWylTiKVEFKQ,1,@gorrarota,@MrDuenderojo
UCUIIIPTVDVHAXqhC_5V6lPA,UCXgr7vXlRrsaskPdo097kGA,1,@gorrarota,@Rogergh-nw4oj
UCUIIIPTVDVHAXqhC_5V6lPA,UCXr8_5WtGeipe4haOoQDgyQ,1,@gorrarota,@amyherrera7352
UCUIIIPTVDVHAXqhC_5V6lPA,UCYN4wSQ1Sx4_LurxLlW7MPg,1,@gorrarota,@belarminavillatoro6474
UCUIIIPTVDVHAXqhC_5V6lPA,UCYwpX26TrCxq8TvbKGRYLXA,1,@gorrarota,@beneficioelcaminovillacana8540
UCUIIIPTVDVHAXqhC_5V6lPA,UCZ51R_9Q9C0c8I3pAWhtmjQ,1,@gorrarota,@belvettzapeta1251
UCUIIIPTVDVHAXqhC_5V6lPA,UCZLG9qH0tUjNhEGFIUt0CYw,1,@gorrarota,@SoniaMarroquin-y6e
UCUIIIPTVDVHAXqhC_5V6lPA,UCcfdg8crmMJwEuLUsAhV7yg,1,@gorrarota,@RolandoRaguay
UCUIIIPTVDVHAXqhC_5V6lPA,UCfM3nrxtTQMY5jFx1v1J4Gg,1,@gorrarota,@edgarroldan5539
UCUIIIPTVDVHAXqhC_5V6lPA,UCgvw7xIdGFupzpt1Y_BFkEA,1,@gorrarota,@fredygarcia9151
UCUIIIPTVDVHAXqhC_5V6lPA,UCh5ESQvtzyHDhCA7XyekCFA,1,@gorrarota,@andyB5280
UCUIIIPTVDVHAXqhC_5V6lPA,UChZknRmJkeGeQk0-mQuhDOg,1,@gorrarota,@OdilioRodríguez-c5w
UCUIIIPTVDVHAXqhC_5V6lPA,UChep9kVb5gQmpodEEl10Xlg,1,@gorrarota,@carlosaguilar-kz7ml
UCUIIIPTVDVHAXqhC_5V6lPA,UChgkn5Jt5tWKYMoEOuCjz3Q,1,@gorrarota,@pablochitay46
UCUIIIPTVDVHAXqhC_5V6lPA,UChs3tU2BcKOT0CezykvAsGw,1,@gorrarota,@byronpontaza
UCUIIIPTVDVHAXqhC_5V6lPA,UCi1b_TRQfgO1Z9O2gNGGWNA,1,@gorrarota,@davidisraelesquitsaquil
UCUIIIPTVDVHAXqhC_5V6lPA,UCiGRBf2RNF0WRKhRVT7zFoA,1,@gorrarota,@edwinavila4876
UCUIIIPTVDVHAXqhC_5V6lPA,UCiMythXHsw7eQEMykCdmMUA,1,@gorrarota,@JavierBecerra-h6x
UCUIIIPTVDVHAXqhC_5V6lPA,UCipetjeiWj4CZB6EbyYziZg,1,@gorrarota,@OseasSamayoa-ol5rz
UCUIIIPTVDVHAXqhC_5V6lPA,UCj-LL25XJnjxepPKCc3NGog,1,@gorrarota,@anaaguirre8985
UCUIIIPTVDVHAXqhC_5V6lPA,UCjSKM9j0Q7HLDr1hD6D-TUw,1,@gorrarota,@josehidalgo4875
UCUIIIPTVDVHAXqhC_5V6lPA,UCjmPuazZJzscrwvk0QR9RVw,1,@gorrarota,@mynorrodas8591
UCUIIIPTVDVHAXqhC_5V6lPA,UCkd9W714-947dEE6ZOEBATA,1,@gorrarota,@ARGELIATELON
UCUIIIPTVDVHAXqhC_5V6lPA,UCl0ekS9Tt0jJGtOEM18S63w,1,@gorrarota,@monkchapin
UCUIIIPTVDVHAXqhC_5V6lPA,UCljDbleJul41G1TzOjOZAVA,1,@gorrarota,@hectorcarranza3777
UCUIIIPTVDVHAXqhC_5V6lPA,UCmjppp6ujz3SAnULvP3sZMw,1,@gorrarota,@marcomendez7509
UCUIIIPTVDVHAXqhC_5V6lPA,UCmvOgzmmXbjUthHy-WJ52hQ,1,@gorrarota,@mariorodas593
UCUIIIPTVDVHAXqhC_5V6lPA,UCp4iw5_5SmV9VGTFSNVGOmQ,1,@gorrarota,@CARLOSSTREMS51
UCUIIIPTVDVHAXqhC_5V6lPA,UCpIdtvoFHVLGASGB5ySqIEA,1,@gorrarota,@VidalVillatoro-p4w
UCUIIIPTVDVHAXqhC_5V6lPA,UCpl8rF8uv_8uui-QRvuJaRA,1,@gorrarota,@SergioGarcia-z9c
UCUIIIPTVDVHAXqhC_5V6lPA,UCplrIQtaPj6au60_f2-mOYw,1,@gorrarota,@romeolopezherrarte799
UCUIIIPTVDVHAXqhC_5V6lPA,UCpsKOkt5iWTbenzeuq7dsmQ,1,@gorrarota,@inge_vergueta
UCUIIIPTVDVHAXqhC_5V6lPA,UCr1emrogPKkKTs_WTtx71xg,1,@gorrarota,@domingopeneleu6457
UCUIIIPTVDVHAXqhC_5V6lPA,UCrJn_rbo_ENAdeqneS-RmRw,1,@gorrarota,@josecarrera9623
UCUIIIPTVDVHAXqhC_5V6lPA,UCsJJAvrVGupdmhOqgtDp8dg,1,@gorrarota,@nestorlorenzana1168
UCUIIIPTVDVHAXqhC_5V6lPA,UCsSXdJct-nsS8DsABoEsaYA,1,@gorrarota,@IvánPérez-j4j
UCUIIIPTVDVHAXqhC_5V6lPA,UCsUCN0Yq_UyTvKjOJLmNrnQ,1,@gorrarota,@moisesvaldez4043
UCUIIIPTVDVHAXqhC_5V6lPA,UCsjs5Hp_r86x1xbK6FAeqaA,1,@gorrarota,@alvaroesquivel563
UCUIIIPTVDVHAXqhC_5V6lPA,UCtNfIBnc5S5DbbQj_yxgJTw,1,@gorrarota,@JosueRamirez-ey3ih
UCUIIIPTVDVHAXqhC_5V6lPA,UCtUR3_CAiE7fCoZHM6cMfyQ,1,@gorrarota,@mdelcid01
UCUIIIPTVDVHAXqhC_5V6lPA,UCueV9cTyTDwgQSec1x2dYgA,1,@gorrarota,@fredydomingo7062
UCUIIIPTVDVHAXqhC_5V6lPA,UCujPF2nBgsTD62nWE3lcpIg,1,@gorrarota,@victorarturoruanobautista7588
UCUIIIPTVDVHAXqhC_5V6lPA,UCut6b9S98nv84cVX89PmKzA,1,@gorrarota,@yeniferaguirre4498
UCUIIIPTVDVHAXqhC_5V6lPA,UCvApqeCbLod-wejtT4CcVuA,1,@gorrarota,@davidgaher9550
UCUIIIPTVDVHAXqhC_5V6lPA,UCwO2SXr0ggzwg6QWWrr01nQ,1,@gorrarota,@ricardofigueroa5720
UCUIIIPTVDVHAXqhC_5V6lPA,UCwW2OFy95P7ZBkOPxWkpvYg,1,@gorrarota,@TeresaLucero-b5o
UCUIIIPTVDVHAXqhC_5V6lPA,UCwha8rxULYMVtNwZWeSkE1A,1,@gorrarota,@mariasamo8637
UCUIIIPTVDVHAXqhC_5V6lPA,UCxff05WuyvwELNITi7bj7UA,1,@gorrarota,@markoherrera
UCUIIIPTVDVHAXqhC_5V6lPA,UCySYJU5kUh7X8gVt9la2ISA,1,@gorrarota,@dantesarti4351
UCUIIIPTVDVHAXqhC_5V6lPA,UCylqlpsh8ENNM1LqgQ1KbxA,1,@gorrarota,@Jel.Awesh.M
UCUIIIPTVDVHAXqhC_5V6lPA,UCz3gu01bmjNv0DpRq-K3XYg,1,@gorrarota,@eusebiovasquez4385
UCUIIIPTVDVHAXqhC_5V6lPA,UCzSfZlOVxBSs5ObD25ywxDQ,1,@gorrarota,@GilmarMaldonado-q9m
UCUIIIPTVDVHAXqhC_5V6lPA,UCzoL2l5H5eVlorWGH8AZfAg,1,@gorrarota,@jor77cas
UCUoYsrx1oZnCZ0usbBJn4fA,UCV0lM03g5fg5pbPj97-sAtA,1,@AnaDiaz-re9sq,@genarodelgado3929
UCUoYsrx1oZnCZ0usbBJn4fA,UCW-JC6lebVmf2P1dmY_L94g,1,@AnaDiaz-re9sq,@dinoraoroxon5771
UCUoYsrx1oZnCZ0usbBJn4fA,UCW80DaMjQlEUibC98Cot-Dg,1,@AnaDiaz-re9sq,@rogeraldana4289
UCUoYsrx1oZnCZ0usbBJn4fA,UCWoAVGVqCn4xtINCMOTM4jg,1,@AnaDiaz-re9sq,@OmarMartinez-vv8re
UCUoYsrx1oZnCZ0usbBJn4fA,UCZeIIQrGAedW8tCbKWmGY-A,1,@AnaDiaz-re9sq,@mariocordon8873
UCUoYsrx1oZnCZ0usbBJn4fA,UC_LYoGs5C3mbZKZuKuqYCvw,1,@AnaDiaz-re9sq,@javiercifuentesarchila6041
UCUoYsrx1oZnCZ0usbBJn4fA,UCaKAjTW9MVub_clgr4DRYjQ,1,@AnaDiaz-re9sq,@josecastillo4390
UCUoYsrx1oZnCZ0usbBJn4fA,UCdFlugHJJa4l3YqWuNRmvXw,1,@AnaDiaz-re9sq,@MarcosCarillo-b1r
UCUoYsrx1oZnCZ0usbBJn4fA,UCe8JZoYkX5oKUZyivHYdXhw,1,@AnaDiaz-re9sq,@FernandoGarcia-jg1fj
UCUoYsrx1oZnCZ0usbBJn4fA,UCeDNEtI8_a42bZ47wJiJMwQ,1,@AnaDiaz-re9sq,@EdgarcalderonCalderong
UCUoYsrx1oZnCZ0usbBJn4fA,UCgJNFj5dnxXpcMvmuhZDPxA,1,@AnaDiaz-re9sq,@NataliaRodriguez-rx5mr
UCUoYsrx1oZnCZ0usbBJn4fA,UCgQw_Sbq3ugruDUKsq1e0-A,1,@AnaDiaz-re9sq,@marlenareano-h4t
UCUoYsrx1oZnCZ0usbBJn4fA,UCiC-Jn7wdgyQV4_Urk0DkWQ,1,@AnaDiaz-re9sq,@pedroros6358
UCUoYsrx1oZnCZ0usbBJn4fA,UCkVtmkK07b2zaVVNssX4lOg,1,@AnaDiaz-re9sq,@HectorElias-u2l
UCUoYsrx1oZnCZ0usbBJn4fA,UCkbsS_3D-pvg1iHOld9uvIg,1,@AnaDiaz-re9sq,@gonzalo6075
UCUoYsrx1oZnCZ0usbBJn4fA,UClhMWQ7XKWywYvbRnuf8QsA,1,@AnaDiaz-re9sq,@EcPerez-zz9oh
UCUoYsrx1oZnCZ0usbBJn4fA,UClqA491Xa5fQcXcJJa-vTWw,1,@AnaDiaz-re9sq,@AndresLemus-k2d
UCUoYsrx1oZnCZ0usbBJn4fA,UColMq7LmaoY3MT6aIDGrGvA,1,@AnaDiaz-re9sq,@quijotachapina1
UCUoYsrx1oZnCZ0usbBJn4fA,UCpe5jW3MIqkgTJ-PgkzvM6Q,1,@AnaDiaz-re9sq,@carloslam5333
UCUoYsrx1oZnCZ0usbBJn4fA,UCpsKOkt5iWTbenzeuq7dsmQ,1,@AnaDiaz-re9sq,@inge_vergueta
UCUoYsrx1oZnCZ0usbBJn4fA,UCqCrvuoJpC-aVb0f4logQRQ,1,@AnaDiaz-re9sq,@Lyrics_GT
UCUoYsrx1oZnCZ0usbBJn4fA,UCsGoJEvb-cFPZ2rWoJcXzEQ,1,@AnaDiaz-re9sq,@sergiohinestroza9709
UCUoYsrx1oZnCZ0usbBJn4fA,UCu8_3-Wg-YzNyvHYQDEscfw,1,@AnaDiaz-re9sq,@RolandoCastroPérez-d7y
UCUoYsrx1oZnCZ0usbBJn4fA,UCuXmOjxC-htcprLgeVXz6Tg,1,@AnaDiaz-re9sq,@jorgeaguilar-bq3uj
UCUoYsrx1oZnCZ0usbBJn4fA,UCwgCc9Jd_gG-uLE_SY-FfPg,1,@AnaDiaz-re9sq,@armindapenados2841
UCUoYsrx1oZnCZ0usbBJn4fA,UCwjUvRseNtJoItylIyIez7Q,1,@AnaDiaz-re9sq,@Silviazea
UCUoYsrx1oZnCZ0usbBJn4fA,UCylqlpsh8ENNM1LqgQ1KbxA,1,@AnaDiaz-re9sq,@Jel.Awesh.M
UCV0iizTBoOfdAFX_thfI9BA,UCWIZUtKJ636y-4TYrNvok0g,1,@BenjaminLarios-jd8nk,@cesarandreas7824
UCV0iizTBoOfdAFX_thfI9BA,UCXSkL3ejZ8qWYyF_M7s_QKA,1,@BenjaminLarios-jd8nk,@JacintaTzoy
UCV0iizTBoOfdAFX_thfI9BA,UCXXh7yg5KUFIWylTiKVEFKQ,1,@BenjaminLarios-jd8nk,@MrDuenderojo
UCV0iizTBoOfdAFX_thfI9BA,UCXgr7vXlRrsaskPdo097kGA,1,@BenjaminLarios-jd8nk,@Rogergh-nw4oj
UCV0iizTBoOfdAFX_thfI9BA,UCXr8_5WtGeipe4haOoQDgyQ,1,@BenjaminLarios-jd8nk,@amyherrera7352
UCV0iizTBoOfdAFX_thfI9BA,UCYN4wSQ1Sx4_LurxLlW7MPg,1,@BenjaminLarios-jd8nk,@belarminavillatoro6474
UCV0iizTBoOfdAFX_thfI9BA,UCYwpX26TrCxq8TvbKGRYLXA,1,@BenjaminLarios-jd8nk,@beneficioelcaminovillacana8540
UCV0iizTBoOfdAFX_thfI9BA,UCZ51R_9Q9C0c8I3pAWhtmjQ,1,@BenjaminLarios-jd8nk,@belvettzapeta1251
UCV0iizTBoOfdAFX_thfI9BA,UCZLG9qH0tUjNhEGFIUt0CYw,1,@BenjaminLarios-jd8nk,@SoniaMarroquin-y6e
UCV0iizTBoOfdAFX_thfI9BA,UCcfdg8crmMJwEuLUsAhV7yg,1,@BenjaminLarios-jd8nk,@RolandoRaguay
UCV0iizTBoOfdAFX_thfI9BA,UCfM3nrxtTQMY5jFx1v1J4Gg,1,@BenjaminLarios-jd8nk,@edgarroldan5539
UCV0iizTBoOfdAFX_thfI9BA,UCgvw7xIdGFupzpt1Y_BFkEA,1,@BenjaminLarios-jd8nk,@fredygarcia9151
UCV0iizTBoOfdAFX_thfI9BA,UCh5ESQvtzyHDhCA7XyekCFA,1,@BenjaminLarios-jd8nk,@andyB5280
UCV0iizTBoOfdAFX_thfI9BA,UChZknRmJkeGeQk0-mQuhDOg,1,@BenjaminLarios-jd8nk,@OdilioRodríguez-c5w
UCV0iizTBoOfdAFX_thfI9BA,UChep9kVb5gQmpodEEl10Xlg,1,@BenjaminLarios-jd8nk,@carlosaguilar-kz7ml
UCV0iizTBoOfdAFX_thfI9BA,UChgkn5Jt5tWKYMoEOuCjz3Q,1,@BenjaminLarios-jd8nk,@pablochitay46
UCV0iizTBoOfdAFX_thfI9BA,UChs3tU2BcKOT0CezykvAsGw,1,@BenjaminLarios-jd8nk,@byronpontaza
UCV0iizTBoOfdAFX_thfI9BA,UCi1b_TRQfgO1Z9O2gNGGWNA,1,@BenjaminLarios-jd8nk,@davidisraelesquitsaquil
UCV0iizTBoOfdAFX_thfI9BA,UCiGRBf2RNF0WRKhRVT7zFoA,1,@BenjaminLarios-jd8nk,@edwinavila4876
UCV0iizTBoOfdAFX_thfI9BA,UCiMythXHsw7eQEMykCdmMUA,1,@BenjaminLarios-jd8nk,@JavierBecerra-h6x
UCV0iizTBoOfdAFX_thfI9BA,UCipetjeiWj4CZB6EbyYziZg,1,@BenjaminLarios-jd8nk,@OseasSamayoa-ol5rz
UCV0iizTBoOfdAFX_thfI9BA,UCj-LL25XJnjxepPKCc3NGog,1,@BenjaminLarios-jd8nk,@anaaguirre8985
UCV0iizTBoOfdAFX_thfI9BA,UCjSKM9j0Q7HLDr1hD6D-TUw,1,@BenjaminLarios-jd8nk,@josehidalgo4875
UCV0iizTBoOfdAFX_thfI9BA,UCjmPuazZJzscrwvk0QR9RVw,1,@BenjaminLarios-jd8nk,@mynorrodas8591
UCV0iizTBoOfdAFX_thfI9BA,UCkd9W714-947dEE6ZOEBATA,1,@BenjaminLarios-jd8nk,@ARGELIATELON
UCV0iizTBoOfdAFX_thfI9BA,UCl0ekS9Tt0jJGtOEM18S63w,1,@BenjaminLarios-jd8nk,@monkchapin
UCV0iizTBoOfdAFX_thfI9BA,UCljDbleJul41G1TzOjOZAVA,1,@BenjaminLarios-jd8nk,@hectorcarranza3777
UCV0iizTBoOfdAFX_thfI9BA,UCmjppp6ujz3SAnULvP3sZMw,1,@BenjaminLarios-jd8nk,@marcomendez7509
UCV0iizTBoOfdAFX_thfI9BA,UCmvOgzmmXbjUthHy-WJ52hQ,1,@BenjaminLarios-jd8nk,@mariorodas593
UCV0iizTBoOfdAFX_thfI9BA,UCp4iw5_5SmV9VGTFSNVGOmQ,1,@BenjaminLarios-jd8nk,@CARLOSSTREMS51
UCV0iizTBoOfdAFX_thfI9BA,UCpIdtvoFHVLGASGB5ySqIEA,1,@BenjaminLarios-jd8nk,@VidalVillatoro-p4w
UCV0iizTBoOfdAFX_thfI9BA,UCpl8rF8uv_8uui-QRvuJaRA,1,@BenjaminLarios-jd8nk,@SergioGarcia-z9c
UCV0iizTBoOfdAFX_thfI9BA,UCplrIQtaPj6au60_f2-mOYw,1,@BenjaminLarios-jd8nk,@romeolopezherrarte799
UCV0iizTBoOfdAFX_thfI9BA,UCpsKOkt5iWTbenzeuq7dsmQ,1,@BenjaminLarios-jd8nk,@inge_vergueta
UCV0iizTBoOfdAFX_thfI9BA,UCr1emrogPKkKTs_WTtx71xg,1,@BenjaminLarios-jd8nk,@domingopeneleu6457
UCV0iizTBoOfdAFX_thfI9BA,UCrJn_rbo_ENAdeqneS-RmRw,1,@BenjaminLarios-jd8nk,@josecarrera9623
UCV0iizTBoOfdAFX_thfI9BA,UCsJJAvrVGupdmhOqgtDp8dg,1,@BenjaminLarios-jd8nk,@nestorlorenzana1168
UCV0iizTBoOfdAFX_thfI9BA,UCsSXdJct-nsS8DsABoEsaYA,1,@BenjaminLarios-jd8nk,@IvánPérez-j4j
UCV0iizTBoOfdAFX_thfI9BA,UCsUCN0Yq_UyTvKjOJLmNrnQ,1,@BenjaminLarios-jd8nk,@moisesvaldez4043
UCV0iizTBoOfdAFX_thfI9BA,UCsjs5Hp_r86x1xbK6FAeqaA,1,@BenjaminLarios-jd8nk,@alvaroesquivel563
UCV0iizTBoOfdAFX_thfI9BA,UCtNfIBnc5S5DbbQj_yxgJTw,1,@BenjaminLarios-jd8nk,@JosueRamirez-ey3ih
UCV0iizTBoOfdAFX_thfI9BA,UCtUR3_CAiE7fCoZHM6cMfyQ,1,@BenjaminLarios-jd8nk,@mdelcid01
UCV0iizTBoOfdAFX_thfI9BA,UCueV9cTyTDwgQSec1x2dYgA,1,@BenjaminLarios-jd8nk,@fredydomingo7062
UCV0iizTBoOfdAFX_thfI9BA,UCujPF2nBgsTD62nWE3lcpIg,1,@BenjaminLarios-jd8nk,@victorarturoruanobautista7588
UCV0iizTBoOfdAFX_thfI9BA,UCut6b9S98nv84cVX89PmKzA,1,@BenjaminLarios-jd8nk,@yeniferaguirre4498
UCV0iizTBoOfdAFX_thfI9BA,UCvApqeCbLod-wejtT4CcVuA,1,@BenjaminLarios-jd8nk,@davidgaher9550
UCV0iizTBoOfdAFX_thfI9BA,UCwO2SXr0ggzwg6QWWrr01nQ,1,@BenjaminLarios-jd8nk,@ricardofigueroa5720
UCV0iizTBoOfdAFX_thfI9BA,UCwW2OFy95P7ZBkOPxWkpvYg,1,@BenjaminLarios-jd8nk,@TeresaLucero-b5o
UCV0iizTBoOfdAFX_thfI9BA,UCwha8rxULYMVtNwZWeSkE1A,1,@BenjaminLarios-jd8nk,@mariasamo8637
UCV0iizTBoOfdAFX_thfI9BA,UCxff05WuyvwELNITi7bj7UA,1,@BenjaminLarios-jd8nk,@markoherrera
UCV0iizTBoOfdAFX_thfI9BA,UCySYJU5kUh7X8gVt9la2ISA,1,@BenjaminLarios-jd8nk,@dantesarti4351
UCV0iizTBoOfdAFX_thfI9BA,UCylqlpsh8ENNM1LqgQ1KbxA,1,@BenjaminLarios-jd8nk,@Jel.Awesh.M
UCV0iizTBoOfdAFX_thfI9BA,UCz3gu01bmjNv0DpRq-K3XYg,1,@BenjaminLarios-jd8nk,@eusebiovasquez4385
UCV0iizTBoOfdAFX_thfI9BA,UCzSfZlOVxBSs5ObD25ywxDQ,1,@BenjaminLarios-jd8nk,@GilmarMaldonado-q9m
UCV0iizTBoOfdAFX_thfI9BA,UCzoL2l5H5eVlorWGH8AZfAg,1,@BenjaminLarios-jd8nk,@jor77cas
UCV0lM03g5fg5pbPj97-sAtA,UCW-JC6lebVmf2P1dmY_L94g,1,@genarodelgado3929,@dinoraoroxon5771
UCV0lM03g5fg5pbPj97-sAtA,UCW80DaMjQlEUibC98Cot-Dg,1,@genarodelgado3929,@rogeraldana4289
UCV0lM03g5fg5pbPj97-sAtA,UCWoAVGVqCn4xtINCMOTM4jg,1,@genarodelgado3929,@OmarMartinez-vv8re
UCV0lM03g5fg5pbPj97-sAtA,UCZeIIQrGAedW8tCbKWmGY-A,1,@genarodelgado3929,@mariocordon8873
UCV0lM03g5fg5pbPj97-sAtA,UC_LYoGs5C3mbZKZuKuqYCvw,1,@genarodelgado3929,@javiercifuentesarchila6041
UCV0lM03g5fg5pbPj97-sAtA,UCaKAjTW9MVub_clgr4DRYjQ,1,@genarodelgado3929,@josecastillo4390
UCV0lM03g5fg5pbPj97-sAtA,UCdFlugHJJa4l3YqWuNRmvXw,1,@genarodelgado3929,@MarcosCarillo-b1r
UCV0lM03g5fg5pbPj97-sAtA,UCe8JZoYkX5oKUZyivHYdXhw,1,@genarodelgado3929,@FernandoGarcia-jg1fj
UCV0lM03g5fg5pbPj97-sAtA,UCeDNEtI8_a42bZ47wJiJMwQ,1,@genarodelgado3929,@EdgarcalderonCalderong
UCV0lM03g5fg5pbPj97-sAtA,UCgJNFj5dnxXpcMvmuhZDPxA,1,@genarodelgado3929,@NataliaRodriguez-rx5mr
UCV0lM03g5fg5pbPj97-sAtA,UCgQw_Sbq3ugruDUKsq1e0-A,1,@genarodelgado3929,@marlenareano-h4t
UCV0lM03g5fg5pbPj97-sAtA,UCiC-Jn7wdgyQV4_Urk0DkWQ,1,@genarodelgado3929,@pedroros6358
UCV0lM03g5fg5pbPj97-sAtA,UCkVtmkK07b2zaVVNssX4lOg,1,@genarodelgado3929,@HectorElias-u2l
UCV0lM03g5fg5pbPj97-sAtA,UCkbsS_3D-pvg1iHOld9uvIg,1,@genarodelgado3929,@gonzalo6075
UCV0lM03g5fg5pbPj97-sAtA,UClhMWQ7XKWywYvbRnuf8QsA,1,@genarodelgado3929,@EcPerez-zz9oh
UCV0lM03g5fg5pbPj97-sAtA,UClqA491Xa5fQcXcJJa-vTWw,1,@genarodelgado3929,@AndresLemus-k2d
UCV0lM03g5fg5pbPj97-sAtA,UColMq7LmaoY3MT6aIDGrGvA,1,@genarodelgado3929,@quijotachapina1
UCV0lM03g5fg5pbPj97-sAtA,UCpe5jW3MIqkgTJ-PgkzvM6Q,1,@genarodelgado3929,@carloslam5333
UCV0lM03g5fg5pbPj97-sAtA,UCpsKOkt5iWTbenzeuq7dsmQ,1,@genarodelgado3929,@inge_vergueta
UCV0lM03g5fg5pbPj97-sAtA,UCqCrvuoJpC-aVb0f4logQRQ,1,@genarodelgado3929,@Lyrics_GT
UCV0lM03g5fg5pbPj97-sAtA,UCsGoJEvb-cFPZ2rWoJcXzEQ,1,@genarodelgado3929,@sergiohinestroza9709
UCV0lM03g5fg5pbPj97-sAtA,UCu8_3-Wg-YzNyvHYQDEscfw,1,@genarodelgado3929,@RolandoCastroPérez-d7y
UCV0lM03g5fg5pbPj97-sAtA,UCuXmOjxC-htcprLgeVXz6Tg,1,@genarodelgado3929,@jorgeaguilar-bq3uj
UCV0lM03g5fg5pbPj97-sAtA,UCwgCc9Jd_gG-uLE_SY-FfPg,1,@genarodelgado3929,@armindapenados2841
UCV0lM03g5fg5pbPj97-sAtA,UCwjUvRseNtJoItylIyIez7Q,1,@genarodelgado3929,@Silviazea
UCV0lM03g5fg5pbPj97-sAtA,UCylqlpsh8ENNM1LqgQ1KbxA,1,@genarodelgado3929,@Jel.Awesh.M
UCV3fr-YOixFKCZBbJP1-X4w,UCWaRixDdpgllTBf4V0jPnKQ,1,@albertoshernandez5251,@hectormaaz5523
UCV3fr-YOixFKCZBbJP1-X4w,UCWvntqPQx99k_Z_skWKqNSA,1,@albertoshernandez5251,@AntonioChiyal-x5s
UCV3fr-YOixFKCZBbJP1-X4w,UCZFQwqh90apuL8eFhvRBkUg,1,@albertoshernandez5251,@luisricardo9671
UCV3fr-YOixFKCZBbJP1-X4w,UCa36MjQLoPAmgJo-R3G8WQA,1,@albertoshernandez5251,@elsasalguero6914
UCV3fr-YOixFKCZBbJP1-X4w,UCaT4saRcyqCLE657Rq2hhZQ,1,@albertoshernandez5251,@elmilenial4064
UCV3fr-YOixFKCZBbJP1-X4w,UCeQk-WfEA-cJRq4EKeE7TOw,1,@albertoshernandez5251,@franciscojuarez9223
UCV3fr-YOixFKCZBbJP1-X4w,UCfo_yUPzy1f1POwwZxhZ06Q,1,@albertoshernandez5251,@lara11roberto
UCV3fr-YOixFKCZBbJP1-X4w,UCgGqw4aqMdMVSGkKiMgrJRQ,1,@albertoshernandez5251,@pattyfigueroa5609
UCV3fr-YOixFKCZBbJP1-X4w,UCheEJ5GZuIvV0fj-nXyVwXw,1,@albertoshernandez5251,@rosaoliva9389
UCV3fr-YOixFKCZBbJP1-X4w,UChyps3dqY-VY1_wLeq-2lhw,1,@albertoshernandez5251,@maydamorales4395
UCV3fr-YOixFKCZBbJP1-X4w,UCiOZX__1gahg1ypIj0_XG_w,1,@albertoshernandez5251,@mariogonzalezorellana8956
UCV3fr-YOixFKCZBbJP1-X4w,UCjZgFEowMBrsjodqfovzdKw,1,@albertoshernandez5251,@franciscoflores3120
UCV3fr-YOixFKCZBbJP1-X4w,UCoGdCoJg2Lh0OX_jv6cG16g,1,@albertoshernandez5251,@Israel-u5i7i
UCV3fr-YOixFKCZBbJP1-X4w,UCp29O_C7cchZV8IxV7Crdag,1,@albertoshernandez5251,@robertoescobar5507
UCV3fr-YOixFKCZBbJP1-X4w,UCql1n3Ey6ULMSOACjMe-fxQ,1,@albertoshernandez5251,@RolandoGonzalez-o7g
UCV3fr-YOixFKCZBbJP1-X4w,UCtCtts20bW6F9CSohau51Iw,1,@albertoshernandez5251,@carlosgranados9875
UCV3fr-YOixFKCZBbJP1-X4w,UCtsxPYw8VUsH_FfnKg-0lmw,1,@albertoshernandez5251,@AlejandroPérez-b6r
UCV3fr-YOixFKCZBbJP1-X4w,UCvDwJBBY1mHK70aTEYl6rsA,1,@albertoshernandez5251,@cristianescobedo8296
UCV3fr-YOixFKCZBbJP1-X4w,UCwxoKK59nGCeBqB2sXfDBIw,1,@albertoshernandez5251,@vic-bonivideos
UCV3fr-YOixFKCZBbJP1-X4w,UCyJhqmMbsvjpoarBBStA2kg,1,@albertoshernandez5251,@Murmullodelbarrio
UCV3fr-YOixFKCZBbJP1-X4w,UCzZ6dDCEsLMXbc5pCFXIprw,1,@albertoshernandez5251,@josegil3813
UCVC2QugcI1G4RvlCiUqd1aQ,UCZOmq6MwFDVoCaEl99BRRaw,1,@rwdm76,@daniloarevalo3170
UCVC2QugcI1G4RvlCiUqd1aQ,UC_6KbBY1bsYXz9fwFS0eQRg,1,@rwdm76,@imrcp5694
UCVC2QugcI1G4RvlCiUqd1aQ,UCbrtvygfRT6QXqWDNrOf-cA,1,@rwdm76,@Alejandro00710
UCVC2QugcI1G4RvlCiUqd1aQ,UCjJf-AJKRFFWtiN-CSwkDmA,1,@rwdm76,@2jose82
UCVC2QugcI1G4RvlCiUqd1aQ,UCnU8wO1OurAmGstDw6VGjgQ,1,@rwdm76,@cmorera21
UCVC2QugcI1G4RvlCiUqd1aQ,UCpsKOkt5iWTbenzeuq7dsmQ,1,@rwdm76,@inge_vergueta
UCVC2QugcI1G4RvlCiUqd1aQ,UCvcu1kR8xMYy_I1Ty-2mV2Q,1,@rwdm76,@hashojea7348
UCVQf0tzL7xRzFJsABVVULpg,UCbYoNG5J3Au5BqtbXogfEFw,1,@DennisseLopetegi,@Luis-gn3fj
UCVQf0tzL7xRzFJsABVVULpg,UCf5lnNZF7Qrtli9v4N_23WQ,1,@DennisseLopetegi,@CarlosCortez-v5r
UCVQf0tzL7xRzFJsABVVULpg,UCg3eIfd7BrsLEqS0BLkftHA,1,@DennisseLopetegi,@ErmePérez-q4s
UCVQf0tzL7xRzFJsABVVULpg,UCgQJgI9vu1FI2dnC9mrFthw,1,@DennisseLopetegi,@srms70
UCVQf0tzL7xRzFJsABVVULpg,UClsrFGJKWPxxw7MiaEdKLXw,1,@DennisseLopetegi,@ericapaz5406
UCVQf0tzL7xRzFJsABVVULpg,UCtNyHmRZtvGF2hSvI2dUBWw,1,@DennisseLopetegi,@aureliomaldonado4793
UCVQf0tzL7xRzFJsABVVULpg,UCuP4UK33HKtJE_S39ksmaTw,1,@DennisseLopetegi,@herbertaguilar1387
UCVQf0tzL7xRzFJsABVVULpg,UCusjriFsDHEc2AOjqk-p5ig,1,@DennisseLopetegi,@pablobarrios7931
UCVQf0tzL7xRzFJsABVVULpg,UCzZ6dDCEsLMXbc5pCFXIprw,1,@DennisseLopetegi,@josegil3813
UCVdjCrh4tQoX3haNAZv-n5A,UCZjm6U576nX8WOiLhmMR3bw,1,@aurahernandez5646,@MariaNavarroYT
UCVdjCrh4tQoX3haNAZv-n5A,UCat2qkYvqmtDNEmo2PVuhXw,1,@aurahernandez5646,@DoraSalas-j5o
UCVdjCrh4tQoX3haNAZv-n5A,UCbNanjFI51cwGqMAb2rOrBw,1,@aurahernandez5646,@RosaMontesdeOca777
UCVdjCrh4tQoX3haNAZv-n5A,UCi2KiZq63sRq8Mfbcp-MelQ,1,@aurahernandez5646,@eugeneramirez4405
UCVdjCrh4tQoX3haNAZv-n5A,UCozFYHN0e_-vlQbX3wQGOug,1,@aurahernandez5646,@jesusguzman2321
UCVdjCrh4tQoX3haNAZv-n5A,UCp_dAUfv8i3LW3zWc24dLaQ,1,@aurahernandez5646,@MarioCortez-o6v
UCVdjCrh4tQoX3haNAZv-n5A,UCrqXyRsg-_hTosURZ-uvoKg,1,@aurahernandez5646,@flornolberto2425
UCVdjCrh4tQoX3haNAZv-n5A,UCtiHFjFu7d5v2XxHnKFUYig,1,@aurahernandez5646,@Paul-gf7ec
UCVdjCrh4tQoX3haNAZv-n5A,UCxhtlxPV8AYWaNNyU6S9H8Q,1,@aurahernandez5646,@WilR-s8r
UCVhif9eV0f8plICen2DnpKA,UCZIQnb1fkwe39Iw2TAu-bGA,1,@blogarteplus,@jorgegomez2237
UCVhif9eV0f8plICen2DnpKA,UCvcu1kR8xMYy_I1Ty-2mV2Q,1,@blogarteplus,@hashojea7348
UCVhif9eV0f8plICen2DnpKA,UCyW68EGZey4ao_Vf2cR5Ztg,1,@blogarteplus,@ZabalaXabier
UCW-JC6lebVmf2P1dmY_L94g,UCW80DaMjQlEUibC98Cot-Dg,1,@dinoraoroxon5771,@rogeraldana4289
UCW-JC6lebVmf2P1dmY_L94g,UCWoAVGVqCn4xtINCMOTM4jg,1,@dinoraoroxon5771,@OmarMartinez-vv8re
UCW-JC6lebVmf2P1dmY_L94g,UCZeIIQrGAedW8tCbKWmGY-A,1,@dinoraoroxon5771,@mariocordon8873
UCW-JC6lebVmf2P1dmY_L94g,UC_LYoGs5C3mbZKZuKuqYCvw,1,@dinoraoroxon5771,@javiercifuentesarchila6041
UCW-JC6lebVmf2P1dmY_L94g,UCaKAjTW9MVub_clgr4DRYjQ,1,@dinoraoroxon5771,@josecastillo4390
UCW-JC6lebVmf2P1dmY_L94g,UCdFlugHJJa4l3YqWuNRmvXw,1,@dinoraoroxon5771,@MarcosCarillo-b1r
UCW-JC6lebVmf2P1dmY_L94g,UCe8JZoYkX5oKUZyivHYdXhw,1,@dinoraoroxon5771,@FernandoGarcia-jg1fj
UCW-JC6lebVmf2P1dmY_L94g,UCeDNEtI8_a42bZ47wJiJMwQ,1,@dinoraoroxon5771,@EdgarcalderonCalderong
UCW-JC6lebVmf2P1dmY_L94g,UCgJNFj5dnxXpcMvmuhZDPxA,1,@dinoraoroxon5771,@NataliaRodriguez-rx5mr
UCW-JC6lebVmf2P1dmY_L94g,UCgQw_Sbq3ugruDUKsq1e0-A,1,@dinoraoroxon5771,@marlenareano-h4t
UCW-JC6lebVmf2P1dmY_L94g,UCiC-Jn7wdgyQV4_Urk0DkWQ,1,@dinoraoroxon5771,@pedroros6358
UCW-JC6lebVmf2P1dmY_L94g,UCkVtmkK07b2zaVVNssX4lOg,1,@dinoraoroxon5771,@HectorElias-u2l
UCW-JC6lebVmf2P1dmY_L94g,UCkbsS_3D-pvg1iHOld9uvIg,1,@dinoraoroxon5771,@gonzalo6075
UCW-JC6lebVmf2P1dmY_L94g,UClhMWQ7XKWywYvbRnuf8QsA,1,@dinoraoroxon5771,@EcPerez-zz9oh
UCW-JC6lebVmf2P1dmY_L94g,UClqA491Xa5fQcXcJJa-vTWw,1,@dinoraoroxon5771,@AndresLemus-k2d
UCW-JC6lebVmf2P1dmY_L94g,UColMq7LmaoY3MT6aIDGrGvA,1,@dinoraoroxon5771,@quijotachapina1
UCW-JC6lebVmf2P1dmY_L94g,UCpe5jW3MIqkgTJ-PgkzvM6Q,1,@dinoraoroxon5771,@carloslam5333
UCW-JC6lebVmf2P1dmY_L94g,UCpsKOkt5iWTbenzeuq7dsmQ,1,@dinoraoroxon5771,@inge_vergueta
UCW-JC6lebVmf2P1dmY_L94g,UCqCrvuoJpC-aVb0f4logQRQ,1,@dinoraoroxon5771,@Lyrics_GT
UCW-JC6lebVmf2P1dmY_L94g,UCsGoJEvb-cFPZ2rWoJcXzEQ,1,@dinoraoroxon5771,@sergiohinestroza9709
UCW-JC6lebVmf2P1dmY_L94g,UCu8_3-Wg-YzNyvHYQDEscfw,1,@dinoraoroxon5771,@RolandoCastroPérez-d7y
UCW-JC6lebVmf2P1dmY_L94g,UCuXmOjxC-htcprLgeVXz6Tg,1,@dinoraoroxon5771,@jorgeaguilar-bq3uj
UCW-JC6lebVmf2P1dmY_L94g,UCwgCc9Jd_gG-uLE_SY-FfPg,1,@dinoraoroxon5771,@armindapenados2841
UCW-JC6lebVmf2P1dmY_L94g,UCwjUvRseNtJoItylIyIez7Q,1,@dinoraoroxon5771,@Silviazea
UCW-JC6lebVmf2P1dmY_L94g,UCylqlpsh8ENNM1LqgQ1KbxA,1,@dinoraoroxon5771,@Jel.Awesh.M
UCW80DaMjQlEUibC98Cot-Dg,UCWoAVGVqCn4xtINCMOTM4jg,1,@rogeraldana4289,@OmarMartinez-vv8re
UCW80DaMjQlEUibC98Cot-Dg,UCZeIIQrGAedW8tCbKWmGY-A,1,@rogeraldana4289,@mariocordon8873
UCW80DaMjQlEUibC98Cot-Dg,UC_LYoGs5C3mbZKZuKuqYCvw,1,@rogeraldana4289,@javiercifuentesarchila6041
UCW80DaMjQlEUibC98Cot-Dg,UCaKAjTW9MVub_clgr4DRYjQ,1,@rogeraldana4289,@josecastillo4390
UCW80DaMjQlEUibC98Cot-Dg,UCdFlugHJJa4l3YqWuNRmvXw,1,@rogeraldana4289,@MarcosCarillo-b1r
UCW80DaMjQlEUibC98Cot-Dg,UCe8JZoYkX5oKUZyivHYdXhw,1,@rogeraldana4289,@FernandoGarcia-jg1fj
UCW80DaMjQlEUibC98Cot-Dg,UCeDNEtI8_a42bZ47wJiJMwQ,1,@rogeraldana4289,@EdgarcalderonCalderong
UCW80DaMjQlEUibC98Cot-Dg,UCgJNFj5dnxXpcMvmuhZDPxA,1,@rogeraldana4289,@NataliaRodriguez-rx5mr
UCW80DaMjQlEUibC98Cot-Dg,UCgQw_Sbq3ugruDUKsq1e0-A,1,@rogeraldana4289,@marlenareano-h4t
UCW80DaMjQlEUibC98Cot-Dg,UCiC-Jn7wdgyQV4_Urk0DkWQ,1,@rogeraldana4289,@pedroros6358
UCW80DaMjQlEUibC98Cot-Dg,UCkVtmkK07b2zaVVNssX4lOg,1,@rogeraldana4289,@HectorElias-u2l
UCW80DaMjQlEUibC98Cot-Dg,UCkbsS_3D-pvg1iHOld9uvIg,1,@rogeraldana4289,@gonzalo6075
UCW80DaMjQlEUibC98Cot-Dg,UClhMWQ7XKWywYvbRnuf8QsA,1,@rogeraldana4289,@EcPerez-zz9oh
UCW80DaMjQlEUibC98Cot-Dg,UClqA491Xa5fQcXcJJa-vTWw,1,@rogeraldana4289,@AndresLemus-k2d
UCW80DaMjQlEUibC98Cot-Dg,UColMq7LmaoY3MT6aIDGrGvA,1,@rogeraldana4289,@quijotachapina1
UCW80DaMjQlEUibC98Cot-Dg,UCpe5jW3MIqkgTJ-PgkzvM6Q,1,@rogeraldana4289,@carloslam5333
UCW80DaMjQlEUibC98Cot-Dg,UCpsKOkt5iWTbenzeuq7dsmQ,1,@rogeraldana4289,@inge_vergueta
UCW80DaMjQlEUibC98Cot-Dg,UCqCrvuoJpC-aVb0f4logQRQ,1,@rogeraldana4289,@Lyrics_GT
UCW80DaMjQlEUibC98Cot-Dg,UCsGoJEvb-cFPZ2rWoJcXzEQ,1,@rogeraldana4289,@sergiohinestroza9709
UCW80DaMjQlEUibC98Cot-Dg,UCu8_3-Wg-YzNyvHYQDEscfw,1,@rogeraldana4289,@RolandoCastroPérez-d7y
UCW80DaMjQlEUibC98Cot-Dg,UCuXmOjxC-htcprLgeVXz6Tg,1,@rogeraldana4289,@jorgeaguilar-bq3uj
UCW80DaMjQlEUibC98Cot-Dg,UCwgCc9Jd_gG-uLE_SY-FfPg,1,@rogeraldana4289,@armindapenados2841
UCW80DaMjQlEUibC98Cot-Dg,UCwjUvRseNtJoItylIyIez7Q,1,@rogeraldana4289,@Silviazea
UCW80DaMjQlEUibC98Cot-Dg,UCylqlpsh8ENNM1LqgQ1KbxA,1,@rogeraldana4289,@Jel.Awesh.M
UCWIZUtKJ636y-4TYrNvok0g,UCXSkL3ejZ8qWYyF_M7s_QKA,1,@cesarandreas7824,@JacintaTzoy
UCWIZUtKJ636y-4TYrNvok0g,UCXXh7yg5KUFIWylTiKVEFKQ,1,@cesarandreas7824,@MrDuenderojo
UCWIZUtKJ636y-4TYrNvok0g,UCXgr7vXlRrsaskPdo097kGA,1,@cesarandreas7824,@Rogergh-nw4oj
UCWIZUtKJ636y-4TYrNvok0g,UCXr8_5WtGeipe4haOoQDgyQ,1,@cesarandreas7824,@amyherrera7352
UCWIZUtKJ636y-4TYrNvok0g,UCYN4wSQ1Sx4_LurxLlW7MPg,1,@cesarandreas7824,@belarminavillatoro6474
UCWIZUtKJ636y-4TYrNvok0g,UCYwpX26TrCxq8TvbKGRYLXA,1,@cesarandreas7824,@beneficioelcaminovillacana8540
UCWIZUtKJ636y-4TYrNvok0g,UCZ51R_9Q9C0c8I3pAWhtmjQ,1,@cesarandreas7824,@belvettzapeta1251
UCWIZUtKJ636y-4TYrNvok0g,UCZLG9qH0tUjNhEGFIUt0CYw,1,@cesarandreas7824,@SoniaMarroquin-y6e
UCWIZUtKJ636y-4TYrNvok0g,UCcfdg8crmMJwEuLUsAhV7yg,1,@cesarandreas7824,@RolandoRaguay
UCWIZUtKJ636y-4TYrNvok0g,UCfM3nrxtTQMY5jFx1v1J4Gg,1,@cesarandreas7824,@edgarroldan5539
UCWIZUtKJ636y-4TYrNvok0g,UCgvw7xIdGFupzpt1Y_BFkEA,1,@cesarandreas7824,@fredygarcia9151
UCWIZUtKJ636y-4TYrNvok0g,UCh5ESQvtzyHDhCA7XyekCFA,1,@cesarandreas7824,@andyB5280
UCWIZUtKJ636y-4TYrNvok0g,UChZknRmJkeGeQk0-mQuhDOg,1,@cesarandreas7824,@OdilioRodríguez-c5w
UCWIZUtKJ636y-4TYrNvok0g,UChep9kVb5gQmpodEEl10Xlg,1,@cesarandreas7824,@carlosaguilar-kz7ml
UCWIZUtKJ636y-4TYrNvok0g,UChgkn5Jt5tWKYMoEOuCjz3Q,1,@cesarandreas7824,@pablochitay46
UCWIZUtKJ636y-4TYrNvok0g,UChs3tU2BcKOT0CezykvAsGw,1,@cesarandreas7824,@byronpontaza
UCWIZUtKJ636y-4TYrNvok0g,UCi1b_TRQfgO1Z9O2gNGGWNA,1,@cesarandreas7824,@davidisraelesquitsaquil
UCWIZUtKJ636y-4TYrNvok0g,UCiGRBf2RNF0WRKhRVT7zFoA,1,@cesarandreas7824,@edwinavila4876
UCWIZUtKJ636y-4TYrNvok0g,UCiMythXHsw7eQEMykCdmMUA,1,@cesarandreas7824,@JavierBecerra-h6x
UCWIZUtKJ636y-4TYrNvok0g,UCipetjeiWj4CZB6EbyYziZg,1,@cesarandreas7824,@OseasSamayoa-ol5rz
UCWIZUtKJ636y-4TYrNvok0g,UCj-LL25XJnjxepPKCc3NGog,1,@cesarandreas7824,@anaaguirre8985
UCWIZUtKJ636y-4TYrNvok0g,UCjSKM9j0Q7HLDr1hD6D-TUw,1,@cesarandreas7824,@josehidalgo4875
UCWIZUtKJ636y-4TYrNvok0g,UCjmPuazZJzscrwvk0QR9RVw,1,@cesarandreas7824,@mynorrodas8591
UCWIZUtKJ636y-4TYrNvok0g,UCkd9W714-947dEE6ZOEBATA,1,@cesarandreas7824,@ARGELIATELON
UCWIZUtKJ636y-4TYrNvok0g,UCl0ekS9Tt0jJGtOEM18S63w,1,@cesarandreas7824,@monkchapin
UCWIZUtKJ636y-4TYrNvok0g,UCljDbleJul41G1TzOjOZAVA,1,@cesarandreas7824,@hectorcarranza3777
UCWIZUtKJ636y-4TYrNvok0g,UCmjppp6ujz3SAnULvP3sZMw,1,@cesarandreas7824,@marcomendez7509
UCWIZUtKJ636y-4TYrNvok0g,UCmvOgzmmXbjUthHy-WJ52hQ,1,@cesarandreas7824,@mariorodas593
UCWIZUtKJ636y-4TYrNvok0g,UCp4iw5_5SmV9VGTFSNVGOmQ,1,@cesarandreas7824,@CARLOSSTREMS51
UCWIZUtKJ636y-4TYrNvok0g,UCpIdtvoFHVLGASGB5ySqIEA,1,@cesarandreas7824,@VidalVillatoro-p4w
UCWIZUtKJ636y-4TYrNvok0g,UCpl8rF8uv_8uui-QRvuJaRA,1,@cesarandreas7824,@SergioGarcia-z9c
UCWIZUtKJ636y-4TYrNvok0g,UCplrIQtaPj6au60_f2-mOYw,1,@cesarandreas7824,@romeolopezherrarte799
UCWIZUtKJ636y-4TYrNvok0g,UCpsKOkt5iWTbenzeuq7dsmQ,1,@cesarandreas7824,@inge_vergueta
UCWIZUtKJ636y-4TYrNvok0g,UCr1emrogPKkKTs_WTtx71xg,1,@cesarandreas7824,@domingopeneleu6457
UCWIZUtKJ636y-4TYrNvok0g,UCrJn_rbo_ENAdeqneS-RmRw,1,@cesarandreas7824,@josecarrera9623
UCWIZUtKJ636y-4TYrNvok0g,UCsJJAvrVGupdmhOqgtDp8dg,1,@cesarandreas7824,@nestorlorenzana1168
UCWIZUtKJ636y-4TYrNvok0g,UCsSXdJct-nsS8DsABoEsaYA,1,@cesarandreas7824,@IvánPérez-j4j
UCWIZUtKJ636y-4TYrNvok0g,UCsUCN0Yq_UyTvKjOJLmNrnQ,1,@cesarandreas7824,@moisesvaldez4043
UCWIZUtKJ636y-4TYrNvok0g,UCsjs5Hp_r86x1xbK6FAeqaA,1,@cesarandreas7824,@alvaroesquivel563
UCWIZUtKJ636y-4TYrNvok0g,UCtNfIBnc5S5DbbQj_yxgJTw,1,@cesarandreas7824,@JosueRamirez-ey3ih
UCWIZUtKJ636y-4TYrNvok0g,UCtUR3_CAiE7fCoZHM6cMfyQ,1,@cesarandreas7824,@mdelcid01
UCWIZUtKJ636y-4TYrNvok0g,UCueV9cTyTDwgQSec1x2dYgA,1,@cesarandreas7824,@fredydomingo7062
UCWIZUtKJ636y-4TYrNvok0g,UCujPF2nBgsTD62nWE3lcpIg,1,@cesarandreas7824,@victorarturoruanobautista7588
UCWIZUtKJ636y-4TYrNvok0g,UCut6b9S98nv84cVX89PmKzA,1,@cesarandreas7824,@yeniferaguirre4498
UCWIZUtKJ636y-4TYrNvok0g,UCvApqeCbLod-wejtT4CcVuA,1,@cesarandreas7824,@davidgaher9550
UCWIZUtKJ636y-4TYrNvok0g,UCwO2SXr0ggzwg6QWWrr01nQ,1,@cesarandreas7824,@ricardofigueroa5720
UCWIZUtKJ636y-4TYrNvok0g,UCwW2OFy95P7ZBkOPxWkpvYg,1,@cesarandreas7824,@TeresaLucero-b5o
UCWIZUtKJ636y-4TYrNvok0g,UCwha8rxULYMVtNwZWeSkE1A,1,@cesarandreas7824,@mariasamo8637
UCWIZUtKJ636y-4TYrNvok0g,UCxff05WuyvwELNITi7bj7UA,1,@cesarandreas7824,@markoherrera
UCWIZUtKJ636y-4TYrNvok0g,UCySYJU5kUh7X8gVt9la2ISA,1,@cesarandreas7824,@dantesarti4351
UCWIZUtKJ636y-4TYrNvok0g,UCylqlpsh8ENNM1LqgQ1KbxA,1,@cesarandreas7824,@Jel.Awesh.M
UCWIZUtKJ636y-4TYrNvok0g,UCz3gu01bmjNv0DpRq-K3XYg,1,@cesarandreas7824,@eusebiovasquez4385
UCWIZUtKJ636y-4TYrNvok0g,UCzSfZlOVxBSs5ObD25ywxDQ,1,@cesarandreas7824,@GilmarMaldonado-q9m
UCWIZUtKJ636y-4TYrNvok0g,UCzoL2l5H5eVlorWGH8AZfAg,1,@cesarandreas7824,@jor77cas
UCWaRixDdpgllTBf4V0jPnKQ,UCWvntqPQx99k_Z_skWKqNSA,1,@hectormaaz5523,@AntonioChiyal-x5s
UCWaRixDdpgllTBf4V0jPnKQ,UCZFQwqh90apuL8eFhvRBkUg,1,@hectormaaz5523,@luisricardo9671
UCWaRixDdpgllTBf4V0jPnKQ,UCa36MjQLoPAmgJo-R3G8WQA,1,@hectormaaz5523,@elsasalguero6914
UCWaRixDdpgllTBf4V0jPnKQ,UCaT4saRcyqCLE657Rq2hhZQ,1,@hectormaaz5523,@elmilenial4064
UCWaRixDdpgllTBf4V0jPnKQ,UCeQk-WfEA-cJRq4EKeE7TOw,1,@hectormaaz5523,@franciscojuarez9223
UCWaRixDdpgllTBf4V0jPnKQ,UCfo_yUPzy1f1POwwZxhZ06Q,1,@hectormaaz5523,@lara11roberto
UCWaRixDdpgllTBf4V0jPnKQ,UCgGqw4aqMdMVSGkKiMgrJRQ,1,@hectormaaz5523,@pattyfigueroa5609
UCWaRixDdpgllTBf4V0jPnKQ,UCheEJ5GZuIvV0fj-nXyVwXw,1,@hectormaaz5523,@rosaoliva9389
UCWaRixDdpgllTBf4V0jPnKQ,UChyps3dqY-VY1_wLeq-2lhw,1,@hectormaaz5523,@maydamorales4395
UCWaRixDdpgllTBf4V0jPnKQ,UCiOZX__1gahg1ypIj0_XG_w,1,@hectormaaz5523,@mariogonzalezorellana8956
UCWaRixDdpgllTBf4V0jPnKQ,UCjZgFEowMBrsjodqfovzdKw,1,@hectormaaz5523,@franciscoflores3120
UCWaRixDdpgllTBf4V0jPnKQ,UCoGdCoJg2Lh0OX_jv6cG16g,1,@hectormaaz5523,@Israel-u5i7i
UCWaRixDdpgllTBf4V0jPnKQ,UCp29O_C7cchZV8IxV7Crdag,1,@hectormaaz5523,@robertoescobar5507
UCWaRixDdpgllTBf4V0jPnKQ,UCql1n3Ey6ULMSOACjMe-fxQ,1,@hectormaaz5523,@RolandoGonzalez-o7g
UCWaRixDdpgllTBf4V0jPnKQ,UCtCtts20bW6F9CSohau51Iw,1,@hectormaaz5523,@carlosgranados9875
UCWaRixDdpgllTBf4V0jPnKQ,UCtsxPYw8VUsH_FfnKg-0lmw,1,@hectormaaz5523,@AlejandroPérez-b6r
UCWaRixDdpgllTBf4V0jPnKQ,UCvDwJBBY1mHK70aTEYl6rsA,1,@hectormaaz5523,@cristianescobedo8296
UCWaRixDdpgllTBf4V0jPnKQ,UCwxoKK59nGCeBqB2sXfDBIw,1,@hectormaaz5523,@vic-bonivideos
UCWaRixDdpgllTBf4V0jPnKQ,UCyJhqmMbsvjpoarBBStA2kg,1,@hectormaaz5523,@Murmullodelbarrio
UCWaRixDdpgllTBf4V0jPnKQ,UCzZ6dDCEsLMXbc5pCFXIprw,1,@hectormaaz5523,@josegil3813
UCWoAVGVqCn4xtINCMOTM4jg,UCZeIIQrGAedW8tCbKWmGY-A,1,@OmarMartinez-vv8re,@mariocordon8873
UCWoAVGVqCn4xtINCMOTM4jg,UC_LYoGs5C3mbZKZuKuqYCvw,1,@OmarMartinez-vv8re,@javiercifuentesarchila6041
UCWoAVGVqCn4xtINCMOTM4jg,UCaKAjTW9MVub_clgr4DRYjQ,1,@OmarMartinez-vv8re,@josecastillo4390
UCWoAVGVqCn4xtINCMOTM4jg,UCdFlugHJJa4l3YqWuNRmvXw,1,@OmarMartinez-vv8re,@MarcosCarillo-b1r
UCWoAVGVqCn4xtINCMOTM4jg,UCe8JZoYkX5oKUZyivHYdXhw,1,@OmarMartinez-vv8re,@FernandoGarcia-jg1fj
UCWoAVGVqCn4xtINCMOTM4jg,UCeDNEtI8_a42bZ47wJiJMwQ,1,@OmarMartinez-vv8re,@EdgarcalderonCalderong
UCWoAVGVqCn4xtINCMOTM4jg,UCgJNFj5dnxXpcMvmuhZDPxA,1,@OmarMartinez-vv8re,@NataliaRodriguez-rx5mr
UCWoAVGVqCn4xtINCMOTM4jg,UCgQw_Sbq3ugruDUKsq1e0-A,1,@OmarMartinez-vv8re,@marlenareano-h4t
UCWoAVGVqCn4xtINCMOTM4jg,UCiC-Jn7wdgyQV4_Urk0DkWQ,1,@OmarMartinez-vv8re,@pedroros6358
UCWoAVGVqCn4xtINCMOTM4jg,UCkVtmkK07b2zaVVNssX4lOg,1,@OmarMartinez-vv8re,@HectorElias-u2l
UCWoAVGVqCn4xtINCMOTM4jg,UCkbsS_3D-pvg1iHOld9uvIg,1,@OmarMartinez-vv8re,@gonzalo6075
UCWoAVGVqCn4xtINCMOTM4jg,UClhMWQ7XKWywYvbRnuf8QsA,1,@OmarMartinez-vv8re,@EcPerez-zz9oh
UCWoAVGVqCn4xtINCMOTM4jg,UClqA491Xa5fQcXcJJa-vTWw,1,@OmarMartinez-vv8re,@AndresLemus-k2d
UCWoAVGVqCn4xtINCMOTM4jg,UColMq7LmaoY3MT6aIDGrGvA,1,@OmarMartinez-vv8re,@quijotachapina1
UCWoAVGVqCn4xtINCMOTM4jg,UCpe5jW3MIqkgTJ-PgkzvM6Q,1,@OmarMartinez-vv8re,@carloslam5333
UCWoAVGVqCn4xtINCMOTM4jg,UCpsKOkt5iWTbenzeuq7dsmQ,1,@OmarMartinez-vv8re,@inge_vergueta
UCWoAVGVqCn4xtINCMOTM4jg,UCqCrvuoJpC-aVb0f4logQRQ,1,@OmarMartinez-vv8re,@Lyrics_GT
UCWoAVGVqCn4xtINCMOTM4jg,UCsGoJEvb-cFPZ2rWoJcXzEQ,1,@OmarMartinez-vv8re,@sergiohinestroza9709
UCWoAVGVqCn4xtINCMOTM4jg,UCu8_3-Wg-YzNyvHYQDEscfw,1,@OmarMartinez-vv8re,@RolandoCastroPérez-d7y
UCWoAVGVqCn4xtINCMOTM4jg,UCuXmOjxC-htcprLgeVXz6Tg,1,@OmarMartinez-vv8re,@jorgeaguilar-bq3uj
UCWoAVGVqCn4xtINCMOTM4jg,UCwgCc9Jd_gG-uLE_SY-FfPg,1,@OmarMartinez-vv8re,@armindapenados2841
UCWoAVGVqCn4xtINCMOTM4jg,UCwjUvRseNtJoItylIyIez7Q,1,@OmarMartinez-vv8re,@Silviazea
UCWoAVGVqCn4xtINCMOTM4jg,UCylqlpsh8ENNM1LqgQ1KbxA,1,@OmarMartinez-vv8re,@Jel.Awesh.M
UCWvntqPQx99k_Z_skWKqNSA,UCZFQwqh90apuL8eFhvRBkUg,1,@AntonioChiyal-x5s,@luisricardo9671
UCWvntqPQx99k_Z_skWKqNSA,UCa36MjQLoPAmgJo-R3G8WQA,1,@AntonioChiyal-x5s,@elsasalguero6914
UCWvntqPQx99k_Z_skWKqNSA,UCaT4saRcyqCLE657Rq2hhZQ,1,@AntonioChiyal-x5s,@elmilenial4064
UCWvntqPQx99k_Z_skWKqNSA,UCeQk-WfEA-cJRq4EKeE7TOw,1,@AntonioChiyal-x5s,@franciscojuarez9223
UCWvntqPQx99k_Z_skWKqNSA,UCfo_yUPzy1f1POwwZxhZ06Q,1,@AntonioChiyal-x5s,@lara11roberto
UCWvntqPQx99k_Z_skWKqNSA,UCgGqw4aqMdMVSGkKiMgrJRQ,1,@AntonioChiyal-x5s,@pattyfigueroa5609
UCWvntqPQx99k_Z_skWKqNSA,UCheEJ5GZuIvV0fj-nXyVwXw,1,@AntonioChiyal-x5s,@rosaoliva9389
UCWvntqPQx99k_Z_skWKqNSA,UChyps3dqY-VY1_wLeq-2lhw,1,@AntonioChiyal-x5s,@maydamorales4395
UCWvntqPQx99k_Z_skWKqNSA,UCiOZX__1gahg1ypIj0_XG_w,1,@AntonioChiyal-x5s,@mariogonzalezorellana8956
UCWvntqPQx99k_Z_skWKqNSA,UCjZgFEowMBrsjodqfovzdKw,1,@AntonioChiyal-x5s,@franciscoflores3120
UCWvntqPQx99k_Z_skWKqNSA,UCoGdCoJg2Lh0OX_jv6cG16g,1,@AntonioChiyal-x5s,@Israel-u5i7i
UCWvntqPQx99k_Z_skWKqNSA,UCp29O_C7cchZV8IxV7Crdag,1,@AntonioChiyal-x5s,@robertoescobar5507
UCWvntqPQx99k_Z_skWKqNSA,UCql1n3Ey6ULMSOACjMe-fxQ,1,@AntonioChiyal-x5s,@RolandoGonzalez-o7g
UCWvntqPQx99k_Z_skWKqNSA,UCtCtts20bW6F9CSohau51Iw,1,@AntonioChiyal-x5s,@carlosgranados9875
UCWvntqPQx99k_Z_skWKqNSA,UCtsxPYw8VUsH_FfnKg-0lmw,1,@AntonioChiyal-x5s,@AlejandroPérez-b6r
UCWvntqPQx99k_Z_skWKqNSA,UCvDwJBBY1mHK70aTEYl6rsA,1,@AntonioChiyal-x5s,@cristianescobedo8296
UCWvntqPQx99k_Z_skWKqNSA,UCwxoKK59nGCeBqB2sXfDBIw,1,@AntonioChiyal-x5s,@vic-bonivideos
UCWvntqPQx99k_Z_skWKqNSA,UCyJhqmMbsvjpoarBBStA2kg,1,@AntonioChiyal-x5s,@Murmullodelbarrio
UCWvntqPQx99k_Z_skWKqNSA,UCzZ6dDCEsLMXbc5pCFXIprw,1,@AntonioChiyal-x5s,@josegil3813
UCXN2s7DwTJm33xO-pNkAdaA,UC_3xuTXvMIWU5MYP9HkJ3vQ,1,@edithsan7688,@Historia-wm4os
UCXN2s7DwTJm33xO-pNkAdaA,UCfXykdbSU97rj987LDUGfvg,1,@edithsan7688,@MariaSantos-c8y3h
UCXN2s7DwTJm33xO-pNkAdaA,UCfjhejO7LZy4doXURa7LZCQ,1,@edithsan7688,@HonwayLee-z5g
UCXN2s7DwTJm33xO-pNkAdaA,UCjZgFEowMBrsjodqfovzdKw,1,@edithsan7688,@franciscoflores3120
UCXN2s7DwTJm33xO-pNkAdaA,UCq3mDTTRZnUybct5M9OSXbg,1,@edithsan7688,@MacoMorales-i2i2d
UCXN2s7DwTJm33xO-pNkAdaA,UCvl1tzQeBeGy6efPTRJXSCw,1,@edithsan7688,@RaulPerez-cw2vi
UCXN2s7DwTJm33xO-pNkAdaA,UCwCfs-2zbD5k0lG-UVg_JBw,1,@edithsan7688,@JessicaHuaz-96
UCXO1BBohNWXkK9SBDAG2ySg,UCXVLc8CmAO813ubM-fLvCDw,1,@JBFlute92,@herminiasaquimux7565
UCXO1BBohNWXkK9SBDAG2ySg,UCXl30Y_upRqbti52fmjK4YA,1,@JBFlute92,@capitanfrans
UCXO1BBohNWXkK9SBDAG2ySg,UCbrtvygfRT6QXqWDNrOf-cA,1,@JBFlute92,@Alejandro00710
UCXO1BBohNWXkK9SBDAG2ySg,UCcFIBN-rtC3d3hXeuN5TfWw,1,@JBFlute92,@DenisRMC
UCXO1BBohNWXkK9SBDAG2ySg,UCc_F88PzGWtA1OPNUEASulA,1,@JBFlute92,@rockyscarlet
UCXO1BBohNWXkK9SBDAG2ySg,UCdQAuWwyC99MB7Y02Umj26Q,1,@JBFlute92,@miguelbran1268
UCXO1BBohNWXkK9SBDAG2ySg,UCefAH1MbvADWUjE9WVcB9EQ,1,@JBFlute92,@jabriz8152
UCXO1BBohNWXkK9SBDAG2ySg,UChT7pzGytNd92Nmvi-zuWog,1,@JBFlute92,@sparkvalkov
UCXO1BBohNWXkK9SBDAG2ySg,UCkxdJ_yGN2gghOMo2ybQtXQ,1,@JBFlute92,@11223344An
UCXO1BBohNWXkK9SBDAG2ySg,UCvcu1kR8xMYy_I1Ty-2mV2Q,1,@JBFlute92,@hashojea7348
UCXO1BBohNWXkK9SBDAG2ySg,UCwEe1RKlEv1UpNWmWYfSh4w,1,@JBFlute92,@marioramirez299
UCXO1BBohNWXkK9SBDAG2ySg,UCxcoDvP-g2_KTZDmVZtvb3w,1,@JBFlute92,@angelmartinez9523
UCXSkL3ejZ8qWYyF_M7s_QKA,UCXXh7yg5KUFIWylTiKVEFKQ,1,@JacintaTzoy,@MrDuenderojo
UCXSkL3ejZ8qWYyF_M7s_QKA,UCXgr7vXlRrsaskPdo097kGA,1,@JacintaTzoy,@Rogergh-nw4oj
UCXSkL3ejZ8qWYyF_M7s_QKA,UCXr8_5WtGeipe4haOoQDgyQ,1,@JacintaTzoy,@amyherrera7352
UCXSkL3ejZ8qWYyF_M7s_QKA,UCYN4wSQ1Sx4_LurxLlW7MPg,1,@JacintaTzoy,@belarminavillatoro6474
UCXSkL3ejZ8qWYyF_M7s_QKA,UCYwpX26TrCxq8TvbKGRYLXA,1,@JacintaTzoy,@beneficioelcaminovillacana8540
UCXSkL3ejZ8qWYyF_M7s_QKA,UCZ51R_9Q9C0c8I3pAWhtmjQ,1,@JacintaTzoy,@belvettzapeta1251
UCXSkL3ejZ8qWYyF_M7s_QKA,UCZLG9qH0tUjNhEGFIUt0CYw,1,@JacintaTzoy,@SoniaMarroquin-y6e
UCXSkL3ejZ8qWYyF_M7s_QKA,UCcfdg8crmMJwEuLUsAhV7yg,1,@JacintaTzoy,@RolandoRaguay
UCXSkL3ejZ8qWYyF_M7s_QKA,UCfM3nrxtTQMY5jFx1v1J4Gg,1,@JacintaTzoy,@edgarroldan5539
UCXSkL3ejZ8qWYyF_M7s_QKA,UCgvw7xIdGFupzpt1Y_BFkEA,1,@JacintaTzoy,@fredygarcia9151
UCXSkL3ejZ8qWYyF_M7s_QKA,UCh5ESQvtzyHDhCA7XyekCFA,1,@JacintaTzoy,@andyB5280
UCXSkL3ejZ8qWYyF_M7s_QKA,UChZknRmJkeGeQk0-mQuhDOg,1,@JacintaTzoy,@OdilioRodríguez-c5w
UCXSkL3ejZ8qWYyF_M7s_QKA,UChep9kVb5gQmpodEEl10Xlg,1,@JacintaTzoy,@carlosaguilar-kz7ml
UCXSkL3ejZ8qWYyF_M7s_QKA,UChgkn5Jt5tWKYMoEOuCjz3Q,1,@JacintaTzoy,@pablochitay46
UCXSkL3ejZ8qWYyF_M7s_QKA,UChs3tU2BcKOT0CezykvAsGw,1,@JacintaTzoy,@byronpontaza
UCXSkL3ejZ8qWYyF_M7s_QKA,UCi1b_TRQfgO1Z9O2gNGGWNA,1,@JacintaTzoy,@davidisraelesquitsaquil
UCXSkL3ejZ8qWYyF_M7s_QKA,UCiGRBf2RNF0WRKhRVT7zFoA,1,@JacintaTzoy,@edwinavila4876
UCXSkL3ejZ8qWYyF_M7s_QKA,UCiMythXHsw7eQEMykCdmMUA,1,@JacintaTzoy,@JavierBecerra-h6x
UCXSkL3ejZ8qWYyF_M7s_QKA,UCipetjeiWj4CZB6EbyYziZg,1,@JacintaTzoy,@OseasSamayoa-ol5rz
UCXSkL3ejZ8qWYyF_M7s_QKA,UCj-LL25XJnjxepPKCc3NGog,1,@JacintaTzoy,@anaaguirre8985
UCXSkL3ejZ8qWYyF_M7s_QKA,UCjSKM9j0Q7HLDr1hD6D-TUw,1,@JacintaTzoy,@josehidalgo4875
UCXSkL3ejZ8qWYyF_M7s_QKA,UCjmPuazZJzscrwvk0QR9RVw,1,@JacintaTzoy,@mynorrodas8591
UCXSkL3ejZ8qWYyF_M7s_QKA,UCkd9W714-947dEE6ZOEBATA,1,@JacintaTzoy,@ARGELIATELON
UCXSkL3ejZ8qWYyF_M7s_QKA,UCl0ekS9Tt0jJGtOEM18S63w,1,@JacintaTzoy,@monkchapin
UCXSkL3ejZ8qWYyF_M7s_QKA,UCljDbleJul41G1TzOjOZAVA,1,@JacintaTzoy,@hectorcarranza3777
UCXSkL3ejZ8qWYyF_M7s_QKA,UCmjppp6ujz3SAnULvP3sZMw,1,@JacintaTzoy,@marcomendez7509
UCXSkL3ejZ8qWYyF_M7s_QKA,UCmvOgzmmXbjUthHy-WJ52hQ,1,@JacintaTzoy,@mariorodas593
UCXSkL3ejZ8qWYyF_M7s_QKA,UCp4iw5_5SmV9VGTFSNVGOmQ,1,@JacintaTzoy,@CARLOSSTREMS51
UCXSkL3ejZ8qWYyF_M7s_QKA,UCpIdtvoFHVLGASGB5ySqIEA,1,@JacintaTzoy,@VidalVillatoro-p4w
UCXSkL3ejZ8qWYyF_M7s_QKA,UCpl8rF8uv_8uui-QRvuJaRA,1,@JacintaTzoy,@SergioGarcia-z9c
UCXSkL3ejZ8qWYyF_M7s_QKA,UCplrIQtaPj6au60_f2-mOYw,1,@JacintaTzoy,@romeolopezherrarte799
UCXSkL3ejZ8qWYyF_M7s_QKA,UCpsKOkt5iWTbenzeuq7dsmQ,1,@JacintaTzoy,@inge_vergueta
UCXSkL3ejZ8qWYyF_M7s_QKA,UCr1emrogPKkKTs_WTtx71xg,1,@JacintaTzoy,@domingopeneleu6457
UCXSkL3ejZ8qWYyF_M7s_QKA,UCrJn_rbo_ENAdeqneS-RmRw,1,@JacintaTzoy,@josecarrera9623
UCXSkL3ejZ8qWYyF_M7s_QKA,UCsJJAvrVGupdmhOqgtDp8dg,1,@JacintaTzoy,@nestorlorenzana1168
UCXSkL3ejZ8qWYyF_M7s_QKA,UCsSXdJct-nsS8DsABoEsaYA,1,@JacintaTzoy,@IvánPérez-j4j
UCXSkL3ejZ8qWYyF_M7s_QKA,UCsUCN0Yq_UyTvKjOJLmNrnQ,1,@JacintaTzoy,@moisesvaldez4043
UCXSkL3ejZ8qWYyF_M7s_QKA,UCsjs5Hp_r86x1xbK6FAeqaA,1,@JacintaTzoy,@alvaroesquivel563
UCXSkL3ejZ8qWYyF_M7s_QKA,UCtNfIBnc5S5DbbQj_yxgJTw,1,@JacintaTzoy,@JosueRamirez-ey3ih
UCXSkL3ejZ8qWYyF_M7s_QKA,UCtUR3_CAiE7fCoZHM6cMfyQ,1,@JacintaTzoy,@mdelcid01
UCXSkL3ejZ8qWYyF_M7s_QKA,UCueV9cTyTDwgQSec1x2dYgA,1,@JacintaTzoy,@fredydomingo7062
UCXSkL3ejZ8qWYyF_M7s_QKA,UCujPF2nBgsTD62nWE3lcpIg,1,@JacintaTzoy,@victorarturoruanobautista7588
UCXSkL3ejZ8qWYyF_M7s_QKA,UCut6b9S98nv84cVX89PmKzA,1,@JacintaTzoy,@yeniferaguirre4498
UCXSkL3ejZ8qWYyF_M7s_QKA,UCvApqeCbLod-wejtT4CcVuA,1,@JacintaTzoy,@davidgaher9550
UCXSkL3ejZ8qWYyF_M7s_QKA,UCwO2SXr0ggzwg6QWWrr01nQ,1,@JacintaTzoy,@ricardofigueroa5720
UCXSkL3ejZ8qWYyF_M7s_QKA,UCwW2OFy95P7ZBkOPxWkpvYg,1,@JacintaTzoy,@TeresaLucero-b5o
UCXSkL3ejZ8qWYyF_M7s_QKA,UCwha8rxULYMVtNwZWeSkE1A,1,@JacintaTzoy,@mariasamo8637
UCXSkL3ejZ8qWYyF_M7s_QKA,UCxff05WuyvwELNITi7bj7UA,1,@JacintaTzoy,@markoherrera
UCXSkL3ejZ8qWYyF_M7s_QKA,UCySYJU5kUh7X8gVt9la2ISA,1,@JacintaTzoy,@dantesarti4351
UCXSkL3ejZ8qWYyF_M7s_QKA,UCylqlpsh8ENNM1LqgQ1KbxA,1,@JacintaTzoy,@Jel.Awesh.M
UCXSkL3ejZ8qWYyF_M7s_QKA,UCz3gu01bmjNv0DpRq-K3XYg,1,@JacintaTzoy,@eusebiovasquez4385
UCXSkL3ejZ8qWYyF_M7s_QKA,UCzSfZlOVxBSs5ObD25ywxDQ,1,@JacintaTzoy,@GilmarMaldonado-q9m
UCXSkL3ejZ8qWYyF_M7s_QKA,UCzoL2l5H5eVlorWGH8AZfAg,1,@JacintaTzoy,@jor77cas
UCXVLc8CmAO813ubM-fLvCDw,UCXl30Y_upRqbti52fmjK4YA,1,@herminiasaquimux7565,@capitanfrans
UCXVLc8CmAO813ubM-fLvCDw,UCbrtvygfRT6QXqWDNrOf-cA,1,@herminiasaquimux7565,@Alejandro00710
UCXVLc8CmAO813ubM-fLvCDw,UCcFIBN-rtC3d3hXeuN5TfWw,1,@herminiasaquimux7565,@DenisRMC
UCXVLc8CmAO813ubM-fLvCDw,UCc_F88PzGWtA1OPNUEASulA,1,@herminiasaquimux7565,@rockyscarlet
UCXVLc8CmAO813ubM-fLvCDw,UCdQAuWwyC99MB7Y02Umj26Q,1,@herminiasaquimux7565,@miguelbran1268
UCXVLc8CmAO813ubM-fLvCDw,UCefAH1MbvADWUjE9WVcB9EQ,1,@herminiasaquimux7565,@jabriz8152
UCXVLc8CmAO813ubM-fLvCDw,UChT7pzGytNd92Nmvi-zuWog,1,@herminiasaquimux7565,@sparkvalkov
UCXVLc8CmAO813ubM-fLvCDw,UCkxdJ_yGN2gghOMo2ybQtXQ,1,@herminiasaquimux7565,@11223344An
UCXVLc8CmAO813ubM-fLvCDw,UCvcu1kR8xMYy_I1Ty-2mV2Q,1,@herminiasaquimux7565,@hashojea7348
UCXVLc8CmAO813ubM-fLvCDw,UCwEe1RKlEv1UpNWmWYfSh4w,1,@herminiasaquimux7565,@marioramirez299
UCXVLc8CmAO813ubM-fLvCDw,UCxcoDvP-g2_KTZDmVZtvb3w,1,@herminiasaquimux7565,@angelmartinez9523
UCXXh7yg5KUFIWylTiKVEFKQ,UCXgr7vXlRrsaskPdo097kGA,1,@MrDuenderojo,@Rogergh-nw4oj
UCXXh7yg5KUFIWylTiKVEFKQ,UCXr8_5WtGeipe4haOoQDgyQ,1,@MrDuenderojo,@amyherrera7352
UCXXh7yg5KUFIWylTiKVEFKQ,UCYN4wSQ1Sx4_LurxLlW7MPg,1,@MrDuenderojo,@belarminavillatoro6474
UCXXh7yg5KUFIWylTiKVEFKQ,UCYwpX26TrCxq8TvbKGRYLXA,1,@MrDuenderojo,@beneficioelcaminovillacana8540
UCXXh7yg5KUFIWylTiKVEFKQ,UCZ51R_9Q9C0c8I3pAWhtmjQ,1,@MrDuenderojo,@belvettzapeta1251
UCXXh7yg5KUFIWylTiKVEFKQ,UCZLG9qH0tUjNhEGFIUt0CYw,1,@MrDuenderojo,@SoniaMarroquin-y6e
UCXXh7yg5KUFIWylTiKVEFKQ,UCcfdg8crmMJwEuLUsAhV7yg,1,@MrDuenderojo,@RolandoRaguay
UCXXh7yg5KUFIWylTiKVEFKQ,UCfM3nrxtTQMY5jFx1v1J4Gg,1,@MrDuenderojo,@edgarroldan5539
UCXXh7yg5KUFIWylTiKVEFKQ,UCgvw7xIdGFupzpt1Y_BFkEA,1,@MrDuenderojo,@fredygarcia9151
UCXXh7yg5KUFIWylTiKVEFKQ,UCh5ESQvtzyHDhCA7XyekCFA,1,@MrDuenderojo,@andyB5280
UCXXh7yg5KUFIWylTiKVEFKQ,UChZknRmJkeGeQk0-mQuhDOg,1,@MrDuenderojo,@OdilioRodríguez-c5w
UCXXh7yg5KUFIWylTiKVEFKQ,UChep9kVb5gQmpodEEl10Xlg,1,@MrDuenderojo,@carlosaguilar-kz7ml
UCXXh7yg5KUFIWylTiKVEFKQ,UChgkn5Jt5tWKYMoEOuCjz3Q,1,@MrDuenderojo,@pablochitay46
UCXXh7yg5KUFIWylTiKVEFKQ,UChs3tU2BcKOT0CezykvAsGw,1,@MrDuenderojo,@byronpontaza
UCXXh7yg5KUFIWylTiKVEFKQ,UCi1b_TRQfgO1Z9O2gNGGWNA,1,@MrDuenderojo,@davidisraelesquitsaquil
UCXXh7yg5KUFIWylTiKVEFKQ,UCiGRBf2RNF0WRKhRVT7zFoA,1,@MrDuenderojo,@edwinavila4876
UCXXh7yg5KUFIWylTiKVEFKQ,UCiMythXHsw7eQEMykCdmMUA,1,@MrDuenderojo,@JavierBecerra-h6x
UCXXh7yg5KUFIWylTiKVEFKQ,UCipetjeiWj4CZB6EbyYziZg,1,@MrDuenderojo,@OseasSamayoa-ol5rz
UCXXh7yg5KUFIWylTiKVEFKQ,UCj-LL25XJnjxepPKCc3NGog,1,@MrDuenderojo,@anaaguirre8985
UCXXh7yg5KUFIWylTiKVEFKQ,UCjSKM9j0Q7HLDr1hD6D-TUw,1,@MrDuenderojo,@josehidalgo4875
UCXXh7yg5KUFIWylTiKVEFKQ,UCjmPuazZJzscrwvk0QR9RVw,1,@MrDuenderojo,@mynorrodas8591
UCXXh7yg5KUFIWylTiKVEFKQ,UCkd9W714-947dEE6ZOEBATA,1,@MrDuenderojo,@ARGELIATELON
UCXXh7yg5KUFIWylTiKVEFKQ,UCl0ekS9Tt0jJGtOEM18S63w,1,@MrDuenderojo,@monkchapin
UCXXh7yg5KUFIWylTiKVEFKQ,UCljDbleJul41G1TzOjOZAVA,1,@MrDuenderojo,@hectorcarranza3777
UCXXh7yg5KUFIWylTiKVEFKQ,UCmjppp6ujz3SAnULvP3sZMw,1,@MrDuenderojo,@marcomendez7509
UCXXh7yg5KUFIWylTiKVEFKQ,UCmvOgzmmXbjUthHy-WJ52hQ,1,@MrDuenderojo,@mariorodas593
UCXXh7yg5KUFIWylTiKVEFKQ,UCp4iw5_5SmV9VGTFSNVGOmQ,1,@MrDuenderojo,@CARLOSSTREMS51
UCXXh7yg5KUFIWylTiKVEFKQ,UCpIdtvoFHVLGASGB5ySqIEA,1,@MrDuenderojo,@VidalVillatoro-p4w
UCXXh7yg5KUFIWylTiKVEFKQ,UCpl8rF8uv_8uui-QRvuJaRA,1,@MrDuenderojo,@SergioGarcia-z9c
UCXXh7yg5KUFIWylTiKVEFKQ,UCplrIQtaPj6au60_f2-mOYw,1,@MrDuenderojo,@romeolopezherrarte799
UCXXh7yg5KUFIWylTiKVEFKQ,UCpsKOkt5iWTbenzeuq7dsmQ,1,@MrDuenderojo,@inge_vergueta
UCXXh7yg5KUFIWylTiKVEFKQ,UCr1emrogPKkKTs_WTtx71xg,1,@MrDuenderojo,@domingopeneleu6457
UCXXh7yg5KUFIWylTiKVEFKQ,UCrJn_rbo_ENAdeqneS-RmRw,1,@MrDuenderojo,@josecarrera9623
UCXXh7yg5KUFIWylTiKVEFKQ,UCsJJAvrVGupdmhOqgtDp8dg,1,@MrDuenderojo,@nestorlorenzana1168
UCXXh7yg5KUFIWylTiKVEFKQ,UCsSXdJct-nsS8DsABoEsaYA,1,@MrDuenderojo,@IvánPérez-j4j
UCXXh7yg5KUFIWylTiKVEFKQ,UCsUCN0Yq_UyTvKjOJLmNrnQ,1,@MrDuenderojo,@moisesvaldez4043
UCXXh7yg5KUFIWylTiKVEFKQ,UCsjs5Hp_r86x1xbK6FAeqaA,1,@MrDuenderojo,@alvaroesquivel563
UCXXh7yg5KUFIWylTiKVEFKQ,UCtNfIBnc5S5DbbQj_yxgJTw,1,@MrDuenderojo,@JosueRamirez-ey3ih
UCXXh7yg5KUFIWylTiKVEFKQ,UCtUR3_CAiE7fCoZHM6cMfyQ,1,@MrDuenderojo,@mdelcid01
UCXXh7yg5KUFIWylTiKVEFKQ,UCueV9cTyTDwgQSec1x2dYgA,1,@MrDuenderojo,@fredydomingo7062
UCXXh7yg5KUFIWylTiKVEFKQ,UCujPF2nBgsTD62nWE3lcpIg,1,@MrDuenderojo,@victorarturoruanobautista7588
UCXXh7yg5KUFIWylTiKVEFKQ,UCut6b9S98nv84cVX89PmKzA,1,@MrDuenderojo,@yeniferaguirre4498
UCXXh7yg5KUFIWylTiKVEFKQ,UCvApqeCbLod-wejtT4CcVuA,1,@MrDuenderojo,@davidgaher9550
UCXXh7yg5KUFIWylTiKVEFKQ,UCwO2SXr0ggzwg6QWWrr01nQ,1,@MrDuenderojo,@ricardofigueroa5720
UCXXh7yg5KUFIWylTiKVEFKQ,UCwW2OFy95P7ZBkOPxWkpvYg,1,@MrDuenderojo,@TeresaLucero-b5o
UCXXh7yg5KUFIWylTiKVEFKQ,UCwha8rxULYMVtNwZWeSkE1A,1,@MrDuenderojo,@mariasamo8637
UCXXh7yg5KUFIWylTiKVEFKQ,UCxff05WuyvwELNITi7bj7UA,1,@MrDuenderojo,@markoherrera
UCXXh7yg5KUFIWylTiKVEFKQ,UCySYJU5kUh7X8gVt9la2ISA,1,@MrDuenderojo,@dantesarti4351
UCXXh7yg5KUFIWylTiKVEFKQ,UCylqlpsh8ENNM1LqgQ1KbxA,1,@MrDuenderojo,@Jel.Awesh.M
UCXXh7yg5KUFIWylTiKVEFKQ,UCz3gu01bmjNv0DpRq-K3XYg,1,@MrDuenderojo,@eusebiovasquez4385
UCXXh7yg5KUFIWylTiKVEFKQ,UCzSfZlOVxBSs5ObD25ywxDQ,1,@MrDuenderojo,@GilmarMaldonado-q9m
UCXXh7yg5KUFIWylTiKVEFKQ,UCzoL2l5H5eVlorWGH8AZfAg,1,@MrDuenderojo,@jor77cas
UCXgr7vXlRrsaskPdo097kGA,UCXr8_5WtGeipe4haOoQDgyQ,1,@Rogergh-nw4oj,@amyherrera7352
UCXgr7vXlRrsaskPdo097kGA,UCYN4wSQ1Sx4_LurxLlW7MPg,1,@Rogergh-nw4oj,@belarminavillatoro6474
UCXgr7vXlRrsaskPdo097kGA,UCYwpX26TrCxq8TvbKGRYLXA,1,@Rogergh-nw4oj,@beneficioelcaminovillacana8540
UCXgr7vXlRrsaskPdo097kGA,UCZ51R_9Q9C0c8I3pAWhtmjQ,1,@Rogergh-nw4oj,@belvettzapeta1251
UCXgr7vXlRrsaskPdo097kGA,UCZLG9qH0tUjNhEGFIUt0CYw,1,@Rogergh-nw4oj,@SoniaMarroquin-y6e
UCXgr7vXlRrsaskPdo097kGA,UCcfdg8crmMJwEuLUsAhV7yg,1,@Rogergh-nw4oj,@RolandoRaguay
UCXgr7vXlRrsaskPdo097kGA,UCfM3nrxtTQMY5jFx1v1J4Gg,1,@Rogergh-nw4oj,@edgarroldan5539
UCXgr7vXlRrsaskPdo097kGA,UCgvw7xIdGFupzpt1Y_BFkEA,1,@Rogergh-nw4oj,@fredygarcia9151
UCXgr7vXlRrsaskPdo097kGA,UCh5ESQvtzyHDhCA7XyekCFA,1,@Rogergh-nw4oj,@andyB5280
UCXgr7vXlRrsaskPdo097kGA,UChZknRmJkeGeQk0-mQuhDOg,1,@Rogergh-nw4oj,@OdilioRodríguez-c5w
UCXgr7vXlRrsaskPdo097kGA,UChep9kVb5gQmpodEEl10Xlg,1,@Rogergh-nw4oj,@carlosaguilar-kz7ml
UCXgr7vXlRrsaskPdo097kGA,UChgkn5Jt5tWKYMoEOuCjz3Q,1,@Rogergh-nw4oj,@pablochitay46
UCXgr7vXlRrsaskPdo097kGA,UChs3tU2BcKOT0CezykvAsGw,1,@Rogergh-nw4oj,@byronpontaza
UCXgr7vXlRrsaskPdo097kGA,UCi1b_TRQfgO1Z9O2gNGGWNA,1,@Rogergh-nw4oj,@davidisraelesquitsaquil
UCXgr7vXlRrsaskPdo097kGA,UCiGRBf2RNF0WRKhRVT7zFoA,1,@Rogergh-nw4oj,@edwinavila4876
UCXgr7vXlRrsaskPdo097kGA,UCiMythXHsw7eQEMykCdmMUA,1,@Rogergh-nw4oj,@JavierBecerra-h6x
UCXgr7vXlRrsaskPdo097kGA,UCipetjeiWj4CZB6EbyYziZg,1,@Rogergh-nw4oj,@OseasSamayoa-ol5rz
UCXgr7vXlRrsaskPdo097kGA,UCj-LL25XJnjxepPKCc3NGog,1,@Rogergh-nw4oj,@anaaguirre8985
UCXgr7vXlRrsaskPdo097kGA,UCjSKM9j0Q7HLDr1hD6D-TUw,1,@Rogergh-nw4oj,@josehidalgo4875
UCXgr7vXlRrsaskPdo097kGA,UCjmPuazZJzscrwvk0QR9RVw,1,@Rogergh-nw4oj,@mynorrodas8591
UCXgr7vXlRrsaskPdo097kGA,UCkd9W714-947dEE6ZOEBATA,1,@Rogergh-nw4oj,@ARGELIATELON
UCXgr7vXlRrsaskPdo097kGA,UCl0ekS9Tt0jJGtOEM18S63w,1,@Rogergh-nw4oj,@monkchapin
UCXgr7vXlRrsaskPdo097kGA,UCljDbleJul41G1TzOjOZAVA,1,@Rogergh-nw4oj,@hectorcarranza3777
UCXgr7vXlRrsaskPdo097kGA,UCmjppp6ujz3SAnULvP3sZMw,1,@Rogergh-nw4oj,@marcomendez7509
UCXgr7vXlRrsaskPdo097kGA,UCmvOgzmmXbjUthHy-WJ52hQ,1,@Rogergh-nw4oj,@mariorodas593
UCXgr7vXlRrsaskPdo097kGA,UCp4iw5_5SmV9VGTFSNVGOmQ,1,@Rogergh-nw4oj,@CARLOSSTREMS51
UCXgr7vXlRrsaskPdo097kGA,UCpIdtvoFHVLGASGB5ySqIEA,1,@Rogergh-nw4oj,@VidalVillatoro-p4w
UCXgr7vXlRrsaskPdo097kGA,UCpl8rF8uv_8uui-QRvuJaRA,1,@Rogergh-nw4oj,@SergioGarcia-z9c
UCXgr7vXlRrsaskPdo097kGA,UCplrIQtaPj6au60_f2-mOYw,1,@Rogergh-nw4oj,@romeolopezherrarte799
UCXgr7vXlRrsaskPdo097kGA,UCpsKOkt5iWTbenzeuq7dsmQ,1,@Rogergh-nw4oj,@inge_vergueta
UCXgr7vXlRrsaskPdo097kGA,UCr1emrogPKkKTs_WTtx71xg,1,@Rogergh-nw4oj,@domingopeneleu6457
UCXgr7vXlRrsaskPdo097kGA,UCrJn_rbo_ENAdeqneS-RmRw,1,@Rogergh-nw4oj,@josecarrera9623
UCXgr7vXlRrsaskPdo097kGA,UCsJJAvrVGupdmhOqgtDp8dg,1,@Rogergh-nw4oj,@nestorlorenzana1168
UCXgr7vXlRrsaskPdo097kGA,UCsSXdJct-nsS8DsABoEsaYA,1,@Rogergh-nw4oj,@IvánPérez-j4j
UCXgr7vXlRrsaskPdo097kGA,UCsUCN0Yq_UyTvKjOJLmNrnQ,1,@Rogergh-nw4oj,@moisesvaldez4043
UCXgr7vXlRrsaskPdo097kGA,UCsjs5Hp_r86x1xbK6FAeqaA,1,@Rogergh-nw4oj,@alvaroesquivel563
UCXgr7vXlRrsaskPdo097kGA,UCtNfIBnc5S5DbbQj_yxgJTw,1,@Rogergh-nw4oj,@JosueRamirez-ey3ih
UCXgr7vXlRrsaskPdo097kGA,UCtUR3_CAiE7fCoZHM6cMfyQ,1,@Rogergh-nw4oj,@mdelcid01
UCXgr7vXlRrsaskPdo097kGA,UCueV9cTyTDwgQSec1x2dYgA,1,@Rogergh-nw4oj,@fredydomingo7062
UCXgr7vXlRrsaskPdo097kGA,UCujPF2nBgsTD62nWE3lcpIg,1,@Rogergh-nw4oj,@victorarturoruanobautista7588
UCXgr7vXlRrsaskPdo097kGA,UCut6b9S98nv84cVX89PmKzA,1,@Rogergh-nw4oj,@yeniferaguirre4498
UCXgr7vXlRrsaskPdo097kGA,UCvApqeCbLod-wejtT4CcVuA,1,@Rogergh-nw4oj,@davidgaher9550
UCXgr7vXlRrsaskPdo097kGA,UCwO2SXr0ggzwg6QWWrr01nQ,1,@Rogergh-nw4oj,@ricardofigueroa5720
UCXgr7vXlRrsaskPdo097kGA,UCwW2OFy95P7ZBkOPxWkpvYg,1,@Rogergh-nw4oj,@TeresaLucero-b5o
UCXgr7vXlRrsaskPdo097kGA,UCwha8rxULYMVtNwZWeSkE1A,1,@Rogergh-nw4oj,@mariasamo8637
UCXgr7vXlRrsaskPdo097kGA,UCxff05WuyvwELNITi7bj7UA,1,@Rogergh-nw4oj,@markoherrera
UCXgr7vXlRrsaskPdo097kGA,UCySYJU5kUh7X8gVt9la2ISA,1,@Rogergh-nw4oj,@dantesarti4351
UCXgr7vXlRrsaskPdo097kGA,UCylqlpsh8ENNM1LqgQ1KbxA,1,@Rogergh-nw4oj,@Jel.Awesh.M
UCXgr7vXlRrsaskPdo097kGA,UCz3gu01bmjNv0DpRq-K3XYg,1,@Rogergh-nw4oj,@eusebiovasquez4385
UCXgr7vXlRrsaskPdo097kGA,UCzSfZlOVxBSs5ObD25ywxDQ,1,@Rogergh-nw4oj,@GilmarMaldonado-q9m
UCXgr7vXlRrsaskPdo097kGA,UCzoL2l5H5eVlorWGH8AZfAg,1,@Rogergh-nw4oj,@jor77cas
UCXl30Y_upRqbti52fmjK4YA,UCbrtvygfRT6QXqWDNrOf-cA,1,@capitanfrans,@Alejandro00710
UCXl30Y_upRqbti52fmjK4YA,UCcFIBN-rtC3d3hXeuN5TfWw,1,@capitanfrans,@DenisRMC
UCXl30Y_upRqbti52fmjK4YA,UCc_F88PzGWtA1OPNUEASulA,1,@capitanfrans,@rockyscarlet
UCXl30Y_upRqbti52fmjK4YA,UCdQAuWwyC99MB7Y02Umj26Q,1,@capitanfrans,@miguelbran1268
UCXl30Y_upRqbti52fmjK4YA,UCefAH1MbvADWUjE9WVcB9EQ,1,@capitanfrans,@jabriz8152
UCXl30Y_upRqbti52fmjK4YA,UChT7pzGytNd92Nmvi-zuWog,1,@capitanfrans,@sparkvalkov
UCXl30Y_upRqbti52fmjK4YA,UCkxdJ_yGN2gghOMo2ybQtXQ,1,@capitanfrans,@11223344An
UCXl30Y_upRqbti52fmjK4YA,UCvcu1kR8xMYy_I1Ty-2mV2Q,1,@capitanfrans,@hashojea7348
UCXl30Y_upRqbti52fmjK4YA,UCwEe1RKlEv1UpNWmWYfSh4w,1,@capitanfrans,@marioramirez299
UCXl30Y_upRqbti52fmjK4YA,UCxcoDvP-g2_KTZDmVZtvb3w,1,@capitanfrans,@angelmartinez9523
UCXmrpc6Li0spcKxtS0Q_ptg,UCY7Hq7F9Lnucf-Yr6JkHZNw,1,@melvinperez6710,@maynorcalel1442
UCXmrpc6Li0spcKxtS0Q_ptg,UC_ljZ1hZXR9pzexFz87P5ZA,1,@melvinperez6710,@ChRiStOpHeR7969
UCXmrpc6Li0spcKxtS0Q_ptg,UCaT6M2zp7X6r6Whd8Vv3kHQ,1,@melvinperez6710,@alexarcos8349
UCXmrpc6Li0spcKxtS0Q_ptg,UCgLrWFdYitoP-b7-PxtUr-w,1,@melvinperez6710,@zetag
UCXmrpc6Li0spcKxtS0Q_ptg,UCgLurCo-e019HGODcjXHWCw,1,@melvinperez6710,@perritojuega1
UCXmrpc6Li0spcKxtS0Q_ptg,UCi-vPdnpQreC7BkFs40mJGA,1,@melvinperez6710,@bryansicasales4280
UCXmrpc6Li0spcKxtS0Q_ptg,UCqilIa8r7iek5sGYg_q6ofA,1,@melvinperez6710,@rolandojuchuna484
UCXmrpc6Li0spcKxtS0Q_ptg,UCs_5qeqdku9tGAq22y3OcuQ,1,@melvinperez6710,@alexandrevasquez4135
UCXmrpc6Li0spcKxtS0Q_ptg,UCtMBF_1O2jY2INlb_luuB_A,1,@melvinperez6710,@mynorgudiel8646
UCXmrpc6Li0spcKxtS0Q_ptg,UCwUAv3_LpWVtTIi7lkmTL7A,1,@melvinperez6710,@kingr4706
UCXmrpc6Li0spcKxtS0Q_ptg,UCxKR3RA8T-kxMgq_2WWhRcQ,1,@melvinperez6710,@elenaluarca9377
UCXmrpc6Li0spcKxtS0Q_ptg,UCyzf29IYjNw67gGIfsjgtxA,1,@melvinperez6710,@carlosoliva9249
UCXr8_5WtGeipe4haOoQDgyQ,UCYN4wSQ1Sx4_LurxLlW7MPg,1,@amyherrera7352,@belarminavillatoro6474
UCXr8_5WtGeipe4haOoQDgyQ,UCYwpX26TrCxq8TvbKGRYLXA,1,@amyherrera7352,@beneficioelcaminovillacana8540
UCXr8_5WtGeipe4haOoQDgyQ,UCZ51R_9Q9C0c8I3pAWhtmjQ,1,@amyherrera7352,@belvettzapeta1251
UCXr8_5WtGeipe4haOoQDgyQ,UCZLG9qH0tUjNhEGFIUt0CYw,1,@amyherrera7352,@SoniaMarroquin-y6e
UCXr8_5WtGeipe4haOoQDgyQ,UCcfdg8crmMJwEuLUsAhV7yg,1,@amyherrera7352,@RolandoRaguay
UCXr8_5WtGeipe4haOoQDgyQ,UCfM3nrxtTQMY5jFx1v1J4Gg,1,@amyherrera7352,@edgarroldan5539
UCXr8_5WtGeipe4haOoQDgyQ,UCgvw7xIdGFupzpt1Y_BFkEA,1,@amyherrera7352,@fredygarcia9151
UCXr8_5WtGeipe4haOoQDgyQ,UCh5ESQvtzyHDhCA7XyekCFA,1,@amyherrera7352,@andyB5280
UCXr8_5WtGeipe4haOoQDgyQ,UChZknRmJkeGeQk0-mQuhDOg,1,@amyherrera7352,@OdilioRodríguez-c5w
UCXr8_5WtGeipe4haOoQDgyQ,UChep9kVb5gQmpodEEl10Xlg,1,@amyherrera7352,@carlosaguilar-kz7ml
UCXr8_5WtGeipe4haOoQDgyQ,UChgkn5Jt5tWKYMoEOuCjz3Q,1,@amyherrera7352,@pablochitay46
UCXr8_5WtGeipe4haOoQDgyQ,UChs3tU2BcKOT0CezykvAsGw,1,@amyherrera7352,@byronpontaza
UCXr8_5WtGeipe4haOoQDgyQ,UCi1b_TRQfgO1Z9O2gNGGWNA,1,@amyherrera7352,@davidisraelesquitsaquil
UCXr8_5WtGeipe4haOoQDgyQ,UCiGRBf2RNF0WRKhRVT7zFoA,1,@amyherrera7352,@edwinavila4876
UCXr8_5WtGeipe4haOoQDgyQ,UCiMythXHsw7eQEMykCdmMUA,1,@amyherrera7352,@JavierBecerra-h6x
UCXr8_5WtGeipe4haOoQDgyQ,UCipetjeiWj4CZB6EbyYziZg,1,@amyherrera7352,@OseasSamayoa-ol5rz
UCXr8_5WtGeipe4haOoQDgyQ,UCj-LL25XJnjxepPKCc3NGog,1,@amyherrera7352,@anaaguirre8985
UCXr8_5WtGeipe4haOoQDgyQ,UCjSKM9j0Q7HLDr1hD6D-TUw,1,@amyherrera7352,@josehidalgo4875
UCXr8_5WtGeipe4haOoQDgyQ,UCjmPuazZJzscrwvk0QR9RVw,1,@amyherrera7352,@mynorrodas8591
UCXr8_5WtGeipe4haOoQDgyQ,UCkd9W714-947dEE6ZOEBATA,1,@amyherrera7352,@ARGELIATELON
UCXr8_5WtGeipe4haOoQDgyQ,UCl0ekS9Tt0jJGtOEM18S63w,1,@amyherrera7352,@monkchapin
UCXr8_5WtGeipe4haOoQDgyQ,UCljDbleJul41G1TzOjOZAVA,1,@amyherrera7352,@hectorcarranza3777
UCXr8_5WtGeipe4haOoQDgyQ,UCmjppp6ujz3SAnULvP3sZMw,1,@amyherrera7352,@marcomendez7509
UCXr8_5WtGeipe4haOoQDgyQ,UCmvOgzmmXbjUthHy-WJ52hQ,1,@amyherrera7352,@mariorodas593
UCXr8_5WtGeipe4haOoQDgyQ,UCp4iw5_5SmV9VGTFSNVGOmQ,1,@amyherrera7352,@CARLOSSTREMS51
UCXr8_5WtGeipe4haOoQDgyQ,UCpIdtvoFHVLGASGB5ySqIEA,1,@amyherrera7352,@VidalVillatoro-p4w
UCXr8_5WtGeipe4haOoQDgyQ,UCpl8rF8uv_8uui-QRvuJaRA,1,@amyherrera7352,@SergioGarcia-z9c
UCXr8_5WtGeipe4haOoQDgyQ,UCplrIQtaPj6au60_f2-mOYw,1,@amyherrera7352,@romeolopezherrarte799
UCXr8_5WtGeipe4haOoQDgyQ,UCpsKOkt5iWTbenzeuq7dsmQ,1,@amyherrera7352,@inge_vergueta
UCXr8_5WtGeipe4haOoQDgyQ,UCr1emrogPKkKTs_WTtx71xg,1,@amyherrera7352,@domingopeneleu6457
UCXr8_5WtGeipe4haOoQDgyQ,UCrJn_rbo_ENAdeqneS-RmRw,1,@amyherrera7352,@josecarrera9623
UCXr8_5WtGeipe4haOoQDgyQ,UCsJJAvrVGupdmhOqgtDp8dg,1,@amyherrera7352,@nestorlorenzana1168
UCXr8_5WtGeipe4haOoQDgyQ,UCsSXdJct-nsS8DsABoEsaYA,1,@amyherrera7352,@IvánPérez-j4j
UCXr8_5WtGeipe4haOoQDgyQ,UCsUCN0Yq_UyTvKjOJLmNrnQ,1,@amyherrera7352,@moisesvaldez4043
UCXr8_5WtGeipe4haOoQDgyQ,UCsjs5Hp_r86x1xbK6FAeqaA,1,@amyherrera7352,@alvaroesquivel563
UCXr8_5WtGeipe4haOoQDgyQ,UCtNfIBnc5S5DbbQj_yxgJTw,1,@amyherrera7352,@JosueRamirez-ey3ih
UCXr8_5WtGeipe4haOoQDgyQ,UCtUR3_CAiE7fCoZHM6cMfyQ,1,@amyherrera7352,@mdelcid01
UCXr8_5WtGeipe4haOoQDgyQ,UCueV9cTyTDwgQSec1x2dYgA,1,@amyherrera7352,@fredydomingo7062
UCXr8_5WtGeipe4haOoQDgyQ,UCujPF2nBgsTD62nWE3lcpIg,1,@amyherrera7352,@victorarturoruanobautista7588
UCXr8_5WtGeipe4haOoQDgyQ,UCut6b9S98nv84cVX89PmKzA,1,@amyherrera7352,@yeniferaguirre4498
UCXr8_5WtGeipe4haOoQDgyQ,UCvApqeCbLod-wejtT4CcVuA,1,@amyherrera7352,@davidgaher9550
UCXr8_5WtGeipe4haOoQDgyQ,UCwO2SXr0ggzwg6QWWrr01nQ,1,@amyherrera7352,@ricardofigueroa5720
UCXr8_5WtGeipe4haOoQDgyQ,UCwW2OFy95P7ZBkOPxWkpvYg,1,@amyherrera7352,@TeresaLucero-b5o
UCXr8_5WtGeipe4haOoQDgyQ,UCwha8rxULYMVtNwZWeSkE1A,1,@amyherrera7352,@mariasamo8637
UCXr8_5WtGeipe4haOoQDgyQ,UCxff05WuyvwELNITi7bj7UA,1,@amyherrera7352,@markoherrera
UCXr8_5WtGeipe4haOoQDgyQ,UCySYJU5kUh7X8gVt9la2ISA,1,@amyherrera7352,@dantesarti4351
UCXr8_5WtGeipe4haOoQDgyQ,UCylqlpsh8ENNM1LqgQ1KbxA,1,@amyherrera7352,@Jel.Awesh.M
UCXr8_5WtGeipe4haOoQDgyQ,UCz3gu01bmjNv0DpRq-K3XYg,1,@amyherrera7352,@eusebiovasquez4385
UCXr8_5WtGeipe4haOoQDgyQ,UCzSfZlOVxBSs5ObD25ywxDQ,1,@amyherrera7352,@GilmarMaldonado-q9m
UCXr8_5WtGeipe4haOoQDgyQ,UCzoL2l5H5eVlorWGH8AZfAg,1,@amyherrera7352,@jor77cas
UCY7Hq7F9Lnucf-Yr6JkHZNw,UC_ljZ1hZXR9pzexFz87P5ZA,1,@maynorcalel1442,@ChRiStOpHeR7969
UCY7Hq7F9Lnucf-Yr6JkHZNw,UCaT6M2zp7X6r6Whd8Vv3kHQ,1,@maynorcalel1442,@alexarcos8349
UCY7Hq7F9Lnucf-Yr6JkHZNw,UCgLrWFdYitoP-b7-PxtUr-w,1,@maynorcalel1442,@zetag
UCY7Hq7F9Lnucf-Yr6JkHZNw,UCgLurCo-e019HGODcjXHWCw,1,@maynorcalel1442,@perritojuega1
UCY7Hq7F9Lnucf-Yr6JkHZNw,UCi-vPdnpQreC7BkFs40mJGA,1,@maynorcalel1442,@bryansicasales4280
UCY7Hq7F9Lnucf-Yr6JkHZNw,UCqilIa8r7iek5sGYg_q6ofA,1,@maynorcalel1442,@rolandojuchuna484
UCY7Hq7F9Lnucf-Yr6JkHZNw,UCs_5qeqdku9tGAq22y3OcuQ,1,@maynorcalel1442,@alexandrevasquez4135
UCY7Hq7F9Lnucf-Yr6JkHZNw,UCtMBF_1O2jY2INlb_luuB_A,1,@maynorcalel1442,@mynorgudiel8646
UCY7Hq7F9Lnucf-Yr6JkHZNw,UCwUAv3_LpWVtTIi7lkmTL7A,1,@maynorcalel1442,@kingr4706
UCY7Hq7F9Lnucf-Yr6JkHZNw,UCxKR3RA8T-kxMgq_2WWhRcQ,1,@maynorcalel1442,@elenaluarca9377
UCY7Hq7F9Lnucf-Yr6JkHZNw,UCyzf29IYjNw67gGIfsjgtxA,1,@maynorcalel1442,@carlosoliva9249
UCYN4wSQ1Sx4_LurxLlW7MPg,UCYwpX26TrCxq8TvbKGRYLXA,1,@belarminavillatoro6474,@beneficioelcaminovillacana8540
UCYN4wSQ1Sx4_LurxLlW7MPg,UCZ51R_9Q9C0c8I3pAWhtmjQ,1,@belarminavillatoro6474,@belvettzapeta1251
UCYN4wSQ1Sx4_LurxLlW7MPg,UCZLG9qH0tUjNhEGFIUt0CYw,1,@belarminavillatoro6474,@SoniaMarroquin-y6e
UCYN4wSQ1Sx4_LurxLlW7MPg,UCcfdg8crmMJwEuLUsAhV7yg,1,@belarminavillatoro6474,@RolandoRaguay
UCYN4wSQ1Sx4_LurxLlW7MPg,UCfM3nrxtTQMY5jFx1v1J4Gg,1,@belarminavillatoro6474,@edgarroldan5539
UCYN4wSQ1Sx4_LurxLlW7MPg,UCgvw7xIdGFupzpt1Y_BFkEA,1,@belarminavillatoro6474,@fredygarcia9151
UCYN4wSQ1Sx4_LurxLlW7MPg,UCh5ESQvtzyHDhCA7XyekCFA,1,@belarminavillatoro6474,@andyB5280
UCYN4wSQ1Sx4_LurxLlW7MPg,UChZknRmJkeGeQk0-mQuhDOg,1,@belarminavillatoro6474,@OdilioRodríguez-c5w
UCYN4wSQ1Sx4_LurxLlW7MPg,UChep9kVb5gQmpodEEl10Xlg,1,@belarminavillatoro6474,@carlosaguilar-kz7ml
UCYN4wSQ1Sx4_LurxLlW7MPg,UChgkn5Jt5tWKYMoEOuCjz3Q,1,@belarminavillatoro6474,@pablochitay46
UCYN4wSQ1Sx4_LurxLlW7MPg,UChs3tU2BcKOT0CezykvAsGw,1,@belarminavillatoro6474,@byronpontaza
UCYN4wSQ1Sx4_LurxLlW7MPg,UCi1b_TRQfgO1Z9O2gNGGWNA,1,@belarminavillatoro6474,@davidisraelesquitsaquil
UCYN4wSQ1Sx4_LurxLlW7MPg,UCiGRBf2RNF0WRKhRVT7zFoA,1,@belarminavillatoro6474,@edwinavila4876
UCYN4wSQ1Sx4_LurxLlW7MPg,UCiMythXHsw7eQEMykCdmMUA,1,@belarminavillatoro6474,@JavierBecerra-h6x
UCYN4wSQ1Sx4_LurxLlW7MPg,UCipetjeiWj4CZB6EbyYziZg,1,@belarminavillatoro6474,@OseasSamayoa-ol5rz
UCYN4wSQ1Sx4_LurxLlW7MPg,UCj-LL25XJnjxepPKCc3NGog,1,@belarminavillatoro6474,@anaaguirre8985
UCYN4wSQ1Sx4_LurxLlW7MPg,UCjSKM9j0Q7HLDr1hD6D-TUw,1,@belarminavillatoro6474,@josehidalgo4875
UCYN4wSQ1Sx4_LurxLlW7MPg,UCjmPuazZJzscrwvk0QR9RVw,1,@belarminavillatoro6474,@mynorrodas8591
UCYN4wSQ1Sx4_LurxLlW7MPg,UCkd9W714-947dEE6ZOEBATA,1,@belarminavillatoro6474,@ARGELIATELON
UCYN4wSQ1Sx4_LurxLlW7MPg,UCl0ekS9Tt0jJGtOEM18S63w,1,@belarminavillatoro6474,@monkchapin
UCYN4wSQ1Sx4_LurxLlW7MPg,UCljDbleJul41G1TzOjOZAVA,1,@belarminavillatoro6474,@hectorcarranza3777
UCYN4wSQ1Sx4_LurxLlW7MPg,UCmjppp6ujz3SAnULvP3sZMw,1,@belarminavillatoro6474,@marcomendez7509
UCYN4wSQ1Sx4_LurxLlW7MPg,UCmvOgzmmXbjUthHy-WJ52hQ,1,@belarminavillatoro6474,@mariorodas593
UCYN4wSQ1Sx4_LurxLlW7MPg,UCp4iw5_5SmV9VGTFSNVGOmQ,1,@belarminavillatoro6474,@CARLOSSTREMS51
UCYN4wSQ1Sx4_LurxLlW7MPg,UCpIdtvoFHVLGASGB5ySqIEA,1,@belarminavillatoro6474,@VidalVillatoro-p4w
UCYN4wSQ1Sx4_LurxLlW7MPg,UCpl8rF8uv_8uui-QRvuJaRA,1,@belarminavillatoro6474,@SergioGarcia-z9c
UCYN4wSQ1Sx4_LurxLlW7MPg,UCplrIQtaPj6au60_f2-mOYw,1,@belarminavillatoro6474,@romeolopezherrarte799
UCYN4wSQ1Sx4_LurxLlW7MPg,UCpsKOkt5iWTbenzeuq7dsmQ,1,@belarminavillatoro6474,@inge_vergueta
UCYN4wSQ1Sx4_LurxLlW7MPg,UCr1emrogPKkKTs_WTtx71xg,1,@belarminavillatoro6474,@domingopeneleu6457
UCYN4wSQ1Sx4_LurxLlW7MPg,UCrJn_rbo_ENAdeqneS-RmRw,1,@belarminavillatoro6474,@josecarrera9623
UCYN4wSQ1Sx4_LurxLlW7MPg,UCsJJAvrVGupdmhOqgtDp8dg,1,@belarminavillatoro6474,@nestorlorenzana1168
UCYN4wSQ1Sx4_LurxLlW7MPg,UCsSXdJct-nsS8DsABoEsaYA,1,@belarminavillatoro6474,@IvánPérez-j4j
UCYN4wSQ1Sx4_LurxLlW7MPg,UCsUCN0Yq_UyTvKjOJLmNrnQ,1,@belarminavillatoro6474,@moisesvaldez4043
UCYN4wSQ1Sx4_LurxLlW7MPg,UCsjs5Hp_r86x1xbK6FAeqaA,1,@belarminavillatoro6474,@alvaroesquivel563
UCYN4wSQ1Sx4_LurxLlW7MPg,UCtNfIBnc5S5DbbQj_yxgJTw,1,@belarminavillatoro6474,@JosueRamirez-ey3ih
UCYN4wSQ1Sx4_LurxLlW7MPg,UCtUR3_CAiE7fCoZHM6cMfyQ,1,@belarminavillatoro6474,@mdelcid01
UCYN4wSQ1Sx4_LurxLlW7MPg,UCueV9cTyTDwgQSec1x2dYgA,1,@belarminavillatoro6474,@fredydomingo7062
UCYN4wSQ1Sx4_LurxLlW7MPg,UCujPF2nBgsTD62nWE3lcpIg,1,@belarminavillatoro6474,@victorarturoruanobautista7588
UCYN4wSQ1Sx4_LurxLlW7MPg,UCut6b9S98nv84cVX89PmKzA,1,@belarminavillatoro6474,@yeniferaguirre4498
UCYN4wSQ1Sx4_LurxLlW7MPg,UCvApqeCbLod-wejtT4CcVuA,1,@belarminavillatoro6474,@davidgaher9550
UCYN4wSQ1Sx4_LurxLlW7MPg,UCwO2SXr0ggzwg6QWWrr01nQ,1,@belarminavillatoro6474,@ricardofigueroa5720
UCYN4wSQ1Sx4_LurxLlW7MPg,UCwW2OFy95P7ZBkOPxWkpvYg,1,@belarminavillatoro6474,@TeresaLucero-b5o
UCYN4wSQ1Sx4_LurxLlW7MPg,UCwha8rxULYMVtNwZWeSkE1A,1,@belarminavillatoro6474,@mariasamo8637
UCYN4wSQ1Sx4_LurxLlW7MPg,UCxff05WuyvwELNITi7bj7UA,1,@belarminavillatoro6474,@markoherrera
UCYN4wSQ1Sx4_LurxLlW7MPg,UCySYJU5kUh7X8gVt9la2ISA,1,@belarminavillatoro6474,@dantesarti4351
UCYN4wSQ1Sx4_LurxLlW7MPg,UCylqlpsh8ENNM1LqgQ1KbxA,1,@belarminavillatoro6474,@Jel.Awesh.M
UCYN4wSQ1Sx4_LurxLlW7MPg,UCz3gu01bmjNv0DpRq-K3XYg,1,@belarminavillatoro6474,@eusebiovasquez4385
UCYN4wSQ1Sx4_LurxLlW7MPg,UCzSfZlOVxBSs5ObD25ywxDQ,1,@belarminavillatoro6474,@GilmarMaldonado-q9m
UCYN4wSQ1Sx4_LurxLlW7MPg,UCzoL2l5H5eVlorWGH8AZfAg,1,@belarminavillatoro6474,@jor77cas
UCYwpX26TrCxq8TvbKGRYLXA,UCZ51R_9Q9C0c8I3pAWhtmjQ,1,@beneficioelcaminovillacana8540,@belvettzapeta1251
UCYwpX26TrCxq8TvbKGRYLXA,UCZLG9qH0tUjNhEGFIUt0CYw,1,@beneficioelcaminovillacana8540,@SoniaMarroquin-y6e
UCYwpX26TrCxq8TvbKGRYLXA,UCcfdg8crmMJwEuLUsAhV7yg,1,@beneficioelcaminovillacana8540,@RolandoRaguay
UCYwpX26TrCxq8TvbKGRYLXA,UCfM3nrxtTQMY5jFx1v1J4Gg,1,@beneficioelcaminovillacana8540,@edgarroldan5539
UCYwpX26TrCxq8TvbKGRYLXA,UCgvw7xIdGFupzpt1Y_BFkEA,1,@beneficioelcaminovillacana8540,@fredygarcia9151
UCYwpX26TrCxq8TvbKGRYLXA,UCh5ESQvtzyHDhCA7XyekCFA,1,@beneficioelcaminovillacana8540,@andyB5280
UCYwpX26TrCxq8TvbKGRYLXA,UChZknRmJkeGeQk0-mQuhDOg,1,@beneficioelcaminovillacana8540,@OdilioRodríguez-c5w
UCYwpX26TrCxq8TvbKGRYLXA,UChep9kVb5gQmpodEEl10Xlg,1,@beneficioelcaminovillacana8540,@carlosaguilar-kz7ml
UCYwpX26TrCxq8TvbKGRYLXA,UChgkn5Jt5tWKYMoEOuCjz3Q,1,@beneficioelcaminovillacana8540,@pablochitay46
UCYwpX26TrCxq8TvbKGRYLXA,UChs3tU2BcKOT0CezykvAsGw,1,@beneficioelcaminovillacana8540,@byronpontaza
UCYwpX26TrCxq8TvbKGRYLXA,UCi1b_TRQfgO1Z9O2gNGGWNA,1,@beneficioelcaminovillacana8540,@davidisraelesquitsaquil
UCYwpX26TrCxq8TvbKGRYLXA,UCiGRBf2RNF0WRKhRVT7zFoA,1,@beneficioelcaminovillacana8540,@edwinavila4876
UCYwpX26TrCxq8TvbKGRYLXA,UCiMythXHsw7eQEMykCdmMUA,1,@beneficioelcaminovillacana8540,@JavierBecerra-h6x
UCYwpX26TrCxq8TvbKGRYLXA,UCipetjeiWj4CZB6EbyYziZg,1,@beneficioelcaminovillacana8540,@OseasSamayoa-ol5rz
UCYwpX26TrCxq8TvbKGRYLXA,UCj-LL25XJnjxepPKCc3NGog,1,@beneficioelcaminovillacana8540,@anaaguirre8985
UCYwpX26TrCxq8TvbKGRYLXA,UCjSKM9j0Q7HLDr1hD6D-TUw,1,@beneficioelcaminovillacana8540,@josehidalgo4875
UCYwpX26TrCxq8TvbKGRYLXA,UCjmPuazZJzscrwvk0QR9RVw,1,@beneficioelcaminovillacana8540,@mynorrodas8591
UCYwpX26TrCxq8TvbKGRYLXA,UCkd9W714-947dEE6ZOEBATA,1,@beneficioelcaminovillacana8540,@ARGELIATELON
UCYwpX26TrCxq8TvbKGRYLXA,UCl0ekS9Tt0jJGtOEM18S63w,1,@beneficioelcaminovillacana8540,@monkchapin
UCYwpX26TrCxq8TvbKGRYLXA,UCljDbleJul41G1TzOjOZAVA,1,@beneficioelcaminovillacana8540,@hectorcarranza3777
UCYwpX26TrCxq8TvbKGRYLXA,UCmjppp6ujz3SAnULvP3sZMw,1,@beneficioelcaminovillacana8540,@marcomendez7509
UCYwpX26TrCxq8TvbKGRYLXA,UCmvOgzmmXbjUthHy-WJ52hQ,1,@beneficioelcaminovillacana8540,@mariorodas593
UCYwpX26TrCxq8TvbKGRYLXA,UCp4iw5_5SmV9VGTFSNVGOmQ,1,@beneficioelcaminovillacana8540,@CARLOSSTREMS51
UCYwpX26TrCxq8TvbKGRYLXA,UCpIdtvoFHVLGASGB5ySqIEA,1,@beneficioelcaminovillacana8540,@VidalVillatoro-p4w
UCYwpX26TrCxq8TvbKGRYLXA,UCpl8rF8uv_8uui-QRvuJaRA,1,@beneficioelcaminovillacana8540,@SergioGarcia-z9c
UCYwpX26TrCxq8TvbKGRYLXA,UCplrIQtaPj6au60_f2-mOYw,1,@beneficioelcaminovillacana8540,@romeolopezherrarte799
UCYwpX26TrCxq8TvbKGRYLXA,UCpsKOkt5iWTbenzeuq7dsmQ,1,@beneficioelcaminovillacana8540,@inge_vergueta
UCYwpX26TrCxq8TvbKGRYLXA,UCr1emrogPKkKTs_WTtx71xg,1,@beneficioelcaminovillacana8540,@domingopeneleu6457
UCYwpX26TrCxq8TvbKGRYLXA,UCrJn_rbo_ENAdeqneS-RmRw,1,@beneficioelcaminovillacana8540,@josecarrera9623
UCYwpX26TrCxq8TvbKGRYLXA,UCsJJAvrVGupdmhOqgtDp8dg,1,@beneficioelcaminovillacana8540,@nestorlorenzana1168
UCYwpX26TrCxq8TvbKGRYLXA,UCsSXdJct-nsS8DsABoEsaYA,1,@beneficioelcaminovillacana8540,@IvánPérez-j4j
UCYwpX26TrCxq8TvbKGRYLXA,UCsUCN0Yq_UyTvKjOJLmNrnQ,1,@beneficioelcaminovillacana8540,@moisesvaldez4043
UCYwpX26TrCxq8TvbKGRYLXA,UCsjs5Hp_r86x1xbK6FAeqaA,1,@beneficioelcaminovillacana8540,@alvaroesquivel563
UCYwpX26TrCxq8TvbKGRYLXA,UCtNfIBnc5S5DbbQj_yxgJTw,1,@beneficioelcaminovillacana8540,@JosueRamirez-ey3ih
UCYwpX26TrCxq8TvbKGRYLXA,UCtUR3_CAiE7fCoZHM6cMfyQ,1,@beneficioelcaminovillacana8540,@mdelcid01
UCYwpX26TrCxq8TvbKGRYLXA,UCueV9cTyTDwgQSec1x2dYgA,1,@beneficioelcaminovillacana8540,@fredydomingo7062
UCYwpX26TrCxq8TvbKGRYLXA,UCujPF2nBgsTD62nWE3lcpIg,1,@beneficioelcaminovillacana8540,@victorarturoruanobautista7588
UCYwpX26TrCxq8TvbKGRYLXA,UCut6b9S98nv84cVX89PmKzA,1,@beneficioelcaminovillacana8540,@yeniferaguirre4498
UCYwpX26TrCxq8TvbKGRYLXA,UCvApqeCbLod-wejtT4CcVuA,1,@beneficioelcaminovillacana8540,@davidgaher9550
UCYwpX26TrCxq8TvbKGRYLXA,UCwO2SXr0ggzwg6QWWrr01nQ,1,@beneficioelcaminovillacana8540,@ricardofigueroa5720
UCYwpX26TrCxq8TvbKGRYLXA,UCwW2OFy95P7ZBkOPxWkpvYg,1,@beneficioelcaminovillacana8540,@TeresaLucero-b5o
UCYwpX26TrCxq8TvbKGRYLXA,UCwha8rxULYMVtNwZWeSkE1A,1,@beneficioelcaminovillacana8540,@mariasamo8637
UCYwpX26TrCxq8TvbKGRYLXA,UCxff05WuyvwELNITi7bj7UA,1,@beneficioelcaminovillacana8540,@markoherrera
UCYwpX26TrCxq8TvbKGRYLXA,UCySYJU5kUh7X8gVt9la2ISA,1,@beneficioelcaminovillacana8540,@dantesarti4351
UCYwpX26TrCxq8TvbKGRYLXA,UCylqlpsh8ENNM1LqgQ1KbxA,1,@beneficioelcaminovillacana8540,@Jel.Awesh.M
UCYwpX26TrCxq8TvbKGRYLXA,UCz3gu01bmjNv0DpRq-K3XYg,1,@beneficioelcaminovillacana8540,@eusebiovasquez4385
UCYwpX26TrCxq8TvbKGRYLXA,UCzSfZlOVxBSs5ObD25ywxDQ,1,@beneficioelcaminovillacana8540,@GilmarMaldonado-q9m
UCYwpX26TrCxq8TvbKGRYLXA,UCzoL2l5H5eVlorWGH8AZfAg,1,@beneficioelcaminovillacana8540,@jor77cas
UCZ51R_9Q9C0c8I3pAWhtmjQ,UCZLG9qH0tUjNhEGFIUt0CYw,1,@belvettzapeta1251,@SoniaMarroquin-y6e
UCZ51R_9Q9C0c8I3pAWhtmjQ,UCcfdg8crmMJwEuLUsAhV7yg,1,@belvettzapeta1251,@RolandoRaguay
UCZ51R_9Q9C0c8I3pAWhtmjQ,UCfM3nrxtTQMY5jFx1v1J4Gg,1,@belvettzapeta1251,@edgarroldan5539
UCZ51R_9Q9C0c8I3pAWhtmjQ,UCgvw7xIdGFupzpt1Y_BFkEA,1,@belvettzapeta1251,@fredygarcia9151
UCZ51R_9Q9C0c8I3pAWhtmjQ,UCh5ESQvtzyHDhCA7XyekCFA,1,@belvettzapeta1251,@andyB5280
UCZ51R_9Q9C0c8I3pAWhtmjQ,UChZknRmJkeGeQk0-mQuhDOg,1,@belvettzapeta1251,@OdilioRodríguez-c5w
UCZ51R_9Q9C0c8I3pAWhtmjQ,UChep9kVb5gQmpodEEl10Xlg,1,@belvettzapeta1251,@carlosaguilar-kz7ml
UCZ51R_9Q9C0c8I3pAWhtmjQ,UChgkn5Jt5tWKYMoEOuCjz3Q,1,@belvettzapeta1251,@pablochitay46
UCZ51R_9Q9C0c8I3pAWhtmjQ,UChs3tU2BcKOT0CezykvAsGw,1,@belvettzapeta1251,@byronpontaza
UCZ51R_9Q9C0c8I3pAWhtmjQ,UCi1b_TRQfgO1Z9O2gNGGWNA,1,@belvettzapeta1251,@davidisraelesquitsaquil
UCZ51R_9Q9C0c8I3pAWhtmjQ,UCiGRBf2RNF0WRKhRVT7zFoA,1,@belvettzapeta1251,@edwinavila4876
UCZ51R_9Q9C0c8I3pAWhtmjQ,UCiMythXHsw7eQEMykCdmMUA,1,@belvettzapeta1251,@JavierBecerra-h6x
UCZ51R_9Q9C0c8I3pAWhtmjQ,UCipetjeiWj4CZB6EbyYziZg,1,@belvettzapeta1251,@OseasSamayoa-ol5rz
UCZ51R_9Q9C0c8I3pAWhtmjQ,UCj-LL25XJnjxepPKCc3NGog,1,@belvettzapeta1251,@anaaguirre8985
UCZ51R_9Q9C0c8I3pAWhtmjQ,UCjSKM9j0Q7HLDr1hD6D-TUw,1,@belvettzapeta1251,@josehidalgo4875
UCZ51R_9Q9C0c8I3pAWhtmjQ,UCjmPuazZJzscrwvk0QR9RVw,1,@belvettzapeta1251,@mynorrodas8591
UCZ51R_9Q9C0c8I3pAWhtmjQ,UCkd9W714-947dEE6ZOEBATA,1,@belvettzapeta1251,@ARGELIATELON
UCZ51R_9Q9C0c8I3pAWhtmjQ,UCl0ekS9Tt0jJGtOEM18S63w,1,@belvettzapeta1251,@monkchapin
UCZ51R_9Q9C0c8I3pAWhtmjQ,UCljDbleJul41G1TzOjOZAVA,1,@belvettzapeta1251,@hectorcarranza3777
UCZ51R_9Q9C0c8I3pAWhtmjQ,UCmjppp6ujz3SAnULvP3sZMw,1,@belvettzapeta1251,@marcomendez7509
UCZ51R_9Q9C0c8I3pAWhtmjQ,UCmvOgzmmXbjUthHy-WJ52hQ,1,@belvettzapeta1251,@mariorodas593
UCZ51R_9Q9C0c8I3pAWhtmjQ,UCp4iw5_5SmV9VGTFSNVGOmQ,1,@belvettzapeta1251,@CARLOSSTREMS51
UCZ51R_9Q9C0c8I3pAWhtmjQ,UCpIdtvoFHVLGASGB5ySqIEA,1,@belvettzapeta1251,@VidalVillatoro-p4w
UCZ51R_9Q9C0c8I3pAWhtmjQ,UCpl8rF8uv_8uui-QRvuJaRA,1,@belvettzapeta1251,@SergioGarcia-z9c
UCZ51R_9Q9C0c8I3pAWhtmjQ,UCplrIQtaPj6au60_f2-mOYw,1,@belvettzapeta1251,@romeolopezherrarte799
UCZ51R_9Q9C0c8I3pAWhtmjQ,UCpsKOkt5iWTbenzeuq7dsmQ,1,@belvettzapeta1251,@inge_vergueta
UCZ51R_9Q9C0c8I3pAWhtmjQ,UCr1emrogPKkKTs_WTtx71xg,1,@belvettzapeta1251,@domingopeneleu6457
UCZ51R_9Q9C0c8I3pAWhtmjQ,UCrJn_rbo_ENAdeqneS-RmRw,1,@belvettzapeta1251,@josecarrera9623
UCZ51R_9Q9C0c8I3pAWhtmjQ,UCsJJAvrVGupdmhOqgtDp8dg,1,@belvettzapeta1251,@nestorlorenzana1168
UCZ51R_9Q9C0c8I3pAWhtmjQ,UCsSXdJct-nsS8DsABoEsaYA,1,@belvettzapeta1251,@IvánPérez-j4j
UCZ51R_9Q9C0c8I3pAWhtmjQ,UCsUCN0Yq_UyTvKjOJLmNrnQ,1,@belvettzapeta1251,@moisesvaldez4043
UCZ51R_9Q9C0c8I3pAWhtmjQ,UCsjs5Hp_r86x1xbK6FAeqaA,1,@belvettzapeta1251,@alvaroesquivel563
UCZ51R_9Q9C0c8I3pAWhtmjQ,UCtNfIBnc5S5DbbQj_yxgJTw,1,@belvettzapeta1251,@JosueRamirez-ey3ih
UCZ51R_9Q9C0c8I3pAWhtmjQ,UCtUR3_CAiE7fCoZHM6cMfyQ,1,@belvettzapeta1251,@mdelcid01
UCZ51R_9Q9C0c8I3pAWhtmjQ,UCueV9cTyTDwgQSec1x2dYgA,1,@belvettzapeta1251,@fredydomingo7062
UCZ51R_9Q9C0c8I3pAWhtmjQ,UCujPF2nBgsTD62nWE3lcpIg,1,@belvettzapeta1251,@victorarturoruanobautista7588
UCZ51R_9Q9C0c8I3pAWhtmjQ,UCut6b9S98nv84cVX89PmKzA,1,@belvettzapeta1251,@yeniferaguirre4498
UCZ51R_9Q9C0c8I3pAWhtmjQ,UCvApqeCbLod-wejtT4CcVuA,1,@belvettzapeta1251,@davidgaher9550
UCZ51R_9Q9C0c8I3pAWhtmjQ,UCwO2SXr0ggzwg6QWWrr01nQ,1,@belvettzapeta1251,@ricardofigueroa5720
UCZ51R_9Q9C0c8I3pAWhtmjQ,UCwW2OFy95P7ZBkOPxWkpvYg,1,@belvettzapeta1251,@TeresaLucero-b5o
UCZ51R_9Q9C0c8I3pAWhtmjQ,UCwha8rxULYMVtNwZWeSkE1A,1,@belvettzapeta1251,@mariasamo8637
UCZ51R_9Q9C0c8I3pAWhtmjQ,UCxff05WuyvwELNITi7bj7UA,1,@belvettzapeta1251,@markoherrera
UCZ51R_9Q9C0c8I3pAWhtmjQ,UCySYJU5kUh7X8gVt9la2ISA,1,@belvettzapeta1251,@dantesarti4351
UCZ51R_9Q9C0c8I3pAWhtmjQ,UCylqlpsh8ENNM1LqgQ1KbxA,1,@belvettzapeta1251,@Jel.Awesh.M
UCZ51R_9Q9C0c8I3pAWhtmjQ,UCz3gu01bmjNv0DpRq-K3XYg,1,@belvettzapeta1251,@eusebiovasquez4385
UCZ51R_9Q9C0c8I3pAWhtmjQ,UCzSfZlOVxBSs5ObD25ywxDQ,1,@belvettzapeta1251,@GilmarMaldonado-q9m
UCZ51R_9Q9C0c8I3pAWhtmjQ,UCzoL2l5H5eVlorWGH8AZfAg,1,@belvettzapeta1251,@jor77cas
UCZFQwqh90apuL8eFhvRBkUg,UCa36MjQLoPAmgJo-R3G8WQA,1,@luisricardo9671,@elsasalguero6914
UCZFQwqh90apuL8eFhvRBkUg,UCaT4saRcyqCLE657Rq2hhZQ,1,@luisricardo9671,@elmilenial4064
UCZFQwqh90apuL8eFhvRBkUg,UCeQk-WfEA-cJRq4EKeE7TOw,1,@luisricardo9671,@franciscojuarez9223
UCZFQwqh90apuL8eFhvRBkUg,UCfo_yUPzy1f1POwwZxhZ06Q,1,@luisricardo9671,@lara11roberto
UCZFQwqh90apuL8eFhvRBkUg,UCgGqw4aqMdMVSGkKiMgrJRQ,1,@luisricardo9671,@pattyfigueroa5609
UCZFQwqh90apuL8eFhvRBkUg,UCheEJ5GZuIvV0fj-nXyVwXw,1,@luisricardo9671,@rosaoliva9389
UCZFQwqh90apuL8eFhvRBkUg,UChyps3dqY-VY1_wLeq-2lhw,1,@luisricardo9671,@maydamorales4395
UCZFQwqh90apuL8eFhvRBkUg,UCiOZX__1gahg1ypIj0_XG_w,1,@luisricardo9671,@mariogonzalezorellana8956
UCZFQwqh90apuL8eFhvRBkUg,UCjZgFEowMBrsjodqfovzdKw,1,@luisricardo9671,@franciscoflores3120
UCZFQwqh90apuL8eFhvRBkUg,UCoGdCoJg2Lh0OX_jv6cG16g,1,@luisricardo9671,@Israel-u5i7i
UCZFQwqh90apuL8eFhvRBkUg,UCp29O_C7cchZV8IxV7Crdag,1,@luisricardo9671,@robertoescobar5507
UCZFQwqh90apuL8eFhvRBkUg,UCql1n3Ey6ULMSOACjMe-fxQ,1,@luisricardo9671,@RolandoGonzalez-o7g
UCZFQwqh90apuL8eFhvRBkUg,UCtCtts20bW6F9CSohau51Iw,1,@luisricardo9671,@carlosgranados9875
UCZFQwqh90apuL8eFhvRBkUg,UCtsxPYw8VUsH_FfnKg-0lmw,1,@luisricardo9671,@AlejandroPérez-b6r
UCZFQwqh90apuL8eFhvRBkUg,UCvDwJBBY1mHK70aTEYl6rsA,1,@luisricardo9671,@cristianescobedo8296
UCZFQwqh90apuL8eFhvRBkUg,UCwxoKK59nGCeBqB2sXfDBIw,1,@luisricardo9671,@vic-bonivideos
UCZFQwqh90apuL8eFhvRBkUg,UCyJhqmMbsvjpoarBBStA2kg,1,@luisricardo9671,@Murmullodelbarrio
UCZFQwqh90apuL8eFhvRBkUg,UCzZ6dDCEsLMXbc5pCFXIprw,1,@luisricardo9671,@josegil3813
UCZIQnb1fkwe39Iw2TAu-bGA,UCvcu1kR8xMYy_I1Ty-2mV2Q,1,@jorgegomez2237,@hashojea7348
UCZIQnb1fkwe39Iw2TAu-bGA,UCyW68EGZey4ao_Vf2cR5Ztg,1,@jorgegomez2237,@ZabalaXabier
UCZLG9qH0tUjNhEGFIUt0CYw,UCcfdg8crmMJwEuLUsAhV7yg,1,@SoniaMarroquin-y6e,@RolandoRaguay
UCZLG9qH0tUjNhEGFIUt0CYw,UCfM3nrxtTQMY5jFx1v1J4Gg,1,@SoniaMarroquin-y6e,@edgarroldan5539
UCZLG9qH0tUjNhEGFIUt0CYw,UCgvw7xIdGFupzpt1Y_BFkEA,1,@SoniaMarroquin-y6e,@fredygarcia9151
UCZLG9qH0tUjNhEGFIUt0CYw,UCh5ESQvtzyHDhCA7XyekCFA,1,@SoniaMarroquin-y6e,@andyB5280
UCZLG9qH0tUjNhEGFIUt0CYw,UChZknRmJkeGeQk0-mQuhDOg,1,@SoniaMarroquin-y6e,@OdilioRodríguez-c5w
UCZLG9qH0tUjNhEGFIUt0CYw,UChep9kVb5gQmpodEEl10Xlg,1,@SoniaMarroquin-y6e,@carlosaguilar-kz7ml
UCZLG9qH0tUjNhEGFIUt0CYw,UChgkn5Jt5tWKYMoEOuCjz3Q,1,@SoniaMarroquin-y6e,@pablochitay46
UCZLG9qH0tUjNhEGFIUt0CYw,UChs3tU2BcKOT0CezykvAsGw,1,@SoniaMarroquin-y6e,@byronpontaza
UCZLG9qH0tUjNhEGFIUt0CYw,UCi1b_TRQfgO1Z9O2gNGGWNA,1,@SoniaMarroquin-y6e,@davidisraelesquitsaquil
UCZLG9qH0tUjNhEGFIUt0CYw,UCiGRBf2RNF0WRKhRVT7zFoA,1,@SoniaMarroquin-y6e,@edwinavila4876
UCZLG9qH0tUjNhEGFIUt0CYw,UCiMythXHsw7eQEMykCdmMUA,1,@SoniaMarroquin-y6e,@JavierBecerra-h6x
UCZLG9qH0tUjNhEGFIUt0CYw,UCipetjeiWj4CZB6EbyYziZg,1,@SoniaMarroquin-y6e,@OseasSamayoa-ol5rz
UCZLG9qH0tUjNhEGFIUt0CYw,UCj-LL25XJnjxepPKCc3NGog,1,@SoniaMarroquin-y6e,@anaaguirre8985
UCZLG9qH0tUjNhEGFIUt0CYw,UCjSKM9j0Q7HLDr1hD6D-TUw,1,@SoniaMarroquin-y6e,@josehidalgo4875
UCZLG9qH0tUjNhEGFIUt0CYw,UCjmPuazZJzscrwvk0QR9RVw,1,@SoniaMarroquin-y6e,@mynorrodas8591
UCZLG9qH0tUjNhEGFIUt0CYw,UCkd9W714-947dEE6ZOEBATA,1,@SoniaMarroquin-y6e,@ARGELIATELON
UCZLG9qH0tUjNhEGFIUt0CYw,UCl0ekS9Tt0jJGtOEM18S63w,1,@SoniaMarroquin-y6e,@monkchapin
UCZLG9qH0tUjNhEGFIUt0CYw,UCljDbleJul41G1TzOjOZAVA,1,@SoniaMarroquin-y6e,@hectorcarranza3777
UCZLG9qH0tUjNhEGFIUt0CYw,UCmjppp6ujz3SAnULvP3sZMw,1,@SoniaMarroquin-y6e,@marcomendez7509
UCZLG9qH0tUjNhEGFIUt0CYw,UCmvOgzmmXbjUthHy-WJ52hQ,1,@SoniaMarroquin-y6e,@mariorodas593
UCZLG9qH0tUjNhEGFIUt0CYw,UCp4iw5_5SmV9VGTFSNVGOmQ,1,@SoniaMarroquin-y6e,@CARLOSSTREMS51
UCZLG9qH0tUjNhEGFIUt0CYw,UCpIdtvoFHVLGASGB5ySqIEA,1,@SoniaMarroquin-y6e,@VidalVillatoro-p4w
UCZLG9qH0tUjNhEGFIUt0CYw,UCpl8rF8uv_8uui-QRvuJaRA,1,@SoniaMarroquin-y6e,@SergioGarcia-z9c
UCZLG9qH0tUjNhEGFIUt0CYw,UCplrIQtaPj6au60_f2-mOYw,1,@SoniaMarroquin-y6e,@romeolopezherrarte799
UCZLG9qH0tUjNhEGFIUt0CYw,UCpsKOkt5iWTbenzeuq7dsmQ,1,@SoniaMarroquin-y6e,@inge_vergueta
UCZLG9qH0tUjNhEGFIUt0CYw,UCr1emrogPKkKTs_WTtx71xg,1,@SoniaMarroquin-y6e,@domingopeneleu6457
UCZLG9qH0tUjNhEGFIUt0CYw,UCrJn_rbo_ENAdeqneS-RmRw,1,@SoniaMarroquin-y6e,@josecarrera9623
UCZLG9qH0tUjNhEGFIUt0CYw,UCsJJAvrVGupdmhOqgtDp8dg,1,@SoniaMarroquin-y6e,@nestorlorenzana1168
UCZLG9qH0tUjNhEGFIUt0CYw,UCsSXdJct-nsS8DsABoEsaYA,1,@SoniaMarroquin-y6e,@IvánPérez-j4j
UCZLG9qH0tUjNhEGFIUt0CYw,UCsUCN0Yq_UyTvKjOJLmNrnQ,1,@SoniaMarroquin-y6e,@moisesvaldez4043
UCZLG9qH0tUjNhEGFIUt0CYw,UCsjs5Hp_r86x1xbK6FAeqaA,1,@SoniaMarroquin-y6e,@alvaroesquivel563
UCZLG9qH0tUjNhEGFIUt0CYw,UCtNfIBnc5S5DbbQj_yxgJTw,1,@SoniaMarroquin-y6e,@JosueRamirez-ey3ih
UCZLG9qH0tUjNhEGFIUt0CYw,UCtUR3_CAiE7fCoZHM6cMfyQ,1,@SoniaMarroquin-y6e,@mdelcid01
UCZLG9qH0tUjNhEGFIUt0CYw,UCueV9cTyTDwgQSec1x2dYgA,1,@SoniaMarroquin-y6e,@fredydomingo7062
UCZLG9qH0tUjNhEGFIUt0CYw,UCujPF2nBgsTD62nWE3lcpIg,1,@SoniaMarroquin-y6e,@victorarturoruanobautista7588
UCZLG9qH0tUjNhEGFIUt0CYw,UCut6b9S98nv84cVX89PmKzA,1,@SoniaMarroquin-y6e,@yeniferaguirre4498
UCZLG9qH0tUjNhEGFIUt0CYw,UCvApqeCbLod-wejtT4CcVuA,1,@SoniaMarroquin-y6e,@davidgaher9550
UCZLG9qH0tUjNhEGFIUt0CYw,UCwO2SXr0ggzwg6QWWrr01nQ,1,@SoniaMarroquin-y6e,@ricardofigueroa5720
UCZLG9qH0tUjNhEGFIUt0CYw,UCwW2OFy95P7ZBkOPxWkpvYg,1,@SoniaMarroquin-y6e,@TeresaLucero-b5o
UCZLG9qH0tUjNhEGFIUt0CYw,UCwha8rxULYMVtNwZWeSkE1A,1,@SoniaMarroquin-y6e,@mariasamo8637
UCZLG9qH0tUjNhEGFIUt0CYw,UCxff05WuyvwELNITi7bj7UA,1,@SoniaMarroquin-y6e,@markoherrera
UCZLG9qH0tUjNhEGFIUt0CYw,UCySYJU5kUh7X8gVt9la2ISA,1,@SoniaMarroquin-y6e,@dantesarti4351
UCZLG9qH0tUjNhEGFIUt0CYw,UCylqlpsh8ENNM1LqgQ1KbxA,1,@SoniaMarroquin-y6e,@Jel.Awesh.M
UCZLG9qH0tUjNhEGFIUt0CYw,UCz3gu01bmjNv0DpRq-K3XYg,1,@SoniaMarroquin-y6e,@eusebiovasquez4385
UCZLG9qH0tUjNhEGFIUt0CYw,UCzSfZlOVxBSs5ObD25ywxDQ,1,@SoniaMarroquin-y6e,@GilmarMaldonado-q9m
UCZLG9qH0tUjNhEGFIUt0CYw,UCzoL2l5H5eVlorWGH8AZfAg,1,@SoniaMarroquin-y6e,@jor77cas
UCZOmq6MwFDVoCaEl99BRRaw,UC_6KbBY1bsYXz9fwFS0eQRg,1,@daniloarevalo3170,@imrcp5694
UCZOmq6MwFDVoCaEl99BRRaw,UCbrtvygfRT6QXqWDNrOf-cA,1,@daniloarevalo3170,@Alejandro00710
UCZOmq6MwFDVoCaEl99BRRaw,UCjJf-AJKRFFWtiN-CSwkDmA,1,@daniloarevalo3170,@2jose82
UCZOmq6MwFDVoCaEl99BRRaw,UCnU8wO1OurAmGstDw6VGjgQ,1,@daniloarevalo3170,@cmorera21
UCZOmq6MwFDVoCaEl99BRRaw,UCpsKOkt5iWTbenzeuq7dsmQ,1,@daniloarevalo3170,@inge_vergueta
UCZOmq6MwFDVoCaEl99BRRaw,UCvcu1kR8xMYy_I1Ty-2mV2Q,1,@daniloarevalo3170,@hashojea7348
UCZeIIQrGAedW8tCbKWmGY-A,UC_LYoGs5C3mbZKZuKuqYCvw,1,@mariocordon8873,@javiercifuentesarchila6041
UCZeIIQrGAedW8tCbKWmGY-A,UCaKAjTW9MVub_clgr4DRYjQ,1,@mariocordon8873,@josecastillo4390
UCZeIIQrGAedW8tCbKWmGY-A,UCdFlugHJJa4l3YqWuNRmvXw,1,@mariocordon8873,@MarcosCarillo-b1r
UCZeIIQrGAedW8tCbKWmGY-A,UCe8JZoYkX5oKUZyivHYdXhw,1,@mariocordon8873,@FernandoGarcia-jg1fj
UCZeIIQrGAedW8tCbKWmGY-A,UCeDNEtI8_a42bZ47wJiJMwQ,1,@mariocordon8873,@EdgarcalderonCalderong
UCZeIIQrGAedW8tCbKWmGY-A,UCgJNFj5dnxXpcMvmuhZDPxA,1,@mariocordon8873,@NataliaRodriguez-rx5mr
UCZeIIQrGAedW8tCbKWmGY-A,UCgQw_Sbq3ugruDUKsq1e0-A,1,@mariocordon8873,@marlenareano-h4t
UCZeIIQrGAedW8tCbKWmGY-A,UCiC-Jn7wdgyQV4_Urk0DkWQ,1,@mariocordon8873,@pedroros6358
UCZeIIQrGAedW8tCbKWmGY-A,UCkVtmkK07b2zaVVNssX4lOg,1,@mariocordon8873,@HectorElias-u2l
UCZeIIQrGAedW8tCbKWmGY-A,UCkbsS_3D-pvg1iHOld9uvIg,1,@mariocordon8873,@gonzalo6075
UCZeIIQrGAedW8tCbKWmGY-A,UClhMWQ7XKWywYvbRnuf8QsA,1,@mariocordon8873,@EcPerez-zz9oh
UCZeIIQrGAedW8tCbKWmGY-A,UClqA491Xa5fQcXcJJa-vTWw,1,@mariocordon8873,@AndresLemus-k2d
UCZeIIQrGAedW8tCbKWmGY-A,UColMq7LmaoY3MT6aIDGrGvA,1,@mariocordon8873,@quijotachapina1
UCZeIIQrGAedW8tCbKWmGY-A,UCpe5jW3MIqkgTJ-PgkzvM6Q,1,@mariocordon8873,@carloslam5333
UCZeIIQrGAedW8tCbKWmGY-A,UCpsKOkt5iWTbenzeuq7dsmQ,1,@mariocordon8873,@inge_vergueta
UCZeIIQrGAedW8tCbKWmGY-A,UCqCrvuoJpC-aVb0f4logQRQ,1,@mariocordon8873,@Lyrics_GT
UCZeIIQrGAedW8tCbKWmGY-A,UCsGoJEvb-cFPZ2rWoJcXzEQ,1,@mariocordon8873,@sergiohinestroza9709
UCZeIIQrGAedW8tCbKWmGY-A,UCu8_3-Wg-YzNyvHYQDEscfw,1,@mariocordon8873,@RolandoCastroPérez-d7y
UCZeIIQrGAedW8tCbKWmGY-A,UCuXmOjxC-htcprLgeVXz6Tg,1,@mariocordon8873,@jorgeaguilar-bq3uj
UCZeIIQrGAedW8tCbKWmGY-A,UCwgCc9Jd_gG-uLE_SY-FfPg,1,@mariocordon8873,@armindapenados2841
UCZeIIQrGAedW8tCbKWmGY-A,UCwjUvRseNtJoItylIyIez7Q,1,@mariocordon8873,@Silviazea
UCZeIIQrGAedW8tCbKWmGY-A,UCylqlpsh8ENNM1LqgQ1KbxA,1,@mariocordon8873,@Jel.Awesh.M
UCZjm6U576nX8WOiLhmMR3bw,UCat2qkYvqmtDNEmo2PVuhXw,1,@MariaNavarroYT,@DoraSalas-j5o
UCZjm6U576nX8WOiLhmMR3bw,UCbNanjFI51cwGqMAb2rOrBw,1,@MariaNavarroYT,@RosaMontesdeOca777
UCZjm6U576nX8WOiLhmMR3bw,UCi2KiZq63sRq8Mfbcp-MelQ,1,@MariaNavarroYT,@eugeneramirez4405
UCZjm6U576nX8WOiLhmMR3bw,UCozFYHN0e_-vlQbX3wQGOug,1,@MariaNavarroYT,@jesusguzman2321
UCZjm6U576nX8WOiLhmMR3bw,UCp_dAUfv8i3LW3zWc24dLaQ,1,@MariaNavarroYT,@MarioCortez-o6v
UCZjm6U576nX8WOiLhmMR3bw,UCrqXyRsg-_hTosURZ-uvoKg,1,@MariaNavarroYT,@flornolberto2425
UCZjm6U576nX8WOiLhmMR3bw,UCtiHFjFu7d5v2XxHnKFUYig,1,@MariaNavarroYT,@Paul-gf7ec
UCZjm6U576nX8WOiLhmMR3bw,UCxhtlxPV8AYWaNNyU6S9H8Q,1,@MariaNavarroYT,@WilR-s8r
UC_3xuTXvMIWU5MYP9HkJ3vQ,UCfXykdbSU97rj987LDUGfvg,1,@Historia-wm4os,@MariaSantos-c8y3h
UC_3xuTXvMIWU5MYP9HkJ3vQ,UCfjhejO7LZy4doXURa7LZCQ,1,@Historia-wm4os,@HonwayLee-z5g
UC_3xuTXvMIWU5MYP9HkJ3vQ,UCjZgFEowMBrsjodqfovzdKw,1,@Historia-wm4os,@franciscoflores3120
UC_3xuTXvMIWU5MYP9HkJ3vQ,UCq3mDTTRZnUybct5M9OSXbg,1,@Historia-wm4os,@MacoMorales-i2i2d
UC_3xuTXvMIWU5MYP9HkJ3vQ,UCvl1tzQeBeGy6efPTRJXSCw,1,@Historia-wm4os,@RaulPerez-cw2vi
UC_3xuTXvMIWU5MYP9HkJ3vQ,UCwCfs-2zbD5k0lG-UVg_JBw,1,@Historia-wm4os,@JessicaHuaz-96
UC_6KbBY1bsYXz9fwFS0eQRg,UCbrtvygfRT6QXqWDNrOf-cA,1,@imrcp5694,@Alejandro00710
UC_6KbBY1bsYXz9fwFS0eQRg,UCjJf-AJKRFFWtiN-CSwkDmA,1,@imrcp5694,@2jose82
UC_6KbBY1bsYXz9fwFS0eQRg,UCnU8wO1OurAmGstDw6VGjgQ,1,@imrcp5694,@cmorera21
UC_6KbBY1bsYXz9fwFS0eQRg,UCpsKOkt5iWTbenzeuq7dsmQ,1,@imrcp5694,@inge_vergueta
UC_6KbBY1bsYXz9fwFS0eQRg,UCvcu1kR8xMYy_I1Ty-2mV2Q,1,@imrcp5694,@hashojea7348
UC_LYoGs5C3mbZKZuKuqYCvw,UCaKAjTW9MVub_clgr4DRYjQ,1,@javiercifuentesarchila6041,@josecastillo4390
UC_LYoGs5C3mbZKZuKuqYCvw,UCdFlugHJJa4l3YqWuNRmvXw,1,@javiercifuentesarchila6041,@MarcosCarillo-b1r
UC_LYoGs5C3mbZKZuKuqYCvw,UCe8JZoYkX5oKUZyivHYdXhw,1,@javiercifuentesarchila6041,@FernandoGarcia-jg1fj
UC_LYoGs5C3mbZKZuKuqYCvw,UCeDNEtI8_a42bZ47wJiJMwQ,1,@javiercifuentesarchila6041,@EdgarcalderonCalderong
UC_LYoGs5C3mbZKZuKuqYCvw,UCgJNFj5dnxXpcMvmuhZDPxA,1,@javiercifuentesarchila6041,@NataliaRodriguez-rx5mr
UC_LYoGs5C3mbZKZuKuqYCvw,UCgQw_Sbq3ugruDUKsq1e0-A,1,@javiercifuentesarchila6041,@marlenareano-h4t
UC_LYoGs5C3mbZKZuKuqYCvw,UCiC-Jn7wdgyQV4_Urk0DkWQ,1,@javiercifuentesarchila6041,@pedroros6358
UC_LYoGs5C3mbZKZuKuqYCvw,UCkVtmkK07b2zaVVNssX4lOg,1,@javiercifuentesarchila6041,@HectorElias-u2l
UC_LYoGs5C3mbZKZuKuqYCvw,UCkbsS_3D-pvg1iHOld9uvIg,1,@javiercifuentesarchila6041,@gonzalo6075
UC_LYoGs5C3mbZKZuKuqYCvw,UClhMWQ7XKWywYvbRnuf8QsA,1,@javiercifuentesarchila6041,@EcPerez-zz9oh
UC_LYoGs5C3mbZKZuKuqYCvw,UClqA491Xa5fQcXcJJa-vTWw,1,@javiercifuentesarchila6041,@AndresLemus-k2d
UC_LYoGs5C3mbZKZuKuqYCvw,UColMq7LmaoY3MT6aIDGrGvA,1,@javiercifuentesarchila6041,@quijotachapina1
UC_LYoGs5C3mbZKZuKuqYCvw,UCpe5jW3MIqkgTJ-PgkzvM6Q,1,@javiercifuentesarchila6041,@carloslam5333
UC_LYoGs5C3mbZKZuKuqYCvw,UCpsKOkt5iWTbenzeuq7dsmQ,1,@javiercifuentesarchila6041,@inge_vergueta
UC_LYoGs5C3mbZKZuKuqYCvw,UCqCrvuoJpC-aVb0f4logQRQ,1,@javiercifuentesarchila6041,@Lyrics_GT
UC_LYoGs5C3mbZKZuKuqYCvw,UCsGoJEvb-cFPZ2rWoJcXzEQ,1,@javiercifuentesarchila6041,@sergiohinestroza9709
UC_LYoGs5C3mbZKZuKuqYCvw,UCu8_3-Wg-YzNyvHYQDEscfw,1,@javiercifuentesarchila6041,@RolandoCastroPérez-d7y
UC_LYoGs5C3mbZKZuKuqYCvw,UCuXmOjxC-htcprLgeVXz6Tg,1,@javiercifuentesarchila6041,@jorgeaguilar-bq3uj
UC_LYoGs5C3mbZKZuKuqYCvw,UCwgCc9Jd_gG-uLE_SY-FfPg,1,@javiercifuentesarchila6041,@armindapenados2841
UC_LYoGs5C3mbZKZuKuqYCvw,UCwjUvRseNtJoItylIyIez7Q,1,@javiercifuentesarchila6041,@Silviazea
UC_LYoGs5C3mbZKZuKuqYCvw,UCylqlpsh8ENNM1LqgQ1KbxA,1,@javiercifuentesarchila6041,@Jel.Awesh.M
UC_ljZ1hZXR9pzexFz87P5ZA,UCaT6M2zp7X6r6Whd8Vv3kHQ,1,@ChRiStOpHeR7969,@alexarcos8349
UC_ljZ1hZXR9pzexFz87P5ZA,UCgLrWFdYitoP-b7-PxtUr-w,1,@ChRiStOpHeR7969,@zetag
UC_ljZ1hZXR9pzexFz87P5ZA,UCgLurCo-e019HGODcjXHWCw,1,@ChRiStOpHeR7969,@perritojuega1
UC_ljZ1hZXR9pzexFz87P5ZA,UCi-vPdnpQreC7BkFs40mJGA,1,@ChRiStOpHeR7969,@bryansicasales4280
UC_ljZ1hZXR9pzexFz87P5ZA,UCqilIa8r7iek5sGYg_q6ofA,1,@ChRiStOpHeR7969,@rolandojuchuna484
UC_ljZ1hZXR9pzexFz87P5ZA,UCs_5qeqdku9tGAq22y3OcuQ,1,@ChRiStOpHeR7969,@alexandrevasquez4135
UC_ljZ1hZXR9pzexFz87P5ZA,UCtMBF_1O2jY2INlb_luuB_A,1,@ChRiStOpHeR7969,@mynorgudiel8646
UC_ljZ1hZXR9pzexFz87P5ZA,UCwUAv3_LpWVtTIi7lkmTL7A,1,@ChRiStOpHeR7969,@kingr4706
UC_ljZ1hZXR9pzexFz87P5ZA,UCxKR3RA8T-kxMgq_2WWhRcQ,1,@ChRiStOpHeR7969,@elenaluarca9377
UC_ljZ1hZXR9pzexFz87P5ZA,UCyzf29IYjNw67gGIfsjgtxA,1,@ChRiStOpHeR7969,@carlosoliva9249
UCa36MjQLoPAmgJo-R3G8WQA,UCaT4saRcyqCLE657Rq2hhZQ,1,@elsasalguero6914,@elmilenial4064
UCa36MjQLoPAmgJo-R3G8WQA,UCeQk-WfEA-cJRq4EKeE7TOw,1,@elsasalguero6914,@franciscojuarez9223
UCa36MjQLoPAmgJo-R3G8WQA,UCfo_yUPzy1f1POwwZxhZ06Q,1,@elsasalguero6914,@lara11roberto
UCa36MjQLoPAmgJo-R3G8WQA,UCgGqw4aqMdMVSGkKiMgrJRQ,1,@elsasalguero6914,@pattyfigueroa5609
UCa36MjQLoPAmgJo-R3G8WQA,UCheEJ5GZuIvV0fj-nXyVwXw,1,@elsasalguero6914,@rosaoliva9389
UCa36MjQLoPAmgJo-R3G8WQA,UChyps3dqY-VY1_wLeq-2lhw,1,@elsasalguero6914,@maydamorales4395
UCa36MjQLoPAmgJo-R3G8WQA,UCiOZX__1gahg1ypIj0_XG_w,1,@elsasalguero6914,@mariogonzalezorellana8956
UCa36MjQLoPAmgJo-R3G8WQA,UCjZgFEowMBrsjodqfovzdKw,1,@elsasalguero6914,@franciscoflores3120
UCa36MjQLoPAmgJo-R3G8WQA,UCoGdCoJg2Lh0OX_jv6cG16g,1,@elsasalguero6914,@Israel-u5i7i
UCa36MjQLoPAmgJo-R3G8WQA,UCp29O_C7cchZV8IxV7Crdag,1,@elsasalguero6914,@robertoescobar5507
UCa36MjQLoPAmgJo-R3G8WQA,UCql1n3Ey6ULMSOACjMe-fxQ,1,@elsasalguero6914,@RolandoGonzalez-o7g
UCa36MjQLoPAmgJo-R3G8WQA,UCtCtts20bW6F9CSohau51Iw,1,@elsasalguero6914,@carlosgranados9875
UCa36MjQLoPAmgJo-R3G8WQA,UCtsxPYw8VUsH_FfnKg-0lmw,1,@elsasalguero6914,@AlejandroPérez-b6r
UCa36MjQLoPAmgJo-R3G8WQA,UCvDwJBBY1mHK70aTEYl6rsA,1,@elsasalguero6914,@cristianescobedo8296
UCa36MjQLoPAmgJo-R3G8WQA,UCwxoKK59nGCeBqB2sXfDBIw,1,@elsasalguero6914,@vic-bonivideos
UCa36MjQLoPAmgJo-R3G8WQA,UCyJhqmMbsvjpoarBBStA2kg,1,@elsasalguero6914,@Murmullodelbarrio
UCa36MjQLoPAmgJo-R3G8WQA,UCzZ6dDCEsLMXbc5pCFXIprw,1,@elsasalguero6914,@josegil3813
UCaKAjTW9MVub_clgr4DRYjQ,UCdFlugHJJa4l3YqWuNRmvXw,1,@josecastillo4390,@MarcosCarillo-b1r
UCaKAjTW9MVub_clgr4DRYjQ,UCe8JZoYkX5oKUZyivHYdXhw,1,@josecastillo4390,@FernandoGarcia-jg1fj
UCaKAjTW9MVub_clgr4DRYjQ,UCeDNEtI8_a42bZ47wJiJMwQ,1,@josecastillo4390,@EdgarcalderonCalderong
UCaKAjTW9MVub_clgr4DRYjQ,UCgJNFj5dnxXpcMvmuhZDPxA,1,@josecastillo4390,@NataliaRodriguez-rx5mr
UCaKAjTW9MVub_clgr4DRYjQ,UCgQw_Sbq3ugruDUKsq1e0-A,1,@josecastillo4390,@marlenareano-h4t
UCaKAjTW9MVub_clgr4DRYjQ,UCiC-Jn7wdgyQV4_Urk0DkWQ,1,@josecastillo4390,@pedroros6358
UCaKAjTW9MVub_clgr4DRYjQ,UCkVtmkK07b2zaVVNssX4lOg,1,@josecastillo4390,@HectorElias-u2l
UCaKAjTW9MVub_clgr4DRYjQ,UCkbsS_3D-pvg1iHOld9uvIg,1,@josecastillo4390,@gonzalo6075
UCaKAjTW9MVub_clgr4DRYjQ,UClhMWQ7XKWywYvbRnuf8QsA,1,@josecastillo4390,@EcPerez-zz9oh
UCaKAjTW9MVub_clgr4DRYjQ,UClqA491Xa5fQcXcJJa-vTWw,1,@josecastillo4390,@AndresLemus-k2d
UCaKAjTW9MVub_clgr4DRYjQ,UColMq7LmaoY3MT6aIDGrGvA,1,@josecastillo4390,@quijotachapina1
UCaKAjTW9MVub_clgr4DRYjQ,UCpe5jW3MIqkgTJ-PgkzvM6Q,1,@josecastillo4390,@carloslam5333
UCaKAjTW9MVub_clgr4DRYjQ,UCpsKOkt5iWTbenzeuq7dsmQ,1,@josecastillo4390,@inge_vergueta
UCaKAjTW9MVub_clgr4DRYjQ,UCqCrvuoJpC-aVb0f4logQRQ,1,@josecastillo4390,@Lyrics_GT
UCaKAjTW9MVub_clgr4DRYjQ,UCsGoJEvb-cFPZ2rWoJcXzEQ,1,@josecastillo4390,@sergiohinestroza9709
UCaKAjTW9MVub_clgr4DRYjQ,UCu8_3-Wg-YzNyvHYQDEscfw,1,@josecastillo4390,@RolandoCastroPérez-d7y
UCaKAjTW9MVub_clgr4DRYjQ,UCuXmOjxC-htcprLgeVXz6Tg,1,@josecastillo4390,@jorgeaguilar-bq3uj
UCaKAjTW9MVub_clgr4DRYjQ,UCwgCc9Jd_gG-uLE_SY-FfPg,1,@josecastillo4390,@armindapenados2841
UCaKAjTW9MVub_clgr4DRYjQ,UCwjUvRseNtJoItylIyIez7Q,1,@josecastillo4390,@Silviazea
UCaKAjTW9MVub_clgr4DRYjQ,UCylqlpsh8ENNM1LqgQ1KbxA,1,@josecastillo4390,@Jel.Awesh.M
UCaT4saRcyqCLE657Rq2hhZQ,UCeQk-WfEA-cJRq4EKeE7TOw,1,@elmilenial4064,@franciscojuarez9223
UCaT4saRcyqCLE657Rq2hhZQ,UCfo_yUPzy1f1POwwZxhZ06Q,1,@elmilenial4064,@lara11roberto
UCaT4saRcyqCLE657Rq2hhZQ,UCgGqw4aqMdMVSGkKiMgrJRQ,1,@elmilenial4064,@pattyfigueroa5609
UCaT4saRcyqCLE657Rq2hhZQ,UCheEJ5GZuIvV0fj-nXyVwXw,1,@elmilenial4064,@rosaoliva9389
UCaT4saRcyqCLE657Rq2hhZQ,UChyps3dqY-VY1_wLeq-2lhw,1,@elmilenial4064,@maydamorales4395
UCaT4saRcyqCLE657Rq2hhZQ,UCiOZX__1gahg1ypIj0_XG_w,1,@elmilenial4064,@mariogonzalezorellana8956
UCaT4saRcyqCLE657Rq2hhZQ,UCjZgFEowMBrsjodqfovzdKw,1,@elmilenial4064,@franciscoflores3120
UCaT4saRcyqCLE657Rq2hhZQ,UCoGdCoJg2Lh0OX_jv6cG16g,1,@elmilenial4064,@Israel-u5i7i
UCaT4saRcyqCLE657Rq2hhZQ,UCp29O_C7cchZV8IxV7Crdag,1,@elmilenial4064,@robertoescobar5507
UCaT4saRcyqCLE657Rq2hhZQ,UCql1n3Ey6ULMSOACjMe-fxQ,1,@elmilenial4064,@RolandoGonzalez-o7g
UCaT4saRcyqCLE657Rq2hhZQ,UCtCtts20bW6F9CSohau51Iw,1,@elmilenial4064,@carlosgranados9875
UCaT4saRcyqCLE657Rq2hhZQ,UCtsxPYw8VUsH_FfnKg-0lmw,1,@elmilenial4064,@AlejandroPérez-b6r
UCaT4saRcyqCLE657Rq2hhZQ,UCvDwJBBY1mHK70aTEYl6rsA,1,@elmilenial4064,@cristianescobedo8296
UCaT4saRcyqCLE657Rq2hhZQ,UCwxoKK59nGCeBqB2sXfDBIw,1,@elmilenial4064,@vic-bonivideos
UCaT4saRcyqCLE657Rq2hhZQ,UCyJhqmMbsvjpoarBBStA2kg,1,@elmilenial4064,@Murmullodelbarrio
UCaT4saRcyqCLE657Rq2hhZQ,UCzZ6dDCEsLMXbc5pCFXIprw,1,@elmilenial4064,@josegil3813
UCaT6M2zp7X6r6Whd8Vv3kHQ,UCgLrWFdYitoP-b7-PxtUr-w,1,@alexarcos8349,@zetag
UCaT6M2zp7X6r6Whd8Vv3kHQ,UCgLurCo-e019HGODcjXHWCw,1,@alexarcos8349,@perritojuega1
UCaT6M2zp7X6r6Whd8Vv3kHQ,UCi-vPdnpQreC7BkFs40mJGA,1,@alexarcos8349,@bryansicasales4280
UCaT6M2zp7X6r6Whd8Vv3kHQ,UCqilIa8r7iek5sGYg_q6ofA,1,@alexarcos8349,@rolandojuchuna484
UCaT6M2zp7X6r6Whd8Vv3kHQ,UCs_5qeqdku9tGAq22y3OcuQ,1,@alexarcos8349,@alexandrevasquez4135
UCaT6M2zp7X6r6Whd8Vv3kHQ,UCtMBF_1O2jY2INlb_luuB_A,1,@alexarcos8349,@mynorgudiel8646
UCaT6M2zp7X6r6Whd8Vv3kHQ,UCwUAv3_LpWVtTIi7lkmTL7A,1,@alexarcos8349,@kingr4706
UCaT6M2zp7X6r6Whd8Vv3kHQ,UCxKR3RA8T-kxMgq_2WWhRcQ,1,@alexarcos8349,@elenaluarca9377
UCaT6M2zp7X6r6Whd8Vv3kHQ,UCyzf29IYjNw67gGIfsjgtxA,1,@alexarcos8349,@carlosoliva9249
UCat2qkYvqmtDNEmo2PVuhXw,UCbNanjFI51cwGqMAb2rOrBw,1,@DoraSalas-j5o,@RosaMontesdeOca777
UCat2qkYvqmtDNEmo2PVuhXw,UCi2KiZq63sRq8Mfbcp-MelQ,1,@DoraSalas-j5o,@eugeneramirez4405
UCat2qkYvqmtDNEmo2PVuhXw,UCozFYHN0e_-vlQbX3wQGOug,1,@DoraSalas-j5o,@jesusguzman2321
UCat2qkYvqmtDNEmo2PVuhXw,UCp_dAUfv8i3LW3zWc24dLaQ,1,@DoraSalas-j5o,@MarioCortez-o6v
UCat2qkYvqmtDNEmo2PVuhXw,UCrqXyRsg-_hTosURZ-uvoKg,1,@DoraSalas-j5o,@flornolberto2425
UCat2qkYvqmtDNEmo2PVuhXw,UCtiHFjFu7d5v2XxHnKFUYig,1,@DoraSalas-j5o,@Paul-gf7ec
UCat2qkYvqmtDNEmo2PVuhXw,UCxhtlxPV8AYWaNNyU6S9H8Q,1,@DoraSalas-j5o,@WilR-s8r
UCbNanjFI51cwGqMAb2rOrBw,UCi2KiZq63sRq8Mfbcp-MelQ,1,@RosaMontesdeOca777,@eugeneramirez4405
UCbNanjFI51cwGqMAb2rOrBw,UCozFYHN0e_-vlQbX3wQGOug,1,@RosaMontesdeOca777,@jesusguzman2321
UCbNanjFI51cwGqMAb2rOrBw,UCp_dAUfv8i3LW3zWc24dLaQ,1,@RosaMontesdeOca777,@MarioCortez-o6v
UCbNanjFI51cwGqMAb2rOrBw,UCrqXyRsg-_hTosURZ-uvoKg,1,@RosaMontesdeOca777,@flornolberto2425
UCbNanjFI51cwGqMAb2rOrBw,UCtiHFjFu7d5v2XxHnKFUYig,1,@RosaMontesdeOca777,@Paul-gf7ec
UCbNanjFI51cwGqMAb2rOrBw,UCxhtlxPV8AYWaNNyU6S9H8Q,1,@RosaMontesdeOca777,@WilR-s8r
UCbYoNG5J3Au5BqtbXogfEFw,UCf5lnNZF7Qrtli9v4N_23WQ,1,@Luis-gn3fj,@CarlosCortez-v5r
UCbYoNG5J3Au5BqtbXogfEFw,UCg3eIfd7BrsLEqS0BLkftHA,1,@Luis-gn3fj,@ErmePérez-q4s
UCbYoNG5J3Au5BqtbXogfEFw,UCgQJgI9vu1FI2dnC9mrFthw,1,@Luis-gn3fj,@srms70
UCbYoNG5J3Au5BqtbXogfEFw,UClsrFGJKWPxxw7MiaEdKLXw,1,@Luis-gn3fj,@ericapaz5406
UCbYoNG5J3Au5BqtbXogfEFw,UCtNyHmRZtvGF2hSvI2dUBWw,1,@Luis-gn3fj,@aureliomaldonado4793
UCbYoNG5J3Au5BqtbXogfEFw,UCuP4UK33HKtJE_S39ksmaTw,1,@Luis-gn3fj,@herbertaguilar1387
UCbYoNG5J3Au5BqtbXogfEFw,UCusjriFsDHEc2AOjqk-p5ig,1,@Luis-gn3fj,@pablobarrios7931
UCbYoNG5J3Au5BqtbXogfEFw,UCzZ6dDCEsLMXbc5pCFXIprw,1,@Luis-gn3fj,@josegil3813
UCbrtvygfRT6QXqWDNrOf-cA,UCcFIBN-rtC3d3hXeuN5TfWw,1,@Alejandro00710,@DenisRMC
UCbrtvygfRT6QXqWDNrOf-cA,UCc_F88PzGWtA1OPNUEASulA,1,@Alejandro00710,@rockyscarlet
UCbrtvygfRT6QXqWDNrOf-cA,UCdQAuWwyC99MB7Y02Umj26Q,1,@Alejandro00710,@miguelbran1268
UCbrtvygfRT6QXqWDNrOf-cA,UCefAH1MbvADWUjE9WVcB9EQ,1,@Alejandro00710,@jabriz8152
UCbrtvygfRT6QXqWDNrOf-cA,UChT7pzGytNd92Nmvi-zuWog,1,@Alejandro00710,@sparkvalkov
UCbrtvygfRT6QXqWDNrOf-cA,UCjJf-AJKRFFWtiN-CSwkDmA,1,@Alejandro00710,@2jose82
UCbrtvygfRT6QXqWDNrOf-cA,UCkxdJ_yGN2gghOMo2ybQtXQ,1,@Alejandro00710,@11223344An
UCbrtvygfRT6QXqWDNrOf-cA,UCnU8wO1OurAmGstDw6VGjgQ,1,@Alejandro00710,@cmorera21
UCbrtvygfRT6QXqWDNrOf-cA,UCpsKOkt5iWTbenzeuq7dsmQ,1,@Alejandro00710,@inge_vergueta
UCbrtvygfRT6QXqWDNrOf-cA,UCwEe1RKlEv1UpNWmWYfSh4w,1,@Alejandro00710,@marioramirez299
UCbrtvygfRT6QXqWDNrOf-cA,UCxcoDvP-g2_KTZDmVZtvb3w,1,@Alejandro00710,@angelmartinez9523
UCcFIBN-rtC3d3hXeuN5TfWw,UCc_F88PzGWtA1OPNUEASulA,1,@DenisRMC,@rockyscarlet
UCcFIBN-rtC3d3hXeuN5TfWw,UCdQAuWwyC99MB7Y02Umj26Q,1,@DenisRMC,@miguelbran1268
UCcFIBN-rtC3d3hXeuN5TfWw,UCefAH1MbvADWUjE9WVcB9EQ,1,@DenisRMC,@jabriz8152
UCcFIBN-rtC3d3hXeuN5TfWw,UChT7pzGytNd92Nmvi-zuWog,1,@DenisRMC,@sparkvalkov
UCcFIBN-rtC3d3hXeuN5TfWw,UCkxdJ_yGN2gghOMo2ybQtXQ,1,@DenisRMC,@11223344An
UCcFIBN-rtC3d3hXeuN5TfWw,UCvcu1kR8xMYy_I1Ty-2mV2Q,1,@DenisRMC,@hashojea7348
UCcFIBN-rtC3d3hXeuN5TfWw,UCwEe1RKlEv1UpNWmWYfSh4w,1,@DenisRMC,@marioramirez299
UCcFIBN-rtC3d3hXeuN5TfWw,UCxcoDvP-g2_KTZDmVZtvb3w,1,@DenisRMC,@angelmartinez9523
UCc_F88PzGWtA1OPNUEASulA,UCdQAuWwyC99MB7Y02Umj26Q,1,@rockyscarlet,@miguelbran1268
UCc_F88PzGWtA1OPNUEASulA,UCefAH1MbvADWUjE9WVcB9EQ,1,@rockyscarlet,@jabriz8152
UCc_F88PzGWtA1OPNUEASulA,UChT7pzGytNd92Nmvi-zuWog,1,@rockyscarlet,@sparkvalkov
UCc_F88PzGWtA1OPNUEASulA,UCkxdJ_yGN2gghOMo2ybQtXQ,1,@rockyscarlet,@11223344An
UCc_F88PzGWtA1OPNUEASulA,UCvcu1kR8xMYy_I1Ty-2mV2Q,1,@rockyscarlet,@hashojea7348
UCc_F88PzGWtA1OPNUEASulA,UCwEe1RKlEv1UpNWmWYfSh4w,1,@rockyscarlet,@marioramirez299
UCc_F88PzGWtA1OPNUEASulA,UCxcoDvP-g2_KTZDmVZtvb3w,1,@rockyscarlet,@angelmartinez9523
UCcfdg8crmMJwEuLUsAhV7yg,UCfM3nrxtTQMY5jFx1v1J4Gg,1,@RolandoRaguay,@edgarroldan5539
UCcfdg8crmMJwEuLUsAhV7yg,UCgvw7xIdGFupzpt1Y_BFkEA,1,@RolandoRaguay,@fredygarcia9151
UCcfdg8crmMJwEuLUsAhV7yg,UCh5ESQvtzyHDhCA7XyekCFA,1,@RolandoRaguay,@andyB5280
UCcfdg8crmMJwEuLUsAhV7yg,UChZknRmJkeGeQk0-mQuhDOg,1,@RolandoRaguay,@OdilioRodríguez-c5w
UCcfdg8crmMJwEuLUsAhV7yg,UChep9kVb5gQmpodEEl10Xlg,1,@RolandoRaguay,@carlosaguilar-kz7ml
UCcfdg8crmMJwEuLUsAhV7yg,UChgkn5Jt5tWKYMoEOuCjz3Q,1,@RolandoRaguay,@pablochitay46
UCcfdg8crmMJwEuLUsAhV7yg,UChs3tU2BcKOT0CezykvAsGw,1,@RolandoRaguay,@byronpontaza
UCcfdg8crmMJwEuLUsAhV7yg,UCi1b_TRQfgO1Z9O2gNGGWNA,1,@RolandoRaguay,@davidisraelesquitsaquil
UCcfdg8crmMJwEuLUsAhV7yg,UCiGRBf2RNF0WRKhRVT7zFoA,1,@RolandoRaguay,@edwinavila4876
UCcfdg8crmMJwEuLUsAhV7yg,UCiMythXHsw7eQEMykCdmMUA,1,@RolandoRaguay,@JavierBecerra-h6x
UCcfdg8crmMJwEuLUsAhV7yg,UCipetjeiWj4CZB6EbyYziZg,1,@RolandoRaguay,@OseasSamayoa-ol5rz
UCcfdg8crmMJwEuLUsAhV7yg,UCj-LL25XJnjxepPKCc3NGog,1,@RolandoRaguay,@anaaguirre8985
UCcfdg8crmMJwEuLUsAhV7yg,UCjSKM9j0Q7HLDr1hD6D-TUw,1,@RolandoRaguay,@josehidalgo4875
UCcfdg8crmMJwEuLUsAhV7yg,UCjmPuazZJzscrwvk0QR9RVw,1,@RolandoRaguay,@mynorrodas8591
UCcfdg8crmMJwEuLUsAhV7yg,UCkd9W714-947dEE6ZOEBATA,1,@RolandoRaguay,@ARGELIATELON
UCcfdg8crmMJwEuLUsAhV7yg,UCl0ekS9Tt0jJGtOEM18S63w,1,@RolandoRaguay,@monkchapin
UCcfdg8crmMJwEuLUsAhV7yg,UCljDbleJul41G1TzOjOZAVA,1,@RolandoRaguay,@hectorcarranza3777
UCcfdg8crmMJwEuLUsAhV7yg,UCmjppp6ujz3SAnULvP3sZMw,1,@RolandoRaguay,@marcomendez7509
UCcfdg8crmMJwEuLUsAhV7yg,UCmvOgzmmXbjUthHy-WJ52hQ,1,@RolandoRaguay,@mariorodas593
UCcfdg8crmMJwEuLUsAhV7yg,UCp4iw5_5SmV9VGTFSNVGOmQ,1,@RolandoRaguay,@CARLOSSTREMS51
UCcfdg8crmMJwEuLUsAhV7yg,UCpIdtvoFHVLGASGB5ySqIEA,1,@RolandoRaguay,@VidalVillatoro-p4w
UCcfdg8crmMJwEuLUsAhV7yg,UCpl8rF8uv_8uui-QRvuJaRA,1,@RolandoRaguay,@SergioGarcia-z9c
UCcfdg8crmMJwEuLUsAhV7yg,UCplrIQtaPj6au60_f2-mOYw,1,@RolandoRaguay,@romeolopezherrarte799
UCcfdg8crmMJwEuLUsAhV7yg,UCpsKOkt5iWTbenzeuq7dsmQ,1,@RolandoRaguay,@inge_vergueta
UCcfdg8crmMJwEuLUsAhV7yg,UCr1emrogPKkKTs_WTtx71xg,1,@RolandoRaguay,@domingopeneleu6457
UCcfdg8crmMJwEuLUsAhV7yg,UCrJn_rbo_ENAdeqneS-RmRw,1,@RolandoRaguay,@josecarrera9623
UCcfdg8crmMJwEuLUsAhV7yg,UCsJJAvrVGupdmhOqgtDp8dg,1,@RolandoRaguay,@nestorlorenzana1168
UCcfdg8crmMJwEuLUsAhV7yg,UCsSXdJct-nsS8DsABoEsaYA,1,@RolandoRaguay,@IvánPérez-j4j
UCcfdg8crmMJwEuLUsAhV7yg,UCsUCN0Yq_UyTvKjOJLmNrnQ,1,@RolandoRaguay,@moisesvaldez4043
UCcfdg8crmMJwEuLUsAhV7yg,UCsjs5Hp_r86x1xbK6FAeqaA,1,@RolandoRaguay,@alvaroesquivel563
UCcfdg8crmMJwEuLUsAhV7yg,UCtNfIBnc5S5DbbQj_yxgJTw,1,@RolandoRaguay,@JosueRamirez-ey3ih
UCcfdg8crmMJwEuLUsAhV7yg,UCtUR3_CAiE7fCoZHM6cMfyQ,1,@RolandoRaguay,@mdelcid01
UCcfdg8crmMJwEuLUsAhV7yg,UCueV9cTyTDwgQSec1x2dYgA,1,@RolandoRaguay,@fredydomingo7062
UCcfdg8crmMJwEuLUsAhV7yg,UCujPF2nBgsTD62nWE3lcpIg,1,@RolandoRaguay,@victorarturoruanobautista7588
UCcfdg8crmMJwEuLUsAhV7yg,UCut6b9S98nv84cVX89PmKzA,1,@RolandoRaguay,@yeniferaguirre4498
UCcfdg8crmMJwEuLUsAhV7yg,UCvApqeCbLod-wejtT4CcVuA,1,@RolandoRaguay,@davidgaher9550
UCcfdg8crmMJwEuLUsAhV7yg,UCwO2SXr0ggzwg6QWWrr01nQ,1,@RolandoRaguay,@ricardofigueroa5720
UCcfdg8crmMJwEuLUsAhV7yg,UCwW2OFy95P7ZBkOPxWkpvYg,1,@RolandoRaguay,@TeresaLucero-b5o
UCcfdg8crmMJwEuLUsAhV7yg,UCwha8rxULYMVtNwZWeSkE1A,1,@RolandoRaguay,@mariasamo8637
UCcfdg8crmMJwEuLUsAhV7yg,UCxff05WuyvwELNITi7bj7UA,1,@RolandoRaguay,@markoherrera
UCcfdg8crmMJwEuLUsAhV7yg,UCySYJU5kUh7X8gVt9la2ISA,1,@RolandoRaguay,@dantesarti4351
UCcfdg8crmMJwEuLUsAhV7yg,UCylqlpsh8ENNM1LqgQ1KbxA,1,@RolandoRaguay,@Jel.Awesh.M
UCcfdg8crmMJwEuLUsAhV7yg,UCz3gu01bmjNv0DpRq-K3XYg,1,@RolandoRaguay,@eusebiovasquez4385
UCcfdg8crmMJwEuLUsAhV7yg,UCzSfZlOVxBSs5ObD25ywxDQ,1,@RolandoRaguay,@GilmarMaldonado-q9m
UCcfdg8crmMJwEuLUsAhV7yg,UCzoL2l5H5eVlorWGH8AZfAg,1,@RolandoRaguay,@jor77cas
UCdFlugHJJa4l3YqWuNRmvXw,UCe8JZoYkX5oKUZyivHYdXhw,1,@MarcosCarillo-b1r,@FernandoGarcia-jg1fj
UCdFlugHJJa4l3YqWuNRmvXw,UCeDNEtI8_a42bZ47wJiJMwQ,1,@MarcosCarillo-b1r,@EdgarcalderonCalderong
UCdFlugHJJa4l3YqWuNRmvXw,UCfRqgt2O-vjzUDMZY_tnxQw,1,@MarcosCarillo-b1r,@Williams-Garcia67E
UCdFlugHJJa4l3YqWuNRmvXw,UCgJNFj5dnxXpcMvmuhZDPxA,1,@MarcosCarillo-b1r,@NataliaRodriguez-rx5mr
UCdFlugHJJa4l3YqWuNRmvXw,UCgQw_Sbq3ugruDUKsq1e0-A,1,@MarcosCarillo-b1r,@marlenareano-h4t
UCdFlugHJJa4l3YqWuNRmvXw,UCiC-Jn7wdgyQV4_Urk0DkWQ,1,@MarcosCarillo-b1r,@pedroros6358
UCdFlugHJJa4l3YqWuNRmvXw,UCk4O-J1BhoqPmig1KLGJePA,1,@MarcosCarillo-b1r,@lazarobarillas3575
UCdFlugHJJa4l3YqWuNRmvXw,UCkVtmkK07b2zaVVNssX4lOg,1,@MarcosCarillo-b1r,@HectorElias-u2l
UCdFlugHJJa4l3YqWuNRmvXw,UCkbsS_3D-pvg1iHOld9uvIg,1,@MarcosCarillo-b1r,@gonzalo6075
UCdFlugHJJa4l3YqWuNRmvXw,UClhMWQ7XKWywYvbRnuf8QsA,1,@MarcosCarillo-b1r,@EcPerez-zz9oh
UCdFlugHJJa4l3YqWuNRmvXw,UClqA491Xa5fQcXcJJa-vTWw,1,@MarcosCarillo-b1r,@AndresLemus-k2d
UCdFlugHJJa4l3YqWuNRmvXw,UColMq7LmaoY3MT6aIDGrGvA,1,@MarcosCarillo-b1r,@quijotachapina1
UCdFlugHJJa4l3YqWuNRmvXw,UCpe5jW3MIqkgTJ-PgkzvM6Q,1,@MarcosCarillo-b1r,@carloslam5333
UCdFlugHJJa4l3YqWuNRmvXw,UCpsKOkt5iWTbenzeuq7dsmQ,1,@MarcosCarillo-b1r,@inge_vergueta
UCdFlugHJJa4l3YqWuNRmvXw,UCqCrvuoJpC-aVb0f4logQRQ,1,@MarcosCarillo-b1r,@Lyrics_GT
UCdFlugHJJa4l3YqWuNRmvXw,UCsGoJEvb-cFPZ2rWoJcXzEQ,1,@MarcosCarillo-b1r,@sergiohinestroza9709
UCdFlugHJJa4l3YqWuNRmvXw,UCu8_3-Wg-YzNyvHYQDEscfw,1,@MarcosCarillo-b1r,@RolandoCastroPérez-d7y
UCdFlugHJJa4l3YqWuNRmvXw,UCuXmOjxC-htcprLgeVXz6Tg,1,@MarcosCarillo-b1r,@jorgeaguilar-bq3uj
UCdFlugHJJa4l3YqWuNRmvXw,UCwgCc9Jd_gG-uLE_SY-FfPg,1,@MarcosCarillo-b1r,@armindapenados2841
UCdFlugHJJa4l3YqWuNRmvXw,UCwjUvRseNtJoItylIyIez7Q,1,@MarcosCarillo-b1r,@Silviazea
UCdFlugHJJa4l3YqWuNRmvXw,UCylqlpsh8ENNM1LqgQ1KbxA,1,@MarcosCarillo-b1r,@Jel.Awesh.M
UCdQAuWwyC99MB7Y02Umj26Q,UCefAH1MbvADWUjE9WVcB9EQ,1,@miguelbran1268,@jabriz8152
UCdQAuWwyC99MB7Y02Umj26Q,UChT7pzGytNd92Nmvi-zuWog,1,@miguelbran1268,@sparkvalkov
UCdQAuWwyC99MB7Y02Umj26Q,UCkxdJ_yGN2gghOMo2ybQtXQ,1,@miguelbran1268,@11223344An
UCdQAuWwyC99MB7Y02Umj26Q,UCvcu1kR8xMYy_I1Ty-2mV2Q,1,@miguelbran1268,@hashojea7348
UCdQAuWwyC99MB7Y02Umj26Q,UCwEe1RKlEv1UpNWmWYfSh4w,1,@miguelbran1268,@marioramirez299
UCdQAuWwyC99MB7Y02Umj26Q,UCxcoDvP-g2_KTZDmVZtvb3w,1,@miguelbran1268,@angelmartinez9523
UCe8JZoYkX5oKUZyivHYdXhw,UCeDNEtI8_a42bZ47wJiJMwQ,1,@FernandoGarcia-jg1fj,@EdgarcalderonCalderong
UCe8JZoYkX5oKUZyivHYdXhw,UCgJNFj5dnxXpcMvmuhZDPxA,1,@FernandoGarcia-jg1fj,@NataliaRodriguez-rx5mr
UCe8JZoYkX5oKUZyivHYdXhw,UCgQw_Sbq3ugruDUKsq1e0-A,1,@FernandoGarcia-jg1fj,@marlenareano-h4t
UCe8JZoYkX5oKUZyivHYdXhw,UCiC-Jn7wdgyQV4_Urk0DkWQ,1,@FernandoGarcia-jg1fj,@pedroros6358
UCe8JZoYkX5oKUZyivHYdXhw,UCkVtmkK07b2zaVVNssX4lOg,1,@FernandoGarcia-jg1fj,@HectorElias-u2l
UCe8JZoYkX5oKUZyivHYdXhw,UCkbsS_3D-pvg1iHOld9uvIg,1,@FernandoGarcia-jg1fj,@gonzalo6075
UCe8JZoYkX5oKUZyivHYdXhw,UClhMWQ7XKWywYvbRnuf8QsA,1,@FernandoGarcia-jg1fj,@EcPerez-zz9oh
UCe8JZoYkX5oKUZyivHYdXhw,UClqA491Xa5fQcXcJJa-vTWw,1,@FernandoGarcia-jg1fj,@AndresLemus-k2d
UCe8JZoYkX5oKUZyivHYdXhw,UColMq7LmaoY3MT6aIDGrGvA,1,@FernandoGarcia-jg1fj,@quijotachapina1
UCe8JZoYkX5oKUZyivHYdXhw,UCpe5jW3MIqkgTJ-PgkzvM6Q,1,@FernandoGarcia-jg1fj,@carloslam5333
UCe8JZoYkX5oKUZyivHYdXhw,UCpsKOkt5iWTbenzeuq7dsmQ,1,@FernandoGarcia-jg1fj,@inge_vergueta
UCe8JZoYkX5oKUZyivHYdXhw,UCqCrvuoJpC-aVb0f4logQRQ,1,@FernandoGarcia-jg1fj,@Lyrics_GT
UCe8JZoYkX5oKUZyivHYdXhw,UCsGoJEvb-cFPZ2rWoJcXzEQ,1,@FernandoGarcia-jg1fj,@sergiohinestroza9709
UCe8JZoYkX5oKUZyivHYdXhw,UCu8_3-Wg-YzNyvHYQDEscfw,1,@FernandoGarcia-jg1fj,@RolandoCastroPérez-d7y
UCe8JZoYkX5oKUZyivHYdXhw,UCuXmOjxC-htcprLgeVXz6Tg,1,@FernandoGarcia-jg1fj,@jorgeaguilar-bq3uj
UCe8JZoYkX5oKUZyivHYdXhw,UCwgCc9Jd_gG-uLE_SY-FfPg,1,@FernandoGarcia-jg1fj,@armindapenados2841
UCe8JZoYkX5oKUZyivHYdXhw,UCwjUvRseNtJoItylIyIez7Q,1,@FernandoGarcia-jg1fj,@Silviazea
UCe8JZoYkX5oKUZyivHYdXhw,UCylqlpsh8ENNM1LqgQ1KbxA,1,@FernandoGarcia-jg1fj,@Jel.Awesh.M
UCeDNEtI8_a42bZ47wJiJMwQ,UCgJNFj5dnxXpcMvmuhZDPxA,1,@EdgarcalderonCalderong,@NataliaRodriguez-rx5mr
UCeDNEtI8_a42bZ47wJiJMwQ,UCgQw_Sbq3ugruDUKsq1e0-A,1,@EdgarcalderonCalderong,@marlenareano-h4t
UCeDNEtI8_a42bZ47wJiJMwQ,UCiC-Jn7wdgyQV4_Urk0DkWQ,1,@EdgarcalderonCalderong,@pedroros6358
UCeDNEtI8_a42bZ47wJiJMwQ,UCkVtmkK07b2zaVVNssX4lOg,1,@EdgarcalderonCalderong,@HectorElias-u2l
UCeDNEtI8_a42bZ47wJiJMwQ,UCkbsS_3D-pvg1iHOld9uvIg,1,@EdgarcalderonCalderong,@gonzalo6075
UCeDNEtI8_a42bZ47wJiJMwQ,UClhMWQ7XKWywYvbRnuf8QsA,1,@EdgarcalderonCalderong,@EcPerez-zz9oh
UCeDNEtI8_a42bZ47wJiJMwQ,UClqA491Xa5fQcXcJJa-vTWw,1,@EdgarcalderonCalderong,@AndresLemus-k2d
UCeDNEtI8_a42bZ47wJiJMwQ,UColMq7LmaoY3MT6aIDGrGvA,1,@EdgarcalderonCalderong,@quijotachapina1
UCeDNEtI8_a42bZ47wJiJMwQ,UCpe5jW3MIqkgTJ-PgkzvM6Q,1,@EdgarcalderonCalderong,@carloslam5333
UCeDNEtI8_a42bZ47wJiJMwQ,UCpsKOkt5iWTbenzeuq7dsmQ,1,@EdgarcalderonCalderong,@inge_vergueta
UCeDNEtI8_a42bZ47wJiJMwQ,UCqCrvuoJpC-aVb0f4logQRQ,1,@EdgarcalderonCalderong,@Lyrics_GT
UCeDNEtI8_a42bZ47wJiJMwQ,UCsGoJEvb-cFPZ2rWoJcXzEQ,1,@EdgarcalderonCalderong,@sergiohinestroza9709
UCeDNEtI8_a42bZ47wJiJMwQ,UCu8_3-Wg-YzNyvHYQDEscfw,1,@EdgarcalderonCalderong,@RolandoCastroPérez-d7y
UCeDNEtI8_a42bZ47wJiJMwQ,UCuXmOjxC-htcprLgeVXz6Tg,1,@EdgarcalderonCalderong,@jorgeaguilar-bq3uj
UCeDNEtI8_a42bZ47wJiJMwQ,UCwgCc9Jd_gG-uLE_SY-FfPg,1,@EdgarcalderonCalderong,@armindapenados2841
UCeDNEtI8_a42bZ47wJiJMwQ,UCwjUvRseNtJoItylIyIez7Q,1,@EdgarcalderonCalderong,@Silviazea
UCeDNEtI8_a42bZ47wJiJMwQ,UCylqlpsh8ENNM1LqgQ1KbxA,1,@EdgarcalderonCalderong,@Jel.Awesh.M
UCeQk-WfEA-cJRq4EKeE7TOw,UCfo_yUPzy1f1POwwZxhZ06Q,1,@franciscojuarez9223,@lara11roberto
UCeQk-WfEA-cJRq4EKeE7TOw,UCgGqw4aqMdMVSGkKiMgrJRQ,1,@franciscojuarez9223,@pattyfigueroa5609
UCeQk-WfEA-cJRq4EKeE7TOw,UCheEJ5GZuIvV0fj-nXyVwXw,1,@franciscojuarez9223,@rosaoliva9389
UCeQk-WfEA-cJRq4EKeE7TOw,UChyps3dqY-VY1_wLeq-2lhw,1,@franciscojuarez9223,@maydamorales4395
UCeQk-WfEA-cJRq4EKeE7TOw,UCiOZX__1gahg1ypIj0_XG_w,1,@franciscojuarez9223,@mariogonzalezorellana8956
UCeQk-WfEA-cJRq4EKeE7TOw,UCjZgFEowMBrsjodqfovzdKw,1,@franciscojuarez9223,@franciscoflores3120
UCeQk-WfEA-cJRq4EKeE7TOw,UCoGdCoJg2Lh0OX_jv6cG16g,1,@franciscojuarez9223,@Israel-u5i7i
UCeQk-WfEA-cJRq4EKeE7TOw,UCp29O_C7cchZV8IxV7Crdag,1,@franciscojuarez9223,@robertoescobar5507
UCeQk-WfEA-cJRq4EKeE7TOw,UCql1n3Ey6ULMSOACjMe-fxQ,1,@franciscojuarez9223,@RolandoGonzalez-o7g
UCeQk-WfEA-cJRq4EKeE7TOw,UCtCtts20bW6F9CSohau51Iw,1,@franciscojuarez9223,@carlosgranados9875
UCeQk-WfEA-cJRq4EKeE7TOw,UCtsxPYw8VUsH_FfnKg-0lmw,1,@franciscojuarez9223,@AlejandroPérez-b6r
UCeQk-WfEA-cJRq4EKeE7TOw,UCvDwJBBY1mHK70aTEYl6rsA,1,@franciscojuarez9223,@cristianescobedo8296
UCeQk-WfEA-cJRq4EKeE7TOw,UCwxoKK59nGCeBqB2sXfDBIw,1,@franciscojuarez9223,@vic-bonivideos
UCeQk-WfEA-cJRq4EKeE7TOw,UCyJhqmMbsvjpoarBBStA2kg,1,@franciscojuarez9223,@Murmullodelbarrio
UCeQk-WfEA-cJRq4EKeE7TOw,UCzZ6dDCEsLMXbc5pCFXIprw,1,@franciscojuarez9223,@josegil3813
UCefAH1MbvADWUjE9WVcB9EQ,UChT7pzGytNd92Nmvi-zuWog,1,@jabriz8152,@sparkvalkov
UCefAH1MbvADWUjE9WVcB9EQ,UCkxdJ_yGN2gghOMo2ybQtXQ,1,@jabriz8152,@11223344An
UCefAH1MbvADWUjE9WVcB9EQ,UCvcu1kR8xMYy_I1Ty-2mV2Q,1,@jabriz8152,@hashojea7348
UCefAH1MbvADWUjE9WVcB9EQ,UCwEe1RKlEv1UpNWmWYfSh4w,1,@jabriz8152,@marioramirez299
UCefAH1MbvADWUjE9WVcB9EQ,UCxcoDvP-g2_KTZDmVZtvb3w,1,@jabriz8152,@angelmartinez9523
UCf5lnNZF7Qrtli9v4N_23WQ,UCg3eIfd7BrsLEqS0BLkftHA,1,@CarlosCortez-v5r,@ErmePérez-q4s
UCf5lnNZF7Qrtli9v4N_23WQ,UCgQJgI9vu1FI2dnC9mrFthw,1,@CarlosCortez-v5r,@srms70
UCf5lnNZF7Qrtli9v4N_23WQ,UClsrFGJKWPxxw7MiaEdKLXw,1,@CarlosCortez-v5r,@ericapaz5406
UCf5lnNZF7Qrtli9v4N_23WQ,UCtNyHmRZtvGF2hSvI2dUBWw,1,@CarlosCortez-v5r,@aureliomaldonado4793
UCf5lnNZF7Qrtli9v4N_23WQ,UCuP4UK33HKtJE_S39ksmaTw,1,@CarlosCortez-v5r,@herbertaguilar1387
UCf5lnNZF7Qrtli9v4N_23WQ,UCusjriFsDHEc2AOjqk-p5ig,1,@CarlosCortez-v5r,@pablobarrios7931
UCf5lnNZF7Qrtli9v4N_23WQ,UCzZ6dDCEsLMXbc5pCFXIprw,1,@CarlosCortez-v5r,@josegil3813
UCfM3nrxtTQMY5jFx1v1J4Gg,UCgvw7xIdGFupzpt1Y_BFkEA,1,@edgarroldan5539,@fredygarcia9151
UCfM3nrxtTQMY5jFx1v1J4Gg,UCh5ESQvtzyHDhCA7XyekCFA,1,@edgarroldan5539,@andyB5280
UCfM3nrxtTQMY5jFx1v1J4Gg,UChZknRmJkeGeQk0-mQuhDOg,1,@edgarroldan5539,@OdilioRodríguez-c5w
UCfM3nrxtTQMY5jFx1v1J4Gg,UChep9kVb5gQmpodEEl10Xlg,1,@edgarroldan5539,@carlosaguilar-kz7ml
UCfM3nrxtTQMY5jFx1v1J4Gg,UChgkn5Jt5tWKYMoEOuCjz3Q,1,@edgarroldan5539,@pablochitay46
UCfM3nrxtTQMY5jFx1v1J4Gg,UChs3tU2BcKOT0CezykvAsGw,1,@edgarroldan5539,@byronpontaza
UCfM3nrxtTQMY5jFx1v1J4Gg,UCi1b_TRQfgO1Z9O2gNGGWNA,1,@edgarroldan5539,@davidisraelesquitsaquil
UCfM3nrxtTQMY5jFx1v1J4Gg,UCiGRBf2RNF0WRKhRVT7zFoA,1,@edgarroldan5539,@edwinavila4876
UCfM3nrxtTQMY5jFx1v1J4Gg,UCiMythXHsw7eQEMykCdmMUA,1,@edgarroldan5539,@JavierBecerra-h6x
UCfM3nrxtTQMY5jFx1v1J4Gg,UCipetjeiWj4CZB6EbyYziZg,1,@edgarroldan5539,@OseasSamayoa-ol5rz
UCfM3nrxtTQMY5jFx1v1J4Gg,UCj-LL25XJnjxepPKCc3NGog,1,@edgarroldan5539,@anaaguirre8985
UCfM3nrxtTQMY5jFx1v1J4Gg,UCjSKM9j0Q7HLDr1hD6D-TUw,1,@edgarroldan5539,@josehidalgo4875
UCfM3nrxtTQMY5jFx1v1J4Gg,UCjmPuazZJzscrwvk0QR9RVw,1,@edgarroldan5539,@mynorrodas8591
UCfM3nrxtTQMY5jFx1v1J4Gg,UCkd9W714-947dEE6ZOEBATA,1,@edgarroldan5539,@ARGELIATELON
UCfM3nrxtTQMY5jFx1v1J4Gg,UCl0ekS9Tt0jJGtOEM18S63w,1,@edgarroldan5539,@monkchapin
UCfM3nrxtTQMY5jFx1v1J4Gg,UCljDbleJul41G1TzOjOZAVA,1,@edgarroldan5539,@hectorcarranza3777
UCfM3nrxtTQMY5jFx1v1J4Gg,UCmjppp6ujz3SAnULvP3sZMw,1,@edgarroldan5539,@marcomendez7509
UCfM3nrxtTQMY5jFx1v1J4Gg,UCmvOgzmmXbjUthHy-WJ52hQ,1,@edgarroldan5539,@mariorodas593
UCfM3nrxtTQMY5jFx1v1J4Gg,UCp4iw5_5SmV9VGTFSNVGOmQ,1,@edgarroldan5539,@CARLOSSTREMS51
UCfM3nrxtTQMY5jFx1v1J4Gg,UCpIdtvoFHVLGASGB5ySqIEA,1,@edgarroldan5539,@VidalVillatoro-p4w
UCfM3nrxtTQMY5jFx1v1J4Gg,UCpl8rF8uv_8uui-QRvuJaRA,1,@edgarroldan5539,@SergioGarcia-z9c
UCfM3nrxtTQMY5jFx1v1J4Gg,UCplrIQtaPj6au60_f2-mOYw,1,@edgarroldan5539,@romeolopezherrarte799
UCfM3nrxtTQMY5jFx1v1J4Gg,UCpsKOkt5iWTbenzeuq7dsmQ,1,@edgarroldan5539,@inge_vergueta
UCfM3nrxtTQMY5jFx1v1J4Gg,UCr1emrogPKkKTs_WTtx71xg,1,@edgarroldan5539,@domingopeneleu6457
UCfM3nrxtTQMY5jFx1v1J4Gg,UCrJn_rbo_ENAdeqneS-RmRw,1,@edgarroldan5539,@josecarrera9623
UCfM3nrxtTQMY5jFx1v1J4Gg,UCsJJAvrVGupdmhOqgtDp8dg,1,@edgarroldan5539,@nestorlorenzana1168
UCfM3nrxtTQMY5jFx1v1J4Gg,UCsSXdJct-nsS8DsABoEsaYA,1,@edgarroldan5539,@IvánPérez-j4j
UCfM3nrxtTQMY5jFx1v1J4Gg,UCsUCN0Yq_UyTvKjOJLmNrnQ,1,@edgarroldan5539,@moisesvaldez4043
UCfM3nrxtTQMY5jFx1v1J4Gg,UCsjs5Hp_r86x1xbK6FAeqaA,1,@edgarroldan5539,@alvaroesquivel563
UCfM3nrxtTQMY5jFx1v1J4Gg,UCtNfIBnc5S5DbbQj_yxgJTw,1,@edgarroldan5539,@JosueRamirez-ey3ih
UCfM3nrxtTQMY5jFx1v1J4Gg,UCtUR3_CAiE7fCoZHM6cMfyQ,1,@edgarroldan5539,@mdelcid01
UCfM3nrxtTQMY5jFx1v1J4Gg,UCueV9cTyTDwgQSec1x2dYgA,1,@edgarroldan5539,@fredydomingo7062
UCfM3nrxtTQMY5jFx1v1J4Gg,UCujPF2nBgsTD62nWE3lcpIg,1,@edgarroldan5539,@victorarturoruanobautista7588
UCfM3nrxtTQMY5jFx1v1J4Gg,UCut6b9S98nv84cVX89PmKzA,1,@edgarroldan5539,@yeniferaguirre4498
UCfM3nrxtTQMY5jFx1v1J4Gg,UCvApqeCbLod-wejtT4CcVuA,1,@edgarroldan5539,@davidgaher9550
UCfM3nrxtTQMY5jFx1v1J4Gg,UCwO2SXr0ggzwg6QWWrr01nQ,1,@edgarroldan5539,@ricardofigueroa5720
UCfM3nrxtTQMY5jFx1v1J4Gg,UCwW2OFy95P7ZBkOPxWkpvYg,1,@edgarroldan5539,@TeresaLucero-b5o
UCfM3nrxtTQMY5jFx1v1J4Gg,UCwha8rxULYMVtNwZWeSkE1A,1,@edgarroldan5539,@mariasamo8637
UCfM3nrxtTQMY5jFx1v1J4Gg,UCxff05WuyvwELNITi7bj7UA,1,@edgarroldan5539,@markoherrera
UCfM3nrxtTQMY5jFx1v1J4Gg,UCySYJU5kUh7X8gVt9la2ISA,1,@edgarroldan5539,@dantesarti4351
UCfM3nrxtTQMY5jFx1v1J4Gg,UCylqlpsh8ENNM1LqgQ1KbxA,1,@edgarroldan5539,@Jel.Awesh.M
UCfM3nrxtTQMY5jFx1v1J4Gg,UCz3gu01bmjNv0DpRq-K3XYg,1,@edgarroldan5539,@eusebiovasquez4385
UCfM3nrxtTQMY5jFx1v1J4Gg,UCzSfZlOVxBSs5ObD25ywxDQ,1,@edgarroldan5539,@GilmarMaldonado-q9m
UCfM3nrxtTQMY5jFx1v1J4Gg,UCzoL2l5H5eVlorWGH8AZfAg,1,@edgarroldan5539,@jor77cas
UCfRqgt2O-vjzUDMZY_tnxQw,UCk4O-J1BhoqPmig1KLGJePA,1,@Williams-Garcia67E,@lazarobarillas3575
UCfXykdbSU97rj987LDUGfvg,UCfjhejO7LZy4doXURa7LZCQ,1,@MariaSantos-c8y3h,@HonwayLee-z5g
UCfXykdbSU97rj987LDUGfvg,UCjZgFEowMBrsjodqfovzdKw,1,@MariaSantos-c8y3h,@franciscoflores3120
UCfXykdbSU97rj987LDUGfvg,UCq3mDTTRZnUybct5M9OSXbg,1,@MariaSantos-c8y3h,@MacoMorales-i2i2d
UCfXykdbSU97rj987LDUGfvg,UCvl1tzQeBeGy6efPTRJXSCw,1,@MariaSantos-c8y3h,@RaulPerez-cw2vi
UCfXykdbSU97rj987LDUGfvg,UCwCfs-2zbD5k0lG-UVg_JBw,1,@MariaSantos-c8y3h,@JessicaHuaz-96
UCfjhejO7LZy4doXURa7LZCQ,UCjZgFEowMBrsjodqfovzdKw,1,@HonwayLee-z5g,@franciscoflores3120
UCfjhejO7LZy4doXURa7LZCQ,UCq3mDTTRZnUybct5M9OSXbg,1,@HonwayLee-z5g,@MacoMorales-i2i2d
UCfjhejO7LZy4doXURa7LZCQ,UCvl1tzQeBeGy6efPTRJXSCw,1,@HonwayLee-z5g,@RaulPerez-cw2vi
UCfjhejO7LZy4doXURa7LZCQ,UCwCfs-2zbD5k0lG-UVg_JBw,1,@HonwayLee-z5g,@JessicaHuaz-96
UCfo_yUPzy1f1POwwZxhZ06Q,UCgGqw4aqMdMVSGkKiMgrJRQ,1,@lara11roberto,@pattyfigueroa5609
UCfo_yUPzy1f1POwwZxhZ06Q,UCheEJ5GZuIvV0fj-nXyVwXw,1,@lara11roberto,@rosaoliva9389
UCfo_yUPzy1f1POwwZxhZ06Q,UChyps3dqY-VY1_wLeq-2lhw,1,@lara11roberto,@maydamorales4395
UCfo_yUPzy1f1POwwZxhZ06Q,UCiOZX__1gahg1ypIj0_XG_w,1,@lara11roberto,@mariogonzalezorellana8956
UCfo_yUPzy1f1POwwZxhZ06Q,UCjZgFEowMBrsjodqfovzdKw,1,@lara11roberto,@franciscoflores3120
UCfo_yUPzy1f1POwwZxhZ06Q,UCoGdCoJg2Lh0OX_jv6cG16g,1,@lara11roberto,@Israel-u5i7i
UCfo_yUPzy1f1POwwZxhZ06Q,UCp29O_C7cchZV8IxV7Crdag,1,@lara11roberto,@robertoescobar5507
UCfo_yUPzy1f1POwwZxhZ06Q,UCql1n3Ey6ULMSOACjMe-fxQ,1,@lara11roberto,@RolandoGonzalez-o7g
UCfo_yUPzy1f1POwwZxhZ06Q,UCtCtts20bW6F9CSohau51Iw,1,@lara11roberto,@carlosgranados9875
UCfo_yUPzy1f1POwwZxhZ06Q,UCtsxPYw8VUsH_FfnKg-0lmw,1,@lara11roberto,@AlejandroPérez-b6r
UCfo_yUPzy1f1POwwZxhZ06Q,UCvDwJBBY1mHK70aTEYl6rsA,1,@lara11roberto,@cristianescobedo8296
UCfo_yUPzy1f1POwwZxhZ06Q,UCwxoKK59nGCeBqB2sXfDBIw,1,@lara11roberto,@vic-bonivideos
UCfo_yUPzy1f1POwwZxhZ06Q,UCyJhqmMbsvjpoarBBStA2kg,1,@lara11roberto,@Murmullodelbarrio
UCfo_yUPzy1f1POwwZxhZ06Q,UCzZ6dDCEsLMXbc5pCFXIprw,1,@lara11roberto,@josegil3813
UCg3eIfd7BrsLEqS0BLkftHA,UCgQJgI9vu1FI2dnC9mrFthw,1,@ErmePérez-q4s,@srms70
UCg3eIfd7BrsLEqS0BLkftHA,UClsrFGJKWPxxw7MiaEdKLXw,1,@ErmePérez-q4s,@ericapaz5406
UCg3eIfd7BrsLEqS0BLkftHA,UCtNyHmRZtvGF2hSvI2dUBWw,1,@ErmePérez-q4s,@aureliomaldonado4793
UCg3eIfd7BrsLEqS0BLkftHA,UCuP4UK33HKtJE_S39ksmaTw,1,@ErmePérez-q4s,@herbertaguilar1387
UCg3eIfd7BrsLEqS0BLkftHA,UCusjriFsDHEc2AOjqk-p5ig,1,@ErmePérez-q4s,@pablobarrios7931
UCg3eIfd7BrsLEqS0BLkftHA,UCzZ6dDCEsLMXbc5pCFXIprw,1,@ErmePérez-q4s,@josegil3813
UCgGqw4aqMdMVSGkKiMgrJRQ,UCheEJ5GZuIvV0fj-nXyVwXw,1,@pattyfigueroa5609,@rosaoliva9389
UCgGqw4aqMdMVSGkKiMgrJRQ,UChyps3dqY-VY1_wLeq-2lhw,1,@pattyfigueroa5609,@maydamorales4395
UCgGqw4aqMdMVSGkKiMgrJRQ,UCiOZX__1gahg1ypIj0_XG_w,1,@pattyfigueroa5609,@mariogonzalezorellana8956
UCgGqw4aqMdMVSGkKiMgrJRQ,UCjZgFEowMBrsjodqfovzdKw,1,@pattyfigueroa5609,@franciscoflores3120
UCgGqw4aqMdMVSGkKiMgrJRQ,UCoGdCoJg2Lh0OX_jv6cG16g,1,@pattyfigueroa5609,@Israel-u5i7i
UCgGqw4aqMdMVSGkKiMgrJRQ,UCp29O_C7cchZV8IxV7Crdag,1,@pattyfigueroa5609,@robertoescobar5507
UCgGqw4aqMdMVSGkKiMgrJRQ,UCql1n3Ey6ULMSOACjMe-fxQ,1,@pattyfigueroa5609,@RolandoGonzalez-o7g
UCgGqw4aqMdMVSGkKiMgrJRQ,UCtCtts20bW6F9CSohau51Iw,1,@pattyfigueroa5609,@carlosgranados9875
UCgGqw4aqMdMVSGkKiMgrJRQ,UCtsxPYw8VUsH_FfnKg-0lmw,1,@pattyfigueroa5609,@AlejandroPérez-b6r
UCgGqw4aqMdMVSGkKiMgrJRQ,UCvDwJBBY1mHK70aTEYl6rsA,1,@pattyfigueroa5609,@cristianescobedo8296
UCgGqw4aqMdMVSGkKiMgrJRQ,UCwxoKK59nGCeBqB2sXfDBIw,1,@pattyfigueroa5609,@vic-bonivideos
UCgGqw4aqMdMVSGkKiMgrJRQ,UCyJhqmMbsvjpoarBBStA2kg,1,@pattyfigueroa5609,@Murmullodelbarrio
UCgGqw4aqMdMVSGkKiMgrJRQ,UCzZ6dDCEsLMXbc5pCFXIprw,1,@pattyfigueroa5609,@josegil3813
UCgJNFj5dnxXpcMvmuhZDPxA,UCgQw_Sbq3ugruDUKsq1e0-A,1,@NataliaRodriguez-rx5mr,@marlenareano-h4t
UCgJNFj5dnxXpcMvmuhZDPxA,UCiC-Jn7wdgyQV4_Urk0DkWQ,1,@NataliaRodriguez-rx5mr,@pedroros6358
UCgJNFj5dnxXpcMvmuhZDPxA,UCkVtmkK07b2zaVVNssX4lOg,1,@NataliaRodriguez-rx5mr,@HectorElias-u2l
UCgJNFj5dnxXpcMvmuhZDPxA,UCkbsS_3D-pvg1iHOld9uvIg,1,@NataliaRodriguez-rx5mr,@gonzalo6075
UCgJNFj5dnxXpcMvmuhZDPxA,UClhMWQ7XKWywYvbRnuf8QsA,1,@NataliaRodriguez-rx5mr,@EcPerez-zz9oh
UCgJNFj5dnxXpcMvmuhZDPxA,UClqA491Xa5fQcXcJJa-vTWw,1,@NataliaRodriguez-rx5mr,@AndresLemus-k2d
UCgJNFj5dnxXpcMvmuhZDPxA,UColMq7LmaoY3MT6aIDGrGvA,1,@NataliaRodriguez-rx5mr,@quijotachapina1
UCgJNFj5dnxXpcMvmuhZDPxA,UCpe5jW3MIqkgTJ-PgkzvM6Q,1,@NataliaRodriguez-rx5mr,@carloslam5333
UCgJNFj5dnxXpcMvmuhZDPxA,UCpsKOkt5iWTbenzeuq7dsmQ,1,@NataliaRodriguez-rx5mr,@inge_vergueta
UCgJNFj5dnxXpcMvmuhZDPxA,UCqCrvuoJpC-aVb0f4logQRQ,1,@NataliaRodriguez-rx5mr,@Lyrics_GT
UCgJNFj5dnxXpcMvmuhZDPxA,UCsGoJEvb-cFPZ2rWoJcXzEQ,1,@NataliaRodriguez-rx5mr,@sergiohinestroza9709
UCgJNFj5dnxXpcMvmuhZDPxA,UCu8_3-Wg-YzNyvHYQDEscfw,1,@NataliaRodriguez-rx5mr,@RolandoCastroPérez-d7y
UCgJNFj5dnxXpcMvmuhZDPxA,UCuXmOjxC-htcprLgeVXz6Tg,1,@NataliaRodriguez-rx5mr,@jorgeaguilar-bq3uj
UCgJNFj5dnxXpcMvmuhZDPxA,UCwgCc9Jd_gG-uLE_SY-FfPg,1,@NataliaRodriguez-rx5mr,@armindapenados2841
UCgJNFj5dnxXpcMvmuhZDPxA,UCwjUvRseNtJoItylIyIez7Q,1,@NataliaRodriguez-rx5mr,@Silviazea
UCgJNFj5dnxXpcMvmuhZDPxA,UCylqlpsh8ENNM1LqgQ1KbxA,1,@NataliaRodriguez-rx5mr,@Jel.Awesh.M
UCgLrWFdYitoP-b7-PxtUr-w,UCgLurCo-e019HGODcjXHWCw,1,@zetag,@perritojuega1
UCgLrWFdYitoP-b7-PxtUr-w,UCi-vPdnpQreC7BkFs40mJGA,1,@zetag,@bryansicasales4280
UCgLrWFdYitoP-b7-PxtUr-w,UCqilIa8r7iek5sGYg_q6ofA,1,@zetag,@rolandojuchuna484
UCgLrWFdYitoP-b7-PxtUr-w,UCs_5qeqdku9tGAq22y3OcuQ,1,@zetag,@alexandrevasquez4135
UCgLrWFdYitoP-b7-PxtUr-w,UCtMBF_1O2jY2INlb_luuB_A,1,@zetag,@mynorgudiel8646
UCgLrWFdYitoP-b7-PxtUr-w,UCwUAv3_LpWVtTIi7lkmTL7A,1,@zetag,@kingr4706
UCgLrWFdYitoP-b7-PxtUr-w,UCxKR3RA8T-kxMgq_2WWhRcQ,1,@zetag,@elenaluarca9377
UCgLrWFdYitoP-b7-PxtUr-w,UCyzf29IYjNw67gGIfsjgtxA,1,@zetag,@carlosoliva9249
UCgLurCo-e019HGODcjXHWCw,UCi-vPdnpQreC7BkFs40mJGA,1,@perritojuega1,@bryansicasales4280
UCgLurCo-e019HGODcjXHWCw,UCqilIa8r7iek5sGYg_q6ofA,1,@perritojuega1,@rolandojuchuna484
UCgLurCo-e019HGODcjXHWCw,UCs_5qeqdku9tGAq22y3OcuQ,1,@perritojuega1,@alexandrevasquez4135
UCgLurCo-e019HGODcjXHWCw,UCtMBF_1O2jY2INlb_luuB_A,1,@perritojuega1,@mynorgudiel8646
UCgLurCo-e019HGODcjXHWCw,UCwUAv3_LpWVtTIi7lkmTL7A,1,@perritojuega1,@kingr4706
UCgLurCo-e019HGODcjXHWCw,UCxKR3RA8T-kxMgq_2WWhRcQ,1,@perritojuega1,@elenaluarca9377
UCgLurCo-e019HGODcjXHWCw,UCyzf29IYjNw67gGIfsjgtxA,1,@perritojuega1,@carlosoliva9249
UCgQJgI9vu1FI2dnC9mrFthw,UClsrFGJKWPxxw7MiaEdKLXw,1,@srms70,@ericapaz5406
UCgQJgI9vu1FI2dnC9mrFthw,UCtNyHmRZtvGF2hSvI2dUBWw,1,@srms70,@aureliomaldonado4793
UCgQJgI9vu1FI2dnC9mrFthw,UCuP4UK33HKtJE_S39ksmaTw,1,@srms70,@herbertaguilar1387
UCgQJgI9vu1FI2dnC9mrFthw,UCusjriFsDHEc2AOjqk-p5ig,1,@srms70,@pablobarrios7931
UCgQJgI9vu1FI2dnC9mrFthw,UCzZ6dDCEsLMXbc5pCFXIprw,1,@srms70,@josegil3813
UCgQw_Sbq3ugruDUKsq1e0-A,UCiC-Jn7wdgyQV4_Urk0DkWQ,1,@marlenareano-h4t,@pedroros6358
UCgQw_Sbq3ugruDUKsq1e0-A,UCkVtmkK07b2zaVVNssX4lOg,1,@marlenareano-h4t,@HectorElias-u2l
UCgQw_Sbq3ugruDUKsq1e0-A,UCkbsS_3D-pvg1iHOld9uvIg,1,@marlenareano-h4t,@gonzalo6075
UCgQw_Sbq3ugruDUKsq1e0-A,UClhMWQ7XKWywYvbRnuf8QsA,1,@marlenareano-h4t,@EcPerez-zz9oh
UCgQw_Sbq3ugruDUKsq1e0-A,UClqA491Xa5fQcXcJJa-vTWw,1,@marlenareano-h4t,@AndresLemus-k2d
UCgQw_Sbq3ugruDUKsq1e0-A,UColMq7LmaoY3MT6aIDGrGvA,1,@marlenareano-h4t,@quijotachapina1
UCgQw_Sbq3ugruDUKsq1e0-A,UCpe5jW3MIqkgTJ-PgkzvM6Q,1,@marlenareano-h4t,@carloslam5333
UCgQw_Sbq3ugruDUKsq1e0-A,UCpsKOkt5iWTbenzeuq7dsmQ,1,@marlenareano-h4t,@inge_vergueta
UCgQw_Sbq3ugruDUKsq1e0-A,UCqCrvuoJpC-aVb0f4logQRQ,1,@marlenareano-h4t,@Lyrics_GT
UCgQw_Sbq3ugruDUKsq1e0-A,UCsGoJEvb-cFPZ2rWoJcXzEQ,1,@marlenareano-h4t,@sergiohinestroza9709
UCgQw_Sbq3ugruDUKsq1e0-A,UCu8_3-Wg-YzNyvHYQDEscfw,1,@marlenareano-h4t,@RolandoCastroPérez-d7y
UCgQw_Sbq3ugruDUKsq1e0-A,UCuXmOjxC-htcprLgeVXz6Tg,1,@marlenareano-h4t,@jorgeaguilar-bq3uj
UCgQw_Sbq3ugruDUKsq1e0-A,UCwgCc9Jd_gG-uLE_SY-FfPg,1,@marlenareano-h4t,@armindapenados2841
UCgQw_Sbq3ugruDUKsq1e0-A,UCwjUvRseNtJoItylIyIez7Q,1,@marlenareano-h4t,@Silviazea
UCgQw_Sbq3ugruDUKsq1e0-A,UCylqlpsh8ENNM1LqgQ1KbxA,1,@marlenareano-h4t,@Jel.Awesh.M
UCgvw7xIdGFupzpt1Y_BFkEA,UCh5ESQvtzyHDhCA7XyekCFA,1,@fredygarcia9151,@andyB5280
UCgvw7xIdGFupzpt1Y_BFkEA,UChZknRmJkeGeQk0-mQuhDOg,1,@fredygarcia9151,@OdilioRodríguez-c5w
UCgvw7xIdGFupzpt1Y_BFkEA,UChep9kVb5gQmpodEEl10Xlg,1,@fredygarcia9151,@carlosaguilar-kz7ml
UCgvw7xIdGFupzpt1Y_BFkEA,UChgkn5Jt5tWKYMoEOuCjz3Q,1,@fredygarcia9151,@pablochitay46
UCgvw7xIdGFupzpt1Y_BFkEA,UChs3tU2BcKOT0CezykvAsGw,1,@fredygarcia9151,@byronpontaza
UCgvw7xIdGFupzpt1Y_BFkEA,UCi1b_TRQfgO1Z9O2gNGGWNA,1,@fredygarcia9151,@davidisraelesquitsaquil
UCgvw7xIdGFupzpt1Y_BFkEA,UCiGRBf2RNF0WRKhRVT7zFoA,1,@fredygarcia9151,@edwinavila4876
UCgvw7xIdGFupzpt1Y_BFkEA,UCiMythXHsw7eQEMykCdmMUA,1,@fredygarcia9151,@JavierBecerra-h6x
UCgvw7xIdGFupzpt1Y_BFkEA,UCipetjeiWj4CZB6EbyYziZg,1,@fredygarcia9151,@OseasSamayoa-ol5rz
UCgvw7xIdGFupzpt1Y_BFkEA,UCj-LL25XJnjxepPKCc3NGog,1,@fredygarcia9151,@anaaguirre8985
UCgvw7xIdGFupzpt1Y_BFkEA,UCjSKM9j0Q7HLDr1hD6D-TUw,1,@fredygarcia9151,@josehidalgo4875
UCgvw7xIdGFupzpt1Y_BFkEA,UCjmPuazZJzscrwvk0QR9RVw,1,@fredygarcia9151,@mynorrodas8591
UCgvw7xIdGFupzpt1Y_BFkEA,UCkd9W714-947dEE6ZOEBATA,1,@fredygarcia9151,@ARGELIATELON
UCgvw7xIdGFupzpt1Y_BFkEA,UCl0ekS9Tt0jJGtOEM18S63w,1,@fredygarcia9151,@monkchapin
UCgvw7xIdGFupzpt1Y_BFkEA,UCljDbleJul41G1TzOjOZAVA,1,@fredygarcia9151,@hectorcarranza3777
UCgvw7xIdGFupzpt1Y_BFkEA,UCmjppp6ujz3SAnULvP3sZMw,1,@fredygarcia9151,@marcomendez7509
UCgvw7xIdGFupzpt1Y_BFkEA,UCmvOgzmmXbjUthHy-WJ52hQ,1,@fredygarcia9151,@mariorodas593
UCgvw7xIdGFupzpt1Y_BFkEA,UCp4iw5_5SmV9VGTFSNVGOmQ,1,@fredygarcia9151,@CARLOSSTREMS51
UCgvw7xIdGFupzpt1Y_BFkEA,UCpIdtvoFHVLGASGB5ySqIEA,1,@fredygarcia9151,@VidalVillatoro-p4w
UCgvw7xIdGFupzpt1Y_BFkEA,UCpl8rF8uv_8uui-QRvuJaRA,1,@fredygarcia9151,@SergioGarcia-z9c
UCgvw7xIdGFupzpt1Y_BFkEA,UCplrIQtaPj6au60_f2-mOYw,1,@fredygarcia9151,@romeolopezherrarte799
UCgvw7xIdGFupzpt1Y_BFkEA,UCpsKOkt5iWTbenzeuq7dsmQ,1,@fredygarcia9151,@inge_vergueta
UCgvw7xIdGFupzpt1Y_BFkEA,UCr1emrogPKkKTs_WTtx71xg,1,@fredygarcia9151,@domingopeneleu6457
UCgvw7xIdGFupzpt1Y_BFkEA,UCrJn_rbo_ENAdeqneS-RmRw,1,@fredygarcia9151,@josecarrera9623
UCgvw7xIdGFupzpt1Y_BFkEA,UCsJJAvrVGupdmhOqgtDp8dg,1,@fredygarcia9151,@nestorlorenzana1168
UCgvw7xIdGFupzpt1Y_BFkEA,UCsSXdJct-nsS8DsABoEsaYA,1,@fredygarcia9151,@IvánPérez-j4j
UCgvw7xIdGFupzpt1Y_BFkEA,UCsUCN0Yq_UyTvKjOJLmNrnQ,1,@fredygarcia9151,@moisesvaldez4043
UCgvw7xIdGFupzpt1Y_BFkEA,UCsjs5Hp_r86x1xbK6FAeqaA,1,@fredygarcia9151,@alvaroesquivel563
UCgvw7xIdGFupzpt1Y_BFkEA,UCtNfIBnc5S5DbbQj_yxgJTw,1,@fredygarcia9151,@JosueRamirez-ey3ih
UCgvw7xIdGFupzpt1Y_BFkEA,UCtUR3_CAiE7fCoZHM6cMfyQ,1,@fredygarcia9151,@mdelcid01
UCgvw7xIdGFupzpt1Y_BFkEA,UCueV9cTyTDwgQSec1x2dYgA,1,@fredygarcia9151,@fredydomingo7062
UCgvw7xIdGFupzpt1Y_BFkEA,UCujPF2nBgsTD62nWE3lcpIg,1,@fredygarcia9151,@victorarturoruanobautista7588
UCgvw7xIdGFupzpt1Y_BFkEA,UCut6b9S98nv84cVX89PmKzA,1,@fredygarcia9151,@yeniferaguirre4498
UCgvw7xIdGFupzpt1Y_BFkEA,UCvApqeCbLod-wejtT4CcVuA,1,@fredygarcia9151,@davidgaher9550
UCgvw7xIdGFupzpt1Y_BFkEA,UCwO2SXr0ggzwg6QWWrr01nQ,1,@fredygarcia9151,@ricardofigueroa5720
UCgvw7xIdGFupzpt1Y_BFkEA,UCwW2OFy95P7ZBkOPxWkpvYg,1,@fredygarcia9151,@TeresaLucero-b5o
UCgvw7xIdGFupzpt1Y_BFkEA,UCwha8rxULYMVtNwZWeSkE1A,1,@fredygarcia9151,@mariasamo8637
UCgvw7xIdGFupzpt1Y_BFkEA,UCxff05WuyvwELNITi7bj7UA,1,@fredygarcia9151,@markoherrera
UCgvw7xIdGFupzpt1Y_BFkEA,UCySYJU5kUh7X8gVt9la2ISA,1,@fredygarcia9151,@dantesarti4351
UCgvw7xIdGFupzpt1Y_BFkEA,UCylqlpsh8ENNM1LqgQ1KbxA,1,@fredygarcia9151,@Jel.Awesh.M
UCgvw7xIdGFupzpt1Y_BFkEA,UCz3gu01bmjNv0DpRq-K3XYg,1,@fredygarcia9151,@eusebiovasquez4385
UCgvw7xIdGFupzpt1Y_BFkEA,UCzSfZlOVxBSs5ObD25ywxDQ,1,@fredygarcia9151,@GilmarMaldonado-q9m
UCgvw7xIdGFupzpt1Y_BFkEA,UCzoL2l5H5eVlorWGH8AZfAg,1,@fredygarcia9151,@jor77cas
UCh5ESQvtzyHDhCA7XyekCFA,UChZknRmJkeGeQk0-mQuhDOg,1,@andyB5280,@OdilioRodríguez-c5w
UCh5ESQvtzyHDhCA7XyekCFA,UChep9kVb5gQmpodEEl10Xlg,1,@andyB5280,@carlosaguilar-kz7ml
UCh5ESQvtzyHDhCA7XyekCFA,UChgkn5Jt5tWKYMoEOuCjz3Q,1,@andyB5280,@pablochitay46
UCh5ESQvtzyHDhCA7XyekCFA,UChs3tU2BcKOT0CezykvAsGw,1,@andyB5280,@byronpontaza
UCh5ESQvtzyHDhCA7XyekCFA,UCi1b_TRQfgO1Z9O2gNGGWNA,1,@andyB5280,@davidisraelesquitsaquil
UCh5ESQvtzyHDhCA7XyekCFA,UCiGRBf2RNF0WRKhRVT7zFoA,1,@andyB5280,@edwinavila4876
UCh5ESQvtzyHDhCA7XyekCFA,UCiMythXHsw7eQEMykCdmMUA,1,@andyB5280,@JavierBecerra-h6x
UCh5ESQvtzyHDhCA7XyekCFA,UCipetjeiWj4CZB6EbyYziZg,1,@andyB5280,@OseasSamayoa-ol5rz
UCh5ESQvtzyHDhCA7XyekCFA,UCj-LL25XJnjxepPKCc3NGog,1,@andyB5280,@anaaguirre8985
UCh5ESQvtzyHDhCA7XyekCFA,UCjSKM9j0Q7HLDr1hD6D-TUw,1,@andyB5280,@josehidalgo4875
UCh5ESQvtzyHDhCA7XyekCFA,UCjmPuazZJzscrwvk0QR9RVw,1,@andyB5280,@mynorrodas8591
UCh5ESQvtzyHDhCA7XyekCFA,UCkd9W714-947dEE6ZOEBATA,1,@andyB5280,@ARGELIATELON
UCh5ESQvtzyHDhCA7XyekCFA,UCl0ekS9Tt0jJGtOEM18S63w,1,@andyB5280,@monkchapin
UCh5ESQvtzyHDhCA7XyekCFA,UCljDbleJul41G1TzOjOZAVA,1,@andyB5280,@hectorcarranza3777
UCh5ESQvtzyHDhCA7XyekCFA,UCmjppp6ujz3SAnULvP3sZMw,1,@andyB5280,@marcomendez7509
UCh5ESQvtzyHDhCA7XyekCFA,UCmvOgzmmXbjUthHy-WJ52hQ,1,@andyB5280,@mariorodas593
UCh5ESQvtzyHDhCA7XyekCFA,UCp4iw5_5SmV9VGTFSNVGOmQ,1,@andyB5280,@CARLOSSTREMS51
UCh5ESQvtzyHDhCA7XyekCFA,UCpIdtvoFHVLGASGB5ySqIEA,1,@andyB5280,@VidalVillatoro-p4w
UCh5ESQvtzyHDhCA7XyekCFA,UCpl8rF8uv_8uui-QRvuJaRA,1,@andyB5280,@SergioGarcia-z9c
UCh5ESQvtzyHDhCA7XyekCFA,UCplrIQtaPj6au60_f2-mOYw,1,@andyB5280,@romeolopezherrarte799
UCh5ESQvtzyHDhCA7XyekCFA,UCpsKOkt5iWTbenzeuq7dsmQ,1,@andyB5280,@inge_vergueta
UCh5ESQvtzyHDhCA7XyekCFA,UCr1emrogPKkKTs_WTtx71xg,1,@andyB5280,@domingopeneleu6457
UCh5ESQvtzyHDhCA7XyekCFA,UCrJn_rbo_ENAdeqneS-RmRw,1,@andyB5280,@josecarrera9623
UCh5ESQvtzyHDhCA7XyekCFA,UCsJJAvrVGupdmhOqgtDp8dg,1,@andyB5280,@nestorlorenzana1168
UCh5ESQvtzyHDhCA7XyekCFA,UCsSXdJct-nsS8DsABoEsaYA,1,@andyB5280,@IvánPérez-j4j
UCh5ESQvtzyHDhCA7XyekCFA,UCsUCN0Yq_UyTvKjOJLmNrnQ,1,@andyB5280,@moisesvaldez4043
UCh5ESQvtzyHDhCA7XyekCFA,UCsjs5Hp_r86x1xbK6FAeqaA,1,@andyB5280,@alvaroesquivel563
UCh5ESQvtzyHDhCA7XyekCFA,UCtNfIBnc5S5DbbQj_yxgJTw,1,@andyB5280,@JosueRamirez-ey3ih
UCh5ESQvtzyHDhCA7XyekCFA,UCtUR3_CAiE7fCoZHM6cMfyQ,1,@andyB5280,@mdelcid01
UCh5ESQvtzyHDhCA7XyekCFA,UCueV9cTyTDwgQSec1x2dYgA,1,@andyB5280,@fredydomingo7062
UCh5ESQvtzyHDhCA7XyekCFA,UCujPF2nBgsTD62nWE3lcpIg,1,@andyB5280,@victorarturoruanobautista7588
UCh5ESQvtzyHDhCA7XyekCFA,UCut6b9S98nv84cVX89PmKzA,1,@andyB5280,@yeniferaguirre4498
UCh5ESQvtzyHDhCA7XyekCFA,UCvApqeCbLod-wejtT4CcVuA,1,@andyB5280,@davidgaher9550
UCh5ESQvtzyHDhCA7XyekCFA,UCwO2SXr0ggzwg6QWWrr01nQ,1,@andyB5280,@ricardofigueroa5720
UCh5ESQvtzyHDhCA7XyekCFA,UCwW2OFy95P7ZBkOPxWkpvYg,1,@andyB5280,@TeresaLucero-b5o
UCh5ESQvtzyHDhCA7XyekCFA,UCwha8rxULYMVtNwZWeSkE1A,1,@andyB5280,@mariasamo8637
UCh5ESQvtzyHDhCA7XyekCFA,UCxff05WuyvwELNITi7bj7UA,1,@andyB5280,@markoherrera
UCh5ESQvtzyHDhCA7XyekCFA,UCySYJU5kUh7X8gVt9la2ISA,1,@andyB5280,@dantesarti4351
UCh5ESQvtzyHDhCA7XyekCFA,UCylqlpsh8ENNM1LqgQ1KbxA,1,@andyB5280,@Jel.Awesh.M
UCh5ESQvtzyHDhCA7XyekCFA,UCz3gu01bmjNv0DpRq-K3XYg,1,@andyB5280,@eusebiovasquez4385
UCh5ESQvtzyHDhCA7XyekCFA,UCzSfZlOVxBSs5ObD25ywxDQ,1,@andyB5280,@GilmarMaldonado-q9m
UCh5ESQvtzyHDhCA7XyekCFA,UCzoL2l5H5eVlorWGH8AZfAg,1,@andyB5280,@jor77cas
UChT7pzGytNd92Nmvi-zuWog,UCkxdJ_yGN2gghOMo2ybQtXQ,1,@sparkvalkov,@11223344An
UChT7pzGytNd92Nmvi-zuWog,UCvcu1kR8xMYy_I1Ty-2mV2Q,1,@sparkvalkov,@hashojea7348
UChT7pzGytNd92Nmvi-zuWog,UCwEe1RKlEv1UpNWmWYfSh4w,1,@sparkvalkov,@marioramirez299
UChT7pzGytNd92Nmvi-zuWog,UCxcoDvP-g2_KTZDmVZtvb3w,1,@sparkvalkov,@angelmartinez9523
UChZknRmJkeGeQk0-mQuhDOg,UChep9kVb5gQmpodEEl10Xlg,1,@OdilioRodríguez-c5w,@carlosaguilar-kz7ml
UChZknRmJkeGeQk0-mQuhDOg,UChgkn5Jt5tWKYMoEOuCjz3Q,1,@OdilioRodríguez-c5w,@pablochitay46
UChZknRmJkeGeQk0-mQuhDOg,UChs3tU2BcKOT0CezykvAsGw,1,@OdilioRodríguez-c5w,@byronpontaza
UChZknRmJkeGeQk0-mQuhDOg,UCi1b_TRQfgO1Z9O2gNGGWNA,1,@OdilioRodríguez-c5w,@davidisraelesquitsaquil
UChZknRmJkeGeQk0-mQuhDOg,UCiGRBf2RNF0WRKhRVT7zFoA,1,@OdilioRodríguez-c5w,@edwinavila4876
UChZknRmJkeGeQk0-mQuhDOg,UCiMythXHsw7eQEMykCdmMUA,1,@OdilioRodríguez-c5w,@JavierBecerra-h6x
UChZknRmJkeGeQk0-mQuhDOg,UCipetjeiWj4CZB6EbyYziZg,1,@OdilioRodríguez-c5w,@OseasSamayoa-ol5rz
UChZknRmJkeGeQk0-mQuhDOg,UCj-LL25XJnjxepPKCc3NGog,1,@OdilioRodríguez-c5w,@anaaguirre8985
UChZknRmJkeGeQk0-mQuhDOg,UCjSKM9j0Q7HLDr1hD6D-TUw,1,@OdilioRodríguez-c5w,@josehidalgo4875
UChZknRmJkeGeQk0-mQuhDOg,UCjmPuazZJzscrwvk0QR9RVw,1,@OdilioRodríguez-c5w,@mynorrodas8591
UChZknRmJkeGeQk0-mQuhDOg,UCkd9W714-947dEE6ZOEBATA,1,@OdilioRodríguez-c5w,@ARGELIATELON
UChZknRmJkeGeQk0-mQuhDOg,UCl0ekS9Tt0jJGtOEM18S63w,1,@OdilioRodríguez-c5w,@monkchapin
UChZknRmJkeGeQk0-mQuhDOg,UCljDbleJul41G1TzOjOZAVA,1,@OdilioRodríguez-c5w,@hectorcarranza3777
UChZknRmJkeGeQk0-mQuhDOg,UCmjppp6ujz3SAnULvP3sZMw,1,@OdilioRodríguez-c5w,@marcomendez7509
UChZknRmJkeGeQk0-mQuhDOg,UCmvOgzmmXbjUthHy-WJ52hQ,1,@OdilioRodríguez-c5w,@mariorodas593
UChZknRmJkeGeQk0-mQuhDOg,UCp4iw5_5SmV9VGTFSNVGOmQ,1,@OdilioRodríguez-c5w,@CARLOSSTREMS51
UChZknRmJkeGeQk0-mQuhDOg,UCpIdtvoFHVLGASGB5ySqIEA,1,@OdilioRodríguez-c5w,@VidalVillatoro-p4w
UChZknRmJkeGeQk0-mQuhDOg,UCpl8rF8uv_8uui-QRvuJaRA,1,@OdilioRodríguez-c5w,@SergioGarcia-z9c
UChZknRmJkeGeQk0-mQuhDOg,UCplrIQtaPj6au60_f2-mOYw,1,@OdilioRodríguez-c5w,@romeolopezherrarte799
UChZknRmJkeGeQk0-mQuhDOg,UCpsKOkt5iWTbenzeuq7dsmQ,1,@OdilioRodríguez-c5w,@inge_vergueta
UChZknRmJkeGeQk0-mQuhDOg,UCr1emrogPKkKTs_WTtx71xg,1,@OdilioRodríguez-c5w,@domingopeneleu6457
UChZknRmJkeGeQk0-mQuhDOg,UCrJn_rbo_ENAdeqneS-RmRw,1,@OdilioRodríguez-c5w,@josecarrera9623
UChZknRmJkeGeQk0-mQuhDOg,UCsJJAvrVGupdmhOqgtDp8dg,1,@OdilioRodríguez-c5w,@nestorlorenzana1168
UChZknRmJkeGeQk0-mQuhDOg,UCsSXdJct-nsS8DsABoEsaYA,1,@OdilioRodríguez-c5w,@IvánPérez-j4j
UChZknRmJkeGeQk0-mQuhDOg,UCsUCN0Yq_UyTvKjOJLmNrnQ,1,@OdilioRodríguez-c5w,@moisesvaldez4043
UChZknRmJkeGeQk0-mQuhDOg,UCsjs5Hp_r86x1xbK6FAeqaA,1,@OdilioRodríguez-c5w,@alvaroesquivel563
UChZknRmJkeGeQk0-mQuhDOg,UCtNfIBnc5S5DbbQj_yxgJTw,1,@OdilioRodríguez-c5w,@JosueRamirez-ey3ih
UChZknRmJkeGeQk0-mQuhDOg,UCtUR3_CAiE7fCoZHM6cMfyQ,1,@OdilioRodríguez-c5w,@mdelcid01
UChZknRmJkeGeQk0-mQuhDOg,UCueV9cTyTDwgQSec1x2dYgA,1,@OdilioRodríguez-c5w,@fredydomingo7062
UChZknRmJkeGeQk0-mQuhDOg,UCujPF2nBgsTD62nWE3lcpIg,1,@OdilioRodríguez-c5w,@victorarturoruanobautista7588
UChZknRmJkeGeQk0-mQuhDOg,UCut6b9S98nv84cVX89PmKzA,1,@OdilioRodríguez-c5w,@yeniferaguirre4498
UChZknRmJkeGeQk0-mQuhDOg,UCvApqeCbLod-wejtT4CcVuA,1,@OdilioRodríguez-c5w,@davidgaher9550
UChZknRmJkeGeQk0-mQuhDOg,UCwO2SXr0ggzwg6QWWrr01nQ,1,@OdilioRodríguez-c5w,@ricardofigueroa5720
UChZknRmJkeGeQk0-mQuhDOg,UCwW2OFy95P7ZBkOPxWkpvYg,1,@OdilioRodríguez-c5w,@TeresaLucero-b5o
UChZknRmJkeGeQk0-mQuhDOg,UCwha8rxULYMVtNwZWeSkE1A,1,@OdilioRodríguez-c5w,@mariasamo8637
UChZknRmJkeGeQk0-mQuhDOg,UCxff05WuyvwELNITi7bj7UA,1,@OdilioRodríguez-c5w,@markoherrera
UChZknRmJkeGeQk0-mQuhDOg,UCySYJU5kUh7X8gVt9la2ISA,1,@OdilioRodríguez-c5w,@dantesarti4351
UChZknRmJkeGeQk0-mQuhDOg,UCylqlpsh8ENNM1LqgQ1KbxA,1,@OdilioRodríguez-c5w,@Jel.Awesh.M
UChZknRmJkeGeQk0-mQuhDOg,UCz3gu01bmjNv0DpRq-K3XYg,1,@OdilioRodríguez-c5w,@eusebiovasquez4385
UChZknRmJkeGeQk0-mQuhDOg,UCzSfZlOVxBSs5ObD25ywxDQ,1,@OdilioRodríguez-c5w,@GilmarMaldonado-q9m
UChZknRmJkeGeQk0-mQuhDOg,UCzoL2l5H5eVlorWGH8AZfAg,1,@OdilioRodríguez-c5w,@jor77cas
UCheEJ5GZuIvV0fj-nXyVwXw,UChyps3dqY-VY1_wLeq-2lhw,1,@rosaoliva9389,@maydamorales4395
UCheEJ5GZuIvV0fj-nXyVwXw,UCiOZX__1gahg1ypIj0_XG_w,1,@rosaoliva9389,@mariogonzalezorellana8956
UCheEJ5GZuIvV0fj-nXyVwXw,UCjZgFEowMBrsjodqfovzdKw,1,@rosaoliva9389,@franciscoflores3120
UCheEJ5GZuIvV0fj-nXyVwXw,UCoGdCoJg2Lh0OX_jv6cG16g,1,@rosaoliva9389,@Israel-u5i7i
UCheEJ5GZuIvV0fj-nXyVwXw,UCp29O_C7cchZV8IxV7Crdag,1,@rosaoliva9389,@robertoescobar5507
UCheEJ5GZuIvV0fj-nXyVwXw,UCql1n3Ey6ULMSOACjMe-fxQ,1,@rosaoliva9389,@RolandoGonzalez-o7g
UCheEJ5GZuIvV0fj-nXyVwXw,UCtCtts20bW6F9CSohau51Iw,1,@rosaoliva9389,@carlosgranados9875
UCheEJ5GZuIvV0fj-nXyVwXw,UCtsxPYw8VUsH_FfnKg-0lmw,1,@rosaoliva9389,@AlejandroPérez-b6r
UCheEJ5GZuIvV0fj-nXyVwXw,UCvDwJBBY1mHK70aTEYl6rsA,1,@rosaoliva9389,@cristianescobedo8296
UCheEJ5GZuIvV0fj-nXyVwXw,UCwxoKK59nGCeBqB2sXfDBIw,1,@rosaoliva9389,@vic-bonivideos
UCheEJ5GZuIvV0fj-nXyVwXw,UCyJhqmMbsvjpoarBBStA2kg,1,@rosaoliva9389,@Murmullodelbarrio
UCheEJ5GZuIvV0fj-nXyVwXw,UCzZ6dDCEsLMXbc5pCFXIprw,1,@rosaoliva9389,@josegil3813
UChep9kVb5gQmpodEEl10Xlg,UChgkn5Jt5tWKYMoEOuCjz3Q,1,@carlosaguilar-kz7ml,@pablochitay46
UChep9kVb5gQmpodEEl10Xlg,UChs3tU2BcKOT0CezykvAsGw,1,@carlosaguilar-kz7ml,@byronpontaza
UChep9kVb5gQmpodEEl10Xlg,UCi1b_TRQfgO1Z9O2gNGGWNA,1,@carlosaguilar-kz7ml,@davidisraelesquitsaquil
UChep9kVb5gQmpodEEl10Xlg,UCiGRBf2RNF0WRKhRVT7zFoA,1,@carlosaguilar-kz7ml,@edwinavila4876
UChep9kVb5gQmpodEEl10Xlg,UCiMythXHsw7eQEMykCdmMUA,1,@carlosaguilar-kz7ml,@JavierBecerra-h6x
UChep9kVb5gQmpodEEl10Xlg,UCipetjeiWj4CZB6EbyYziZg,1,@carlosaguilar-kz7ml,@OseasSamayoa-ol5rz
UChep9kVb5gQmpodEEl10Xlg,UCj-LL25XJnjxepPKCc3NGog,1,@carlosaguilar-kz7ml,@anaaguirre8985
UChep9kVb5gQmpodEEl10Xlg,UCjSKM9j0Q7HLDr1hD6D-TUw,1,@carlosaguilar-kz7ml,@josehidalgo4875
UChep9kVb5gQmpodEEl10Xlg,UCjmPuazZJzscrwvk0QR9RVw,1,@carlosaguilar-kz7ml,@mynorrodas8591
UChep9kVb5gQmpodEEl10Xlg,UCkd9W714-947dEE6ZOEBATA,1,@carlosaguilar-kz7ml,@ARGELIATELON
UChep9kVb5gQmpodEEl10Xlg,UCl0ekS9Tt0jJGtOEM18S63w,1,@carlosaguilar-kz7ml,@monkchapin
UChep9kVb5gQmpodEEl10Xlg,UCljDbleJul41G1TzOjOZAVA,1,@carlosaguilar-kz7ml,@hectorcarranza3777
UChep9kVb5gQmpodEEl10Xlg,UCmjppp6ujz3SAnULvP3sZMw,1,@carlosaguilar-kz7ml,@marcomendez7509
UChep9kVb5gQmpodEEl10Xlg,UCmvOgzmmXbjUthHy-WJ52hQ,1,@carlosaguilar-kz7ml,@mariorodas593
UChep9kVb5gQmpodEEl10Xlg,UCp4iw5_5SmV9VGTFSNVGOmQ,1,@carlosaguilar-kz7ml,@CARLOSSTREMS51
UChep9kVb5gQmpodEEl10Xlg,UCpIdtvoFHVLGASGB5ySqIEA,1,@carlosaguilar-kz7ml,@VidalVillatoro-p4w
UChep9kVb5gQmpodEEl10Xlg,UCpl8rF8uv_8uui-QRvuJaRA,1,@carlosaguilar-kz7ml,@SergioGarcia-z9c
UChep9kVb5gQmpodEEl10Xlg,UCplrIQtaPj6au60_f2-mOYw,1,@carlosaguilar-kz7ml,@romeolopezherrarte799
UChep9kVb5gQmpodEEl10Xlg,UCpsKOkt5iWTbenzeuq7dsmQ,1,@carlosaguilar-kz7ml,@inge_vergueta
UChep9kVb5gQmpodEEl10Xlg,UCr1emrogPKkKTs_WTtx71xg,1,@carlosaguilar-kz7ml,@domingopeneleu6457
UChep9kVb5gQmpodEEl10Xlg,UCrJn_rbo_ENAdeqneS-RmRw,1,@carlosaguilar-kz7ml,@josecarrera9623
UChep9kVb5gQmpodEEl10Xlg,UCsJJAvrVGupdmhOqgtDp8dg,1,@carlosaguilar-kz7ml,@nestorlorenzana1168
UChep9kVb5gQmpodEEl10Xlg,UCsSXdJct-nsS8DsABoEsaYA,1,@carlosaguilar-kz7ml,@IvánPérez-j4j
UChep9kVb5gQmpodEEl10Xlg,UCsUCN0Yq_UyTvKjOJLmNrnQ,1,@carlosaguilar-kz7ml,@moisesvaldez4043
UChep9kVb5gQmpodEEl10Xlg,UCsjs5Hp_r86x1xbK6FAeqaA,1,@carlosaguilar-kz7ml,@alvaroesquivel563
UChep9kVb5gQmpodEEl10Xlg,UCtNfIBnc5S5DbbQj_yxgJTw,1,@carlosaguilar-kz7ml,@JosueRamirez-ey3ih
UChep9kVb5gQmpodEEl10Xlg,UCtUR3_CAiE7fCoZHM6cMfyQ,1,@carlosaguilar-kz7ml,@mdelcid01
UChep9kVb5gQmpodEEl10Xlg,UCueV9cTyTDwgQSec1x2dYgA,1,@carlosaguilar-kz7ml,@fredydomingo7062
UChep9kVb5gQmpodEEl10Xlg,UCujPF2nBgsTD62nWE3lcpIg,1,@carlosaguilar-kz7ml,@victorarturoruanobautista7588
UChep9kVb5gQmpodEEl10Xlg,UCut6b9S98nv84cVX89PmKzA,1,@carlosaguilar-kz7ml,@yeniferaguirre4498
UChep9kVb5gQmpodEEl10Xlg,UCvApqeCbLod-wejtT4CcVuA,1,@carlosaguilar-kz7ml,@davidgaher9550
UChep9kVb5gQmpodEEl10Xlg,UCwO2SXr0ggzwg6QWWrr01nQ,1,@carlosaguilar-kz7ml,@ricardofigueroa5720
UChep9kVb5gQmpodEEl10Xlg,UCwW2OFy95P7ZBkOPxWkpvYg,1,@carlosaguilar-kz7ml,@TeresaLucero-b5o
UChep9kVb5gQmpodEEl10Xlg,UCwha8rxULYMVtNwZWeSkE1A,1,@carlosaguilar-kz7ml,@mariasamo8637
UChep9kVb5gQmpodEEl10Xlg,UCxff05WuyvwELNITi7bj7UA,1,@carlosaguilar-kz7ml,@markoherrera
UChep9kVb5gQmpodEEl10Xlg,UCySYJU5kUh7X8gVt9la2ISA,1,@carlosaguilar-kz7ml,@dantesarti4351
UChep9kVb5gQmpodEEl10Xlg,UCylqlpsh8ENNM1LqgQ1KbxA,1,@carlosaguilar-kz7ml,@Jel.Awesh.M
UChep9kVb5gQmpodEEl10Xlg,UCz3gu01bmjNv0DpRq-K3XYg,1,@carlosaguilar-kz7ml,@eusebiovasquez4385
UChep9kVb5gQmpodEEl10Xlg,UCzSfZlOVxBSs5ObD25ywxDQ,1,@carlosaguilar-kz7ml,@GilmarMaldonado-q9m
UChep9kVb5gQmpodEEl10Xlg,UCzoL2l5H5eVlorWGH8AZfAg,1,@carlosaguilar-kz7ml,@jor77cas
UChgkn5Jt5tWKYMoEOuCjz3Q,UChs3tU2BcKOT0CezykvAsGw,1,@pablochitay46,@byronpontaza
UChgkn5Jt5tWKYMoEOuCjz3Q,UCi1b_TRQfgO1Z9O2gNGGWNA,1,@pablochitay46,@davidisraelesquitsaquil
UChgkn5Jt5tWKYMoEOuCjz3Q,UCiGRBf2RNF0WRKhRVT7zFoA,1,@pablochitay46,@edwinavila4876
UChgkn5Jt5tWKYMoEOuCjz3Q,UCiMythXHsw7eQEMykCdmMUA,1,@pablochitay46,@JavierBecerra-h6x
UChgkn5Jt5tWKYMoEOuCjz3Q,UCipetjeiWj4CZB6EbyYziZg,1,@pablochitay46,@OseasSamayoa-ol5rz
UChgkn5Jt5tWKYMoEOuCjz3Q,UCj-LL25XJnjxepPKCc3NGog,1,@pablochitay46,@anaaguirre8985
UChgkn5Jt5tWKYMoEOuCjz3Q,UCjSKM9j0Q7HLDr1hD6D-TUw,1,@pablochitay46,@josehidalgo4875
UChgkn5Jt5tWKYMoEOuCjz3Q,UCjmPuazZJzscrwvk0QR9RVw,1,@pablochitay46,@mynorrodas8591
UChgkn5Jt5tWKYMoEOuCjz3Q,UCkd9W714-947dEE6ZOEBATA,1,@pablochitay46,@ARGELIATELON
UChgkn5Jt5tWKYMoEOuCjz3Q,UCl0ekS9Tt0jJGtOEM18S63w,1,@pablochitay46,@monkchapin
UChgkn5Jt5tWKYMoEOuCjz3Q,UCljDbleJul41G1TzOjOZAVA,1,@pablochitay46,@hectorcarranza3777
UChgkn5Jt5tWKYMoEOuCjz3Q,UCmjppp6ujz3SAnULvP3sZMw,1,@pablochitay46,@marcomendez7509
UChgkn5Jt5tWKYMoEOuCjz3Q,UCmvOgzmmXbjUthHy-WJ52hQ,1,@pablochitay46,@mariorodas593
UChgkn5Jt5tWKYMoEOuCjz3Q,UCp4iw5_5SmV9VGTFSNVGOmQ,1,@pablochitay46,@CARLOSSTREMS51
UChgkn5Jt5tWKYMoEOuCjz3Q,UCpIdtvoFHVLGASGB5ySqIEA,1,@pablochitay46,@VidalVillatoro-p4w
UChgkn5Jt5tWKYMoEOuCjz3Q,UCpl8rF8uv_8uui-QRvuJaRA,1,@pablochitay46,@SergioGarcia-z9c
UChgkn5Jt5tWKYMoEOuCjz3Q,UCplrIQtaPj6au60_f2-mOYw,1,@pablochitay46,@romeolopezherrarte799
UChgkn5Jt5tWKYMoEOuCjz3Q,UCpsKOkt5iWTbenzeuq7dsmQ,1,@pablochitay46,@inge_vergueta
UChgkn5Jt5tWKYMoEOuCjz3Q,UCr1emrogPKkKTs_WTtx71xg,1,@pablochitay46,@domingopeneleu6457
UChgkn5Jt5tWKYMoEOuCjz3Q,UCrJn_rbo_ENAdeqneS-RmRw,1,@pablochitay46,@josecarrera9623
UChgkn5Jt5tWKYMoEOuCjz3Q,UCsJJAvrVGupdmhOqgtDp8dg,1,@pablochitay46,@nestorlorenzana1168
UChgkn5Jt5tWKYMoEOuCjz3Q,UCsSXdJct-nsS8DsABoEsaYA,1,@pablochitay46,@IvánPérez-j4j
UChgkn5Jt5tWKYMoEOuCjz3Q,UCsUCN0Yq_UyTvKjOJLmNrnQ,1,@pablochitay46,@moisesvaldez4043
UChgkn5Jt5tWKYMoEOuCjz3Q,UCsjs5Hp_r86x1xbK6FAeqaA,1,@pablochitay46,@alvaroesquivel563
UChgkn5Jt5tWKYMoEOuCjz3Q,UCtNfIBnc5S5DbbQj_yxgJTw,1,@pablochitay46,@JosueRamirez-ey3ih
UChgkn5Jt5tWKYMoEOuCjz3Q,UCtUR3_CAiE7fCoZHM6cMfyQ,1,@pablochitay46,@mdelcid01
UChgkn5Jt5tWKYMoEOuCjz3Q,UCueV9cTyTDwgQSec1x2dYgA,1,@pablochitay46,@fredydomingo7062
UChgkn5Jt5tWKYMoEOuCjz3Q,UCujPF2nBgsTD62nWE3lcpIg,1,@pablochitay46,@victorarturoruanobautista7588
UChgkn5Jt5tWKYMoEOuCjz3Q,UCut6b9S98nv84cVX89PmKzA,1,@pablochitay46,@yeniferaguirre4498
UChgkn5Jt5tWKYMoEOuCjz3Q,UCvApqeCbLod-wejtT4CcVuA,1,@pablochitay46,@davidgaher9550
UChgkn5Jt5tWKYMoEOuCjz3Q,UCwO2SXr0ggzwg6QWWrr01nQ,1,@pablochitay46,@ricardofigueroa5720
UChgkn5Jt5tWKYMoEOuCjz3Q,UCwW2OFy95P7ZBkOPxWkpvYg,1,@pablochitay46,@TeresaLucero-b5o
UChgkn5Jt5tWKYMoEOuCjz3Q,UCwha8rxULYMVtNwZWeSkE1A,1,@pablochitay46,@mariasamo8637
UChgkn5Jt5tWKYMoEOuCjz3Q,UCxff05WuyvwELNITi7bj7UA,1,@pablochitay46,@markoherrera
UChgkn5Jt5tWKYMoEOuCjz3Q,UCySYJU5kUh7X8gVt9la2ISA,1,@pablochitay46,@dantesarti4351
UChgkn5Jt5tWKYMoEOuCjz3Q,UCylqlpsh8ENNM1LqgQ1KbxA,1,@pablochitay46,@Jel.Awesh.M
UChgkn5Jt5tWKYMoEOuCjz3Q,UCz3gu01bmjNv0DpRq-K3XYg,1,@pablochitay46,@eusebiovasquez4385
UChgkn5Jt5tWKYMoEOuCjz3Q,UCzSfZlOVxBSs5ObD25ywxDQ,1,@pablochitay46,@GilmarMaldonado-q9m
UChgkn5Jt5tWKYMoEOuCjz3Q,UCzoL2l5H5eVlorWGH8AZfAg,1,@pablochitay46,@jor77cas
UChs3tU2BcKOT0CezykvAsGw,UCi1b_TRQfgO1Z9O2gNGGWNA,1,@byronpontaza,@davidisraelesquitsaquil
UChs3tU2BcKOT0CezykvAsGw,UCiGRBf2RNF0WRKhRVT7zFoA,1,@byronpontaza,@edwinavila4876
UChs3tU2BcKOT0CezykvAsGw,UCiMythXHsw7eQEMykCdmMUA,1,@byronpontaza,@JavierBecerra-h6x
UChs3tU2BcKOT0CezykvAsGw,UCipetjeiWj4CZB6EbyYziZg,1,@byronpontaza,@OseasSamayoa-ol5rz
UChs3tU2BcKOT0CezykvAsGw,UCj-LL25XJnjxepPKCc3NGog,1,@byronpontaza,@anaaguirre8985
UChs3tU2BcKOT0CezykvAsGw,UCjSKM9j0Q7HLDr1hD6D-TUw,1,@byronpontaza,@josehidalgo4875
UChs3tU2BcKOT0CezykvAsGw,UCjmPuazZJzscrwvk0QR9RVw,1,@byronpontaza,@mynorrodas8591
UChs3tU2BcKOT0CezykvAsGw,UCkd9W714-947dEE6ZOEBATA,1,@byronpontaza,@ARGELIATELON
UChs3tU2BcKOT0CezykvAsGw,UCl0ekS9Tt0jJGtOEM18S63w,1,@byronpontaza,@monkchapin
UChs3tU2BcKOT0CezykvAsGw,UCljDbleJul41G1TzOjOZAVA,1,@byronpontaza,@hectorcarranza3777
UChs3tU2BcKOT0CezykvAsGw,UCmjppp6ujz3SAnULvP3sZMw,1,@byronpontaza,@marcomendez7509
UChs3tU2BcKOT0CezykvAsGw,UCmvOgzmmXbjUthHy-WJ52hQ,1,@byronpontaza,@mariorodas593
UChs3tU2BcKOT0CezykvAsGw,UCp4iw5_5SmV9VGTFSNVGOmQ,1,@byronpontaza,@CARLOSSTREMS51
UChs3tU2BcKOT0CezykvAsGw,UCpIdtvoFHVLGASGB5ySqIEA,1,@byronpontaza,@VidalVillatoro-p4w
UChs3tU2BcKOT0CezykvAsGw,UCpl8rF8uv_8uui-QRvuJaRA,1,@byronpontaza,@SergioGarcia-z9c
UChs3tU2BcKOT0CezykvAsGw,UCplrIQtaPj6au60_f2-mOYw,1,@byronpontaza,@romeolopezherrarte799
UChs3tU2BcKOT0CezykvAsGw,UCpsKOkt5iWTbenzeuq7dsmQ,1,@byronpontaza,@inge_vergueta
UChs3tU2BcKOT0CezykvAsGw,UCr1emrogPKkKTs_WTtx71xg,1,@byronpontaza,@domingopeneleu6457
UChs3tU2BcKOT0CezykvAsGw,UCrJn_rbo_ENAdeqneS-RmRw,1,@byronpontaza,@josecarrera9623
UChs3tU2BcKOT0CezykvAsGw,UCsJJAvrVGupdmhOqgtDp8dg,1,@byronpontaza,@nestorlorenzana1168
UChs3tU2BcKOT0CezykvAsGw,UCsSXdJct-nsS8DsABoEsaYA,1,@byronpontaza,@IvánPérez-j4j
UChs3tU2BcKOT0CezykvAsGw,UCsUCN0Yq_UyTvKjOJLmNrnQ,1,@byronpontaza,@moisesvaldez4043
UChs3tU2BcKOT0CezykvAsGw,UCsjs5Hp_r86x1xbK6FAeqaA,1,@byronpontaza,@alvaroesquivel563
UChs3tU2BcKOT0CezykvAsGw,UCtNfIBnc5S5DbbQj_yxgJTw,1,@byronpontaza,@JosueRamirez-ey3ih
UChs3tU2BcKOT0CezykvAsGw,UCtUR3_CAiE7fCoZHM6cMfyQ,1,@byronpontaza,@mdelcid01
UChs3tU2BcKOT0CezykvAsGw,UCueV9cTyTDwgQSec1x2dYgA,1,@byronpontaza,@fredydomingo7062
UChs3tU2BcKOT0CezykvAsGw,UCujPF2nBgsTD62nWE3lcpIg,1,@byronpontaza,@victorarturoruanobautista7588
UChs3tU2BcKOT0CezykvAsGw,UCut6b9S98nv84cVX89PmKzA,1,@byronpontaza,@yeniferaguirre4498
UChs3tU2BcKOT0CezykvAsGw,UCvApqeCbLod-wejtT4CcVuA,1,@byronpontaza,@davidgaher9550
UChs3tU2BcKOT0CezykvAsGw,UCwO2SXr0ggzwg6QWWrr01nQ,1,@byronpontaza,@ricardofigueroa5720
UChs3tU2BcKOT0CezykvAsGw,UCwW2OFy95P7ZBkOPxWkpvYg,1,@byronpontaza,@TeresaLucero-b5o
UChs3tU2BcKOT0CezykvAsGw,UCwha8rxULYMVtNwZWeSkE1A,1,@byronpontaza,@mariasamo8637
UChs3tU2BcKOT0CezykvAsGw,UCxff05WuyvwELNITi7bj7UA,1,@byronpontaza,@markoherrera
UChs3tU2BcKOT0CezykvAsGw,UCySYJU5kUh7X8gVt9la2ISA,1,@byronpontaza,@dantesarti4351
UChs3tU2BcKOT0CezykvAsGw,UCylqlpsh8ENNM1LqgQ1KbxA,1,@byronpontaza,@Jel.Awesh.M
UChs3tU2BcKOT0CezykvAsGw,UCz3gu01bmjNv0DpRq-K3XYg,1,@byronpontaza,@eusebiovasquez4385
UChs3tU2BcKOT0CezykvAsGw,UCzSfZlOVxBSs5ObD25ywxDQ,1,@byronpontaza,@GilmarMaldonado-q9m
UChs3tU2BcKOT0CezykvAsGw,UCzoL2l5H5eVlorWGH8AZfAg,1,@byronpontaza,@jor77cas
UChyps3dqY-VY1_wLeq-2lhw,UCiOZX__1gahg1ypIj0_XG_w,1,@maydamorales4395,@mariogonzalezorellana8956
UChyps3dqY-VY1_wLeq-2lhw,UCjZgFEowMBrsjodqfovzdKw,1,@maydamorales4395,@franciscoflores3120
UChyps3dqY-VY1_wLeq-2lhw,UCoGdCoJg2Lh0OX_jv6cG16g,1,@maydamorales4395,@Israel-u5i7i
UChyps3dqY-VY1_wLeq-2lhw,UCp29O_C7cchZV8IxV7Crdag,1,@maydamorales4395,@robertoescobar5507
UChyps3dqY-VY1_wLeq-2lhw,UCql1n3Ey6ULMSOACjMe-fxQ,1,@maydamorales4395,@RolandoGonzalez-o7g
UChyps3dqY-VY1_wLeq-2lhw,UCtCtts20bW6F9CSohau51Iw,1,@maydamorales4395,@carlosgranados9875
UChyps3dqY-VY1_wLeq-2lhw,UCtsxPYw8VUsH_FfnKg-0lmw,1,@maydamorales4395,@AlejandroPérez-b6r
UChyps3dqY-VY1_wLeq-2lhw,UCvDwJBBY1mHK70aTEYl6rsA,1,@maydamorales4395,@cristianescobedo8296
UChyps3dqY-VY1_wLeq-2lhw,UCwxoKK59nGCeBqB2sXfDBIw,1,@maydamorales4395,@vic-bonivideos
UChyps3dqY-VY1_wLeq-2lhw,UCyJhqmMbsvjpoarBBStA2kg,1,@maydamorales4395,@Murmullodelbarrio
UChyps3dqY-VY1_wLeq-2lhw,UCzZ6dDCEsLMXbc5pCFXIprw,1,@maydamorales4395,@josegil3813
UCi-vPdnpQreC7BkFs40mJGA,UCqilIa8r7iek5sGYg_q6ofA,1,@bryansicasales4280,@rolandojuchuna484
UCi-vPdnpQreC7BkFs40mJGA,UCs_5qeqdku9tGAq22y3OcuQ,1,@bryansicasales4280,@alexandrevasquez4135
UCi-vPdnpQreC7BkFs40mJGA,UCtMBF_1O2jY2INlb_luuB_A,1,@bryansicasales4280,@mynorgudiel8646
UCi-vPdnpQreC7BkFs40mJGA,UCwUAv3_LpWVtTIi7lkmTL7A,1,@bryansicasales4280,@kingr4706
UCi-vPdnpQreC7BkFs40mJGA,UCxKR3RA8T-kxMgq_2WWhRcQ,1,@bryansicasales4280,@elenaluarca9377
UCi-vPdnpQreC7BkFs40mJGA,UCyzf29IYjNw67gGIfsjgtxA,1,@bryansicasales4280,@carlosoliva9249
UCi1b_TRQfgO1Z9O2gNGGWNA,UCiGRBf2RNF0WRKhRVT7zFoA,1,@davidisraelesquitsaquil,@edwinavila4876
UCi1b_TRQfgO1Z9O2gNGGWNA,UCiMythXHsw7eQEMykCdmMUA,1,@davidisraelesquitsaquil,@JavierBecerra-h6x
UCi1b_TRQfgO1Z9O2gNGGWNA,UCipetjeiWj4CZB6EbyYziZg,1,@davidisraelesquitsaquil,@OseasSamayoa-ol5rz
UCi1b_TRQfgO1Z9O2gNGGWNA,UCj-LL25XJnjxepPKCc3NGog,1,@davidisraelesquitsaquil,@anaaguirre8985
UCi1b_TRQfgO1Z9O2gNGGWNA,UCjSKM9j0Q7HLDr1hD6D-TUw,1,@davidisraelesquitsaquil,@josehidalgo4875
UCi1b_TRQfgO1Z9O2gNGGWNA,UCjmPuazZJzscrwvk0QR9RVw,1,@davidisraelesquitsaquil,@mynorrodas8591
UCi1b_TRQfgO1Z9O2gNGGWNA,UCkd9W714-947dEE6ZOEBATA,1,@davidisraelesquitsaquil,@ARGELIATELON
UCi1b_TRQfgO1Z9O2gNGGWNA,UCl0ekS9Tt0jJGtOEM18S63w,1,@davidisraelesquitsaquil,@monkchapin
UCi1b_TRQfgO1Z9O2gNGGWNA,UCljDbleJul41G1TzOjOZAVA,1,@davidisraelesquitsaquil,@hectorcarranza3777
UCi1b_TRQfgO1Z9O2gNGGWNA,UCmjppp6ujz3SAnULvP3sZMw,1,@davidisraelesquitsaquil,@marcomendez7509
UCi1b_TRQfgO1Z9O2gNGGWNA,UCmvOgzmmXbjUthHy-WJ52hQ,1,@davidisraelesquitsaquil,@mariorodas593
UCi1b_TRQfgO1Z9O2gNGGWNA,UCp4iw5_5SmV9VGTFSNVGOmQ,1,@davidisraelesquitsaquil,@CARLOSSTREMS51
UCi1b_TRQfgO1Z9O2gNGGWNA,UCpIdtvoFHVLGASGB5ySqIEA,1,@davidisraelesquitsaquil,@VidalVillatoro-p4w
UCi1b_TRQfgO1Z9O2gNGGWNA,UCpl8rF8uv_8uui-QRvuJaRA,1,@davidisraelesquitsaquil,@SergioGarcia-z9c
UCi1b_TRQfgO1Z9O2gNGGWNA,UCplrIQtaPj6au60_f2-mOYw,1,@davidisraelesquitsaquil,@romeolopezherrarte799
UCi1b_TRQfgO1Z9O2gNGGWNA,UCpsKOkt5iWTbenzeuq7dsmQ,1,@davidisraelesquitsaquil,@inge_vergueta
UCi1b_TRQfgO1Z9O2gNGGWNA,UCr1emrogPKkKTs_WTtx71xg,1,@davidisraelesquitsaquil,@domingopeneleu6457
UCi1b_TRQfgO1Z9O2gNGGWNA,UCrJn_rbo_ENAdeqneS-RmRw,1,@davidisraelesquitsaquil,@josecarrera9623
UCi1b_TRQfgO1Z9O2gNGGWNA,UCsJJAvrVGupdmhOqgtDp8dg,1,@davidisraelesquitsaquil,@nestorlorenzana1168
UCi1b_TRQfgO1Z9O2gNGGWNA,UCsSXdJct-nsS8DsABoEsaYA,1,@davidisraelesquitsaquil,@IvánPérez-j4j
UCi1b_TRQfgO1Z9O2gNGGWNA,UCsUCN0Yq_UyTvKjOJLmNrnQ,1,@davidisraelesquitsaquil,@moisesvaldez4043
UCi1b_TRQfgO1Z9O2gNGGWNA,UCsjs5Hp_r86x1xbK6FAeqaA,1,@davidisraelesquitsaquil,@alvaroesquivel563
UCi1b_TRQfgO1Z9O2gNGGWNA,UCtNfIBnc5S5DbbQj_yxgJTw,1,@davidisraelesquitsaquil,@JosueRamirez-ey3ih
UCi1b_TRQfgO1Z9O2gNGGWNA,UCtUR3_CAiE7fCoZHM6cMfyQ,1,@davidisraelesquitsaquil,@mdelcid01
UCi1b_TRQfgO1Z9O2gNGGWNA,UCueV9cTyTDwgQSec1x2dYgA,1,@davidisraelesquitsaquil,@fredydomingo7062
UCi1b_TRQfgO1Z9O2gNGGWNA,UCujPF2nBgsTD62nWE3lcpIg,1,@davidisraelesquitsaquil,@victorarturoruanobautista7588
UCi1b_TRQfgO1Z9O2gNGGWNA,UCut6b9S98nv84cVX89PmKzA,1,@davidisraelesquitsaquil,@yeniferaguirre4498
UCi1b_TRQfgO1Z9O2gNGGWNA,UCvApqeCbLod-wejtT4CcVuA,1,@davidisraelesquitsaquil,@davidgaher9550
UCi1b_TRQfgO1Z9O2gNGGWNA,UCwO2SXr0ggzwg6QWWrr01nQ,1,@davidisraelesquitsaquil,@ricardofigueroa5720
UCi1b_TRQfgO1Z9O2gNGGWNA,UCwW2OFy95P7ZBkOPxWkpvYg,1,@davidisraelesquitsaquil,@TeresaLucero-b5o
UCi1b_TRQfgO1Z9O2gNGGWNA,UCwha8rxULYMVtNwZWeSkE1A,1,@davidisraelesquitsaquil,@mariasamo8637
UCi1b_TRQfgO1Z9O2gNGGWNA,UCxff05WuyvwELNITi7bj7UA,1,@davidisraelesquitsaquil,@markoherrera
UCi1b_TRQfgO1Z9O2gNGGWNA,UCySYJU5kUh7X8gVt9la2ISA,1,@davidisraelesquitsaquil,@dantesarti4351
UCi1b_TRQfgO1Z9O2gNGGWNA,UCylqlpsh8ENNM1LqgQ1KbxA,1,@davidisraelesquitsaquil,@Jel.Awesh.M
UCi1b_TRQfgO1Z9O2gNGGWNA,UCz3gu01bmjNv0DpRq-K3XYg,1,@davidisraelesquitsaquil,@eusebiovasquez4385
UCi1b_TRQfgO1Z9O2gNGGWNA,UCzSfZlOVxBSs5ObD25ywxDQ,1,@davidisraelesquitsaquil,@GilmarMaldonado-q9m
UCi1b_TRQfgO1Z9O2gNGGWNA,UCzoL2l5H5eVlorWGH8AZfAg,1,@davidisraelesquitsaquil,@jor77cas
UCi2KiZq63sRq8Mfbcp-MelQ,UCozFYHN0e_-vlQbX3wQGOug,1,@eugeneramirez4405,@jesusguzman2321
UCi2KiZq63sRq8Mfbcp-MelQ,UCp_dAUfv8i3LW3zWc24dLaQ,1,@eugeneramirez4405,@MarioCortez-o6v
UCi2KiZq63sRq8Mfbcp-MelQ,UCrqXyRsg-_hTosURZ-uvoKg,1,@eugeneramirez4405,@flornolberto2425
UCi2KiZq63sRq8Mfbcp-MelQ,UCtiHFjFu7d5v2XxHnKFUYig,1,@eugeneramirez4405,@Paul-gf7ec
UCi2KiZq63sRq8Mfbcp-MelQ,UCxhtlxPV8AYWaNNyU6S9H8Q,1,@eugeneramirez4405,@WilR-s8r
UCiC-Jn7wdgyQV4_Urk0DkWQ,UCkVtmkK07b2zaVVNssX4lOg,1,@pedroros6358,@HectorElias-u2l
UCiC-Jn7wdgyQV4_Urk0DkWQ,UCkbsS_3D-pvg1iHOld9uvIg,1,@pedroros6358,@gonzalo6075
UCiC-Jn7wdgyQV4_Urk0DkWQ,UClhMWQ7XKWywYvbRnuf8QsA,1,@pedroros6358,@EcPerez-zz9oh
UCiC-Jn7wdgyQV4_Urk0DkWQ,UClqA491Xa5fQcXcJJa-vTWw,1,@pedroros6358,@AndresLemus-k2d
UCiC-Jn7wdgyQV4_Urk0DkWQ,UColMq7LmaoY3MT6aIDGrGvA,1,@pedroros6358,@quijotachapina1
UCiC-Jn7wdgyQV4_Urk0DkWQ,UCpe5jW3MIqkgTJ-PgkzvM6Q,1,@pedroros6358,@carloslam5333
UCiC-Jn7wdgyQV4_Urk0DkWQ,UCpsKOkt5iWTbenzeuq7dsmQ,1,@pedroros6358,@inge_vergueta
UCiC-Jn7wdgyQV4_Urk0DkWQ,UCqCrvuoJpC-aVb0f4logQRQ,1,@pedroros6358,@Lyrics_GT
UCiC-Jn7wdgyQV4_Urk0DkWQ,UCsGoJEvb-cFPZ2rWoJcXzEQ,1,@pedroros6358,@sergiohinestroza9709
UCiC-Jn7wdgyQV4_Urk0DkWQ,UCu8_3-Wg-YzNyvHYQDEscfw,1,@pedroros6358,@RolandoCastroPérez-d7y
UCiC-Jn7wdgyQV4_Urk0DkWQ,UCuXmOjxC-htcprLgeVXz6Tg,1,@pedroros6358,@jorgeaguilar-bq3uj
UCiC-Jn7wdgyQV4_Urk0DkWQ,UCwgCc9Jd_gG-uLE_SY-FfPg,1,@pedroros6358,@armindapenados2841
UCiC-Jn7wdgyQV4_Urk0DkWQ,UCwjUvRseNtJoItylIyIez7Q,1,@pedroros6358,@Silviazea
UCiC-Jn7wdgyQV4_Urk0DkWQ,UCylqlpsh8ENNM1LqgQ1KbxA,1,@pedroros6358,@Jel.Awesh.M
UCiGRBf2RNF0WRKhRVT7zFoA,UCiMythXHsw7eQEMykCdmMUA,1,@edwinavila4876,@JavierBecerra-h6x
UCiGRBf2RNF0WRKhRVT7zFoA,UCipetjeiWj4CZB6EbyYziZg,1,@edwinavila4876,@OseasSamayoa-ol5rz
UCiGRBf2RNF0WRKhRVT7zFoA,UCj-LL25XJnjxepPKCc3NGog,1,@edwinavila4876,@anaaguirre8985
UCiGRBf2RNF0WRKhRVT7zFoA,UCjSKM9j0Q7HLDr1hD6D-TUw,1,@edwinavila4876,@josehidalgo4875
UCiGRBf2RNF0WRKhRVT7zFoA,UCjmPuazZJzscrwvk0QR9RVw,1,@edwinavila4876,@mynorrodas8591
UCiGRBf2RNF0WRKhRVT7zFoA,UCkd9W714-947dEE6ZOEBATA,1,@edwinavila4876,@ARGELIATELON
UCiGRBf2RNF0WRKhRVT7zFoA,UCl0ekS9Tt0jJGtOEM18S63w,1,@edwinavila4876,@monkchapin
UCiGRBf2RNF0WRKhRVT7zFoA,UCljDbleJul41G1TzOjOZAVA,1,@edwinavila4876,@hectorcarranza3777
UCiGRBf2RNF0WRKhRVT7zFoA,UCmjppp6ujz3SAnULvP3sZMw,1,@edwinavila4876,@marcomendez7509
UCiGRBf2RNF0WRKhRVT7zFoA,UCmvOgzmmXbjUthHy-WJ52hQ,1,@edwinavila4876,@mariorodas593
UCiGRBf2RNF0WRKhRVT7zFoA,UCp4iw5_5SmV9VGTFSNVGOmQ,1,@edwinavila4876,@CARLOSSTREMS51
UCiGRBf2RNF0WRKhRVT7zFoA,UCpIdtvoFHVLGASGB5ySqIEA,1,@edwinavila4876,@VidalVillatoro-p4w
UCiGRBf2RNF0WRKhRVT7zFoA,UCpl8rF8uv_8uui-QRvuJaRA,1,@edwinavila4876,@SergioGarcia-z9c
UCiGRBf2RNF0WRKhRVT7zFoA,UCplrIQtaPj6au60_f2-mOYw,1,@edwinavila4876,@romeolopezherrarte799
UCiGRBf2RNF0WRKhRVT7zFoA,UCpsKOkt5iWTbenzeuq7dsmQ,1,@edwinavila4876,@inge_vergueta
UCiGRBf2RNF0WRKhRVT7zFoA,UCr1emrogPKkKTs_WTtx71xg,1,@edwinavila4876,@domingopeneleu6457
UCiGRBf2RNF0WRKhRVT7zFoA,UCrJn_rbo_ENAdeqneS-RmRw,1,@edwinavila4876,@josecarrera9623
UCiGRBf2RNF0WRKhRVT7zFoA,UCsJJAvrVGupdmhOqgtDp8dg,1,@edwinavila4876,@nestorlorenzana1168
UCiGRBf2RNF0WRKhRVT7zFoA,UCsSXdJct-nsS8DsABoEsaYA,1,@edwinavila4876,@IvánPérez-j4j
UCiGRBf2RNF0WRKhRVT7zFoA,UCsUCN0Yq_UyTvKjOJLmNrnQ,1,@edwinavila4876,@moisesvaldez4043
UCiGRBf2RNF0WRKhRVT7zFoA,UCsjs5Hp_r86x1xbK6FAeqaA,1,@edwinavila4876,@alvaroesquivel563
UCiGRBf2RNF0WRKhRVT7zFoA,UCtNfIBnc5S5DbbQj_yxgJTw,1,@edwinavila4876,@JosueRamirez-ey3ih
UCiGRBf2RNF0WRKhRVT7zFoA,UCtUR3_CAiE7fCoZHM6cMfyQ,1,@edwinavila4876,@mdelcid01
UCiGRBf2RNF0WRKhRVT7zFoA,UCueV9cTyTDwgQSec1x2dYgA,1,@edwinavila4876,@fredydomingo7062
UCiGRBf2RNF0WRKhRVT7zFoA,UCujPF2nBgsTD62nWE3lcpIg,1,@edwinavila4876,@victorarturoruanobautista7588
UCiGRBf2RNF0WRKhRVT7zFoA,UCut6b9S98nv84cVX89PmKzA,1,@edwinavila4876,@yeniferaguirre4498
UCiGRBf2RNF0WRKhRVT7zFoA,UCvApqeCbLod-wejtT4CcVuA,1,@edwinavila4876,@davidgaher9550
UCiGRBf2RNF0WRKhRVT7zFoA,UCwO2SXr0ggzwg6QWWrr01nQ,1,@edwinavila4876,@ricardofigueroa5720
UCiGRBf2RNF0WRKhRVT7zFoA,UCwW2OFy95P7ZBkOPxWkpvYg,1,@edwinavila4876,@TeresaLucero-b5o
UCiGRBf2RNF0WRKhRVT7zFoA,UCwha8rxULYMVtNwZWeSkE1A,1,@edwinavila4876,@mariasamo8637
UCiGRBf2RNF0WRKhRVT7zFoA,UCxff05WuyvwELNITi7bj7UA,1,@edwinavila4876,@markoherrera
UCiGRBf2RNF0WRKhRVT7zFoA,UCySYJU5kUh7X8gVt9la2ISA,1,@edwinavila4876,@dantesarti4351
UCiGRBf2RNF0WRKhRVT7zFoA,UCylqlpsh8ENNM1LqgQ1KbxA,1,@edwinavila4876,@Jel.Awesh.M
UCiGRBf2RNF0WRKhRVT7zFoA,UCz3gu01bmjNv0DpRq-K3XYg,1,@edwinavila4876,@eusebiovasquez4385
UCiGRBf2RNF0WRKhRVT7zFoA,UCzSfZlOVxBSs5ObD25ywxDQ,1,@edwinavila4876,@GilmarMaldonado-q9m
UCiGRBf2RNF0WRKhRVT7zFoA,UCzoL2l5H5eVlorWGH8AZfAg,1,@edwinavila4876,@jor77cas
UCiMythXHsw7eQEMykCdmMUA,UCipetjeiWj4CZB6EbyYziZg,1,@JavierBecerra-h6x,@OseasSamayoa-ol5rz
UCiMythXHsw7eQEMykCdmMUA,UCj-LL25XJnjxepPKCc3NGog,1,@JavierBecerra-h6x,@anaaguirre8985
UCiMythXHsw7eQEMykCdmMUA,UCjSKM9j0Q7HLDr1hD6D-TUw,1,@JavierBecerra-h6x,@josehidalgo4875
UCiMythXHsw7eQEMykCdmMUA,UCjmPuazZJzscrwvk0QR9RVw,1,@JavierBecerra-h6x,@mynorrodas8591
UCiMythXHsw7eQEMykCdmMUA,UCkd9W714-947dEE6ZOEBATA,1,@JavierBecerra-h6x,@ARGELIATELON
UCiMythXHsw7eQEMykCdmMUA,UCl0ekS9Tt0jJGtOEM18S63w,1,@JavierBecerra-h6x,@monkchapin
UCiMythXHsw7eQEMykCdmMUA,UCljDbleJul41G1TzOjOZAVA,1,@JavierBecerra-h6x,@hectorcarranza3777
UCiMythXHsw7eQEMykCdmMUA,UCmjppp6ujz3SAnULvP3sZMw,1,@JavierBecerra-h6x,@marcomendez7509
UCiMythXHsw7eQEMykCdmMUA,UCmvOgzmmXbjUthHy-WJ52hQ,1,@JavierBecerra-h6x,@mariorodas593
UCiMythXHsw7eQEMykCdmMUA,UCp4iw5_5SmV9VGTFSNVGOmQ,1,@JavierBecerra-h6x,@CARLOSSTREMS51
UCiMythXHsw7eQEMykCdmMUA,UCpIdtvoFHVLGASGB5ySqIEA,1,@JavierBecerra-h6x,@VidalVillatoro-p4w
UCiMythXHsw7eQEMykCdmMUA,UCpl8rF8uv_8uui-QRvuJaRA,1,@JavierBecerra-h6x,@SergioGarcia-z9c
UCiMythXHsw7eQEMykCdmMUA,UCplrIQtaPj6au60_f2-mOYw,1,@JavierBecerra-h6x,@romeolopezherrarte799
UCiMythXHsw7eQEMykCdmMUA,UCpsKOkt5iWTbenzeuq7dsmQ,1,@JavierBecerra-h6x,@inge_vergueta
UCiMythXHsw7eQEMykCdmMUA,UCr1emrogPKkKTs_WTtx71xg,1,@JavierBecerra-h6x,@domingopeneleu6457
UCiMythXHsw7eQEMykCdmMUA,UCrJn_rbo_ENAdeqneS-RmRw,1,@JavierBecerra-h6x,@josecarrera9623
UCiMythXHsw7eQEMykCdmMUA,UCsJJAvrVGupdmhOqgtDp8dg,1,@JavierBecerra-h6x,@nestorlorenzana1168
UCiMythXHsw7eQEMykCdmMUA,UCsSXdJct-nsS8DsABoEsaYA,1,@JavierBecerra-h6x,@IvánPérez-j4j
UCiMythXHsw7eQEMykCdmMUA,UCsUCN0Yq_UyTvKjOJLmNrnQ,1,@JavierBecerra-h6x,@moisesvaldez4043
UCiMythXHsw7eQEMykCdmMUA,UCsjs5Hp_r86x1xbK6FAeqaA,1,@JavierBecerra-h6x,@alvaroesquivel563
UCiMythXHsw7eQEMykCdmMUA,UCtNfIBnc5S5DbbQj_yxgJTw,1,@JavierBecerra-h6x,@JosueRamirez-ey3ih
UCiMythXHsw7eQEMykCdmMUA,UCtUR3_CAiE7fCoZHM6cMfyQ,1,@JavierBecerra-h6x,@mdelcid01
UCiMythXHsw7eQEMykCdmMUA,UCueV9cTyTDwgQSec1x2dYgA,1,@JavierBecerra-h6x,@fredydomingo7062
UCiMythXHsw7eQEMykCdmMUA,UCujPF2nBgsTD62nWE3lcpIg,1,@JavierBecerra-h6x,@victorarturoruanobautista7588
UCiMythXHsw7eQEMykCdmMUA,UCut6b9S98nv84cVX89PmKzA,1,@JavierBecerra-h6x,@yeniferaguirre4498
UCiMythXHsw7eQEMykCdmMUA,UCvApqeCbLod-wejtT4CcVuA,1,@JavierBecerra-h6x,@davidgaher9550
UCiMythXHsw7eQEMykCdmMUA,UCwO2SXr0ggzwg6QWWrr01nQ,1,@JavierBecerra-h6x,@ricardofigueroa5720
UCiMythXHsw7eQEMykCdmMUA,UCwW2OFy95P7ZBkOPxWkpvYg,1,@JavierBecerra-h6x,@TeresaLucero-b5o
UCiMythXHsw7eQEMykCdmMUA,UCwha8rxULYMVtNwZWeSkE1A,1,@JavierBecerra-h6x,@mariasamo8637
UCiMythXHsw7eQEMykCdmMUA,UCxff05WuyvwELNITi7bj7UA,1,@JavierBecerra-h6x,@markoherrera
UCiMythXHsw7eQEMykCdmMUA,UCySYJU5kUh7X8gVt9la2ISA,1,@JavierBecerra-h6x,@dantesarti4351
UCiMythXHsw7eQEMykCdmMUA,UCylqlpsh8ENNM1LqgQ1KbxA,1,@JavierBecerra-h6x,@Jel.Awesh.M
UCiMythXHsw7eQEMykCdmMUA,UCz3gu01bmjNv0DpRq-K3XYg,1,@JavierBecerra-h6x,@eusebiovasquez4385
UCiMythXHsw7eQEMykCdmMUA,UCzSfZlOVxBSs5ObD25ywxDQ,1,@JavierBecerra-h6x,@GilmarMaldonado-q9m
UCiMythXHsw7eQEMykCdmMUA,UCzoL2l5H5eVlorWGH8AZfAg,1,@JavierBecerra-h6x,@jor77cas
UCiOZX__1gahg1ypIj0_XG_w,UCjZgFEowMBrsjodqfovzdKw,1,@mariogonzalezorellana8956,@franciscoflores3120
UCiOZX__1gahg1ypIj0_XG_w,UCoGdCoJg2Lh0OX_jv6cG16g,1,@mariogonzalezorellana8956,@Israel-u5i7i
UCiOZX__1gahg1ypIj0_XG_w,UCp29O_C7cchZV8IxV7Crdag,1,@mariogonzalezorellana8956,@robertoescobar5507
UCiOZX__1gahg1ypIj0_XG_w,UCql1n3Ey6ULMSOACjMe-fxQ,1,@mariogonzalezorellana8956,@RolandoGonzalez-o7g
UCiOZX__1gahg1ypIj0_XG_w,UCtCtts20bW6F9CSohau51Iw,1,@mariogonzalezorellana8956,@carlosgranados9875
UCiOZX__1gahg1ypIj0_XG_w,UCtsxPYw8VUsH_FfnKg-0lmw,1,@mariogonzalezorellana8956,@AlejandroPérez-b6r
UCiOZX__1gahg1ypIj0_XG_w,UCvDwJBBY1mHK70aTEYl6rsA,1,@mariogonzalezorellana8956,@cristianescobedo8296
UCiOZX__1gahg1ypIj0_XG_w,UCwxoKK59nGCeBqB2sXfDBIw,1,@mariogonzalezorellana8956,@vic-bonivideos
UCiOZX__1gahg1ypIj0_XG_w,UCyJhqmMbsvjpoarBBStA2kg,1,@mariogonzalezorellana8956,@Murmullodelbarrio
UCiOZX__1gahg1ypIj0_XG_w,UCzZ6dDCEsLMXbc5pCFXIprw,1,@mariogonzalezorellana8956,@josegil3813
UCipetjeiWj4CZB6EbyYziZg,UCj-LL25XJnjxepPKCc3NGog,1,@OseasSamayoa-ol5rz,@anaaguirre8985
UCipetjeiWj4CZB6EbyYziZg,UCjSKM9j0Q7HLDr1hD6D-TUw,1,@OseasSamayoa-ol5rz,@josehidalgo4875
UCipetjeiWj4CZB6EbyYziZg,UCjmPuazZJzscrwvk0QR9RVw,1,@OseasSamayoa-ol5rz,@mynorrodas8591
UCipetjeiWj4CZB6EbyYziZg,UCkd9W714-947dEE6ZOEBATA,1,@OseasSamayoa-ol5rz,@ARGELIATELON
UCipetjeiWj4CZB6EbyYziZg,UCl0ekS9Tt0jJGtOEM18S63w,1,@OseasSamayoa-ol5rz,@monkchapin
UCipetjeiWj4CZB6EbyYziZg,UCljDbleJul41G1TzOjOZAVA,1,@OseasSamayoa-ol5rz,@hectorcarranza3777
UCipetjeiWj4CZB6EbyYziZg,UCmjppp6ujz3SAnULvP3sZMw,1,@OseasSamayoa-ol5rz,@marcomendez7509
UCipetjeiWj4CZB6EbyYziZg,UCmvOgzmmXbjUthHy-WJ52hQ,1,@OseasSamayoa-ol5rz,@mariorodas593
UCipetjeiWj4CZB6EbyYziZg,UCp4iw5_5SmV9VGTFSNVGOmQ,1,@OseasSamayoa-ol5rz,@CARLOSSTREMS51
UCipetjeiWj4CZB6EbyYziZg,UCpIdtvoFHVLGASGB5ySqIEA,1,@OseasSamayoa-ol5rz,@VidalVillatoro-p4w
UCipetjeiWj4CZB6EbyYziZg,UCpl8rF8uv_8uui-QRvuJaRA,1,@OseasSamayoa-ol5rz,@SergioGarcia-z9c
UCipetjeiWj4CZB6EbyYziZg,UCplrIQtaPj6au60_f2-mOYw,1,@OseasSamayoa-ol5rz,@romeolopezherrarte799
UCipetjeiWj4CZB6EbyYziZg,UCpsKOkt5iWTbenzeuq7dsmQ,1,@OseasSamayoa-ol5rz,@inge_vergueta
UCipetjeiWj4CZB6EbyYziZg,UCr1emrogPKkKTs_WTtx71xg,1,@OseasSamayoa-ol5rz,@domingopeneleu6457
UCipetjeiWj4CZB6EbyYziZg,UCrJn_rbo_ENAdeqneS-RmRw,1,@OseasSamayoa-ol5rz,@josecarrera9623
UCipetjeiWj4CZB6EbyYziZg,UCsJJAvrVGupdmhOqgtDp8dg,1,@OseasSamayoa-ol5rz,@nestorlorenzana1168
UCipetjeiWj4CZB6EbyYziZg,UCsSXdJct-nsS8DsABoEsaYA,1,@OseasSamayoa-ol5rz,@IvánPérez-j4j
UCipetjeiWj4CZB6EbyYziZg,UCsUCN0Yq_UyTvKjOJLmNrnQ,1,@OseasSamayoa-ol5rz,@moisesvaldez4043
UCipetjeiWj4CZB6EbyYziZg,UCsjs5Hp_r86x1xbK6FAeqaA,1,@OseasSamayoa-ol5rz,@alvaroesquivel563
UCipetjeiWj4CZB6EbyYziZg,UCtNfIBnc5S5DbbQj_yxgJTw,1,@OseasSamayoa-ol5rz,@JosueRamirez-ey3ih
UCipetjeiWj4CZB6EbyYziZg,UCtUR3_CAiE7fCoZHM6cMfyQ,1,@OseasSamayoa-ol5rz,@mdelcid01
UCipetjeiWj4CZB6EbyYziZg,UCueV9cTyTDwgQSec1x2dYgA,1,@OseasSamayoa-ol5rz,@fredydomingo7062
UCipetjeiWj4CZB6EbyYziZg,UCujPF2nBgsTD62nWE3lcpIg,1,@OseasSamayoa-ol5rz,@victorarturoruanobautista7588
UCipetjeiWj4CZB6EbyYziZg,UCut6b9S98nv84cVX89PmKzA,1,@OseasSamayoa-ol5rz,@yeniferaguirre4498
UCipetjeiWj4CZB6EbyYziZg,UCvApqeCbLod-wejtT4CcVuA,1,@OseasSamayoa-ol5rz,@davidgaher9550
UCipetjeiWj4CZB6EbyYziZg,UCwO2SXr0ggzwg6QWWrr01nQ,1,@OseasSamayoa-ol5rz,@ricardofigueroa5720
UCipetjeiWj4CZB6EbyYziZg,UCwW2OFy95P7ZBkOPxWkpvYg,1,@OseasSamayoa-ol5rz,@TeresaLucero-b5o
UCipetjeiWj4CZB6EbyYziZg,UCwha8rxULYMVtNwZWeSkE1A,1,@OseasSamayoa-ol5rz,@mariasamo8637
UCipetjeiWj4CZB6EbyYziZg,UCxff05WuyvwELNITi7bj7UA,1,@OseasSamayoa-ol5rz,@markoherrera
UCipetjeiWj4CZB6EbyYziZg,UCySYJU5kUh7X8gVt9la2ISA,1,@OseasSamayoa-ol5rz,@dantesarti4351
UCipetjeiWj4CZB6EbyYziZg,UCylqlpsh8ENNM1LqgQ1KbxA,1,@OseasSamayoa-ol5rz,@Jel.Awesh.M
UCipetjeiWj4CZB6EbyYziZg,UCz3gu01bmjNv0DpRq-K3XYg,1,@OseasSamayoa-ol5rz,@eusebiovasquez4385
UCipetjeiWj4CZB6EbyYziZg,UCzSfZlOVxBSs5ObD25ywxDQ,1,@OseasSamayoa-ol5rz,@GilmarMaldonado-q9m
UCipetjeiWj4CZB6EbyYziZg,UCzoL2l5H5eVlorWGH8AZfAg,1,@OseasSamayoa-ol5rz,@jor77cas
UCj-LL25XJnjxepPKCc3NGog,UCjSKM9j0Q7HLDr1hD6D-TUw,1,@anaaguirre8985,@josehidalgo4875
UCj-LL25XJnjxepPKCc3NGog,UCjmPuazZJzscrwvk0QR9RVw,1,@anaaguirre8985,@mynorrodas8591
UCj-LL25XJnjxepPKCc3NGog,UCkd9W714-947dEE6ZOEBATA,1,@anaaguirre8985,@ARGELIATELON
UCj-LL25XJnjxepPKCc3NGog,UCl0ekS9Tt0jJGtOEM18S63w,1,@anaaguirre8985,@monkchapin
UCj-LL25XJnjxepPKCc3NGog,UCljDbleJul41G1TzOjOZAVA,1,@anaaguirre8985,@hectorcarranza3777
UCj-LL25XJnjxepPKCc3NGog,UCmjppp6ujz3SAnULvP3sZMw,1,@anaaguirre8985,@marcomendez7509
UCj-LL25XJnjxepPKCc3NGog,UCmvOgzmmXbjUthHy-WJ52hQ,1,@anaaguirre8985,@mariorodas593
UCj-LL25XJnjxepPKCc3NGog,UCp4iw5_5SmV9VGTFSNVGOmQ,1,@anaaguirre8985,@CARLOSSTREMS51
UCj-LL25XJnjxepPKCc3NGog,UCpIdtvoFHVLGASGB5ySqIEA,1,@anaaguirre8985,@VidalVillatoro-p4w
UCj-LL25XJnjxepPKCc3NGog,UCpl8rF8uv_8uui-QRvuJaRA,1,@anaaguirre8985,@SergioGarcia-z9c
UCj-LL25XJnjxepPKCc3NGog,UCplrIQtaPj6au60_f2-mOYw,1,@anaaguirre8985,@romeolopezherrarte799
UCj-LL25XJnjxepPKCc3NGog,UCpsKOkt5iWTbenzeuq7dsmQ,1,@anaaguirre8985,@inge_vergueta
UCj-LL25XJnjxepPKCc3NGog,UCr1emrogPKkKTs_WTtx71xg,1,@anaaguirre8985,@domingopeneleu6457
UCj-LL25XJnjxepPKCc3NGog,UCrJn_rbo_ENAdeqneS-RmRw,1,@anaaguirre8985,@josecarrera9623
UCj-LL25XJnjxepPKCc3NGog,UCsJJAvrVGupdmhOqgtDp8dg,1,@anaaguirre8985,@nestorlorenzana1168
UCj-LL25XJnjxepPKCc3NGog,UCsSXdJct-nsS8DsABoEsaYA,1,@anaaguirre8985,@IvánPérez-j4j
UCj-LL25XJnjxepPKCc3NGog,UCsUCN0Yq_UyTvKjOJLmNrnQ,1,@anaaguirre8985,@moisesvaldez4043
UCj-LL25XJnjxepPKCc3NGog,UCsjs5Hp_r86x1xbK6FAeqaA,1,@anaaguirre8985,@alvaroesquivel563
UCj-LL25XJnjxepPKCc3NGog,UCtNfIBnc5S5DbbQj_yxgJTw,1,@anaaguirre8985,@JosueRamirez-ey3ih
UCj-LL25XJnjxepPKCc3NGog,UCtUR3_CAiE7fCoZHM6cMfyQ,1,@anaaguirre8985,@mdelcid01
UCj-LL25XJnjxepPKCc3NGog,UCueV9cTyTDwgQSec1x2dYgA,1,@anaaguirre8985,@fredydomingo7062
UCj-LL25XJnjxepPKCc3NGog,UCujPF2nBgsTD62nWE3lcpIg,1,@anaaguirre8985,@victorarturoruanobautista7588
UCj-LL25XJnjxepPKCc3NGog,UCut6b9S98nv84cVX89PmKzA,1,@anaaguirre8985,@yeniferaguirre4498
UCj-LL25XJnjxepPKCc3NGog,UCvApqeCbLod-wejtT4CcVuA,1,@anaaguirre8985,@davidgaher9550
UCj-LL25XJnjxepPKCc3NGog,UCwO2SXr0ggzwg6QWWrr01nQ,1,@anaaguirre8985,@ricardofigueroa5720
UCj-LL25XJnjxepPKCc3NGog,UCwW2OFy95P7ZBkOPxWkpvYg,1,@anaaguirre8985,@TeresaLucero-b5o
UCj-LL25XJnjxepPKCc3NGog,UCwha8rxULYMVtNwZWeSkE1A,1,@anaaguirre8985,@mariasamo8637
UCj-LL25XJnjxepPKCc3NGog,UCxff05WuyvwELNITi7bj7UA,1,@anaaguirre8985,@markoherrera
UCj-LL25XJnjxepPKCc3NGog,UCySYJU5kUh7X8gVt9la2ISA,1,@anaaguirre8985,@dantesarti4351
UCj-LL25XJnjxepPKCc3NGog,UCylqlpsh8ENNM1LqgQ1KbxA,1,@anaaguirre8985,@Jel.Awesh.M
UCj-LL25XJnjxepPKCc3NGog,UCz3gu01bmjNv0DpRq-K3XYg,1,@anaaguirre8985,@eusebiovasquez4385
UCj-LL25XJnjxepPKCc3NGog,UCzSfZlOVxBSs5ObD25ywxDQ,1,@anaaguirre8985,@GilmarMaldonado-q9m
UCj-LL25XJnjxepPKCc3NGog,UCzoL2l5H5eVlorWGH8AZfAg,1,@anaaguirre8985,@jor77cas
UCjJf-AJKRFFWtiN-CSwkDmA,UCnU8wO1OurAmGstDw6VGjgQ,1,@2jose82,@cmorera21
UCjJf-AJKRFFWtiN-CSwkDmA,UCpsKOkt5iWTbenzeuq7dsmQ,1,@2jose82,@inge_vergueta
UCjJf-AJKRFFWtiN-CSwkDmA,UCvcu1kR8xMYy_I1Ty-2mV2Q,1,@2jose82,@hashojea7348
UCjSKM9j0Q7HLDr1hD6D-TUw,UCjmPuazZJzscrwvk0QR9RVw,1,@josehidalgo4875,@mynorrodas8591
UCjSKM9j0Q7HLDr1hD6D-TUw,UCkd9W714-947dEE6ZOEBATA,1,@josehidalgo4875,@ARGELIATELON
UCjSKM9j0Q7HLDr1hD6D-TUw,UCl0ekS9Tt0jJGtOEM18S63w,1,@josehidalgo4875,@monkchapin
UCjSKM9j0Q7HLDr1hD6D-TUw,UCljDbleJul41G1TzOjOZAVA,1,@josehidalgo4875,@hectorcarranza3777
UCjSKM9j0Q7HLDr1hD6D-TUw,UCmjppp6ujz3SAnULvP3sZMw,1,@josehidalgo4875,@marcomendez7509
UCjSKM9j0Q7HLDr1hD6D-TUw,UCmvOgzmmXbjUthHy-WJ52hQ,1,@josehidalgo4875,@mariorodas593
UCjSKM9j0Q7HLDr1hD6D-TUw,UCp4iw5_5SmV9VGTFSNVGOmQ,1,@josehidalgo4875,@CARLOSSTREMS51
UCjSKM9j0Q7HLDr1hD6D-TUw,UCpIdtvoFHVLGASGB5ySqIEA,1,@josehidalgo4875,@VidalVillatoro-p4w
UCjSKM9j0Q7HLDr1hD6D-TUw,UCpl8rF8uv_8uui-QRvuJaRA,1,@josehidalgo4875,@SergioGarcia-z9c
UCjSKM9j0Q7HLDr1hD6D-TUw,UCplrIQtaPj6au60_f2-mOYw,1,@josehidalgo4875,@romeolopezherrarte799
UCjSKM9j0Q7HLDr1hD6D-TUw,UCpsKOkt5iWTbenzeuq7dsmQ,1,@josehidalgo4875,@inge_vergueta
UCjSKM9j0Q7HLDr1hD6D-TUw,UCr1emrogPKkKTs_WTtx71xg,1,@josehidalgo4875,@domingopeneleu6457
UCjSKM9j0Q7HLDr1hD6D-TUw,UCrJn_rbo_ENAdeqneS-RmRw,1,@josehidalgo4875,@josecarrera9623
UCjSKM9j0Q7HLDr1hD6D-TUw,UCsJJAvrVGupdmhOqgtDp8dg,1,@josehidalgo4875,@nestorlorenzana1168
UCjSKM9j0Q7HLDr1hD6D-TUw,UCsSXdJct-nsS8DsABoEsaYA,1,@josehidalgo4875,@IvánPérez-j4j
UCjSKM9j0Q7HLDr1hD6D-TUw,UCsUCN0Yq_UyTvKjOJLmNrnQ,1,@josehidalgo4875,@moisesvaldez4043
UCjSKM9j0Q7HLDr1hD6D-TUw,UCsjs5Hp_r86x1xbK6FAeqaA,1,@josehidalgo4875,@alvaroesquivel563
UCjSKM9j0Q7HLDr1hD6D-TUw,UCtNfIBnc5S5DbbQj_yxgJTw,1,@josehidalgo4875,@JosueRamirez-ey3ih
UCjSKM9j0Q7HLDr1hD6D-TUw,UCtUR3_CAiE7fCoZHM6cMfyQ,1,@josehidalgo4875,@mdelcid01
UCjSKM9j0Q7HLDr1hD6D-TUw,UCueV9cTyTDwgQSec1x2dYgA,1,@josehidalgo4875,@fredydomingo7062
UCjSKM9j0Q7HLDr1hD6D-TUw,UCujPF2nBgsTD62nWE3lcpIg,1,@josehidalgo4875,@victorarturoruanobautista7588
UCjSKM9j0Q7HLDr1hD6D-TUw,UCut6b9S98nv84cVX89PmKzA,1,@josehidalgo4875,@yeniferaguirre4498
UCjSKM9j0Q7HLDr1hD6D-TUw,UCvApqeCbLod-wejtT4CcVuA,1,@josehidalgo4875,@davidgaher9550
UCjSKM9j0Q7HLDr1hD6D-TUw,UCwO2SXr0ggzwg6QWWrr01nQ,1,@josehidalgo4875,@ricardofigueroa5720
UCjSKM9j0Q7HLDr1hD6D-TUw,UCwW2OFy95P7ZBkOPxWkpvYg,1,@josehidalgo4875,@TeresaLucero-b5o
UCjSKM9j0Q7HLDr1hD6D-TUw,UCwha8rxULYMVtNwZWeSkE1A,1,@josehidalgo4875,@mariasamo8637
UCjSKM9j0Q7HLDr1hD6D-TUw,UCxff05WuyvwELNITi7bj7UA,1,@josehidalgo4875,@markoherrera
UCjSKM9j0Q7HLDr1hD6D-TUw,UCySYJU5kUh7X8gVt9la2ISA,1,@josehidalgo4875,@dantesarti4351
UCjSKM9j0Q7HLDr1hD6D-TUw,UCylqlpsh8ENNM1LqgQ1KbxA,1,@josehidalgo4875,@Jel.Awesh.M
UCjSKM9j0Q7HLDr1hD6D-TUw,UCz3gu01bmjNv0DpRq-K3XYg,1,@josehidalgo4875,@eusebiovasquez4385
UCjSKM9j0Q7HLDr1hD6D-TUw,UCzSfZlOVxBSs5ObD25ywxDQ,1,@josehidalgo4875,@GilmarMaldonado-q9m
UCjSKM9j0Q7HLDr1hD6D-TUw,UCzoL2l5H5eVlorWGH8AZfAg,1,@josehidalgo4875,@jor77cas
UCjZgFEowMBrsjodqfovzdKw,UCoGdCoJg2Lh0OX_jv6cG16g,1,@franciscoflores3120,@Israel-u5i7i
UCjZgFEowMBrsjodqfovzdKw,UCp29O_C7cchZV8IxV7Crdag,1,@franciscoflores3120,@robertoescobar5507
UCjZgFEowMBrsjodqfovzdKw,UCq3mDTTRZnUybct5M9OSXbg,1,@franciscoflores3120,@MacoMorales-i2i2d
UCjZgFEowMBrsjodqfovzdKw,UCql1n3Ey6ULMSOACjMe-fxQ,1,@franciscoflores3120,@RolandoGonzalez-o7g
UCjZgFEowMBrsjodqfovzdKw,UCtCtts20bW6F9CSohau51Iw,1,@franciscoflores3120,@carlosgranados9875
UCjZgFEowMBrsjodqfovzdKw,UCtsxPYw8VUsH_FfnKg-0lmw,1,@franciscoflores3120,@AlejandroPérez-b6r
UCjZgFEowMBrsjodqfovzdKw,UCvDwJBBY1mHK70aTEYl6rsA,1,@franciscoflores3120,@cristianescobedo8296
UCjZgFEowMBrsjodqfovzdKw,UCvl1tzQeBeGy6efPTRJXSCw,1,@franciscoflores3120,@RaulPerez-cw2vi
UCjZgFEowMBrsjodqfovzdKw,UCwCfs-2zbD5k0lG-UVg_JBw,1,@franciscoflores3120,@JessicaHuaz-96
UCjZgFEowMBrsjodqfovzdKw,UCwxoKK59nGCeBqB2sXfDBIw,1,@franciscoflores3120,@vic-bonivideos
UCjZgFEowMBrsjodqfovzdKw,UCyJhqmMbsvjpoarBBStA2kg,1,@franciscoflores3120,@Murmullodelbarrio
UCjZgFEowMBrsjodqfovzdKw,UCzZ6dDCEsLMXbc5pCFXIprw,1,@franciscoflores3120,@josegil3813
UCjmPuazZJzscrwvk0QR9RVw,UCkd9W714-947dEE6ZOEBATA,1,@mynorrodas8591,@ARGELIATELON
UCjmPuazZJzscrwvk0QR9RVw,UCl0ekS9Tt0jJGtOEM18S63w,1,@mynorrodas8591,@monkchapin
UCjmPuazZJzscrwvk0QR9RVw,UCljDbleJul41G1TzOjOZAVA,1,@mynorrodas8591,@hectorcarranza3777
UCjmPuazZJzscrwvk0QR9RVw,UCmjppp6ujz3SAnULvP3sZMw,1,@mynorrodas8591,@marcomendez7509
UCjmPuazZJzscrwvk0QR9RVw,UCmvOgzmmXbjUthHy-WJ52hQ,1,@mynorrodas8591,@mariorodas593
UCjmPuazZJzscrwvk0QR9RVw,UCp4iw5_5SmV9VGTFSNVGOmQ,1,@mynorrodas8591,@CARLOSSTREMS51
UCjmPuazZJzscrwvk0QR9RVw,UCpIdtvoFHVLGASGB5ySqIEA,1,@mynorrodas8591,@VidalVillatoro-p4w
UCjmPuazZJzscrwvk0QR9RVw,UCpl8rF8uv_8uui-QRvuJaRA,1,@mynorrodas8591,@SergioGarcia-z9c
UCjmPuazZJzscrwvk0QR9RVw,UCplrIQtaPj6au60_f2-mOYw,1,@mynorrodas8591,@romeolopezherrarte799
UCjmPuazZJzscrwvk0QR9RVw,UCpsKOkt5iWTbenzeuq7dsmQ,1,@mynorrodas8591,@inge_vergueta
UCjmPuazZJzscrwvk0QR9RVw,UCr1emrogPKkKTs_WTtx71xg,1,@mynorrodas8591,@domingopeneleu6457
UCjmPuazZJzscrwvk0QR9RVw,UCrJn_rbo_ENAdeqneS-RmRw,1,@mynorrodas8591,@josecarrera9623
UCjmPuazZJzscrwvk0QR9RVw,UCsJJAvrVGupdmhOqgtDp8dg,1,@mynorrodas8591,@nestorlorenzana1168
UCjmPuazZJzscrwvk0QR9RVw,UCsSXdJct-nsS8DsABoEsaYA,1,@mynorrodas8591,@IvánPérez-j4j
UCjmPuazZJzscrwvk0QR9RVw,UCsUCN0Yq_UyTvKjOJLmNrnQ,1,@mynorrodas8591,@moisesvaldez4043
UCjmPuazZJzscrwvk0QR9RVw,UCsjs5Hp_r86x1xbK6FAeqaA,1,@mynorrodas8591,@alvaroesquivel563
UCjmPuazZJzscrwvk0QR9RVw,UCtNfIBnc5S5DbbQj_yxgJTw,1,@mynorrodas8591,@JosueRamirez-ey3ih
UCjmPuazZJzscrwvk0QR9RVw,UCtUR3_CAiE7fCoZHM6cMfyQ,1,@mynorrodas8591,@mdelcid01
UCjmPuazZJzscrwvk0QR9RVw,UCueV9cTyTDwgQSec1x2dYgA,1,@mynorrodas8591,@fredydomingo7062
UCjmPuazZJzscrwvk0QR9RVw,UCujPF2nBgsTD62nWE3lcpIg,1,@mynorrodas8591,@victorarturoruanobautista7588
UCjmPuazZJzscrwvk0QR9RVw,UCut6b9S98nv84cVX89PmKzA,1,@mynorrodas8591,@yeniferaguirre4498
UCjmPuazZJzscrwvk0QR9RVw,UCvApqeCbLod-wejtT4CcVuA,1,@mynorrodas8591,@davidgaher9550
UCjmPuazZJzscrwvk0QR9RVw,UCwO2SXr0ggzwg6QWWrr01nQ,1,@mynorrodas8591,@ricardofigueroa5720
UCjmPuazZJzscrwvk0QR9RVw,UCwW2OFy95P7ZBkOPxWkpvYg,1,@mynorrodas8591,@TeresaLucero-b5o
UCjmPuazZJzscrwvk0QR9RVw,UCwha8rxULYMVtNwZWeSkE1A,1,@mynorrodas8591,@mariasamo8637
UCjmPuazZJzscrwvk0QR9RVw,UCxff05WuyvwELNITi7bj7UA,1,@mynorrodas8591,@markoherrera
UCjmPuazZJzscrwvk0QR9RVw,UCySYJU5kUh7X8gVt9la2ISA,1,@mynorrodas8591,@dantesarti4351
UCjmPuazZJzscrwvk0QR9RVw,UCylqlpsh8ENNM1LqgQ1KbxA,1,@mynorrodas8591,@Jel.Awesh.M
UCjmPuazZJzscrwvk0QR9RVw,UCz3gu01bmjNv0DpRq-K3XYg,1,@mynorrodas8591,@eusebiovasquez4385
UCjmPuazZJzscrwvk0QR9RVw,UCzSfZlOVxBSs5ObD25ywxDQ,1,@mynorrodas8591,@GilmarMaldonado-q9m
UCjmPuazZJzscrwvk0QR9RVw,UCzoL2l5H5eVlorWGH8AZfAg,1,@mynorrodas8591,@jor77cas
UCkVtmkK07b2zaVVNssX4lOg,UCkbsS_3D-pvg1iHOld9uvIg,1,@HectorElias-u2l,@gonzalo6075
UCkVtmkK07b2zaVVNssX4lOg,UClhMWQ7XKWywYvbRnuf8QsA,1,@HectorElias-u2l,@EcPerez-zz9oh
UCkVtmkK07b2zaVVNssX4lOg,UClqA491Xa5fQcXcJJa-vTWw,1,@HectorElias-u2l,@AndresLemus-k2d
UCkVtmkK07b2zaVVNssX4lOg,UColMq7LmaoY3MT6aIDGrGvA,1,@HectorElias-u2l,@quijotachapina1
UCkVtmkK07b2zaVVNssX4lOg,UCpe5jW3MIqkgTJ-PgkzvM6Q,1,@HectorElias-u2l,@carloslam5333
UCkVtmkK07b2zaVVNssX4lOg,UCpsKOkt5iWTbenzeuq7dsmQ,1,@HectorElias-u2l,@inge_vergueta
UCkVtmkK07b2zaVVNssX4lOg,UCqCrvuoJpC-aVb0f4logQRQ,1,@HectorElias-u2l,@Lyrics_GT
UCkVtmkK07b2zaVVNssX4lOg,UCsGoJEvb-cFPZ2rWoJcXzEQ,1,@HectorElias-u2l,@sergiohinestroza9709
UCkVtmkK07b2zaVVNssX4lOg,UCu8_3-Wg-YzNyvHYQDEscfw,1,@HectorElias-u2l,@RolandoCastroPérez-d7y
UCkVtmkK07b2zaVVNssX4lOg,UCuXmOjxC-htcprLgeVXz6Tg,1,@HectorElias-u2l,@jorgeaguilar-bq3uj
UCkVtmkK07b2zaVVNssX4lOg,UCwgCc9Jd_gG-uLE_SY-FfPg,1,@HectorElias-u2l,@armindapenados2841
UCkVtmkK07b2zaVVNssX4lOg,UCwjUvRseNtJoItylIyIez7Q,1,@HectorElias-u2l,@Silviazea
UCkVtmkK07b2zaVVNssX4lOg,UCylqlpsh8ENNM1LqgQ1KbxA,1,@HectorElias-u2l,@Jel.Awesh.M
UCkbsS_3D-pvg1iHOld9uvIg,UClhMWQ7XKWywYvbRnuf8QsA,1,@gonzalo6075,@EcPerez-zz9oh
UCkbsS_3D-pvg1iHOld9uvIg,UClqA491Xa5fQcXcJJa-vTWw,1,@gonzalo6075,@AndresLemus-k2d
UCkbsS_3D-pvg1iHOld9uvIg,UColMq7LmaoY3MT6aIDGrGvA,1,@gonzalo6075,@quijotachapina1
UCkbsS_3D-pvg1iHOld9uvIg,UCpe5jW3MIqkgTJ-PgkzvM6Q,1,@gonzalo6075,@carloslam5333
UCkbsS_3D-pvg1iHOld9uvIg,UCpsKOkt5iWTbenzeuq7dsmQ,1,@gonzalo6075,@inge_vergueta
UCkbsS_3D-pvg1iHOld9uvIg,UCqCrvuoJpC-aVb0f4logQRQ,1,@gonzalo6075,@Lyrics_GT
UCkbsS_3D-pvg1iHOld9uvIg,UCsGoJEvb-cFPZ2rWoJcXzEQ,1,@gonzalo6075,@sergiohinestroza9709
UCkbsS_3D-pvg1iHOld9uvIg,UCu8_3-Wg-YzNyvHYQDEscfw,1,@gonzalo6075,@RolandoCastroPérez-d7y
UCkbsS_3D-pvg1iHOld9uvIg,UCuXmOjxC-htcprLgeVXz6Tg,1,@gonzalo6075,@jorgeaguilar-bq3uj
UCkbsS_3D-pvg1iHOld9uvIg,UCwgCc9Jd_gG-uLE_SY-FfPg,1,@gonzalo6075,@armindapenados2841
UCkbsS_3D-pvg1iHOld9uvIg,UCwjUvRseNtJoItylIyIez7Q,1,@gonzalo6075,@Silviazea
UCkbsS_3D-pvg1iHOld9uvIg,UCylqlpsh8ENNM1LqgQ1KbxA,1,@gonzalo6075,@Jel.Awesh.M
UCkd9W714-947dEE6ZOEBATA,UCl0ekS9Tt0jJGtOEM18S63w,1,@ARGELIATELON,@monkchapin
UCkd9W714-947dEE6ZOEBATA,UCljDbleJul41G1TzOjOZAVA,1,@ARGELIATELON,@hectorcarranza3777
UCkd9W714-947dEE6ZOEBATA,UCmjppp6ujz3SAnULvP3sZMw,1,@ARGELIATELON,@marcomendez7509
UCkd9W714-947dEE6ZOEBATA,UCmvOgzmmXbjUthHy-WJ52hQ,1,@ARGELIATELON,@mariorodas593
UCkd9W714-947dEE6ZOEBATA,UCp4iw5_5SmV9VGTFSNVGOmQ,1,@ARGELIATELON,@CARLOSSTREMS51
UCkd9W714-947dEE6ZOEBATA,UCpIdtvoFHVLGASGB5ySqIEA,1,@ARGELIATELON,@VidalVillatoro-p4w
UCkd9W714-947dEE6ZOEBATA,UCpl8rF8uv_8uui-QRvuJaRA,1,@ARGELIATELON,@SergioGarcia-z9c
UCkd9W714-947dEE6ZOEBATA,UCplrIQtaPj6au60_f2-mOYw,1,@ARGELIATELON,@romeolopezherrarte799
UCkd9W714-947dEE6ZOEBATA,UCpsKOkt5iWTbenzeuq7dsmQ,1,@ARGELIATELON,@inge_vergueta
UCkd9W714-947dEE6ZOEBATA,UCr1emrogPKkKTs_WTtx71xg,1,@ARGELIATELON,@domingopeneleu6457
UCkd9W714-947dEE6ZOEBATA,UCrJn_rbo_ENAdeqneS-RmRw,1,@ARGELIATELON,@josecarrera9623
UCkd9W714-947dEE6ZOEBATA,UCsJJAvrVGupdmhOqgtDp8dg,1,@ARGELIATELON,@nestorlorenzana1168
UCkd9W714-947dEE6ZOEBATA,UCsSXdJct-nsS8DsABoEsaYA,1,@ARGELIATELON,@IvánPérez-j4j
UCkd9W714-947dEE6ZOEBATA,UCsUCN0Yq_UyTvKjOJLmNrnQ,1,@ARGELIATELON,@moisesvaldez4043
UCkd9W714-947dEE6ZOEBATA,UCsjs5Hp_r86x1xbK6FAeqaA,1,@ARGELIATELON,@alvaroesquivel563
UCkd9W714-947dEE6ZOEBATA,UCtNfIBnc5S5DbbQj_yxgJTw,1,@ARGELIATELON,@JosueRamirez-ey3ih
UCkd9W714-947dEE6ZOEBATA,UCtUR3_CAiE7fCoZHM6cMfyQ,1,@ARGELIATELON,@mdelcid01
UCkd9W714-947dEE6ZOEBATA,UCueV9cTyTDwgQSec1x2dYgA,1,@ARGELIATELON,@fredydomingo7062
UCkd9W714-947dEE6ZOEBATA,UCujPF2nBgsTD62nWE3lcpIg,1,@ARGELIATELON,@victorarturoruanobautista7588
UCkd9W714-947dEE6ZOEBATA,UCut6b9S98nv84cVX89PmKzA,1,@ARGELIATELON,@yeniferaguirre4498
UCkd9W714-947dEE6ZOEBATA,UCvApqeCbLod-wejtT4CcVuA,1,@ARGELIATELON,@davidgaher9550
UCkd9W714-947dEE6ZOEBATA,UCwO2SXr0ggzwg6QWWrr01nQ,1,@ARGELIATELON,@ricardofigueroa5720
UCkd9W714-947dEE6ZOEBATA,UCwW2OFy95P7ZBkOPxWkpvYg,1,@ARGELIATELON,@TeresaLucero-b5o
UCkd9W714-947dEE6ZOEBATA,UCwha8rxULYMVtNwZWeSkE1A,1,@ARGELIATELON,@mariasamo8637
UCkd9W714-947dEE6ZOEBATA,UCxff05WuyvwELNITi7bj7UA,1,@ARGELIATELON,@markoherrera
UCkd9W714-947dEE6ZOEBATA,UCySYJU5kUh7X8gVt9la2ISA,1,@ARGELIATELON,@dantesarti4351
UCkd9W714-947dEE6ZOEBATA,UCylqlpsh8ENNM1LqgQ1KbxA,1,@ARGELIATELON,@Jel.Awesh.M
UCkd9W714-947dEE6ZOEBATA,UCz3gu01bmjNv0DpRq-K3XYg,1,@ARGELIATELON,@eusebiovasquez4385
UCkd9W714-947dEE6ZOEBATA,UCzSfZlOVxBSs5ObD25ywxDQ,1,@ARGELIATELON,@GilmarMaldonado-q9m
UCkd9W714-947dEE6ZOEBATA,UCzoL2l5H5eVlorWGH8AZfAg,1,@ARGELIATELON,@jor77cas
UCkxdJ_yGN2gghOMo2ybQtXQ,UCvcu1kR8xMYy_I1Ty-2mV2Q,1,@11223344An,@hashojea7348
UCkxdJ_yGN2gghOMo2ybQtXQ,UCwEe1RKlEv1UpNWmWYfSh4w,1,@11223344An,@marioramirez299
UCkxdJ_yGN2gghOMo2ybQtXQ,UCxcoDvP-g2_KTZDmVZtvb3w,1,@11223344An,@angelmartinez9523
UCl0ekS9Tt0jJGtOEM18S63w,UCljDbleJul41G1TzOjOZAVA,1,@monkchapin,@hectorcarranza3777
UCl0ekS9Tt0jJGtOEM18S63w,UCmjppp6ujz3SAnULvP3sZMw,1,@monkchapin,@marcomendez7509
UCl0ekS9Tt0jJGtOEM18S63w,UCmvOgzmmXbjUthHy-WJ52hQ,1,@monkchapin,@mariorodas593
UCl0ekS9Tt0jJGtOEM18S63w,UCp4iw5_5SmV9VGTFSNVGOmQ,1,@monkchapin,@CARLOSSTREMS51
UCl0ekS9Tt0jJGtOEM18S63w,UCpIdtvoFHVLGASGB5ySqIEA,1,@monkchapin,@VidalVillatoro-p4w
UCl0ekS9Tt0jJGtOEM18S63w,UCpl8rF8uv_8uui-QRvuJaRA,1,@monkchapin,@SergioGarcia-z9c
UCl0ekS9Tt0jJGtOEM18S63w,UCplrIQtaPj6au60_f2-mOYw,1,@monkchapin,@romeolopezherrarte799
UCl0ekS9Tt0jJGtOEM18S63w,UCpsKOkt5iWTbenzeuq7dsmQ,1,@monkchapin,@inge_vergueta
UCl0ekS9Tt0jJGtOEM18S63w,UCr1emrogPKkKTs_WTtx71xg,1,@monkchapin,@domingopeneleu6457
UCl0ekS9Tt0jJGtOEM18S63w,UCrJn_rbo_ENAdeqneS-RmRw,1,@monkchapin,@josecarrera9623
UCl0ekS9Tt0jJGtOEM18S63w,UCsJJAvrVGupdmhOqgtDp8dg,1,@monkchapin,@nestorlorenzana1168
UCl0ekS9Tt0jJGtOEM18S63w,UCsSXdJct-nsS8DsABoEsaYA,1,@monkchapin,@IvánPérez-j4j
UCl0ekS9Tt0jJGtOEM18S63w,UCsUCN0Yq_UyTvKjOJLmNrnQ,1,@monkchapin,@moisesvaldez4043
UCl0ekS9Tt0jJGtOEM18S63w,UCsjs5Hp_r86x1xbK6FAeqaA,1,@monkchapin,@alvaroesquivel563
UCl0ekS9Tt0jJGtOEM18S63w,UCtNfIBnc5S5DbbQj_yxgJTw,1,@monkchapin,@JosueRamirez-ey3ih
UCl0ekS9Tt0jJGtOEM18S63w,UCtUR3_CAiE7fCoZHM6cMfyQ,1,@monkchapin,@mdelcid01
UCl0ekS9Tt0jJGtOEM18S63w,UCueV9cTyTDwgQSec1x2dYgA,1,@monkchapin,@fredydomingo7062
UCl0ekS9Tt0jJGtOEM18S63w,UCujPF2nBgsTD62nWE3lcpIg,1,@monkchapin,@victorarturoruanobautista7588
UCl0ekS9Tt0jJGtOEM18S63w,UCut6b9S98nv84cVX89PmKzA,1,@monkchapin,@yeniferaguirre4498
UCl0ekS9Tt0jJGtOEM18S63w,UCvApqeCbLod-wejtT4CcVuA,1,@monkchapin,@davidgaher9550
UCl0ekS9Tt0jJGtOEM18S63w,UCwO2SXr0ggzwg6QWWrr01nQ,1,@monkchapin,@ricardofigueroa5720
UCl0ekS9Tt0jJGtOEM18S63w,UCwW2OFy95P7ZBkOPxWkpvYg,1,@monkchapin,@TeresaLucero-b5o
UCl0ekS9Tt0jJGtOEM18S63w,UCwha8rxULYMVtNwZWeSkE1A,1,@monkchapin,@mariasamo8637
UCl0ekS9Tt0jJGtOEM18S63w,UCxff05WuyvwELNITi7bj7UA,1,@monkchapin,@markoherrera
UCl0ekS9Tt0jJGtOEM18S63w,UCySYJU5kUh7X8gVt9la2ISA,1,@monkchapin,@dantesarti4351
UCl0ekS9Tt0jJGtOEM18S63w,UCylqlpsh8ENNM1LqgQ1KbxA,1,@monkchapin,@Jel.Awesh.M
UCl0ekS9Tt0jJGtOEM18S63w,UCz3gu01bmjNv0DpRq-K3XYg,1,@monkchapin,@eusebiovasquez4385
UCl0ekS9Tt0jJGtOEM18S63w,UCzSfZlOVxBSs5ObD25ywxDQ,1,@monkchapin,@GilmarMaldonado-q9m
UCl0ekS9Tt0jJGtOEM18S63w,UCzoL2l5H5eVlorWGH8AZfAg,1,@monkchapin,@jor77cas
UCld2stqxaVSk0QdGncM224A,UCtowGNY2lnlg6O2CkwDgkLg,1,@sarahernandez3873,@taniagabrielacelis8434
UClhMWQ7XKWywYvbRnuf8QsA,UClqA491Xa5fQcXcJJa-vTWw,1,@EcPerez-zz9oh,@AndresLemus-k2d
UClhMWQ7XKWywYvbRnuf8QsA,UColMq7LmaoY3MT6aIDGrGvA,1,@EcPerez-zz9oh,@quijotachapina1
UClhMWQ7XKWywYvbRnuf8QsA,UCpe5jW3MIqkgTJ-PgkzvM6Q,1,@EcPerez-zz9oh,@carloslam5333
UClhMWQ7XKWywYvbRnuf8QsA,UCpsKOkt5iWTbenzeuq7dsmQ,1,@EcPerez-zz9oh,@inge_vergueta
UClhMWQ7XKWywYvbRnuf8QsA,UCqCrvuoJpC-aVb0f4logQRQ,1,@EcPerez-zz9oh,@Lyrics_GT
UClhMWQ7XKWywYvbRnuf8QsA,UCsGoJEvb-cFPZ2rWoJcXzEQ,1,@EcPerez-zz9oh,@sergiohinestroza9709
UClhMWQ7XKWywYvbRnuf8QsA,UCu8_3-Wg-YzNyvHYQDEscfw,1,@EcPerez-zz9oh,@RolandoCastroPérez-d7y
UClhMWQ7XKWywYvbRnuf8QsA,UCuXmOjxC-htcprLgeVXz6Tg,1,@EcPerez-zz9oh,@jorgeaguilar-bq3uj
UClhMWQ7XKWywYvbRnuf8QsA,UCwgCc9Jd_gG-uLE_SY-FfPg,1,@EcPerez-zz9oh,@armindapenados2841
UClhMWQ7XKWywYvbRnuf8QsA,UCwjUvRseNtJoItylIyIez7Q,1,@EcPerez-zz9oh,@Silviazea
UClhMWQ7XKWywYvbRnuf8QsA,UCylqlpsh8ENNM1LqgQ1KbxA,1,@EcPerez-zz9oh,@Jel.Awesh.M
UCljDbleJul41G1TzOjOZAVA,UCmjppp6ujz3SAnULvP3sZMw,1,@hectorcarranza3777,@marcomendez7509
UCljDbleJul41G1TzOjOZAVA,UCmvOgzmmXbjUthHy-WJ52hQ,1,@hectorcarranza3777,@mariorodas593
UCljDbleJul41G1TzOjOZAVA,UCp4iw5_5SmV9VGTFSNVGOmQ,1,@hectorcarranza3777,@CARLOSSTREMS51
UCljDbleJul41G1TzOjOZAVA,UCpIdtvoFHVLGASGB5ySqIEA,1,@hectorcarranza3777,@VidalVillatoro-p4w
UCljDbleJul41G1TzOjOZAVA,UCpl8rF8uv_8uui-QRvuJaRA,1,@hectorcarranza3777,@SergioGarcia-z9c
UCljDbleJul41G1TzOjOZAVA,UCplrIQtaPj6au60_f2-mOYw,1,@hectorcarranza3777,@romeolopezherrarte799
UCljDbleJul41G1TzOjOZAVA,UCpsKOkt5iWTbenzeuq7dsmQ,1,@hectorcarranza3777,@inge_vergueta
UCljDbleJul41G1TzOjOZAVA,UCr1emrogPKkKTs_WTtx71xg,1,@hectorcarranza3777,@domingopeneleu6457
UCljDbleJul41G1TzOjOZAVA,UCrJn_rbo_ENAdeqneS-RmRw,1,@hectorcarranza3777,@josecarrera9623
UCljDbleJul41G1TzOjOZAVA,UCsJJAvrVGupdmhOqgtDp8dg,1,@hectorcarranza3777,@nestorlorenzana1168
UCljDbleJul41G1TzOjOZAVA,UCsSXdJct-nsS8DsABoEsaYA,1,@hectorcarranza3777,@IvánPérez-j4j
UCljDbleJul41G1TzOjOZAVA,UCsUCN0Yq_UyTvKjOJLmNrnQ,1,@hectorcarranza3777,@moisesvaldez4043
UCljDbleJul41G1TzOjOZAVA,UCsjs5Hp_r86x1xbK6FAeqaA,1,@hectorcarranza3777,@alvaroesquivel563
UCljDbleJul41G1TzOjOZAVA,UCtNfIBnc5S5DbbQj_yxgJTw,1,@hectorcarranza3777,@JosueRamirez-ey3ih
UCljDbleJul41G1TzOjOZAVA,UCtUR3_CAiE7fCoZHM6cMfyQ,1,@hectorcarranza3777,@mdelcid01
UCljDbleJul41G1TzOjOZAVA,UCueV9cTyTDwgQSec1x2dYgA,1,@hectorcarranza3777,@fredydomingo7062
UCljDbleJul41G1TzOjOZAVA,UCujPF2nBgsTD62nWE3lcpIg,1,@hectorcarranza3777,@victorarturoruanobautista7588
UCljDbleJul41G1TzOjOZAVA,UCut6b9S98nv84cVX89PmKzA,1,@hectorcarranza3777,@yeniferaguirre4498
UCljDbleJul41G1TzOjOZAVA,UCvApqeCbLod-wejtT4CcVuA,1,@hectorcarranza3777,@davidgaher9550
UCljDbleJul41G1TzOjOZAVA,UCwO2SXr0ggzwg6QWWrr01nQ,1,@hectorcarranza3777,@ricardofigueroa5720
UCljDbleJul41G1TzOjOZAVA,UCwW2OFy95P7ZBkOPxWkpvYg,1,@hectorcarranza3777,@TeresaLucero-b5o
UCljDbleJul41G1TzOjOZAVA,UCwha8rxULYMVtNwZWeSkE1A,1,@hectorcarranza3777,@mariasamo8637
UCljDbleJul41G1TzOjOZAVA,UCxff05WuyvwELNITi7bj7UA,1,@hectorcarranza3777,@markoherrera
UCljDbleJul41G1TzOjOZAVA,UCySYJU5kUh7X8gVt9la2ISA,1,@hectorcarranza3777,@dantesarti4351
UCljDbleJul41G1TzOjOZAVA,UCylqlpsh8ENNM1LqgQ1KbxA,1,@hectorcarranza3777,@Jel.Awesh.M
UCljDbleJul41G1TzOjOZAVA,UCz3gu01bmjNv0DpRq-K3XYg,1,@hectorcarranza3777,@eusebiovasquez4385
UCljDbleJul41G1TzOjOZAVA,UCzSfZlOVxBSs5ObD25ywxDQ,1,@hectorcarranza3777,@GilmarMaldonado-q9m
UCljDbleJul41G1TzOjOZAVA,UCzoL2l5H5eVlorWGH8AZfAg,1,@hectorcarranza3777,@jor77cas
UClqA491Xa5fQcXcJJa-vTWw,UColMq7LmaoY3MT6aIDGrGvA,1,@AndresLemus-k2d,@quijotachapina1
UClqA491Xa5fQcXcJJa-vTWw,UCpe5jW3MIqkgTJ-PgkzvM6Q,1,@AndresLemus-k2d,@carloslam5333
UClqA491Xa5fQcXcJJa-vTWw,UCpsKOkt5iWTbenzeuq7dsmQ,1,@AndresLemus-k2d,@inge_vergueta
UClqA491Xa5fQcXcJJa-vTWw,UCqCrvuoJpC-aVb0f4logQRQ,1,@AndresLemus-k2d,@Lyrics_GT
UClqA491Xa5fQcXcJJa-vTWw,UCsGoJEvb-cFPZ2rWoJcXzEQ,1,@AndresLemus-k2d,@sergiohinestroza9709
UClqA491Xa5fQcXcJJa-vTWw,UCu8_3-Wg-YzNyvHYQDEscfw,1,@AndresLemus-k2d,@RolandoCastroPérez-d7y
UClqA491Xa5fQcXcJJa-vTWw,UCuXmOjxC-htcprLgeVXz6Tg,1,@AndresLemus-k2d,@jorgeaguilar-bq3uj
UClqA491Xa5fQcXcJJa-vTWw,UCwgCc9Jd_gG-uLE_SY-FfPg,1,@AndresLemus-k2d,@armindapenados2841
UClqA491Xa5fQcXcJJa-vTWw,UCwjUvRseNtJoItylIyIez7Q,1,@AndresLemus-k2d,@Silviazea
UClqA491Xa5fQcXcJJa-vTWw,UCylqlpsh8ENNM1LqgQ1KbxA,1,@AndresLemus-k2d,@Jel.Awesh.M
UClsrFGJKWPxxw7MiaEdKLXw,UCtNyHmRZtvGF2hSvI2dUBWw,1,@ericapaz5406,@aureliomaldonado4793
UClsrFGJKWPxxw7MiaEdKLXw,UCuP4UK33HKtJE_S39ksmaTw,1,@ericapaz5406,@herbertaguilar1387
UClsrFGJKWPxxw7MiaEdKLXw,UCusjriFsDHEc2AOjqk-p5ig,1,@ericapaz5406,@pablobarrios7931
UClsrFGJKWPxxw7MiaEdKLXw,UCzZ6dDCEsLMXbc5pCFXIprw,1,@ericapaz5406,@josegil3813
UCmjppp6ujz3SAnULvP3sZMw,UCmvOgzmmXbjUthHy-WJ52hQ,1,@marcomendez7509,@mariorodas593
UCmjppp6ujz3SAnULvP3sZMw,UCp4iw5_5SmV9VGTFSNVGOmQ,1,@marcomendez7509,@CARLOSSTREMS51
UCmjppp6ujz3SAnULvP3sZMw,UCpIdtvoFHVLGASGB5ySqIEA,1,@marcomendez7509,@VidalVillatoro-p4w
UCmjppp6ujz3SAnULvP3sZMw,UCpl8rF8uv_8uui-QRvuJaRA,1,@marcomendez7509,@SergioGarcia-z9c
UCmjppp6ujz3SAnULvP3sZMw,UCplrIQtaPj6au60_f2-mOYw,1,@marcomendez7509,@romeolopezherrarte799
UCmjppp6ujz3SAnULvP3sZMw,UCpsKOkt5iWTbenzeuq7dsmQ,1,@marcomendez7509,@inge_vergueta
UCmjppp6ujz3SAnULvP3sZMw,UCr1emrogPKkKTs_WTtx71xg,1,@marcomendez7509,@domingopeneleu6457
UCmjppp6ujz3SAnULvP3sZMw,UCrJn_rbo_ENAdeqneS-RmRw,1,@marcomendez7509,@josecarrera9623
UCmjppp6ujz3SAnULvP3sZMw,UCsJJAvrVGupdmhOqgtDp8dg,1,@marcomendez7509,@nestorlorenzana1168
UCmjppp6ujz3SAnULvP3sZMw,UCsSXdJct-nsS8DsABoEsaYA,1,@marcomendez7509,@IvánPérez-j4j
UCmjppp6ujz3SAnULvP3sZMw,UCsUCN0Yq_UyTvKjOJLmNrnQ,1,@marcomendez7509,@moisesvaldez4043
UCmjppp6ujz3SAnULvP3sZMw,UCsjs5Hp_r86x1xbK6FAeqaA,1,@marcomendez7509,@alvaroesquivel563
UCmjppp6ujz3SAnULvP3sZMw,UCtNfIBnc5S5DbbQj_yxgJTw,1,@marcomendez7509,@JosueRamirez-ey3ih
UCmjppp6ujz3SAnULvP3sZMw,UCtUR3_CAiE7fCoZHM6cMfyQ,1,@marcomendez7509,@mdelcid01
UCmjppp6ujz3SAnULvP3sZMw,UCueV9cTyTDwgQSec1x2dYgA,1,@marcomendez7509,@fredydomingo7062
UCmjppp6ujz3SAnULvP3sZMw,UCujPF2nBgsTD62nWE3lcpIg,1,@marcomendez7509,@victorarturoruanobautista7588
UCmjppp6ujz3SAnULvP3sZMw,UCut6b9S98nv84cVX89PmKzA,1,@marcomendez7509,@yeniferaguirre4498
UCmjppp6ujz3SAnULvP3sZMw,UCvApqeCbLod-wejtT4CcVuA,1,@marcomendez7509,@davidgaher9550
UCmjppp6ujz3SAnULvP3sZMw,UCwO2SXr0ggzwg6QWWrr01nQ,1,@marcomendez7509,@ricardofigueroa5720
UCmjppp6ujz3SAnULvP3sZMw,UCwW2OFy95P7ZBkOPxWkpvYg,1,@marcomendez7509,@TeresaLucero-b5o
UCmjppp6ujz3SAnULvP3sZMw,UCwha8rxULYMVtNwZWeSkE1A,1,@marcomendez7509,@mariasamo8637
UCmjppp6ujz3SAnULvP3sZMw,UCxff05WuyvwELNITi7bj7UA,1,@marcomendez7509,@markoherrera
UCmjppp6ujz3SAnULvP3sZMw,UCySYJU5kUh7X8gVt9la2ISA,1,@marcomendez7509,@dantesarti4351
UCmjppp6ujz3SAnULvP3sZMw,UCylqlpsh8ENNM1LqgQ1KbxA,1,@marcomendez7509,@Jel.Awesh.M
UCmjppp6ujz3SAnULvP3sZMw,UCz3gu01bmjNv0DpRq-K3XYg,1,@marcomendez7509,@eusebiovasquez4385
UCmjppp6ujz3SAnULvP3sZMw,UCzSfZlOVxBSs5ObD25ywxDQ,1,@marcomendez7509,@GilmarMaldonado-q9m
UCmjppp6ujz3SAnULvP3sZMw,UCzoL2l5H5eVlorWGH8AZfAg,1,@marcomendez7509,@jor77cas
UCmvOgzmmXbjUthHy-WJ52hQ,UCp4iw5_5SmV9VGTFSNVGOmQ,1,@mariorodas593,@CARLOSSTREMS51
UCmvOgzmmXbjUthHy-WJ52hQ,UCpIdtvoFHVLGASGB5ySqIEA,1,@mariorodas593,@VidalVillatoro-p4w
UCmvOgzmmXbjUthHy-WJ52hQ,UCpl8rF8uv_8uui-QRvuJaRA,1,@mariorodas593,@SergioGarcia-z9c
UCmvOgzmmXbjUthHy-WJ52hQ,UCplrIQtaPj6au60_f2-mOYw,1,@mariorodas593,@romeolopezherrarte799
UCmvOgzmmXbjUthHy-WJ52hQ,UCpsKOkt5iWTbenzeuq7dsmQ,1,@mariorodas593,@inge_vergueta
UCmvOgzmmXbjUthHy-WJ52hQ,UCr1emrogPKkKTs_WTtx71xg,1,@mariorodas593,@domingopeneleu6457
UCmvOgzmmXbjUthHy-WJ52hQ,UCrJn_rbo_ENAdeqneS-RmRw,1,@mariorodas593,@josecarrera9623
UCmvOgzmmXbjUthHy-WJ52hQ,UCsJJAvrVGupdmhOqgtDp8dg,1,@mariorodas593,@nestorlorenzana1168
UCmvOgzmmXbjUthHy-WJ52hQ,UCsSXdJct-nsS8DsABoEsaYA,1,@mariorodas593,@IvánPérez-j4j
UCmvOgzmmXbjUthHy-WJ52hQ,UCsUCN0Yq_UyTvKjOJLmNrnQ,1,@mariorodas593,@moisesvaldez4043
UCmvOgzmmXbjUthHy-WJ52hQ,UCsjs5Hp_r86x1xbK6FAeqaA,1,@mariorodas593,@alvaroesquivel563
UCmvOgzmmXbjUthHy-WJ52hQ,UCtNfIBnc5S5DbbQj_yxgJTw,1,@mariorodas593,@JosueRamirez-ey3ih
UCmvOgzmmXbjUthHy-WJ52hQ,UCtUR3_CAiE7fCoZHM6cMfyQ,1,@mariorodas593,@mdelcid01
UCmvOgzmmXbjUthHy-WJ52hQ,UCueV9cTyTDwgQSec1x2dYgA,1,@mariorodas593,@fredydomingo7062
UCmvOgzmmXbjUthHy-WJ52hQ,UCujPF2nBgsTD62nWE3lcpIg,1,@mariorodas593,@victorarturoruanobautista7588
UCmvOgzmmXbjUthHy-WJ52hQ,UCut6b9S98nv84cVX89PmKzA,1,@mariorodas593,@yeniferaguirre4498
UCmvOgzmmXbjUthHy-WJ52hQ,UCvApqeCbLod-wejtT4CcVuA,1,@mariorodas593,@davidgaher9550
UCmvOgzmmXbjUthHy-WJ52hQ,UCwO2SXr0ggzwg6QWWrr01nQ,1,@mariorodas593,@ricardofigueroa5720
UCmvOgzmmXbjUthHy-WJ52hQ,UCwW2OFy95P7ZBkOPxWkpvYg,1,@mariorodas593,@TeresaLucero-b5o
UCmvOgzmmXbjUthHy-WJ52hQ,UCwha8rxULYMVtNwZWeSkE1A,1,@mariorodas593,@mariasamo8637
UCmvOgzmmXbjUthHy-WJ52hQ,UCxff05WuyvwELNITi7bj7UA,1,@mariorodas593,@markoherrera
UCmvOgzmmXbjUthHy-WJ52hQ,UCySYJU5kUh7X8gVt9la2ISA,1,@mariorodas593,@dantesarti4351
UCmvOgzmmXbjUthHy-WJ52hQ,UCylqlpsh8ENNM1LqgQ1KbxA,1,@mariorodas593,@Jel.Awesh.M
UCmvOgzmmXbjUthHy-WJ52hQ,UCz3gu01bmjNv0DpRq-K3XYg,1,@mariorodas593,@eusebiovasquez4385
UCmvOgzmmXbjUthHy-WJ52hQ,UCzSfZlOVxBSs5ObD25ywxDQ,1,@mariorodas593,@GilmarMaldonado-q9m
UCmvOgzmmXbjUthHy-WJ52hQ,UCzoL2l5H5eVlorWGH8AZfAg,1,@mariorodas593,@jor77cas
UCnU8wO1OurAmGstDw6VGjgQ,UCpsKOkt5iWTbenzeuq7dsmQ,1,@cmorera21,@inge_vergueta
UCnU8wO1OurAmGstDw6VGjgQ,UCvcu1kR8xMYy_I1Ty-2mV2Q,1,@cmorera21,@hashojea7348
UCoGdCoJg2Lh0OX_jv6cG16g,UCp29O_C7cchZV8IxV7Crdag,1,@Israel-u5i7i,@robertoescobar5507
UCoGdCoJg2Lh0OX_jv6cG16g,UCql1n3Ey6ULMSOACjMe-fxQ,1,@Israel-u5i7i,@RolandoGonzalez-o7g
UCoGdCoJg2Lh0OX_jv6cG16g,UCtCtts20bW6F9CSohau51Iw,1,@Israel-u5i7i,@carlosgranados9875
UCoGdCoJg2Lh0OX_jv6cG16g,UCtsxPYw8VUsH_FfnKg-0lmw,1,@Israel-u5i7i,@AlejandroPérez-b6r
UCoGdCoJg2Lh0OX_jv6cG16g,UCvDwJBBY1mHK70aTEYl6rsA,1,@Israel-u5i7i,@cristianescobedo8296
UCoGdCoJg2Lh0OX_jv6cG16g,UCwxoKK59nGCeBqB2sXfDBIw,1,@Israel-u5i7i,@vic-bonivideos
UCoGdCoJg2Lh0OX_jv6cG16g,UCyJhqmMbsvjpoarBBStA2kg,1,@Israel-u5i7i,@Murmullodelbarrio
UCoGdCoJg2Lh0OX_jv6cG16g,UCzZ6dDCEsLMXbc5pCFXIprw,1,@Israel-u5i7i,@josegil3813
UColMq7LmaoY3MT6aIDGrGvA,UCpe5jW3MIqkgTJ-PgkzvM6Q,1,@quijotachapina1,@carloslam5333
UColMq7LmaoY3MT6aIDGrGvA,UCpsKOkt5iWTbenzeuq7dsmQ,1,@quijotachapina1,@inge_vergueta
UColMq7LmaoY3MT6aIDGrGvA,UCqCrvuoJpC-aVb0f4logQRQ,1,@quijotachapina1,@Lyrics_GT
UColMq7LmaoY3MT6aIDGrGvA,UCsGoJEvb-cFPZ2rWoJcXzEQ,1,@quijotachapina1,@sergiohinestroza9709
UColMq7LmaoY3MT6aIDGrGvA,UCu8_3-Wg-YzNyvHYQDEscfw,1,@quijotachapina1,@RolandoCastroPérez-d7y
UColMq7LmaoY3MT6aIDGrGvA,UCuXmOjxC-htcprLgeVXz6Tg,1,@quijotachapina1,@jorgeaguilar-bq3uj
UColMq7LmaoY3MT6aIDGrGvA,UCwgCc9Jd_gG-uLE_SY-FfPg,1,@quijotachapina1,@armindapenados2841
UColMq7LmaoY3MT6aIDGrGvA,UCwjUvRseNtJoItylIyIez7Q,1,@quijotachapina1,@Silviazea
UColMq7LmaoY3MT6aIDGrGvA,UCylqlpsh8ENNM1LqgQ1KbxA,1,@quijotachapina1,@Jel.Awesh.M
UCozFYHN0e_-vlQbX3wQGOug,UCp_dAUfv8i3LW3zWc24dLaQ,1,@jesusguzman2321,@MarioCortez-o6v
UCozFYHN0e_-vlQbX3wQGOug,UCrqXyRsg-_hTosURZ-uvoKg,1,@jesusguzman2321,@flornolberto2425
UCozFYHN0e_-vlQbX3wQGOug,UCtiHFjFu7d5v2XxHnKFUYig,1,@jesusguzman2321,@Paul-gf7ec
UCozFYHN0e_-vlQbX3wQGOug,UCxhtlxPV8AYWaNNyU6S9H8Q,1,@jesusguzman2321,@WilR-s8r
UCp29O_C7cchZV8IxV7Crdag,UCql1n3Ey6ULMSOACjMe-fxQ,1,@robertoescobar5507,@RolandoGonzalez-o7g
UCp29O_C7cchZV8IxV7Crdag,UCtCtts20bW6F9CSohau51Iw,1,@robertoescobar5507,@carlosgranados9875
UCp29O_C7cchZV8IxV7Crdag,UCtsxPYw8VUsH_FfnKg-0lmw,1,@robertoescobar5507,@AlejandroPérez-b6r
UCp29O_C7cchZV8IxV7Crdag,UCvDwJBBY1mHK70aTEYl6rsA,1,@robertoescobar5507,@cristianescobedo8296
UCp29O_C7cchZV8IxV7Crdag,UCwxoKK59nGCeBqB2sXfDBIw,1,@robertoescobar5507,@vic-bonivideos
UCp29O_C7cchZV8IxV7Crdag,UCyJhqmMbsvjpoarBBStA2kg,1,@robertoescobar5507,@Murmullodelbarrio
UCp29O_C7cchZV8IxV7Crdag,UCzZ6dDCEsLMXbc5pCFXIprw,1,@robertoescobar5507,@josegil3813
UCp4iw5_5SmV9VGTFSNVGOmQ,UCpIdtvoFHVLGASGB5ySqIEA,1,@CARLOSSTREMS51,@VidalVillatoro-p4w
UCp4iw5_5SmV9VGTFSNVGOmQ,UCpl8rF8uv_8uui-QRvuJaRA,1,@CARLOSSTREMS51,@SergioGarcia-z9c
UCp4iw5_5SmV9VGTFSNVGOmQ,UCplrIQtaPj6au60_f2-mOYw,1,@CARLOSSTREMS51,@romeolopezherrarte799
UCp4iw5_5SmV9VGTFSNVGOmQ,UCpsKOkt5iWTbenzeuq7dsmQ,1,@CARLOSSTREMS51,@inge_vergueta
UCp4iw5_5SmV9VGTFSNVGOmQ,UCr1emrogPKkKTs_WTtx71xg,1,@CARLOSSTREMS51,@domingopeneleu6457
UCp4iw5_5SmV9VGTFSNVGOmQ,UCrJn_rbo_ENAdeqneS-RmRw,1,@CARLOSSTREMS51,@josecarrera9623
UCp4iw5_5SmV9VGTFSNVGOmQ,UCsJJAvrVGupdmhOqgtDp8dg,1,@CARLOSSTREMS51,@nestorlorenzana1168
UCp4iw5_5SmV9VGTFSNVGOmQ,UCsSXdJct-nsS8DsABoEsaYA,1,@CARLOSSTREMS51,@IvánPérez-j4j
UCp4iw5_5SmV9VGTFSNVGOmQ,UCsUCN0Yq_UyTvKjOJLmNrnQ,1,@CARLOSSTREMS51,@moisesvaldez4043
UCp4iw5_5SmV9VGTFSNVGOmQ,UCsjs5Hp_r86x1xbK6FAeqaA,1,@CARLOSSTREMS51,@alvaroesquivel563
UCp4iw5_5SmV9VGTFSNVGOmQ,UCtNfIBnc5S5DbbQj_yxgJTw,1,@CARLOSSTREMS51,@JosueRamirez-ey3ih
UCp4iw5_5SmV9VGTFSNVGOmQ,UCtUR3_CAiE7fCoZHM6cMfyQ,1,@CARLOSSTREMS51,@mdelcid01
UCp4iw5_5SmV9VGTFSNVGOmQ,UCueV9cTyTDwgQSec1x2dYgA,1,@CARLOSSTREMS51,@fredydomingo7062
UCp4iw5_5SmV9VGTFSNVGOmQ,UCujPF2nBgsTD62nWE3lcpIg,1,@CARLOSSTREMS51,@victorarturoruanobautista7588
UCp4iw5_5SmV9VGTFSNVGOmQ,UCut6b9S98nv84cVX89PmKzA,1,@CARLOSSTREMS51,@yeniferaguirre4498
UCp4iw5_5SmV9VGTFSNVGOmQ,UCvApqeCbLod-wejtT4CcVuA,1,@CARLOSSTREMS51,@davidgaher9550
UCp4iw5_5SmV9VGTFSNVGOmQ,UCwO2SXr0ggzwg6QWWrr01nQ,1,@CARLOSSTREMS51,@ricardofigueroa5720
UCp4iw5_5SmV9VGTFSNVGOmQ,UCwW2OFy95P7ZBkOPxWkpvYg,1,@CARLOSSTREMS51,@TeresaLucero-b5o
UCp4iw5_5SmV9VGTFSNVGOmQ,UCwha8rxULYMVtNwZWeSkE1A,1,@CARLOSSTREMS51,@mariasamo8637
UCp4iw5_5SmV9VGTFSNVGOmQ,UCxff05WuyvwELNITi7bj7UA,1,@CARLOSSTREMS51,@markoherrera
UCp4iw5_5SmV9VGTFSNVGOmQ,UCySYJU5kUh7X8gVt9la2ISA,1,@CARLOSSTREMS51,@dantesarti4351
UCp4iw5_5SmV9VGTFSNVGOmQ,UCylqlpsh8ENNM1LqgQ1KbxA,1,@CARLOSSTREMS51,@Jel.Awesh.M
UCp4iw5_5SmV9VGTFSNVGOmQ,UCz3gu01bmjNv0DpRq-K3XYg,1,@CARLOSSTREMS51,@eusebiovasquez4385
UCp4iw5_5SmV9VGTFSNVGOmQ,UCzSfZlOVxBSs5ObD25ywxDQ,1,@CARLOSSTREMS51,@GilmarMaldonado-q9m
UCp4iw5_5SmV9VGTFSNVGOmQ,UCzoL2l5H5eVlorWGH8AZfAg,1,@CARLOSSTREMS51,@jor77cas
UCpIdtvoFHVLGASGB5ySqIEA,UCpl8rF8uv_8uui-QRvuJaRA,1,@VidalVillatoro-p4w,@SergioGarcia-z9c
UCpIdtvoFHVLGASGB5ySqIEA,UCplrIQtaPj6au60_f2-mOYw,1,@VidalVillatoro-p4w,@romeolopezherrarte799
UCpIdtvoFHVLGASGB5ySqIEA,UCpsKOkt5iWTbenzeuq7dsmQ,1,@VidalVillatoro-p4w,@inge_vergueta
UCpIdtvoFHVLGASGB5ySqIEA,UCr1emrogPKkKTs_WTtx71xg,1,@VidalVillatoro-p4w,@domingopeneleu6457
UCpIdtvoFHVLGASGB5ySqIEA,UCrJn_rbo_ENAdeqneS-RmRw,1,@VidalVillatoro-p4w,@josecarrera9623
UCpIdtvoFHVLGASGB5ySqIEA,UCsJJAvrVGupdmhOqgtDp8dg,1,@VidalVillatoro-p4w,@nestorlorenzana1168
UCpIdtvoFHVLGASGB5ySqIEA,UCsSXdJct-nsS8DsABoEsaYA,1,@VidalVillatoro-p4w,@IvánPérez-j4j
UCpIdtvoFHVLGASGB5ySqIEA,UCsUCN0Yq_UyTvKjOJLmNrnQ,1,@VidalVillatoro-p4w,@moisesvaldez4043
UCpIdtvoFHVLGASGB5ySqIEA,UCsjs5Hp_r86x1xbK6FAeqaA,1,@VidalVillatoro-p4w,@alvaroesquivel563
UCpIdtvoFHVLGASGB5ySqIEA,UCtNfIBnc5S5DbbQj_yxgJTw,1,@VidalVillatoro-p4w,@JosueRamirez-ey3ih
UCpIdtvoFHVLGASGB5ySqIEA,UCtUR3_CAiE7fCoZHM6cMfyQ,1,@VidalVillatoro-p4w,@mdelcid01
UCpIdtvoFHVLGASGB5ySqIEA,UCueV9cTyTDwgQSec1x2dYgA,1,@VidalVillatoro-p4w,@fredydomingo7062
UCpIdtvoFHVLGASGB5ySqIEA,UCujPF2nBgsTD62nWE3lcpIg,1,@VidalVillatoro-p4w,@victorarturoruanobautista7588
UCpIdtvoFHVLGASGB5ySqIEA,UCut6b9S98nv84cVX89PmKzA,1,@VidalVillatoro-p4w,@yeniferaguirre4498
UCpIdtvoFHVLGASGB5ySqIEA,UCvApqeCbLod-wejtT4CcVuA,1,@VidalVillatoro-p4w,@davidgaher9550
UCpIdtvoFHVLGASGB5ySqIEA,UCwO2SXr0ggzwg6QWWrr01nQ,1,@VidalVillatoro-p4w,@ricardofigueroa5720
UCpIdtvoFHVLGASGB5ySqIEA,UCwW2OFy95P7ZBkOPxWkpvYg,1,@VidalVillatoro-p4w,@TeresaLucero-b5o
UCpIdtvoFHVLGASGB5ySqIEA,UCwha8rxULYMVtNwZWeSkE1A,1,@VidalVillatoro-p4w,@mariasamo8637
UCpIdtvoFHVLGASGB5ySqIEA,UCxff05WuyvwELNITi7bj7UA,1,@VidalVillatoro-p4w,@markoherrera
UCpIdtvoFHVLGASGB5ySqIEA,UCySYJU5kUh7X8gVt9la2ISA,1,@VidalVillatoro-p4w,@dantesarti4351
UCpIdtvoFHVLGASGB5ySqIEA,UCylqlpsh8ENNM1LqgQ1KbxA,1,@VidalVillatoro-p4w,@Jel.Awesh.M
UCpIdtvoFHVLGASGB5ySqIEA,UCz3gu01bmjNv0DpRq-K3XYg,1,@VidalVillatoro-p4w,@eusebiovasquez4385
UCpIdtvoFHVLGASGB5ySqIEA,UCzSfZlOVxBSs5ObD25ywxDQ,1,@VidalVillatoro-p4w,@GilmarMaldonado-q9m
UCpIdtvoFHVLGASGB5ySqIEA,UCzoL2l5H5eVlorWGH8AZfAg,1,@VidalVillatoro-p4w,@jor77cas
UCp_dAUfv8i3LW3zWc24dLaQ,UCrqXyRsg-_hTosURZ-uvoKg,1,@MarioCortez-o6v,@flornolberto2425
UCp_dAUfv8i3LW3zWc24dLaQ,UCtiHFjFu7d5v2XxHnKFUYig,1,@MarioCortez-o6v,@Paul-gf7ec
UCp_dAUfv8i3LW3zWc24dLaQ,UCxhtlxPV8AYWaNNyU6S9H8Q,1,@MarioCortez-o6v,@WilR-s8r
UCpe5jW3MIqkgTJ-PgkzvM6Q,UCpsKOkt5iWTbenzeuq7dsmQ,1,@carloslam5333,@inge_vergueta
UCpe5jW3MIqkgTJ-PgkzvM6Q,UCqCrvuoJpC-aVb0f4logQRQ,1,@carloslam5333,@Lyrics_GT
UCpe5jW3MIqkgTJ-PgkzvM6Q,UCsGoJEvb-cFPZ2rWoJcXzEQ,1,@carloslam5333,@sergiohinestroza9709
UCpe5jW3MIqkgTJ-PgkzvM6Q,UCu8_3-Wg-YzNyvHYQDEscfw,1,@carloslam5333,@RolandoCastroPérez-d7y
UCpe5jW3MIqkgTJ-PgkzvM6Q,UCuXmOjxC-htcprLgeVXz6Tg,1,@carloslam5333,@jorgeaguilar-bq3uj
UCpe5jW3MIqkgTJ-PgkzvM6Q,UCwgCc9Jd_gG-uLE_SY-FfPg,1,@carloslam5333,@armindapenados2841
UCpe5jW3MIqkgTJ-PgkzvM6Q,UCwjUvRseNtJoItylIyIez7Q,1,@carloslam5333,@Silviazea
UCpe5jW3MIqkgTJ-PgkzvM6Q,UCylqlpsh8ENNM1LqgQ1KbxA,1,@carloslam5333,@Jel.Awesh.M
UCpl8rF8uv_8uui-QRvuJaRA,UCplrIQtaPj6au60_f2-mOYw,1,@SergioGarcia-z9c,@romeolopezherrarte799
UCpl8rF8uv_8uui-QRvuJaRA,UCpsKOkt5iWTbenzeuq7dsmQ,1,@SergioGarcia-z9c,@inge_vergueta
UCpl8rF8uv_8uui-QRvuJaRA,UCr1emrogPKkKTs_WTtx71xg,1,@SergioGarcia-z9c,@domingopeneleu6457
UCpl8rF8uv_8uui-QRvuJaRA,UCrJn_rbo_ENAdeqneS-RmRw,1,@SergioGarcia-z9c,@josecarrera9623
UCpl8rF8uv_8uui-QRvuJaRA,UCsJJAvrVGupdmhOqgtDp8dg,1,@SergioGarcia-z9c,@nestorlorenzana1168
UCpl8rF8uv_8uui-QRvuJaRA,UCsSXdJct-nsS8DsABoEsaYA,1,@SergioGarcia-z9c,@IvánPérez-j4j
UCpl8rF8uv_8uui-QRvuJaRA,UCsUCN0Yq_UyTvKjOJLmNrnQ,1,@SergioGarcia-z9c,@moisesvaldez4043
UCpl8rF8uv_8uui-QRvuJaRA,UCsjs5Hp_r86x1xbK6FAeqaA,1,@SergioGarcia-z9c,@alvaroesquivel563
UCpl8rF8uv_8uui-QRvuJaRA,UCtNfIBnc5S5DbbQj_yxgJTw,1,@SergioGarcia-z9c,@JosueRamirez-ey3ih
UCpl8rF8uv_8uui-QRvuJaRA,UCtUR3_CAiE7fCoZHM6cMfyQ,1,@SergioGarcia-z9c,@mdelcid01
UCpl8rF8uv_8uui-QRvuJaRA,UCueV9cTyTDwgQSec1x2dYgA,1,@SergioGarcia-z9c,@fredydomingo7062
UCpl8rF8uv_8uui-QRvuJaRA,UCujPF2nBgsTD62nWE3lcpIg,1,@SergioGarcia-z9c,@victorarturoruanobautista7588
UCpl8rF8uv_8uui-QRvuJaRA,UCut6b9S98nv84cVX89PmKzA,1,@SergioGarcia-z9c,@yeniferaguirre4498
UCpl8rF8uv_8uui-QRvuJaRA,UCvApqeCbLod-wejtT4CcVuA,1,@SergioGarcia-z9c,@davidgaher9550
UCpl8rF8uv_8uui-QRvuJaRA,UCwO2SXr0ggzwg6QWWrr01nQ,1,@SergioGarcia-z9c,@ricardofigueroa5720
UCpl8rF8uv_8uui-QRvuJaRA,UCwW2OFy95P7ZBkOPxWkpvYg,1,@SergioGarcia-z9c,@TeresaLucero-b5o
UCpl8rF8uv_8uui-QRvuJaRA,UCwha8rxULYMVtNwZWeSkE1A,1,@SergioGarcia-z9c,@mariasamo8637
UCpl8rF8uv_8uui-QRvuJaRA,UCxff05WuyvwELNITi7bj7UA,1,@SergioGarcia-z9c,@markoherrera
UCpl8rF8uv_8uui-QRvuJaRA,UCySYJU5kUh7X8gVt9la2ISA,1,@SergioGarcia-z9c,@dantesarti4351
UCpl8rF8uv_8uui-QRvuJaRA,UCylqlpsh8ENNM1LqgQ1KbxA,1,@SergioGarcia-z9c,@Jel.Awesh.M
UCpl8rF8uv_8uui-QRvuJaRA,UCz3gu01bmjNv0DpRq-K3XYg,1,@SergioGarcia-z9c,@eusebiovasquez4385
UCpl8rF8uv_8uui-QRvuJaRA,UCzSfZlOVxBSs5ObD25ywxDQ,1,@SergioGarcia-z9c,@GilmarMaldonado-q9m
UCpl8rF8uv_8uui-QRvuJaRA,UCzoL2l5H5eVlorWGH8AZfAg,1,@SergioGarcia-z9c,@jor77cas
UCplrIQtaPj6au60_f2-mOYw,UCpsKOkt5iWTbenzeuq7dsmQ,1,@romeolopezherrarte799,@inge_vergueta
UCplrIQtaPj6au60_f2-mOYw,UCr1emrogPKkKTs_WTtx71xg,1,@romeolopezherrarte799,@domingopeneleu6457
UCplrIQtaPj6au60_f2-mOYw,UCrJn_rbo_ENAdeqneS-RmRw,1,@romeolopezherrarte799,@josecarrera9623
UCplrIQtaPj6au60_f2-mOYw,UCsJJAvrVGupdmhOqgtDp8dg,1,@romeolopezherrarte799,@nestorlorenzana1168
UCplrIQtaPj6au60_f2-mOYw,UCsSXdJct-nsS8DsABoEsaYA,1,@romeolopezherrarte799,@IvánPérez-j4j
UCplrIQtaPj6au60_f2-mOYw,UCsUCN0Yq_UyTvKjOJLmNrnQ,1,@romeolopezherrarte799,@moisesvaldez4043
UCplrIQtaPj6au60_f2-mOYw,UCsjs5Hp_r86x1xbK6FAeqaA,1,@romeolopezherrarte799,@alvaroesquivel563
UCplrIQtaPj6au60_f2-mOYw,UCtNfIBnc5S5DbbQj_yxgJTw,1,@romeolopezherrarte799,@JosueRamirez-ey3ih
UCplrIQtaPj6au60_f2-mOYw,UCtUR3_CAiE7fCoZHM6cMfyQ,1,@romeolopezherrarte799,@mdelcid01
UCplrIQtaPj6au60_f2-mOYw,UCueV9cTyTDwgQSec1x2dYgA,1,@romeolopezherrarte799,@fredydomingo7062
UCplrIQtaPj6au60_f2-mOYw,UCujPF2nBgsTD62nWE3lcpIg,1,@romeolopezherrarte799,@victorarturoruanobautista7588
UCplrIQtaPj6au60_f2-mOYw,UCut6b9S98nv84cVX89PmKzA,1,@romeolopezherrarte799,@yeniferaguirre4498
UCplrIQtaPj6au60_f2-mOYw,UCvApqeCbLod-wejtT4CcVuA,1,@romeolopezherrarte799,@davidgaher9550
UCplrIQtaPj6au60_f2-mOYw,UCwO2SXr0ggzwg6QWWrr01nQ,1,@romeolopezherrarte799,@ricardofigueroa5720
UCplrIQtaPj6au60_f2-mOYw,UCwW2OFy95P7ZBkOPxWkpvYg,1,@romeolopezherrarte799,@TeresaLucero-b5o
UCplrIQtaPj6au60_f2-mOYw,UCwha8rxULYMVtNwZWeSkE1A,1,@romeolopezherrarte799,@mariasamo8637
UCplrIQtaPj6au60_f2-mOYw,UCxff05WuyvwELNITi7bj7UA,1,@romeolopezherrarte799,@markoherrera
UCplrIQtaPj6au60_f2-mOYw,UCySYJU5kUh7X8gVt9la2ISA,1,@romeolopezherrarte799,@dantesarti4351
UCplrIQtaPj6au60_f2-mOYw,UCylqlpsh8ENNM1LqgQ1KbxA,1,@romeolopezherrarte799,@Jel.Awesh.M
UCplrIQtaPj6au60_f2-mOYw,UCz3gu01bmjNv0DpRq-K3XYg,1,@romeolopezherrarte799,@eusebiovasquez4385
UCplrIQtaPj6au60_f2-mOYw,UCzSfZlOVxBSs5ObD25ywxDQ,1,@romeolopezherrarte799,@GilmarMaldonado-q9m
UCplrIQtaPj6au60_f2-mOYw,UCzoL2l5H5eVlorWGH8AZfAg,1,@romeolopezherrarte799,@jor77cas
UCpsKOkt5iWTbenzeuq7dsmQ,UCqCrvuoJpC-aVb0f4logQRQ,1,@inge_vergueta,@Lyrics_GT
UCpsKOkt5iWTbenzeuq7dsmQ,UCr1emrogPKkKTs_WTtx71xg,1,@inge_vergueta,@domingopeneleu6457
UCpsKOkt5iWTbenzeuq7dsmQ,UCrJn_rbo_ENAdeqneS-RmRw,1,@inge_vergueta,@josecarrera9623
UCpsKOkt5iWTbenzeuq7dsmQ,UCsGoJEvb-cFPZ2rWoJcXzEQ,1,@inge_vergueta,@sergiohinestroza9709
UCpsKOkt5iWTbenzeuq7dsmQ,UCsJJAvrVGupdmhOqgtDp8dg,1,@inge_vergueta,@nestorlorenzana1168
UCpsKOkt5iWTbenzeuq7dsmQ,UCsSXdJct-nsS8DsABoEsaYA,1,@inge_vergueta,@IvánPérez-j4j
UCpsKOkt5iWTbenzeuq7dsmQ,UCsUCN0Yq_UyTvKjOJLmNrnQ,1,@inge_vergueta,@moisesvaldez4043
UCpsKOkt5iWTbenzeuq7dsmQ,UCsjs5Hp_r86x1xbK6FAeqaA,1,@inge_vergueta,@alvaroesquivel563
UCpsKOkt5iWTbenzeuq7dsmQ,UCtNfIBnc5S5DbbQj_yxgJTw,1,@inge_vergueta,@JosueRamirez-ey3ih
UCpsKOkt5iWTbenzeuq7dsmQ,UCtUR3_CAiE7fCoZHM6cMfyQ,1,@inge_vergueta,@mdelcid01
UCpsKOkt5iWTbenzeuq7dsmQ,UCu8_3-Wg-YzNyvHYQDEscfw,1,@inge_vergueta,@RolandoCastroPérez-d7y
UCpsKOkt5iWTbenzeuq7dsmQ,UCuXmOjxC-htcprLgeVXz6Tg,1,@inge_vergueta,@jorgeaguilar-bq3uj
UCpsKOkt5iWTbenzeuq7dsmQ,UCueV9cTyTDwgQSec1x2dYgA,1,@inge_vergueta,@fredydomingo7062
UCpsKOkt5iWTbenzeuq7dsmQ,UCujPF2nBgsTD62nWE3lcpIg,1,@inge_vergueta,@victorarturoruanobautista7588
UCpsKOkt5iWTbenzeuq7dsmQ,UCut6b9S98nv84cVX89PmKzA,1,@inge_vergueta,@yeniferaguirre4498
UCpsKOkt5iWTbenzeuq7dsmQ,UCvApqeCbLod-wejtT4CcVuA,1,@inge_vergueta,@davidgaher9550
UCpsKOkt5iWTbenzeuq7dsmQ,UCvcu1kR8xMYy_I1Ty-2mV2Q,1,@inge_vergueta,@hashojea7348
UCpsKOkt5iWTbenzeuq7dsmQ,UCwO2SXr0ggzwg6QWWrr01nQ,1,@inge_vergueta,@ricardofigueroa5720
UCpsKOkt5iWTbenzeuq7dsmQ,UCwW2OFy95P7ZBkOPxWkpvYg,1,@inge_vergueta,@TeresaLucero-b5o
UCpsKOkt5iWTbenzeuq7dsmQ,UCwgCc9Jd_gG-uLE_SY-FfPg,1,@inge_vergueta,@armindapenados2841
UCpsKOkt5iWTbenzeuq7dsmQ,UCwha8rxULYMVtNwZWeSkE1A,1,@inge_vergueta,@mariasamo8637
UCpsKOkt5iWTbenzeuq7dsmQ,UCwjUvRseNtJoItylIyIez7Q,1,@inge_vergueta,@Silviazea
UCpsKOkt5iWTbenzeuq7dsmQ,UCxff05WuyvwELNITi7bj7UA,1,@inge_vergueta,@markoherrera
UCpsKOkt5iWTbenzeuq7dsmQ,UCySYJU5kUh7X8gVt9la2ISA,1,@inge_vergueta,@dantesarti4351
UCpsKOkt5iWTbenzeuq7dsmQ,UCz3gu01bmjNv0DpRq-K3XYg,1,@inge_vergueta,@eusebiovasquez4385
UCpsKOkt5iWTbenzeuq7dsmQ,UCzSfZlOVxBSs5ObD25ywxDQ,1,@inge_vergueta,@GilmarMaldonado-q9m
UCpsKOkt5iWTbenzeuq7dsmQ,UCzoL2l5H5eVlorWGH8AZfAg,1,@inge_vergueta,@jor77cas
UCq3mDTTRZnUybct5M9OSXbg,UCvl1tzQeBeGy6efPTRJXSCw,1,@MacoMorales-i2i2d,@RaulPerez-cw2vi
UCq3mDTTRZnUybct5M9OSXbg,UCwCfs-2zbD5k0lG-UVg_JBw,1,@MacoMorales-i2i2d,@JessicaHuaz-96
UCqCrvuoJpC-aVb0f4logQRQ,UCsGoJEvb-cFPZ2rWoJcXzEQ,1,@Lyrics_GT,@sergiohinestroza9709
UCqCrvuoJpC-aVb0f4logQRQ,UCu8_3-Wg-YzNyvHYQDEscfw,1,@Lyrics_GT,@RolandoCastroPérez-d7y
UCqCrvuoJpC-aVb0f4logQRQ,UCuXmOjxC-htcprLgeVXz6Tg,1,@Lyrics_GT,@jorgeaguilar-bq3uj
UCqCrvuoJpC-aVb0f4logQRQ,UCwgCc9Jd_gG-uLE_SY-FfPg,1,@Lyrics_GT,@armindapenados2841
UCqCrvuoJpC-aVb0f4logQRQ,UCwjUvRseNtJoItylIyIez7Q,1,@Lyrics_GT,@Silviazea
UCqCrvuoJpC-aVb0f4logQRQ,UCylqlpsh8ENNM1LqgQ1KbxA,1,@Lyrics_GT,@Jel.Awesh.M
UCqilIa8r7iek5sGYg_q6ofA,UCs_5qeqdku9tGAq22y3OcuQ,1,@rolandojuchuna484,@alexandrevasquez4135
UCqilIa8r7iek5sGYg_q6ofA,UCtMBF_1O2jY2INlb_luuB_A,1,@rolandojuchuna484,@mynorgudiel8646
UCqilIa8r7iek5sGYg_q6ofA,UCwUAv3_LpWVtTIi7lkmTL7A,1,@rolandojuchuna484,@kingr4706
UCqilIa8r7iek5sGYg_q6ofA,UCxKR3RA8T-kxMgq_2WWhRcQ,1,@rolandojuchuna484,@elenaluarca9377
UCqilIa8r7iek5sGYg_q6ofA,UCyzf29IYjNw67gGIfsjgtxA,1,@rolandojuchuna484,@carlosoliva9249
UCql1n3Ey6ULMSOACjMe-fxQ,UCtCtts20bW6F9CSohau51Iw,1,@RolandoGonzalez-o7g,@carlosgranados9875
UCql1n3Ey6ULMSOACjMe-fxQ,UCtsxPYw8VUsH_FfnKg-0lmw,1,@RolandoGonzalez-o7g,@AlejandroPérez-b6r
UCql1n3Ey6ULMSOACjMe-fxQ,UCvDwJBBY1mHK70aTEYl6rsA,1,@RolandoGonzalez-o7g,@cristianescobedo8296
UCql1n3Ey6ULMSOACjMe-fxQ,UCwxoKK59nGCeBqB2sXfDBIw,1,@RolandoGonzalez-o7g,@vic-bonivideos
UCql1n3Ey6ULMSOACjMe-fxQ,UCyJhqmMbsvjpoarBBStA2kg,1,@RolandoGonzalez-o7g,@Murmullodelbarrio
UCql1n3Ey6ULMSOACjMe-fxQ,UCzZ6dDCEsLMXbc5pCFXIprw,1,@RolandoGonzalez-o7g,@josegil3813
UCr1emrogPKkKTs_WTtx71xg,UCrJn_rbo_ENAdeqneS-RmRw,1,@domingopeneleu6457,@josecarrera9623
UCr1emrogPKkKTs_WTtx71xg,UCsJJAvrVGupdmhOqgtDp8dg,1,@domingopeneleu6457,@nestorlorenzana1168
UCr1emrogPKkKTs_WTtx71xg,UCsSXdJct-nsS8DsABoEsaYA,1,@domingopeneleu6457,@IvánPérez-j4j
UCr1emrogPKkKTs_WTtx71xg,UCsUCN0Yq_UyTvKjOJLmNrnQ,1,@domingopeneleu6457,@moisesvaldez4043
UCr1emrogPKkKTs_WTtx71xg,UCsjs5Hp_r86x1xbK6FAeqaA,1,@domingopeneleu6457,@alvaroesquivel563
UCr1emrogPKkKTs_WTtx71xg,UCtNfIBnc5S5DbbQj_yxgJTw,1,@domingopeneleu6457,@JosueRamirez-ey3ih
UCr1emrogPKkKTs_WTtx71xg,UCtUR3_CAiE7fCoZHM6cMfyQ,1,@domingopeneleu6457,@mdelcid01
UCr1emrogPKkKTs_WTtx71xg,UCueV9cTyTDwgQSec1x2dYgA,1,@domingopeneleu6457,@fredydomingo7062
UCr1emrogPKkKTs_WTtx71xg,UCujPF2nBgsTD62nWE3lcpIg,1,@domingopeneleu6457,@victorarturoruanobautista7588
UCr1emrogPKkKTs_WTtx71xg,UCut6b9S98nv84cVX89PmKzA,1,@domingopeneleu6457,@yeniferaguirre4498
UCr1emrogPKkKTs_WTtx71xg,UCvApqeCbLod-wejtT4CcVuA,1,@domingopeneleu6457,@davidgaher9550
UCr1emrogPKkKTs_WTtx71xg,UCwO2SXr0ggzwg6QWWrr01nQ,1,@domingopeneleu6457,@ricardofigueroa5720
UCr1emrogPKkKTs_WTtx71xg,UCwW2OFy95P7ZBkOPxWkpvYg,1,@domingopeneleu6457,@TeresaLucero-b5o
UCr1emrogPKkKTs_WTtx71xg,UCwha8rxULYMVtNwZWeSkE1A,1,@domingopeneleu6457,@mariasamo8637
UCr1emrogPKkKTs_WTtx71xg,UCxff05WuyvwELNITi7bj7UA,1,@domingopeneleu6457,@markoherrera
UCr1emrogPKkKTs_WTtx71xg,UCySYJU5kUh7X8gVt9la2ISA,1,@domingopeneleu6457,@dantesarti4351
UCr1emrogPKkKTs_WTtx71xg,UCylqlpsh8ENNM1LqgQ1KbxA,1,@domingopeneleu6457,@Jel.Awesh.M
UCr1emrogPKkKTs_WTtx71xg,UCz3gu01bmjNv0DpRq-K3XYg,1,@domingopeneleu6457,@eusebiovasquez4385
UCr1emrogPKkKTs_WTtx71xg,UCzSfZlOVxBSs5ObD25ywxDQ,1,@domingopeneleu6457,@GilmarMaldonado-q9m
UCr1emrogPKkKTs_WTtx71xg,UCzoL2l5H5eVlorWGH8AZfAg,1,@domingopeneleu6457,@jor77cas
UCrJn_rbo_ENAdeqneS-RmRw,UCsJJAvrVGupdmhOqgtDp8dg,1,@josecarrera9623,@nestorlorenzana1168
UCrJn_rbo_ENAdeqneS-RmRw,UCsSXdJct-nsS8DsABoEsaYA,1,@josecarrera9623,@IvánPérez-j4j
UCrJn_rbo_ENAdeqneS-RmRw,UCsUCN0Yq_UyTvKjOJLmNrnQ,1,@josecarrera9623,@moisesvaldez4043
UCrJn_rbo_ENAdeqneS-RmRw,UCsjs5Hp_r86x1xbK6FAeqaA,1,@josecarrera9623,@alvaroesquivel563
UCrJn_rbo_ENAdeqneS-RmRw,UCtNfIBnc5S5DbbQj_yxgJTw,1,@josecarrera9623,@JosueRamirez-ey3ih
UCrJn_rbo_ENAdeqneS-RmRw,UCtUR3_CAiE7fCoZHM6cMfyQ,1,@josecarrera9623,@mdelcid01
UCrJn_rbo_ENAdeqneS-RmRw,UCueV9cTyTDwgQSec1x2dYgA,1,@josecarrera9623,@fredydomingo7062
UCrJn_rbo_ENAdeqneS-RmRw,UCujPF2nBgsTD62nWE3lcpIg,1,@josecarrera9623,@victorarturoruanobautista7588
UCrJn_rbo_ENAdeqneS-RmRw,UCut6b9S98nv84cVX89PmKzA,1,@josecarrera9623,@yeniferaguirre4498
UCrJn_rbo_ENAdeqneS-RmRw,UCvApqeCbLod-wejtT4CcVuA,1,@josecarrera9623,@davidgaher9550
UCrJn_rbo_ENAdeqneS-RmRw,UCwO2SXr0ggzwg6QWWrr01nQ,1,@josecarrera9623,@ricardofigueroa5720
UCrJn_rbo_ENAdeqneS-RmRw,UCwW2OFy95P7ZBkOPxWkpvYg,1,@josecarrera9623,@TeresaLucero-b5o
UCrJn_rbo_ENAdeqneS-RmRw,UCwha8rxULYMVtNwZWeSkE1A,1,@josecarrera9623,@mariasamo8637
UCrJn_rbo_ENAdeqneS-RmRw,UCxff05WuyvwELNITi7bj7UA,1,@josecarrera9623,@markoherrera
UCrJn_rbo_ENAdeqneS-RmRw,UCySYJU5kUh7X8gVt9la2ISA,1,@josecarrera9623,@dantesarti4351
UCrJn_rbo_ENAdeqneS-RmRw,UCylqlpsh8ENNM1LqgQ1KbxA,1,@josecarrera9623,@Jel.Awesh.M
UCrJn_rbo_ENAdeqneS-RmRw,UCz3gu01bmjNv0DpRq-K3XYg,1,@josecarrera9623,@eusebiovasquez4385
UCrJn_rbo_ENAdeqneS-RmRw,UCzSfZlOVxBSs5ObD25ywxDQ,1,@josecarrera9623,@GilmarMaldonado-q9m
UCrJn_rbo_ENAdeqneS-RmRw,UCzoL2l5H5eVlorWGH8AZfAg,1,@josecarrera9623,@jor77cas
UCrqXyRsg-_hTosURZ-uvoKg,UCtiHFjFu7d5v2XxHnKFUYig,1,@flornolberto2425,@Paul-gf7ec
UCrqXyRsg-_hTosURZ-uvoKg,UCxhtlxPV8AYWaNNyU6S9H8Q,1,@flornolberto2425,@WilR-s8r
UCsGoJEvb-cFPZ2rWoJcXzEQ,UCu8_3-Wg-YzNyvHYQDEscfw,1,@sergiohinestroza9709,@RolandoCastroPérez-d7y
UCsGoJEvb-cFPZ2rWoJcXzEQ,UCuXmOjxC-htcprLgeVXz6Tg,1,@sergiohinestroza9709,@jorgeaguilar-bq3uj
UCsGoJEvb-cFPZ2rWoJcXzEQ,UCwgCc9Jd_gG-uLE_SY-FfPg,1,@sergiohinestroza9709,@armindapenados2841
UCsGoJEvb-cFPZ2rWoJcXzEQ,UCwjUvRseNtJoItylIyIez7Q,1,@sergiohinestroza9709,@Silviazea
UCsGoJEvb-cFPZ2rWoJcXzEQ,UCylqlpsh8ENNM1LqgQ1KbxA,1,@sergiohinestroza9709,@Jel.Awesh.M
UCsJJAvrVGupdmhOqgtDp8dg,UCsSXdJct-nsS8DsABoEsaYA,1,@nestorlorenzana1168,@IvánPérez-j4j
UCsJJAvrVGupdmhOqgtDp8dg,UCsUCN0Yq_UyTvKjOJLmNrnQ,1,@nestorlorenzana1168,@moisesvaldez4043
UCsJJAvrVGupdmhOqgtDp8dg,UCsjs5Hp_r86x1xbK6FAeqaA,1,@nestorlorenzana1168,@alvaroesquivel563
UCsJJAvrVGupdmhOqgtDp8dg,UCtNfIBnc5S5DbbQj_yxgJTw,1,@nestorlorenzana1168,@JosueRamirez-ey3ih
UCsJJAvrVGupdmhOqgtDp8dg,UCtUR3_CAiE7fCoZHM6cMfyQ,1,@nestorlorenzana1168,@mdelcid01
UCsJJAvrVGupdmhOqgtDp8dg,UCueV9cTyTDwgQSec1x2dYgA,1,@nestorlorenzana1168,@fredydomingo7062
UCsJJAvrVGupdmhOqgtDp8dg,UCujPF2nBgsTD62nWE3lcpIg,1,@nestorlorenzana1168,@victorarturoruanobautista7588
UCsJJAvrVGupdmhOqgtDp8dg,UCut6b9S98nv84cVX89PmKzA,1,@nestorlorenzana1168,@yeniferaguirre4498
UCsJJAvrVGupdmhOqgtDp8dg,UCvApqeCbLod-wejtT4CcVuA,1,@nestorlorenzana1168,@davidgaher9550
UCsJJAvrVGupdmhOqgtDp8dg,UCwO2SXr0ggzwg6QWWrr01nQ,1,@nestorlorenzana1168,@ricardofigueroa5720
UCsJJAvrVGupdmhOqgtDp8dg,UCwW2OFy95P7ZBkOPxWkpvYg,1,@nestorlorenzana1168,@TeresaLucero-b5o
UCsJJAvrVGupdmhOqgtDp8dg,UCwha8rxULYMVtNwZWeSkE1A,1,@nestorlorenzana1168,@mariasamo8637
UCsJJAvrVGupdmhOqgtDp8dg,UCxff05WuyvwELNITi7bj7UA,1,@nestorlorenzana1168,@markoherrera
UCsJJAvrVGupdmhOqgtDp8dg,UCySYJU5kUh7X8gVt9la2ISA,1,@nestorlorenzana1168,@dantesarti4351
UCsJJAvrVGupdmhOqgtDp8dg,UCylqlpsh8ENNM1LqgQ1KbxA,1,@nestorlorenzana1168,@Jel.Awesh.M
UCsJJAvrVGupdmhOqgtDp8dg,UCz3gu01bmjNv0DpRq-K3XYg,1,@nestorlorenzana1168,@eusebiovasquez4385
UCsJJAvrVGupdmhOqgtDp8dg,UCzSfZlOVxBSs5ObD25ywxDQ,1,@nestorlorenzana1168,@GilmarMaldonado-q9m
UCsJJAvrVGupdmhOqgtDp8dg,UCzoL2l5H5eVlorWGH8AZfAg,1,@nestorlorenzana1168,@jor77cas
UCsSXdJct-nsS8DsABoEsaYA,UCsUCN0Yq_UyTvKjOJLmNrnQ,1,@IvánPérez-j4j,@moisesvaldez4043
UCsSXdJct-nsS8DsABoEsaYA,UCsjs5Hp_r86x1xbK6FAeqaA,1,@IvánPérez-j4j,@alvaroesquivel563
UCsSXdJct-nsS8DsABoEsaYA,UCtNfIBnc5S5DbbQj_yxgJTw,1,@IvánPérez-j4j,@JosueRamirez-ey3ih
UCsSXdJct-nsS8DsABoEsaYA,UCtUR3_CAiE7fCoZHM6cMfyQ,1,@IvánPérez-j4j,@mdelcid01
UCsSXdJct-nsS8DsABoEsaYA,UCueV9cTyTDwgQSec1x2dYgA,1,@IvánPérez-j4j,@fredydomingo7062
UCsSXdJct-nsS8DsABoEsaYA,UCujPF2nBgsTD62nWE3lcpIg,1,@IvánPérez-j4j,@victorarturoruanobautista7588
UCsSXdJct-nsS8DsABoEsaYA,UCut6b9S98nv84cVX89PmKzA,1,@IvánPérez-j4j,@yeniferaguirre4498
UCsSXdJct-nsS8DsABoEsaYA,UCvApqeCbLod-wejtT4CcVuA,1,@IvánPérez-j4j,@davidgaher9550
UCsSXdJct-nsS8DsABoEsaYA,UCwO2SXr0ggzwg6QWWrr01nQ,1,@IvánPérez-j4j,@ricardofigueroa5720
UCsSXdJct-nsS8DsABoEsaYA,UCwW2OFy95P7ZBkOPxWkpvYg,1,@IvánPérez-j4j,@TeresaLucero-b5o
UCsSXdJct-nsS8DsABoEsaYA,UCwha8rxULYMVtNwZWeSkE1A,1,@IvánPérez-j4j,@mariasamo8637
UCsSXdJct-nsS8DsABoEsaYA,UCxff05WuyvwELNITi7bj7UA,1,@IvánPérez-j4j,@markoherrera
UCsSXdJct-nsS8DsABoEsaYA,UCySYJU5kUh7X8gVt9la2ISA,1,@IvánPérez-j4j,@dantesarti4351
UCsSXdJct-nsS8DsABoEsaYA,UCylqlpsh8ENNM1LqgQ1KbxA,1,@IvánPérez-j4j,@Jel.Awesh.M
UCsSXdJct-nsS8DsABoEsaYA,UCz3gu01bmjNv0DpRq-K3XYg,1,@IvánPérez-j4j,@eusebiovasquez4385
UCsSXdJct-nsS8DsABoEsaYA,UCzSfZlOVxBSs5ObD25ywxDQ,1,@IvánPérez-j4j,@GilmarMaldonado-q9m
UCsSXdJct-nsS8DsABoEsaYA,UCzoL2l5H5eVlorWGH8AZfAg,1,@IvánPérez-j4j,@jor77cas
UCsUCN0Yq_UyTvKjOJLmNrnQ,UCsjs5Hp_r86x1xbK6FAeqaA,1,@moisesvaldez4043,@alvaroesquivel563
UCsUCN0Yq_UyTvKjOJLmNrnQ,UCtNfIBnc5S5DbbQj_yxgJTw,1,@moisesvaldez4043,@JosueRamirez-ey3ih
UCsUCN0Yq_UyTvKjOJLmNrnQ,UCtUR3_CAiE7fCoZHM6cMfyQ,1,@moisesvaldez4043,@mdelcid01
UCsUCN0Yq_UyTvKjOJLmNrnQ,UCueV9cTyTDwgQSec1x2dYgA,1,@moisesvaldez4043,@fredydomingo7062
UCsUCN0Yq_UyTvKjOJLmNrnQ,UCujPF2nBgsTD62nWE3lcpIg,1,@moisesvaldez4043,@victorarturoruanobautista7588
UCsUCN0Yq_UyTvKjOJLmNrnQ,UCut6b9S98nv84cVX89PmKzA,1,@moisesvaldez4043,@yeniferaguirre4498
UCsUCN0Yq_UyTvKjOJLmNrnQ,UCvApqeCbLod-wejtT4CcVuA,1,@moisesvaldez4043,@davidgaher9550
UCsUCN0Yq_UyTvKjOJLmNrnQ,UCwO2SXr0ggzwg6QWWrr01nQ,1,@moisesvaldez4043,@ricardofigueroa5720
UCsUCN0Yq_UyTvKjOJLmNrnQ,UCwW2OFy95P7ZBkOPxWkpvYg,1,@moisesvaldez4043,@TeresaLucero-b5o
UCsUCN0Yq_UyTvKjOJLmNrnQ,UCwha8rxULYMVtNwZWeSkE1A,1,@moisesvaldez4043,@mariasamo8637
UCsUCN0Yq_UyTvKjOJLmNrnQ,UCxff05WuyvwELNITi7bj7UA,1,@moisesvaldez4043,@markoherrera
UCsUCN0Yq_UyTvKjOJLmNrnQ,UCySYJU5kUh7X8gVt9la2ISA,1,@moisesvaldez4043,@dantesarti4351
UCsUCN0Yq_UyTvKjOJLmNrnQ,UCylqlpsh8ENNM1LqgQ1KbxA,1,@moisesvaldez4043,@Jel.Awesh.M
UCsUCN0Yq_UyTvKjOJLmNrnQ,UCz3gu01bmjNv0DpRq-K3XYg,1,@moisesvaldez4043,@eusebiovasquez4385
UCsUCN0Yq_UyTvKjOJLmNrnQ,UCzSfZlOVxBSs5ObD25ywxDQ,1,@moisesvaldez4043,@GilmarMaldonado-q9m
UCsUCN0Yq_UyTvKjOJLmNrnQ,UCzoL2l5H5eVlorWGH8AZfAg,1,@moisesvaldez4043,@jor77cas
UCs_5qeqdku9tGAq22y3OcuQ,UCtMBF_1O2jY2INlb_luuB_A,1,@alexandrevasquez4135,@mynorgudiel8646
UCs_5qeqdku9tGAq22y3OcuQ,UCwUAv3_LpWVtTIi7lkmTL7A,1,@alexandrevasquez4135,@kingr4706
UCs_5qeqdku9tGAq22y3OcuQ,UCxKR3RA8T-kxMgq_2WWhRcQ,1,@alexandrevasquez4135,@elenaluarca9377
UCs_5qeqdku9tGAq22y3OcuQ,UCyzf29IYjNw67gGIfsjgtxA,1,@alexandrevasquez4135,@carlosoliva9249
UCsjs5Hp_r86x1xbK6FAeqaA,UCtNfIBnc5S5DbbQj_yxgJTw,1,@alvaroesquivel563,@JosueRamirez-ey3ih
UCsjs5Hp_r86x1xbK6FAeqaA,UCtUR3_CAiE7fCoZHM6cMfyQ,1,@alvaroesquivel563,@mdelcid01
UCsjs5Hp_r86x1xbK6FAeqaA,UCueV9cTyTDwgQSec1x2dYgA,1,@alvaroesquivel563,@fredydomingo7062
UCsjs5Hp_r86x1xbK6FAeqaA,UCujPF2nBgsTD62nWE3lcpIg,1,@alvaroesquivel563,@victorarturoruanobautista7588
UCsjs5Hp_r86x1xbK6FAeqaA,UCut6b9S98nv84cVX89PmKzA,1,@alvaroesquivel563,@yeniferaguirre4498
UCsjs5Hp_r86x1xbK6FAeqaA,UCvApqeCbLod-wejtT4CcVuA,1,@alvaroesquivel563,@davidgaher9550
UCsjs5Hp_r86x1xbK6FAeqaA,UCwO2SXr0ggzwg6QWWrr01nQ,1,@alvaroesquivel563,@ricardofigueroa5720
UCsjs5Hp_r86x1xbK6FAeqaA,UCwW2OFy95P7ZBkOPxWkpvYg,1,@alvaroesquivel563,@TeresaLucero-b5o
UCsjs5Hp_r86x1xbK6FAeqaA,UCwha8rxULYMVtNwZWeSkE1A,1,@alvaroesquivel563,@mariasamo8637
UCsjs5Hp_r86x1xbK6FAeqaA,UCxff05WuyvwELNITi7bj7UA,1,@alvaroesquivel563,@markoherrera
UCsjs5Hp_r86x1xbK6FAeqaA,UCySYJU5kUh7X8gVt9la2ISA,1,@alvaroesquivel563,@dantesarti4351
UCsjs5Hp_r86x1xbK6FAeqaA,UCylqlpsh8ENNM1LqgQ1KbxA,1,@alvaroesquivel563,@Jel.Awesh.M
UCsjs5Hp_r86x1xbK6FAeqaA,UCz3gu01bmjNv0DpRq-K3XYg,1,@alvaroesquivel563,@eusebiovasquez4385
UCsjs5Hp_r86x1xbK6FAeqaA,UCzSfZlOVxBSs5ObD25ywxDQ,1,@alvaroesquivel563,@GilmarMaldonado-q9m
UCsjs5Hp_r86x1xbK6FAeqaA,UCzoL2l5H5eVlorWGH8AZfAg,1,@alvaroesquivel563,@jor77cas
UCtCtts20bW6F9CSohau51Iw,UCtsxPYw8VUsH_FfnKg-0lmw,1,@carlosgranados9875,@AlejandroPérez-b6r
UCtCtts20bW6F9CSohau51Iw,UCvDwJBBY1mHK70aTEYl6rsA,1,@carlosgranados9875,@cristianescobedo8296
UCtCtts20bW6F9CSohau51Iw,UCwxoKK59nGCeBqB2sXfDBIw,1,@carlosgranados9875,@vic-bonivideos
UCtCtts20bW6F9CSohau51Iw,UCyJhqmMbsvjpoarBBStA2kg,1,@carlosgranados9875,@Murmullodelbarrio
UCtCtts20bW6F9CSohau51Iw,UCzZ6dDCEsLMXbc5pCFXIprw,1,@carlosgranados9875,@josegil3813
UCtMBF_1O2jY2INlb_luuB_A,UCwUAv3_LpWVtTIi7lkmTL7A,1,@mynorgudiel8646,@kingr4706
UCtMBF_1O2jY2INlb_luuB_A,UCxKR3RA8T-kxMgq_2WWhRcQ,1,@mynorgudiel8646,@elenaluarca9377
UCtMBF_1O2jY2INlb_luuB_A,UCyzf29IYjNw67gGIfsjgtxA,1,@mynorgudiel8646,@carlosoliva9249
UCtNfIBnc5S5DbbQj_yxgJTw,UCtUR3_CAiE7fCoZHM6cMfyQ,1,@JosueRamirez-ey3ih,@mdelcid01
UCtNfIBnc5S5DbbQj_yxgJTw,UCueV9cTyTDwgQSec1x2dYgA,1,@JosueRamirez-ey3ih,@fredydomingo7062
UCtNfIBnc5S5DbbQj_yxgJTw,UCujPF2nBgsTD62nWE3lcpIg,1,@JosueRamirez-ey3ih,@victorarturoruanobautista7588
UCtNfIBnc5S5DbbQj_yxgJTw,UCut6b9S98nv84cVX89PmKzA,1,@JosueRamirez-ey3ih,@yeniferaguirre4498
UCtNfIBnc5S5DbbQj_yxgJTw,UCvApqeCbLod-wejtT4CcVuA,1,@JosueRamirez-ey3ih,@davidgaher9550
UCtNfIBnc5S5DbbQj_yxgJTw,UCwO2SXr0ggzwg6QWWrr01nQ,1,@JosueRamirez-ey3ih,@ricardofigueroa5720
UCtNfIBnc5S5DbbQj_yxgJTw,UCwW2OFy95P7ZBkOPxWkpvYg,1,@JosueRamirez-ey3ih,@TeresaLucero-b5o
UCtNfIBnc5S5DbbQj_yxgJTw,UCwha8rxULYMVtNwZWeSkE1A,1,@JosueRamirez-ey3ih,@mariasamo8637
UCtNfIBnc5S5DbbQj_yxgJTw,UCxff05WuyvwELNITi7bj7UA,1,@JosueRamirez-ey3ih,@markoherrera
UCtNfIBnc5S5DbbQj_yxgJTw,UCySYJU5kUh7X8gVt9la2ISA,1,@JosueRamirez-ey3ih,@dantesarti4351
UCtNfIBnc5S5DbbQj_yxgJTw,UCylqlpsh8ENNM1LqgQ1KbxA,1,@JosueRamirez-ey3ih,@Jel.Awesh.M
UCtNfIBnc5S5DbbQj_yxgJTw,UCz3gu01bmjNv0DpRq-K3XYg,1,@JosueRamirez-ey3ih,@eusebiovasquez4385
UCtNfIBnc5S5DbbQj_yxgJTw,UCzSfZlOVxBSs5ObD25ywxDQ,1,@JosueRamirez-ey3ih,@GilmarMaldonado-q9m
UCtNfIBnc5S5DbbQj_yxgJTw,UCzoL2l5H5eVlorWGH8AZfAg,1,@JosueRamirez-ey3ih,@jor77cas
UCtNyHmRZtvGF2hSvI2dUBWw,UCuP4UK33HKtJE_S39ksmaTw,1,@aureliomaldonado4793,@herbertaguilar1387
UCtNyHmRZtvGF2hSvI2dUBWw,UCusjriFsDHEc2AOjqk-p5ig,1,@aureliomaldonado4793,@pablobarrios7931
UCtNyHmRZtvGF2hSvI2dUBWw,UCzZ6dDCEsLMXbc5pCFXIprw,1,@aureliomaldonado4793,@josegil3813
UCtUR3_CAiE7fCoZHM6cMfyQ,UCueV9cTyTDwgQSec1x2dYgA,1,@mdelcid01,@fredydomingo7062
UCtUR3_CAiE7fCoZHM6cMfyQ,UCujPF2nBgsTD62nWE3lcpIg,1,@mdelcid01,@victorarturoruanobautista7588
UCtUR3_CAiE7fCoZHM6cMfyQ,UCut6b9S98nv84cVX89PmKzA,1,@mdelcid01,@yeniferaguirre4498
UCtUR3_CAiE7fCoZHM6cMfyQ,UCvApqeCbLod-wejtT4CcVuA,1,@mdelcid01,@davidgaher9550
UCtUR3_CAiE7fCoZHM6cMfyQ,UCwO2SXr0ggzwg6QWWrr01nQ,1,@mdelcid01,@ricardofigueroa5720
UCtUR3_CAiE7fCoZHM6cMfyQ,UCwW2OFy95P7ZBkOPxWkpvYg,1,@mdelcid01,@TeresaLucero-b5o
UCtUR3_CAiE7fCoZHM6cMfyQ,UCwha8rxULYMVtNwZWeSkE1A,1,@mdelcid01,@mariasamo8637
UCtUR3_CAiE7fCoZHM6cMfyQ,UCxff05WuyvwELNITi7bj7UA,1,@mdelcid01,@markoherrera
UCtUR3_CAiE7fCoZHM6cMfyQ,UCySYJU5kUh7X8gVt9la2ISA,1,@mdelcid01,@dantesarti4351
UCtUR3_CAiE7fCoZHM6cMfyQ,UCylqlpsh8ENNM1LqgQ1KbxA,1,@mdelcid01,@Jel.Awesh.M
UCtUR3_CAiE7fCoZHM6cMfyQ,UCz3gu01bmjNv0DpRq-K3XYg,1,@mdelcid01,@eusebiovasquez4385
UCtUR3_CAiE7fCoZHM6cMfyQ,UCzSfZlOVxBSs5ObD25ywxDQ,1,@mdelcid01,@GilmarMaldonado-q9m
UCtUR3_CAiE7fCoZHM6cMfyQ,UCzoL2l5H5eVlorWGH8AZfAg,1,@mdelcid01,@jor77cas
UCtiHFjFu7d5v2XxHnKFUYig,UCxhtlxPV8AYWaNNyU6S9H8Q,1,@Paul-gf7ec,@WilR-s8r
UCtsxPYw8VUsH_FfnKg-0lmw,UCvDwJBBY1mHK70aTEYl6rsA,1,@AlejandroPérez-b6r,@cristianescobedo8296
UCtsxPYw8VUsH_FfnKg-0lmw,UCwxoKK59nGCeBqB2sXfDBIw,1,@AlejandroPérez-b6r,@vic-bonivideos
UCtsxPYw8VUsH_FfnKg-0lmw,UCyJhqmMbsvjpoarBBStA2kg,1,@AlejandroPérez-b6r,@Murmullodelbarrio
UCtsxPYw8VUsH_FfnKg-0lmw,UCzZ6dDCEsLMXbc5pCFXIprw,1,@AlejandroPérez-b6r,@josegil3813
UCu8_3-Wg-YzNyvHYQDEscfw,UCuXmOjxC-htcprLgeVXz6Tg,1,@RolandoCastroPérez-d7y,@jorgeaguilar-bq3uj
UCu8_3-Wg-YzNyvHYQDEscfw,UCwgCc9Jd_gG-uLE_SY-FfPg,1,@RolandoCastroPérez-d7y,@armindapenados2841
UCu8_3-Wg-YzNyvHYQDEscfw,UCwjUvRseNtJoItylIyIez7Q,1,@RolandoCastroPérez-d7y,@Silviazea
UCu8_3-Wg-YzNyvHYQDEscfw,UCylqlpsh8ENNM1LqgQ1KbxA,1,@RolandoCastroPérez-d7y,@Jel.Awesh.M
UCuP4UK33HKtJE_S39ksmaTw,UCusjriFsDHEc2AOjqk-p5ig,1,@herbertaguilar1387,@pablobarrios7931
UCuP4UK33HKtJE_S39ksmaTw,UCzZ6dDCEsLMXbc5pCFXIprw,1,@herbertaguilar1387,@josegil3813
UCuXmOjxC-htcprLgeVXz6Tg,UCwgCc9Jd_gG-uLE_SY-FfPg,1,@jorgeaguilar-bq3uj,@armindapenados2841
UCuXmOjxC-htcprLgeVXz6Tg,UCwjUvRseNtJoItylIyIez7Q,1,@jorgeaguilar-bq3uj,@Silviazea
UCuXmOjxC-htcprLgeVXz6Tg,UCylqlpsh8ENNM1LqgQ1KbxA,1,@jorgeaguilar-bq3uj,@Jel.Awesh.M
UCueV9cTyTDwgQSec1x2dYgA,UCujPF2nBgsTD62nWE3lcpIg,1,@fredydomingo7062,@victorarturoruanobautista7588
UCueV9cTyTDwgQSec1x2dYgA,UCut6b9S98nv84cVX89PmKzA,1,@fredydomingo7062,@yeniferaguirre4498
UCueV9cTyTDwgQSec1x2dYgA,UCvApqeCbLod-wejtT4CcVuA,1,@fredydomingo7062,@davidgaher9550
UCueV9cTyTDwgQSec1x2dYgA,UCwO2SXr0ggzwg6QWWrr01nQ,1,@fredydomingo7062,@ricardofigueroa5720
UCueV9cTyTDwgQSec1x2dYgA,UCwW2OFy95P7ZBkOPxWkpvYg,1,@fredydomingo7062,@TeresaLucero-b5o
UCueV9cTyTDwgQSec1x2dYgA,UCwha8rxULYMVtNwZWeSkE1A,1,@fredydomingo7062,@mariasamo8637
UCueV9cTyTDwgQSec1x2dYgA,UCxff05WuyvwELNITi7bj7UA,1,@fredydomingo7062,@markoherrera
UCueV9cTyTDwgQSec1x2dYgA,UCySYJU5kUh7X8gVt9la2ISA,1,@fredydomingo7062,@dantesarti4351
UCueV9cTyTDwgQSec1x2dYgA,UCylqlpsh8ENNM1LqgQ1KbxA,1,@fredydomingo7062,@Jel.Awesh.M
UCueV9cTyTDwgQSec1x2dYgA,UCz3gu01bmjNv0DpRq-K3XYg,1,@fredydomingo7062,@eusebiovasquez4385
UCueV9cTyTDwgQSec1x2dYgA,UCzSfZlOVxBSs5ObD25ywxDQ,1,@fredydomingo7062,@GilmarMaldonado-q9m
UCueV9cTyTDwgQSec1x2dYgA,UCzoL2l5H5eVlorWGH8AZfAg,1,@fredydomingo7062,@jor77cas
UCujPF2nBgsTD62nWE3lcpIg,UCut6b9S98nv84cVX89PmKzA,1,@victorarturoruanobautista7588,@yeniferaguirre4498
UCujPF2nBgsTD62nWE3lcpIg,UCvApqeCbLod-wejtT4CcVuA,1,@victorarturoruanobautista7588,@davidgaher9550
UCujPF2nBgsTD62nWE3lcpIg,UCwO2SXr0ggzwg6QWWrr01nQ,1,@victorarturoruanobautista7588,@ricardofigueroa5720
UCujPF2nBgsTD62nWE3lcpIg,UCwW2OFy95P7ZBkOPxWkpvYg,1,@victorarturoruanobautista7588,@TeresaLucero-b5o
UCujPF2nBgsTD62nWE3lcpIg,UCwha8rxULYMVtNwZWeSkE1A,1,@victorarturoruanobautista7588,@mariasamo8637
UCujPF2nBgsTD62nWE3lcpIg,UCxff05WuyvwELNITi7bj7UA,1,@victorarturoruanobautista7588,@markoherrera
UCujPF2nBgsTD62nWE3lcpIg,UCySYJU5kUh7X8gVt9la2ISA,1,@victorarturoruanobautista7588,@dantesarti4351
UCujPF2nBgsTD62nWE3lcpIg,UCylqlpsh8ENNM1LqgQ1KbxA,1,@victorarturoruanobautista7588,@Jel.Awesh.M
UCujPF2nBgsTD62nWE3lcpIg,UCz3gu01bmjNv0DpRq-K3XYg,1,@victorarturoruanobautista7588,@eusebiovasquez4385
UCujPF2nBgsTD62nWE3lcpIg,UCzSfZlOVxBSs5ObD25ywxDQ,1,@victorarturoruanobautista7588,@GilmarMaldonado-q9m
UCujPF2nBgsTD62nWE3lcpIg,UCzoL2l5H5eVlorWGH8AZfAg,1,@victorarturoruanobautista7588,@jor77cas
UCusjriFsDHEc2AOjqk-p5ig,UCzZ6dDCEsLMXbc5pCFXIprw,1,@pablobarrios7931,@josegil3813
UCut6b9S98nv84cVX89PmKzA,UCvApqeCbLod-wejtT4CcVuA,1,@yeniferaguirre4498,@davidgaher9550
UCut6b9S98nv84cVX89PmKzA,UCwO2SXr0ggzwg6QWWrr01nQ,1,@yeniferaguirre4498,@ricardofigueroa5720
UCut6b9S98nv84cVX89PmKzA,UCwW2OFy95P7ZBkOPxWkpvYg,1,@yeniferaguirre4498,@TeresaLucero-b5o
UCut6b9S98nv84cVX89PmKzA,UCwha8rxULYMVtNwZWeSkE1A,1,@yeniferaguirre4498,@mariasamo8637
UCut6b9S98nv84cVX89PmKzA,UCxff05WuyvwELNITi7bj7UA,1,@yeniferaguirre4498,@markoherrera
UCut6b9S98nv84cVX89PmKzA,UCySYJU5kUh7X8gVt9la2ISA,1,@yeniferaguirre4498,@dantesarti4351
UCut6b9S98nv84cVX89PmKzA,UCylqlpsh8ENNM1LqgQ1KbxA,1,@yeniferaguirre4498,@Jel.Awesh.M
UCut6b9S98nv84cVX89PmKzA,UCz3gu01bmjNv0DpRq-K3XYg,1,@yeniferaguirre4498,@eusebiovasquez4385
UCut6b9S98nv84cVX89PmKzA,UCzSfZlOVxBSs5ObD25ywxDQ,1,@yeniferaguirre4498,@GilmarMaldonado-q9m
UCut6b9S98nv84cVX89PmKzA,UCzoL2l5H5eVlorWGH8AZfAg,1,@yeniferaguirre4498,@jor77cas
UCvApqeCbLod-wejtT4CcVuA,UCwO2SXr0ggzwg6QWWrr01nQ,1,@davidgaher9550,@ricardofigueroa5720
UCvApqeCbLod-wejtT4CcVuA,UCwW2OFy95P7ZBkOPxWkpvYg,1,@davidgaher9550,@TeresaLucero-b5o
UCvApqeCbLod-wejtT4CcVuA,UCwha8rxULYMVtNwZWeSkE1A,1,@davidgaher9550,@mariasamo8637
UCvApqeCbLod-wejtT4CcVuA,UCxff05WuyvwELNITi7bj7UA,1,@davidgaher9550,@markoherrera
UCvApqeCbLod-wejtT4CcVuA,UCySYJU5kUh7X8gVt9la2ISA,1,@davidgaher9550,@dantesarti4351
UCvApqeCbLod-wejtT4CcVuA,UCylqlpsh8ENNM1LqgQ1KbxA,1,@davidgaher9550,@Jel.Awesh.M
UCvApqeCbLod-wejtT4CcVuA,UCz3gu01bmjNv0DpRq-K3XYg,1,@davidgaher9550,@eusebiovasquez4385
UCvApqeCbLod-wejtT4CcVuA,UCzSfZlOVxBSs5ObD25ywxDQ,1,@davidgaher9550,@GilmarMaldonado-q9m
UCvApqeCbLod-wejtT4CcVuA,UCzoL2l5H5eVlorWGH8AZfAg,1,@davidgaher9550,@jor77cas
UCvDwJBBY1mHK70aTEYl6rsA,UCwxoKK59nGCeBqB2sXfDBIw,1,@cristianescobedo8296,@vic-bonivideos
UCvDwJBBY1mHK70aTEYl6rsA,UCyJhqmMbsvjpoarBBStA2kg,1,@cristianescobedo8296,@Murmullodelbarrio
UCvDwJBBY1mHK70aTEYl6rsA,UCzZ6dDCEsLMXbc5pCFXIprw,1,@cristianescobedo8296,@josegil3813
UCvcu1kR8xMYy_I1Ty-2mV2Q,UCwEe1RKlEv1UpNWmWYfSh4w,1,@hashojea7348,@marioramirez299
UCvcu1kR8xMYy_I1Ty-2mV2Q,UCxcoDvP-g2_KTZDmVZtvb3w,1,@hashojea7348,@angelmartinez9523
UCvcu1kR8xMYy_I1Ty-2mV2Q,UCyW68EGZey4ao_Vf2cR5Ztg,1,@hashojea7348,@ZabalaXabier
UCvl1tzQeBeGy6efPTRJXSCw,UCwCfs-2zbD5k0lG-UVg_JBw,1,@RaulPerez-cw2vi,@JessicaHuaz-96
UCwEe1RKlEv1UpNWmWYfSh4w,UCxcoDvP-g2_KTZDmVZtvb3w,1,@marioramirez299,@angelmartinez9523
UCwO2SXr0ggzwg6QWWrr01nQ,UCwW2OFy95P7ZBkOPxWkpvYg,1,@ricardofigueroa5720,@TeresaLucero-b5o
UCwO2SXr0ggzwg6QWWrr01nQ,UCwha8rxULYMVtNwZWeSkE1A,1,@ricardofigueroa5720,@mariasamo8637
UCwO2SXr0ggzwg6QWWrr01nQ,UCxff05WuyvwELNITi7bj7UA,1,@ricardofigueroa5720,@markoherrera
UCwO2SXr0ggzwg6QWWrr01nQ,UCySYJU5kUh7X8gVt9la2ISA,1,@ricardofigueroa5720,@dantesarti4351
UCwO2SXr0ggzwg6QWWrr01nQ,UCylqlpsh8ENNM1LqgQ1KbxA,1,@ricardofigueroa5720,@Jel.Awesh.M
UCwO2SXr0ggzwg6QWWrr01nQ,UCz3gu01bmjNv0DpRq-K3XYg,1,@ricardofigueroa5720,@eusebiovasquez4385
UCwO2SXr0ggzwg6QWWrr01nQ,UCzSfZlOVxBSs5ObD25ywxDQ,1,@ricardofigueroa5720,@GilmarMaldonado-q9m
UCwO2SXr0ggzwg6QWWrr01nQ,UCzoL2l5H5eVlorWGH8AZfAg,1,@ricardofigueroa5720,@jor77cas
UCwUAv3_LpWVtTIi7lkmTL7A,UCxKR3RA8T-kxMgq_2WWhRcQ,1,@kingr4706,@elenaluarca9377
UCwUAv3_LpWVtTIi7lkmTL7A,UCyzf29IYjNw67gGIfsjgtxA,1,@kingr4706,@carlosoliva9249
UCwW2OFy95P7ZBkOPxWkpvYg,UCwha8rxULYMVtNwZWeSkE1A,1,@TeresaLucero-b5o,@mariasamo8637
UCwW2OFy95P7ZBkOPxWkpvYg,UCxff05WuyvwELNITi7bj7UA,1,@TeresaLucero-b5o,@markoherrera
UCwW2OFy95P7ZBkOPxWkpvYg,UCySYJU5kUh7X8gVt9la2ISA,1,@TeresaLucero-b5o,@dantesarti4351
UCwW2OFy95P7ZBkOPxWkpvYg,UCylqlpsh8ENNM1LqgQ1KbxA,1,@TeresaLucero-b5o,@Jel.Awesh.M
UCwW2OFy95P7ZBkOPxWkpvYg,UCz3gu01bmjNv0DpRq-K3XYg,1,@TeresaLucero-b5o,@eusebiovasquez4385
UCwW2OFy95P7ZBkOPxWkpvYg,UCzSfZlOVxBSs5ObD25ywxDQ,1,@TeresaLucero-b5o,@GilmarMaldonado-q9m
UCwW2OFy95P7ZBkOPxWkpvYg,UCzoL2l5H5eVlorWGH8AZfAg,1,@TeresaLucero-b5o,@jor77cas
UCwgCc9Jd_gG-uLE_SY-FfPg,UCwjUvRseNtJoItylIyIez7Q,1,@armindapenados2841,@Silviazea
UCwgCc9Jd_gG-uLE_SY-FfPg,UCylqlpsh8ENNM1LqgQ1KbxA,1,@armindapenados2841,@Jel.Awesh.M
UCwha8rxULYMVtNwZWeSkE1A,UCxff05WuyvwELNITi7bj7UA,1,@mariasamo8637,@markoherrera
UCwha8rxULYMVtNwZWeSkE1A,UCySYJU5kUh7X8gVt9la2ISA,1,@mariasamo8637,@dantesarti4351
UCwha8rxULYMVtNwZWeSkE1A,UCylqlpsh8ENNM1LqgQ1KbxA,1,@mariasamo8637,@Jel.Awesh.M
UCwha8rxULYMVtNwZWeSkE1A,UCz3gu01bmjNv0DpRq-K3XYg,1,@mariasamo8637,@eusebiovasquez4385
UCwha8rxULYMVtNwZWeSkE1A,UCzSfZlOVxBSs5ObD25ywxDQ,1,@mariasamo8637,@GilmarMaldonado-q9m
UCwha8rxULYMVtNwZWeSkE1A,UCzoL2l5H5eVlorWGH8AZfAg,1,@mariasamo8637,@jor77cas
UCwjUvRseNtJoItylIyIez7Q,UCylqlpsh8ENNM1LqgQ1KbxA,1,@Silviazea,@Jel.Awesh.M
UCwxoKK59nGCeBqB2sXfDBIw,UCyJhqmMbsvjpoarBBStA2kg,1,@vic-bonivideos,@Murmullodelbarrio
UCwxoKK59nGCeBqB2sXfDBIw,UCzZ6dDCEsLMXbc5pCFXIprw,1,@vic-bonivideos,@josegil3813
UCxKR3RA8T-kxMgq_2WWhRcQ,UCyzf29IYjNw67gGIfsjgtxA,1,@elenaluarca9377,@carlosoliva9249
UCxff05WuyvwELNITi7bj7UA,UCySYJU5kUh7X8gVt9la2ISA,1,@markoherrera,@dantesarti4351
UCxff05WuyvwELNITi7bj7UA,UCylqlpsh8ENNM1LqgQ1KbxA,1,@markoherrera,@Jel.Awesh.M
UCxff05WuyvwELNITi7bj7UA,UCz3gu01bmjNv0DpRq-K3XYg,1,@markoherrera,@eusebiovasquez4385
UCxff05WuyvwELNITi7bj7UA,UCzSfZlOVxBSs5ObD25ywxDQ,1,@markoherrera,@GilmarMaldonado-q9m
UCxff05WuyvwELNITi7bj7UA,UCzoL2l5H5eVlorWGH8AZfAg,1,@markoherrera,@jor77cas
UCyJhqmMbsvjpoarBBStA2kg,UCzZ6dDCEsLMXbc5pCFXIprw,1,@Murmullodelbarrio,@josegil3813
UCySYJU5kUh7X8gVt9la2ISA,UCylqlpsh8ENNM1LqgQ1KbxA,1,@dantesarti4351,@Jel.Awesh.M
UCySYJU5kUh7X8gVt9la2ISA,UCz3gu01bmjNv0DpRq-K3XYg,1,@dantesarti4351,@eusebiovasquez4385
UCySYJU5kUh7X8gVt9la2ISA,UCzSfZlOVxBSs5ObD25ywxDQ,1,@dantesarti4351,@GilmarMaldonado-q9m
UCySYJU5kUh7X8gVt9la2ISA,UCzoL2l5H5eVlorWGH8AZfAg,1,@dantesarti4351,@jor77cas
UCylqlpsh8ENNM1LqgQ1KbxA,UCz3gu01bmjNv0DpRq-K3XYg,1,@Jel.Awesh.M,@eusebiovasquez4385
UCylqlpsh8ENNM1LqgQ1KbxA,UCzSfZlOVxBSs5ObD25ywxDQ,1,@Jel.Awesh.M,@GilmarMaldonado-q9m
UCylqlpsh8ENNM1LqgQ1KbxA,UCzoL2l5H5eVlorWGH8AZfAg,1,@Jel.Awesh.M,@jor77cas
UCz3gu01bmjNv0DpRq-K3XYg,UCzSfZlOVxBSs5ObD25ywxDQ,1,@eusebiovasquez4385,@GilmarMaldonado-q9m
UCz3gu01bmjNv0DpRq-K3XYg,UCzoL2l5H5eVlorWGH8AZfAg,1,@eusebiovasquez4385,@jor77cas
UCzSfZlOVxBSs5ObD25ywxDQ,UCzoL2l5H5eVlorWGH8AZfAg,1,@GilmarMaldonado-q9m,@jor77cas
